run,date,cash,market_value,equity,n_pos,exposure_pct
portfolio_main,2023-09-14,13822.47,0.0,13822.47,0,0.0
portfolio_main,2023-09-15,13822.47,0.0,13822.47,0,0.0
portfolio_main,2023-09-18,13822.47,0.0,13822.47,0,0.0
portfolio_main,2023-09-19,13822.47,0.0,13822.47,0,0.0
portfolio_main,2023-09-20,13822.47,0.0,13822.47,0,0.0
portfolio_main,2023-09-21,13822.47,0.0,13822.47,0,0.0
portfolio_main,2023-09-22,4974.77,8891.83,13866.59,2,64.124
portfolio_main,2023-09-25,4974.77,8902.4,13877.17,2,64.151
portfolio_main,2023-09-26,4974.77,8830.45,13805.22,2,63.965
portfolio_main,2023-09-27,4974.77,8780.34,13755.11,2,63.833
portfolio_main,2023-09-28,4974.77,8738.24,13713.01,2,63.722
portfolio_main,2023-10-09,9088.54,4407.1,13495.64,1,32.656
portfolio_main,2023-10-10,9088.54,4373.09,13461.63,1,32.486
portfolio_main,2023-10-11,9088.54,4350.41,13438.95,1,32.372
portfolio_main,2023-10-12,9088.54,4433.56,13522.1,1,32.788
portfolio_main,2023-10-13,9088.54,4305.05,13393.59,1,32.143
portfolio_main,2023-10-16,9088.54,4308.83,13397.37,1,32.162
portfolio_main,2023-10-17,9088.54,4320.17,13408.71,1,32.219
portfolio_main,2023-10-18,9088.54,4244.58,13333.12,1,31.835
portfolio_main,2023-10-19,9088.54,4203.0,13291.54,1,31.622
portfolio_main,2023-10-20,13268.88,0.0,13268.88,0,0.0
portfolio_main,2023-10-23,13268.88,0.0,13268.88,0,0.0
portfolio_main,2023-10-24,13268.88,0.0,13268.88,0,0.0
portfolio_main,2023-10-25,13268.88,0.0,13268.88,0,0.0
portfolio_main,2023-10-26,13268.88,0.0,13268.88,0,0.0
portfolio_main,2023-10-27,13268.88,0.0,13268.88,0,0.0
portfolio_main,2023-10-30,13268.88,0.0,13268.88,0,0.0
portfolio_main,2023-10-31,13268.88,0.0,13268.88,0,0.0
portfolio_main,2023-11-01,13268.88,0.0,13268.88,0,0.0
portfolio_main,2023-11-02,13268.88,0.0,13268.88,0,0.0
portfolio_main,2023-11-03,13268.88,0.0,13268.88,0,0.0
portfolio_main,2023-11-06,13268.88,0.0,13268.88,0,0.0
portfolio_main,2023-11-07,13268.88,0.0,13268.88,0,0.0
portfolio_main,2023-11-08,13268.88,0.0,13268.88,0,0.0
portfolio_main,2023-11-09,13268.88,0.0,13268.88,0,0.0
portfolio_main,2023-11-10,10954.41,2295.05,13249.46,1,17.322
portfolio_main,2023-11-13,10954.41,2328.52,13282.93,1,17.53
portfolio_main,2023-11-14,10954.41,2317.37,13271.77,1,17.461
portfolio_main,2023-11-15,10954.41,2310.86,13265.27,1,17.42
portfolio_main,2023-11-16,10954.41,2310.86,13265.27,1,17.42
portfolio_main,2023-11-17,10954.41,2285.75,13240.16,1,17.264
portfolio_main,2023-11-20,10954.41,2298.77,13253.18,1,17.345
portfolio_main,2023-11-21,10954.41,2321.09,13275.49,1,17.484
portfolio_main,2023-11-22,10954.41,2238.32,13192.73,1,16.966
portfolio_main,2023-11-23,10954.41,2320.16,13274.56,1,17.478
portfolio_main,2023-11-24,10954.41,2278.31,13232.72,1,17.217
portfolio_main,2023-11-27,10954.41,2262.5,13216.91,1,17.118
portfolio_main,2023-11-28,10954.41,2293.19,13247.6,1,17.31
portfolio_main,2023-11-29,10954.41,2297.84,13252.25,1,17.339
portfolio_main,2023-11-30,10954.41,2264.36,13218.77,1,17.13
portfolio_main,2023-12-01,10954.41,2276.45,13230.86,1,17.206
portfolio_main,2023-12-04,10954.41,2253.2,13207.61,1,17.06
portfolio_main,2023-12-05,10954.41,2189.97,13144.38,1,16.661
portfolio_main,2023-12-06,8771.35,4391.21,13162.56,2,33.361
portfolio_main,2023-12-07,8771.35,4402.57,13173.92,2,33.419
portfolio_main,2023-12-08,10939.06,2336.34,13275.4,1,17.599
portfolio_main,2023-12-11,10939.06,2330.35,13269.42,1,17.562
portfolio_main,2023-12-12,10939.06,2338.33,13277.39,1,17.611
portfolio_main,2023-12-13,10939.06,2293.48,13232.54,1,17.332
portfolio_main,2023-12-14,10939.06,2265.57,13204.63,1,17.157
portfolio_main,2023-12-15,13179.67,0.0,13179.67,0,0.0
portfolio_main,2023-12-18,13179.67,0.0,13179.67,0,0.0
portfolio_main,2023-12-19,13179.67,0.0,13179.67,0,0.0
portfolio_main,2023-12-20,13179.67,0.0,13179.67,0,0.0
portfolio_main,2023-12-21,13179.67,0.0,13179.67,0,0.0
portfolio_main,2023-12-22,13179.67,0.0,13179.67,0,0.0
portfolio_main,2023-12-25,8846.49,4427.47,13273.96,1,33.355
portfolio_main,2023-12-26,8846.49,4353.72,13200.2,1,32.982
portfolio_main,2023-12-27,8846.49,4580.97,13427.46,1,34.116
portfolio_main,2023-12-28,8846.49,4580.97,13427.46,1,34.116
portfolio_main,2023-12-29,8846.49,4608.88,13455.37,1,34.253
portfolio_main,2024-01-02,8846.49,4584.96,13431.45,1,34.136
portfolio_main,2024-01-03,8846.49,4325.81,13172.3,1,32.84
portfolio_main,2024-01-04,8846.49,4256.04,13102.53,1,32.483
portfolio_main,2024-01-05,8846.49,4196.23,13042.72,1,32.173
portfolio_main,2024-01-08,12909.34,0.0,12909.34,0,0.0
portfolio_main,2024-01-09,12909.34,0.0,12909.34,0,0.0
portfolio_main,2024-01-10,12909.34,0.0,12909.34,0,0.0
portfolio_main,2024-01-11,12909.34,0.0,12909.34,0,0.0
portfolio_main,2024-01-12,12909.34,0.0,12909.34,0,0.0
portfolio_main,2024-01-15,12909.34,0.0,12909.34,0,0.0
portfolio_main,2024-01-16,12909.34,0.0,12909.34,0,0.0
portfolio_main,2024-01-17,12909.34,0.0,12909.34,0,0.0
portfolio_main,2024-01-18,12909.34,0.0,12909.34,0,0.0
portfolio_main,2024-01-19,12909.34,0.0,12909.34,0,0.0
portfolio_main,2024-01-22,12909.34,0.0,12909.34,0,0.0
portfolio_main,2024-01-23,12909.34,0.0,12909.34,0,0.0
portfolio_main,2024-01-24,12909.34,0.0,12909.34,0,0.0
portfolio_main,2024-01-25,12909.34,0.0,12909.34,0,0.0
portfolio_main,2024-01-26,12909.34,0.0,12909.34,0,0.0
portfolio_main,2024-01-29,12909.34,0.0,12909.34,0,0.0
portfolio_main,2024-01-30,12909.34,0.0,12909.34,0,0.0
portfolio_main,2024-01-31,12909.34,0.0,12909.34,0,0.0
portfolio_main,2024-02-01,12909.34,0.0,12909.34,0,0.0
portfolio_main,2024-02-02,12909.34,0.0,12909.34,0,0.0
portfolio_main,2024-02-05,12909.34,0.0,12909.34,0,0.0
portfolio_main,2024-02-06,12909.34,0.0,12909.34,0,0.0
portfolio_main,2024-02-07,12909.34,0.0,12909.34,0,0.0
portfolio_main,2024-02-08,12909.34,0.0,12909.34,0,0.0
portfolio_main,2024-02-19,12909.34,0.0,12909.34,0,0.0
portfolio_main,2024-02-20,12909.34,0.0,12909.34,0,0.0
portfolio_main,2024-02-21,12909.34,0.0,12909.34,0,0.0
portfolio_main,2024-02-22,12909.34,0.0,12909.34,0,0.0
portfolio_main,2024-02-23,12909.34,0.0,12909.34,0,0.0
portfolio_main,2024-02-26,12909.34,0.0,12909.34,0,0.0
portfolio_main,2024-02-27,12909.34,0.0,12909.34,0,0.0
portfolio_main,2024-02-28,12909.34,0.0,12909.34,0,0.0
portfolio_main,2024-02-29,12909.34,0.0,12909.34,0,0.0
portfolio_main,2024-03-01,12909.34,0.0,12909.34,0,0.0
portfolio_main,2024-03-04,12909.34,0.0,12909.34,0,0.0
portfolio_main,2024-03-05,12909.34,0.0,12909.34,0,0.0
portfolio_main,2024-03-06,12909.34,0.0,12909.34,0,0.0
portfolio_main,2024-03-07,12909.34,0.0,12909.34,0,0.0
portfolio_main,2024-03-08,12909.34,0.0,12909.34,0,0.0
portfolio_main,2024-03-11,12909.34,0.0,12909.34,0,0.0
portfolio_main,2024-03-12,12909.34,0.0,12909.34,0,0.0
portfolio_main,2024-03-13,12909.34,0.0,12909.34,0,0.0
portfolio_main,2024-03-14,10601.72,2280.51,12882.24,1,17.703
portfolio_main,2024-03-15,8465.08,4456.53,12921.61,2,34.489
portfolio_main,2024-03-18,8465.08,4706.81,13171.89,2,35.734
portfolio_main,2024-03-19,8465.08,4714.16,13179.24,2,35.77
portfolio_main,2024-03-20,8465.08,4682.72,13147.8,2,35.616
portfolio_main,2024-03-21,8465.08,4629.78,13094.86,2,35.356
portfolio_main,2024-03-22,10733.64,2257.77,12991.41,1,17.379
portfolio_main,2024-03-25,10733.64,2194.47,12928.11,1,16.974
portfolio_main,2024-03-26,12894.37,0.0,12894.37,0,0.0
portfolio_main,2024-03-27,5164.74,7477.39,12642.13,2,59.147
portfolio_main,2024-03-28,3032.79,9815.93,12848.72,3,76.396
portfolio_main,2024-03-29,3032.79,9781.47,12814.26,3,76.333
portfolio_main,2024-04-01,3032.79,9980.76,13013.54,3,76.695
portfolio_main,2024-04-02,3032.79,9762.85,12795.64,3,76.298
portfolio_main,2024-04-03,4768.28,7742.42,12510.7,3,61.886
portfolio_main,2024-04-08,4768.28,7612.02,12380.3,3,61.485
portfolio_main,2024-04-09,2912.01,9414.24,12326.25,3,76.376
portfolio_main,2024-04-10,4881.03,7177.25,12058.28,2,59.521
portfolio_main,2024-04-11,2229.48,9888.04,12117.51,3,81.601
portfolio_main,2024-04-12,2229.48,10195.07,12424.55,3,82.056
portfolio_main,2024-04-15,2229.48,10356.41,12585.88,3,82.286
portfolio_main,2024-04-16,2229.48,10040.68,12270.15,3,81.83
portfolio_main,2024-04-17,2229.48,10356.53,12586.01,3,82.286
portfolio_main,2024-04-18,2229.48,10413.21,12642.68,3,82.365
portfolio_main,2024-04-19,8562.89,3775.75,12338.64,1,30.601
portfolio_main,2024-04-22,8606.97,3586.22,12193.19,1,29.412
portfolio_main,2024-04-23,4686.13,7390.38,12076.51,2,61.196
portfolio_main,2024-04-24,2097.0,10400.14,12497.14,3,83.22
portfolio_main,2024-04-25,2097.0,10379.57,12476.57,3,83.193
portfolio_main,2024-04-26,2097.0,11016.87,13113.87,3,84.009
portfolio_main,2024-04-29,2097.0,10928.37,13025.37,3,83.901
portfolio_main,2024-04-30,2097.0,10775.2,12872.2,3,83.709
portfolio_main,2024-05-06,5535.46,7344.1,12879.56,2,57.021
portfolio_main,2024-05-07,5535.46,7434.05,12969.51,2,57.319
portfolio_main,2024-05-08,5535.46,7212.3,12747.76,2,56.577
portfolio_main,2024-05-09,6541.43,6246.74,12788.17,2,48.848
portfolio_main,2024-05-10,6541.43,6335.48,12876.9,2,49.2
portfolio_main,2024-05-13,6541.43,6236.24,12777.66,2,48.806
portfolio_main,2024-05-14,6541.43,6284.47,12825.9,2,48.998
portfolio_main,2024-05-15,6541.43,6276.15,12817.58,2,48.965
portfolio_main,2024-05-16,6541.43,6204.95,12746.37,2,48.68
portfolio_main,2024-05-17,6541.43,6281.07,12822.49,2,48.985
portfolio_main,2024-05-20,6541.43,6702.99,13244.42,2,50.61
portfolio_main,2024-05-21,10150.96,2838.54,12989.5,1,21.853
portfolio_main,2024-05-22,12923.76,0.0,12923.76,0,0.0
portfolio_main,2024-05-23,4470.32,8405.99,12876.31,3,65.283
portfolio_main,2024-05-24,4470.32,8472.63,12942.95,3,65.461
portfolio_main,2024-05-27,4470.32,8750.08,13220.4,3,66.186
portfolio_main,2024-05-28,4470.32,8662.04,13132.36,3,65.96
portfolio_main,2024-05-29,4470.32,8851.74,13322.06,3,66.444
portfolio_main,2024-05-30,4470.32,8745.46,13215.78,3,66.174
portfolio_main,2024-05-31,4470.32,8671.12,13141.44,3,65.983
portfolio_main,2024-06-03,4470.32,8510.91,12981.23,3,65.563
portfolio_main,2024-06-04,4470.32,8749.33,13219.65,3,66.184
portfolio_main,2024-06-05,4470.32,8571.41,13041.72,3,65.723
portfolio_main,2024-06-06,4470.32,8645.02,13115.34,3,65.915
portfolio_main,2024-06-07,4470.32,8567.17,13037.49,3,65.712
portfolio_main,2024-06-11,3096.51,9825.99,12922.5,4,76.038
portfolio_main,2024-06-12,3096.51,9840.83,12937.35,4,76.065
portfolio_main,2024-06-13,3096.51,9750.31,12846.82,4,75.897
portfolio_main,2024-06-14,3096.51,9860.41,12956.92,4,76.101
portfolio_main,2024-06-17,3096.51,9904.55,13001.06,4,76.183
portfolio_main,2024-06-18,3096.51,10059.63,13156.14,4,76.463
portfolio_main,2024-06-19,3096.51,10125.89,13222.4,4,76.581
portfolio_main,2024-06-20,3096.51,10090.2,13186.72,4,76.518
portfolio_main,2024-06-21,3096.51,10240.06,13336.57,4,76.782
portfolio_main,2024-06-24,3096.51,10048.39,13144.9,4,76.443
portfolio_main,2024-06-25,3875.33,9179.86,13055.18,4,70.316
portfolio_main,2024-06-26,5470.91,7717.6,13188.51,3,58.518
portfolio_main,2024-06-27,6907.73,6062.1,12969.83,2,46.74
portfolio_main,2024-06-28,6907.73,6215.63,13123.36,2,47.363
portfolio_main,2024-07-01,6907.73,6317.83,13225.56,2,47.77
portfolio_main,2024-07-02,6907.73,6272.61,13180.34,2,47.591
portfolio_main,2024-07-03,6907.73,6299.14,13206.87,2,47.696
portfolio_main,2024-07-04,3001.09,10182.35,13183.43,3,77.236
portfolio_main,2024-07-05,3001.09,10294.41,13295.5,3,77.428
portfolio_main,2024-07-08,3001.09,10211.4,13212.48,3,77.286
portfolio_main,2024-07-09,3001.09,10364.97,13366.06,3,77.547
portfolio_main,2024-07-10,3001.09,10339.72,13340.8,3,77.504
portfolio_main,2024-07-11,3001.09,10490.77,13491.85,3,77.756
portfolio_main,2024-07-12,3001.09,10414.77,13415.86,3,77.63
portfolio_main,2024-07-15,3001.09,10395.55,13396.63,3,77.598
portfolio_main,2024-07-16,3001.09,10635.37,13636.46,3,77.992
portfolio_main,2024-07-17,3001.09,10577.01,13578.1,3,77.898
portfolio_main,2024-07-18,7022.0,6554.87,13576.87,2,48.28
portfolio_main,2024-07-19,7022.0,6660.33,13682.33,2,48.678
portfolio_main,2024-07-22,4685.72,8918.12,13603.84,3,65.556
portfolio_main,2024-07-23,5317.66,7912.62,13230.28,2,59.807
portfolio_main,2024-07-24,5317.66,7975.67,13293.33,2,59.998
portfolio_main,2024-07-25,8971.13,4096.33,13067.46,1,31.348
portfolio_main,2024-07-26,8971.13,4297.9,13269.03,1,32.39
portfolio_main,2024-07-29,6700.87,6491.7,13192.57,2,49.207
portfolio_main,2024-07-30,6700.87,6467.9,13168.77,2,49.115
portfolio_main,2024-07-31,6700.87,6559.36,13260.23,2,49.466
portfolio_main,2024-08-01,6700.87,6503.08,13203.95,2,49.251
portfolio_main,2024-08-02,4754.7,8360.74,13115.44,3,63.747
portfolio_main,2024-08-05,6880.48,6006.88,12887.36,2,46.611
portfolio_main,2024-08-06,8701.72,4196.62,12898.34,1,32.536
portfolio_main,2024-08-07,4519.36,8387.39,12906.75,2,64.985
portfolio_main,2024-08-08,8532.29,4159.2,12691.49,1,32.772
portfolio_main,2024-08-09,8532.29,4159.2,12691.49,1,32.772
portfolio_main,2024-08-12,4520.33,8003.12,12523.44,2,63.905
portfolio_main,2024-08-13,4520.33,8121.59,12641.92,2,64.243
portfolio_main,2024-08-14,4520.33,8085.21,12605.54,2,64.14
portfolio_main,2024-08-15,4520.33,8098.98,12619.3,2,64.179
portfolio_main,2024-08-16,8441.39,3933.1,12374.5,1,31.784
portfolio_main,2024-08-19,8441.39,3911.47,12352.86,1,31.664
portfolio_main,2024-08-20,4482.36,7771.45,12253.81,2,63.421
portfolio_main,2024-08-21,4482.36,7622.59,12104.95,2,62.971
portfolio_main,2024-08-22,8193.74,3892.79,12086.53,1,32.208
portfolio_main,2024-08-23,4602.32,7530.73,12133.05,2,62.068
portfolio_main,2024-08-26,4602.32,7429.37,12031.68,2,61.748
portfolio_main,2024-08-27,4602.32,7414.53,12016.84,2,61.701
portfolio_main,2024-08-28,4602.32,7478.35,12080.66,2,61.903
portfolio_main,2024-08-29,4602.32,7585.65,12187.96,2,62.239
portfolio_main,2024-08-30,4602.32,7480.18,12082.5,2,61.909
portfolio_main,2024-09-02,7968.22,3995.05,11963.27,1,33.394
portfolio_main,2024-09-03,7968.22,4059.95,12028.17,1,33.754
portfolio_main,2024-09-04,7968.22,4035.36,12003.58,1,33.618
portfolio_main,2024-09-05,7968.22,4042.25,12010.47,1,33.656
portfolio_main,2024-09-06,7968.22,4011.77,11979.99,1,33.487
portfolio_main,2024-09-09,7968.22,3964.57,11932.79,1,33.224
portfolio_main,2024-09-10,7968.22,3973.42,11941.64,1,33.274
portfolio_main,2024-09-11,7968.22,3982.27,11950.49,1,33.323
portfolio_main,2024-09-12,7968.22,3979.32,11947.54,1,33.307
portfolio_main,2024-09-13,7968.22,3980.3,11948.52,1,33.312
portfolio_main,2024-09-18,7968.22,3947.85,11916.07,1,33.13
portfolio_main,2024-09-19,7968.22,3855.43,11823.64,1,32.608
portfolio_main,2024-09-20,11728.53,0.0,11728.53,0,0.0
portfolio_main,2024-09-23,11728.53,0.0,11728.53,0,0.0
portfolio_main,2024-09-24,11728.53,0.0,11728.53,0,0.0
portfolio_main,2024-09-25,11728.53,0.0,11728.53,0,0.0
portfolio_main,2024-09-26,11728.53,0.0,11728.53,0,0.0
portfolio_main,2024-09-27,11728.53,0.0,11728.53,0,0.0
portfolio_main,2024-09-30,11728.53,0.0,11728.53,0,0.0
portfolio_main,2024-10-08,11728.53,0.0,11728.53,0,0.0
portfolio_main,2024-10-09,11728.53,0.0,11728.53,0,0.0
portfolio_main,2024-10-10,2964.49,8798.53,11763.03,3,74.798
portfolio_main,2024-10-11,3865.38,7655.75,11521.13,3,66.45
portfolio_main,2024-10-14,1465.63,10486.9,11952.53,4,87.738
portfolio_main,2024-10-15,1365.12,10177.95,11543.07,5,88.174
portfolio_main,2024-10-16,1433.77,9914.33,11348.1,5,87.366
portfolio_main,2024-10-17,1433.77,9943.07,11376.84,5,87.397
portfolio_main,2024-10-18,1433.77,10271.83,11705.6,5,87.751
portfolio_main,2024-10-21,1433.77,10339.53,11773.3,5,87.822
portfolio_main,2024-10-22,1433.77,10526.15,11959.92,5,88.012
portfolio_main,2024-10-23,3136.19,8796.38,11932.57,4,73.717
portfolio_main,2024-10-24,2263.82,9670.77,11934.59,4,81.031
portfolio_main,2024-10-25,2263.82,9741.37,12005.19,4,81.143
portfolio_main,2024-10-28,2263.82,9729.66,11993.48,4,81.125
portfolio_main,2024-10-29,2263.82,9794.91,12058.73,4,81.227
portfolio_main,2024-10-30,2263.82,9639.08,11902.9,4,80.981
portfolio_main,2024-10-31,1178.68,10767.67,11946.35,5,90.134
portfolio_main,2024-11-01,3635.96,8118.92,11754.88,4,69.069
portfolio_main,2024-11-04,3635.96,8337.72,11973.68,4,69.634
portfolio_main,2024-11-05,3635.96,8487.52,12123.48,4,70.009
portfolio_main,2024-11-06,3635.96,8413.89,12049.84,4,69.826
portfolio_main,2024-11-07,3635.96,8515.06,12151.02,4,70.077
portfolio_main,2024-11-08,3635.96,8621.52,12257.48,4,70.337
portfolio_main,2024-11-11,4772.23,7623.56,12395.79,3,61.501
portfolio_main,2024-11-12,7256.47,4891.22,12147.69,2,40.265
portfolio_main,2024-11-13,3500.99,8664.03,12165.02,3,71.221
portfolio_main,2024-11-14,5716.64,6277.27,11993.9,2,52.337
portfolio_main,2024-11-15,1630.01,10183.32,11813.33,4,86.202
portfolio_main,2024-11-18,1101.77,10421.26,11523.03,4,90.439
portfolio_main,2024-11-19,1101.77,10651.07,11752.84,4,90.626
portfolio_main,2024-11-20,1101.77,10686.68,11788.45,4,90.654
portfolio_main,2024-11-21,1101.77,10686.88,11788.65,4,90.654
portfolio_main,2024-11-22,4228.33,7033.49,11261.82,3,62.454
portfolio_main,2024-11-25,7993.39,3075.12,11068.51,1,27.783
portfolio_main,2024-11-26,4178.55,6837.16,11015.72,3,62.067
portfolio_main,2024-11-27,4178.55,7050.76,11229.31,3,62.789
portfolio_main,2024-11-28,4178.55,6933.98,11112.54,3,62.398
portfolio_main,2024-11-29,4178.55,7014.1,11192.65,3,62.667
portfolio_main,2024-12-02,4178.55,7236.78,11415.34,3,63.395
portfolio_main,2024-12-03,4178.55,7300.42,11478.98,3,63.598
portfolio_main,2024-12-04,4711.04,6535.69,11246.74,3,58.112
portfolio_main,2024-12-05,4711.04,6574.22,11285.26,3,58.255
portfolio_main,2024-12-06,3161.09,8164.48,11325.56,4,72.089
portfolio_main,2024-12-09,3161.09,8141.82,11302.91,4,72.033
portfolio_main,2024-12-10,3161.09,8150.6,11311.68,4,72.055
portfolio_main,2024-12-11,4885.47,6504.5,11389.97,3,57.107
portfolio_main,2024-12-12,4885.47,6567.22,11452.69,3,57.342
portfolio_main,2024-12-13,4885.47,6437.21,11322.68,3,56.852
portfolio_main,2024-12-16,4885.47,6363.57,11249.04,3,56.57
portfolio_main,2024-12-17,4885.47,6281.68,11167.15,3,56.251
portfolio_main,2024-12-18,4885.47,6369.47,11254.94,3,56.593
portfolio_main,2024-12-19,4885.47,6708.62,11594.09,3,57.862
portfolio_main,2024-12-20,4885.47,6691.62,11577.09,3,57.801
portfolio_main,2024-12-23,4885.47,6642.35,11527.82,3,57.62
portfolio_main,2024-12-24,1979.78,9664.72,11644.5,4,82.998
portfolio_main,2024-12-25,8563.28,2934.66,11497.95,1,25.523
portfolio_main,2024-12-26,8563.28,3081.25,11644.53,1,26.461
portfolio_main,2024-12-27,8563.28,3071.27,11634.56,1,26.398
portfolio_main,2024-12-30,8563.28,3158.03,11721.31,1,26.943
portfolio_main,2024-12-31,11546.77,0.0,11546.77,0,0.0
portfolio_main,2025-01-02,3683.11,7554.95,11238.06,3,67.226
portfolio_main,2025-01-03,11048.96,0.0,11048.96,0,0.0
portfolio_main,2025-01-06,11048.96,0.0,11048.96,0,0.0
portfolio_main,2025-01-07,8795.05,2260.77,11055.83,1,20.449
portfolio_main,2025-01-08,8795.05,2221.18,11016.23,1,20.163
portfolio_main,2025-01-09,8795.05,2221.18,11016.23,1,20.163
portfolio_main,2025-01-10,8795.05,2185.35,10980.41,1,19.902
portfolio_main,2025-01-13,10905.86,0.0,10905.86,0,0.0
portfolio_main,2025-01-14,10905.86,0.0,10905.86,0,0.0
portfolio_main,2025-01-15,8664.22,2187.24,10851.46,1,20.156
portfolio_main,2025-01-16,8664.22,2167.44,10831.66,1,20.01
portfolio_main,2025-01-17,8664.22,2257.95,10922.17,1,20.673
portfolio_main,2025-01-20,8664.22,2323.94,10988.16,1,21.149
portfolio_main,2025-01-21,8664.22,2341.85,11006.08,1,21.278
portfolio_main,2025-01-22,8664.22,2361.65,11025.87,1,21.419
portfolio_main,2025-01-23,8664.22,2319.23,10983.45,1,21.116
portfolio_main,2025-01-24,6047.45,5065.3,11112.75,2,45.581
portfolio_main,2025-01-27,6047.45,4845.6,10893.05,2,44.483
portfolio_main,2025-02-05,6047.45,4924.38,10971.83,2,44.882
portfolio_main,2025-02-06,6047.45,5100.37,11147.82,2,45.752
portfolio_main,2025-02-07,6047.45,5339.48,11386.93,2,46.891
portfolio_main,2025-02-10,6047.45,5304.06,11351.51,2,46.726
portfolio_main,2025-02-11,6047.45,5320.09,11367.54,2,46.801
portfolio_main,2025-02-12,6047.45,5394.49,11441.94,2,47.147
portfolio_main,2025-02-13,8471.78,2842.89,11314.67,1,25.126
portfolio_main,2025-02-14,8471.78,3022.94,11494.72,1,26.298
portfolio_main,2025-02-17,8471.78,3082.62,11554.4,1,26.679
portfolio_main,2025-02-18,9559.57,1927.38,11486.95,1,16.779
portfolio_main,2025-02-19,9559.57,1943.15,11502.72,1,16.893
portfolio_main,2025-02-20,9559.57,1984.54,11544.1,1,17.191
portfolio_main,2025-02-21,9559.57,1917.53,11477.1,1,16.707
portfolio_main,2025-02-24,9559.57,1937.24,11496.81,1,16.85
portfolio_main,2025-02-25,9559.57,1913.59,11473.16,1,16.679
portfolio_main,2025-02-26,9559.57,1889.94,11449.51,1,16.507
portfolio_main,2025-02-27,9559.57,1849.54,11409.11,1,16.211
portfolio_main,2025-02-28,4255.16,6910.84,11165.99,3,61.892
portfolio_main,2025-03-03,7084.87,3985.74,11070.61,2,36.003
portfolio_main,2025-03-04,7084.87,4055.12,11139.99,2,36.401
portfolio_main,2025-03-05,4623.7,6612.9,11236.6,3,58.851
portfolio_main,2025-03-06,4623.7,6741.66,11365.36,3,59.318
portfolio_main,2025-03-07,4623.7,6759.36,11383.07,3,59.381
portfolio_main,2025-03-10,4623.7,6682.58,11306.28,3,59.105
portfolio_main,2025-03-11,4623.7,6657.46,11281.16,3,59.014
portfolio_main,2025-03-12,4623.7,6765.74,11389.44,3,59.404
portfolio_main,2025-03-13,4623.7,6641.54,11265.24,3,58.956
portfolio_main,2025-03-14,1788.87,9710.93,11499.8,4,84.444
portfolio_main,2025-03-17,1788.87,9632.19,11421.06,4,84.337
portfolio_main,2025-03-18,1788.87,9735.32,11524.19,4,84.477
portfolio_main,2025-03-19,1788.87,9572.74,11361.61,4,84.255
portfolio_main,2025-03-20,1788.87,9531.26,11320.13,4,84.197
portfolio_main,2025-03-21,1788.87,9310.0,11098.87,4,83.882
portfolio_main,2025-03-24,3318.55,7901.97,11220.52,3,70.424
portfolio_main,2025-03-25,3318.55,7835.32,11153.87,3,70.248
portfolio_main,2025-03-26,3318.55,7747.31,11065.86,3,70.011
portfolio_main,2025-03-27,5939.23,5042.97,10982.19,2,45.92
portfolio_main,2025-03-28,5939.23,5044.22,10983.44,2,45.926
portfolio_main,2025-03-31,10877.74,0.0,10877.74,0,0.0
portfolio_main,2025-04-01,8364.32,2513.63,10877.95,1,23.108
portfolio_main,2025-04-02,8364.32,2503.96,10868.28,1,23.039
portfolio_main,2025-04-03,8364.32,2461.42,10825.74,1,22.737
portfolio_main,2025-04-07,10575.7,0.0,10575.7,0,0.0
portfolio_main,2025-04-08,8511.17,2095.88,10607.05,1,19.759
portfolio_main,2025-04-09,8511.17,2179.64,10690.8,1,20.388
portfolio_main,2025-04-10,8511.17,2352.08,10863.24,1,21.652
portfolio_main,2025-04-11,8511.17,2532.4,11043.57,1,22.931
portfolio_main,2025-04-14,8511.17,2718.64,11229.8,1,24.209
portfolio_main,2025-04-15,8511.17,2730.46,11241.63,1,24.289
portfolio_main,2025-04-16,8511.17,2951.18,11462.35,1,25.747
portfolio_main,2025-04-17,11464.69,0.0,11464.69,0,0.0
portfolio_main,2025-04-18,11464.69,0.0,11464.69,0,0.0
portfolio_main,2025-04-21,11464.69,0.0,11464.69,0,0.0
portfolio_main,2025-04-22,11464.69,0.0,11464.69,0,0.0
portfolio_main,2025-04-23,11464.69,0.0,11464.69,0,0.0
portfolio_main,2025-04-24,8673.21,2724.55,11397.76,1,23.904
portfolio_main,2025-04-25,8673.21,2670.35,11343.56,1,23.541
portfolio_main,2025-04-28,11259.76,0.0,11259.76,0,0.0
portfolio_main,2025-04-29,11259.76,0.0,11259.76,0,0.0
portfolio_main,2025-04-30,11259.76,0.0,11259.76,0,0.0
portfolio_main,2025-05-06,11259.76,0.0,11259.76,0,0.0
portfolio_main,2025-05-07,11259.76,0.0,11259.76,0,0.0
portfolio_main,2025-05-08,8553.1,2627.0,11180.1,1,23.497
portfolio_main,2025-05-09,8553.1,2647.69,11200.79,1,23.638
portfolio_main,2025-05-12,11088.26,0.0,11088.26,0,0.0
portfolio_main,2025-05-13,11088.26,0.0,11088.26,0,0.0
portfolio_main,2025-05-14,8490.11,2594.48,11084.59,1,23.406
portfolio_main,2025-05-15,8490.11,2569.84,11059.95,1,23.236
portfolio_main,2025-05-16,8490.11,2565.9,11056.01,1,23.208
portfolio_main,2025-05-19,8490.11,2564.92,11055.03,1,23.201
portfolio_main,2025-05-20,8490.11,2595.46,11085.57,1,23.413
portfolio_main,2025-05-21,8490.11,2741.3,11231.41,1,24.407
portfolio_main,2025-05-22,8490.11,2708.78,11198.89,1,24.188
portfolio_main,2025-05-23,11151.43,0.0,11151.43,0,0.0
portfolio_main,2025-05-26,11151.43,0.0,11151.43,0,0.0
portfolio_main,2025-05-27,11151.43,0.0,11151.43,0,0.0
portfolio_main,2025-05-28,11151.43,0.0,11151.43,0,0.0
portfolio_main,2025-05-29,11151.43,0.0,11151.43,0,0.0
portfolio_main,2025-05-30,11151.43,0.0,11151.43,0,0.0
portfolio_main,2025-06-03,11151.43,0.0,11151.43,0,0.0
portfolio_main,2025-06-04,11151.43,0.0,11151.43,0,0.0
portfolio_main,2025-06-05,11151.43,0.0,11151.43,0,0.0
portfolio_main,2025-06-06,11151.43,0.0,11151.43,0,0.0
portfolio_main,2025-06-09,11151.43,0.0,11151.43,0,0.0
portfolio_main,2025-06-10,11151.43,0.0,11151.43,0,0.0
portfolio_main,2025-06-11,11151.43,0.0,11151.43,0,0.0
portfolio_main,2025-06-12,11151.43,0.0,11151.43,0,0.0
portfolio_main,2025-06-13,11151.43,0.0,11151.43,0,0.0
portfolio_main,2025-06-16,11151.43,0.0,11151.43,0,0.0
portfolio_main,2025-06-17,11151.43,0.0,11151.43,0,0.0
portfolio_main,2025-06-18,11151.43,0.0,11151.43,0,0.0
portfolio_main,2025-06-19,11151.43,0.0,11151.43,0,0.0
portfolio_main,2025-06-20,8470.42,2660.5,11130.92,1,23.902
portfolio_main,2025-06-23,8470.42,2641.78,11112.2,1,23.774
portfolio_main,2025-06-24,10981.62,0.0,10981.62,0,0.0
portfolio_main,2025-06-25,10981.62,0.0,10981.62,0,0.0
portfolio_main,2025-06-26,10981.62,0.0,10981.62,0,0.0
portfolio_main,2025-06-27,10981.62,0.0,10981.62,0,0.0
portfolio_main,2025-06-30,10981.62,0.0,10981.62,0,0.0
portfolio_main,2025-07-01,10981.62,0.0,10981.62,0,0.0
portfolio_main,2025-07-02,10981.62,0.0,10981.62,0,0.0
portfolio_main,2025-07-03,10981.62,0.0,10981.62,0,0.0
portfolio_main,2025-07-04,10981.62,0.0,10981.62,0,0.0
portfolio_main,2025-07-07,5699.97,5260.41,10960.38,2,47.995
portfolio_main,2025-07-08,5699.97,5330.61,11030.58,2,48.326
portfolio_main,2025-07-09,5699.97,5287.47,10987.44,2,48.123
portfolio_main,2025-07-10,5699.97,5299.42,10999.39,2,48.179
portfolio_main,2025-07-11,5699.97,5325.32,11025.28,2,48.301
portfolio_main,2025-07-14,5699.97,5340.94,11040.91,2,48.374
portfolio_main,2025-07-15,5699.97,5286.09,10986.06,2,48.116
portfolio_main,2025-07-16,5699.97,5250.71,10950.67,2,47.949
portfolio_main,2025-07-17,5699.97,5305.26,11005.22,2,48.207
portfolio_main,2025-07-18,5699.97,5297.91,10997.87,2,48.172
portfolio_main,2025-07-21,5699.97,5470.64,11170.61,2,48.974
portfolio_main,2025-07-22,5699.97,5563.29,11263.25,2,49.393
portfolio_main,2025-07-23,5699.97,5465.1,11165.07,2,48.948
portfolio_main,2025-07-24,5699.97,5563.58,11263.55,2,49.395
portfolio_main,2025-07-25,5699.97,5488.42,11188.39,2,49.055
portfolio_main,2025-07-28,2923.21,8299.73,11222.94,3,73.953
portfolio_main,2025-07-29,2923.21,8358.55,11281.76,3,74.089
portfolio_main,2025-07-30,5876.74,5435.17,11311.91,2,48.048
portfolio_main,2025-07-31,8472.69,2753.19,11225.88,1,24.525
portfolio_main,2025-08-01,4859.11,6373.67,11232.78,2,56.742
portfolio_main,2025-08-04,4859.11,6385.14,11244.26,2,56.786
portfolio_main,2025-08-05,4859.11,6501.53,11360.64,2,57.229
portfolio_main,2025-08-06,4859.11,6497.91,11357.03,2,57.215
portfolio_main,2025-08-07,4859.11,6498.28,11357.39,2,57.216
portfolio_main,2025-08-08,4859.11,6604.72,11463.83,2,57.614
portfolio_main,2025-08-11,4859.11,6639.33,11498.44,2,57.741
portfolio_main,2025-08-12,4859.11,6660.38,11519.49,2,57.818
portfolio_main,2025-08-13,4859.11,6726.7,11585.82,2,58.06
portfolio_main,2025-08-14,4859.11,6660.74,11519.85,2,57.82
portfolio_main,2025-08-15,4859.11,6889.17,11748.28,2,58.64
portfolio_main,2025-08-18,4859.11,6815.79,11674.91,2,58.38
portfolio_main,2025-08-19,4859.11,6803.14,11662.26,2,58.335
portfolio_main,2025-08-20,4859.11,6838.02,11697.14,2,58.459
portfolio_main,2025-08-21,4859.11,6788.33,11647.44,2,58.282
portfolio_main,2025-08-22,4859.11,6836.4,11695.51,2,58.453
portfolio_main,2025-08-25,4859.11,7056.87,11915.99,2,59.222
portfolio_main,2025-08-26,4859.11,7155.73,12014.84,2,59.557
portfolio_main,2025-08-27,4859.11,6984.22,11843.34,2,58.972
portfolio_main,2025-08-28,4859.11,7095.18,11954.29,2,59.353
portfolio_main,2025-08-29,8568.5,3228.29,11796.79,1,27.366
portfolio_main,2025-09-01,8568.5,3208.41,11776.91,1,27.243
portfolio_main,2025-09-02,5537.75,6121.77,11659.52,2,52.504
portfolio_main,2025-09-03,8606.1,2980.8,11586.9,1,25.726
portfolio_main,2025-09-04,9080.29,2251.18,11331.47,1,19.867
portfolio_main,2025-09-05,8223.67,3217.4,11441.07,1,28.121
portfolio_main,2025-09-08,6275.46,5259.51,11534.96,2,45.596
portfolio_main,2025-09-09,6275.46,5092.68,11368.14,2,44.798
portfolio_main,2025-09-10,6275.46,5173.51,11448.97,2,45.188
portfolio_main,2025-09-11,6275.46,5376.21,11651.67,2,46.141
portfolio_main,2025-09-12,6275.46,5358.28,11633.74,2,46.058
portfolio_main,2025-09-15,5889.8,5694.51,11584.31,2,49.157
portfolio_main,2025-09-16,2867.04,8769.55,11636.59,3,75.362
portfolio_main,2025-09-17,2867.04,8800.42,11667.46,3,75.427
portfolio_main,2025-09-18,6262.9,5423.24,11686.14,2,46.407
portfolio_main,2025-09-19,6262.9,5422.06,11684.95,2,46.402
portfolio_main,2025-09-22,4761.54,7033.8,11795.34,3,59.632
portfolio_main,2025-09-23,4761.54,6817.63,11579.18,3,58.878
portfolio_main,2025-09-24,4761.54,7003.07,11764.61,3,59.527
portfolio_main,2025-09-25,4761.54,7164.12,11925.66,3,60.073
portfolio_main,2025-09-26,4761.54,7038.79,11800.33,3,59.649
portfolio_main,2025-09-29,4761.54,7039.55,11801.09,3,59.652
portfolio_main,2025-09-30,4761.54,7179.57,11941.12,3,60.125
portfolio_main,2025-10-09,4761.54,7477.26,12238.8,3,61.095
portfolio_main,2025-10-10,10098.46,1931.95,12030.41,1,16.059
portfolio_main,2025-10-13,6143.22,5970.64,12113.86,2,49.288
portfolio_main,2025-10-14,6143.22,5646.14,11789.36,2,47.892
portfolio_main,2025-10-15,1546.29,10479.05,12025.34,4,87.141
portfolio_main,2025-10-16,1546.29,10304.07,11850.36,4,86.952
portfolio_main,2025-10-17,3921.35,7447.67,11369.02,3,65.508
portfolio_main,2025-10-20,3921.35,7745.82,11667.17,3,66.39
portfolio_main,2025-10-21,3921.35,7850.3,11771.65,3,66.688
portfolio_main,2025-10-22,3174.11,8372.21,11546.32,4,72.51
portfolio_main,2025-10-23,1467.77,10027.5,11495.27,5,87.232
portfolio_main,2025-10-24,1467.77,10290.42,11758.19,5,87.517
portfolio_main,2025-10-27,1467.77,10457.65,11925.42,5,87.692
portfolio_main,2025-10-28,1467.77,10241.24,11709.01,5,87.465
portfolio_main,2025-10-29,1467.77,10499.14,11966.91,5,87.735
portfolio_main,2025-10-30,1467.77,10471.56,11939.34,5,87.706
portfolio_main,2025-10-31,1467.77,10196.93,11664.71,5,87.417
portfolio_main,2025-11-03,3855.95,7701.12,11557.07,4,66.636
portfolio_main,2025-11-04,3855.95,7417.14,11273.09,4,65.795
portfolio_main,2025-11-05,3759.71,7586.84,11346.56,4,66.865
portfolio_main,2025-11-06,3759.71,7839.24,11598.95,4,67.586
portfolio_main,2025-11-07,3759.71,7807.77,11567.48,4,67.498
portfolio_main,2025-11-10,3759.71,7882.6,11642.32,4,67.706
portfolio_main,2025-11-11,2053.37,9472.7,11526.07,5,82.185
portfolio_main,2025-11-12,4097.27,7370.41,11467.68,4,64.271
portfolio_main,2025-11-13,4097.27,7550.32,11647.6,4,64.823
portfolio_main,2025-11-14,4097.27,7384.09,11481.36,4,64.314
portfolio_main,2025-11-17,7048.81,4283.36,11332.16,3,37.798
portfolio_main,2025-11-18,7978.39,3296.53,11274.92,2,29.238
portfolio_main,2025-11-19,9574.97,1687.25,11262.22,1,14.982
portfolio_main,2025-11-20,9574.97,1675.41,11250.38,1,14.892
portfolio_main,2025-11-21,11147.59,0.0,11147.59,0,0.0
portfolio_main,2025-11-24,7612.34,3519.3,11131.65,1,31.615
portfolio_main,2025-11-25,7612.34,3504.55,11116.89,1,31.525
portfolio_main,2025-11-26,7612.34,3482.41,11094.76,1,31.388
portfolio_main,2025-11-27,7612.34,3489.79,11102.13,1,31.434
portfolio_main,2025-11-28,7612.34,3482.41,11094.76,1,31.388
portfolio_main,2025-12-01,7612.34,3548.81,11161.16,1,31.796
portfolio_main,2025-12-02,7612.34,3504.55,11116.89,1,31.525
portfolio_main,2025-12-03,7612.34,3644.73,11257.07,1,32.377
portfolio_main,2025-12-04,7612.34,3622.59,11234.94,1,32.244
portfolio_main,2025-12-05,7612.34,3932.47,11544.81,1,34.063
portfolio_main,2025-12-08,7612.34,3851.31,11463.66,1,33.596
portfolio_main,2025-12-09,11289.78,0.0,11289.78,0,0.0
portfolio_main,2025-12-10,11289.78,0.0,11289.78,0,0.0
portfolio_main,2025-12-11,7614.21,3644.73,11258.94,1,32.372
portfolio_main,2025-12-12,7614.21,3691.46,11305.67,1,32.651
portfolio_main,2025-12-15,7614.21,3605.79,11220.0,1,32.137
portfolio_main,2025-12-16,7614.21,3582.42,11196.64,1,31.996
portfolio_main,2025-12-17,7614.21,3644.73,11258.94,1,32.372
portfolio_main,2025-12-18,7614.21,3629.15,11243.36,1,32.278
portfolio_main,2025-12-19,7614.21,3730.39,11344.61,1,32.883
portfolio_main,2025-12-22,7614.21,3753.76,11367.97,1,33.02
portfolio_main,2025-12-23,7614.21,3909.52,11523.73,1,33.926
portfolio_main,2025-12-24,7614.21,3932.88,11547.09,1,34.059
portfolio_main,2025-12-25,7614.21,3901.73,11515.94,1,33.881
portfolio_main,2025-12-26,5794.45,5964.2,11758.65,2,50.722
portfolio_main,2025-12-29,5794.45,5872.08,11666.53,2,50.333
portfolio_main,2025-12-30,3346.94,8372.43,11719.38,3,71.441
portfolio_main,2025-12-31,3346.94,8457.86,11804.8,3,71.648
portfolio_main,2026-01-05,3346.94,8576.19,11923.13,3,71.929
portfolio_main,2026-01-06,3346.94,8683.66,12030.6,3,72.18
portfolio_main,2026-01-07,3346.94,8848.14,12195.08,3,72.555
portfolio_main,2026-01-08,3346.94,8733.2,12080.14,3,72.294
portfolio_main,2026-01-09,3346.94,8845.7,12192.65,3,72.549
portfolio_main,2026-01-12,3346.94,8833.42,12180.37,3,72.522
portfolio_main,2026-01-13,3346.94,8687.62,12034.57,3,72.189
portfolio_main,2026-01-14,3346.94,8886.6,12233.54,3,72.641
portfolio_main,2026-01-15,3346.94,8896.2,12243.14,3,72.663
portfolio_main,2026-01-16,3346.94,9040.09,12387.03,3,72.98
portfolio_main,2026-01-19,3346.94,9396.48,12743.42,3,73.736
portfolio_main,2026-01-20,3346.94,9819.58,13166.52,3,74.58
portfolio_main,2026-01-21,3346.94,9784.02,13130.96,3,74.511
portfolio_main,2026-01-22,3876.4,9085.04,12961.44,3,70.093
portfolio_main,2026-01-23,3876.4,9460.92,13337.32,3,70.936
portfolio_main,2026-01-26,3876.4,10090.26,13966.66,3,72.245
portfolio_main,2026-01-27,3876.4,9954.15,13830.55,3,71.972
portfolio_main,2026-01-28,3876.4,10540.23,14416.63,3,73.112
portfolio_main,2026-01-29,12056.02,2206.11,14262.13,1,15.468
portfolio_main,2026-01-30,7762.91,6476.14,14239.05,2,45.482
portfolio_main,2026-02-02,5453.68,8202.24,13655.91,3,60.064
portfolio_main,2026-02-03,3492.92,10411.02,13903.94,4,74.878
portfolio_main,2026-02-04,3492.92,10265.19,13758.1,4,74.612
portfolio_main,2026-02-05,510.1,13018.59,13528.69,5,96.229
portfolio_main,2026-02-06,4499.78,8736.54,13236.32,3,66.004
portfolio_main,2026-02-09,4499.78,9054.99,13554.77,3,66.803
portfolio_main,2026-02-10,4499.78,9081.26,13581.04,3,66.867
portfolio_main,2026-02-11,4499.78,9029.15,13528.93,3,66.74
portfolio_main,2026-02-12,4499.78,9328.87,13828.65,3,67.46
portfolio_main,2026-02-13,4499.78,9225.05,13724.83,3,67.214
portfolio_main,2026-02-24,4499.78,9290.41,13790.19,3,67.37
portfolio_main,2026-02-25,4499.78,9313.95,13813.73,3,67.425
portfolio_main,2026-02-26,4499.78,9538.26,14038.04,3,67.946
portfolio_main,2026-02-27,4499.78,9437.13,13936.91,3,67.713
portfolio_main,2026-03-02,4499.78,9158.0,13657.78,3,67.053
portfolio_main,2026-03-03,9786.77,3604.46,13391.23,1,26.917
portfolio_main,2026-03-04,10956.04,2371.04,13327.07,1,17.791
portfolio_main,2026-03-05,10956.04,2357.22,13313.26,1,17.706
portfolio_main,2026-03-06,4604.84,8651.62,13256.46,3,65.263
portfolio_main,2026-03-09,5535.2,7647.23,13182.44,2,58.011
portfolio_main,2026-03-10,5535.2,7619.57,13154.77,2,57.922
portfolio_main,2026-03-11,5535.2,7715.57,13250.77,2,58.227
portfolio_main,2026-03-12,5535.2,7918.21,13453.41,2,58.857
portfolio_main,2026-03-13,5535.2,7643.99,13179.2,2,58.0
portfolio_main,2026-03-16,10373.49,2532.99,12906.48,1,19.626
portfolio_main,2026-03-17,7682.16,5035.36,12717.52,2,39.594
portfolio_main,2026-03-18,3720.58,9315.41,13036.0,3,71.459
portfolio_main,2026-03-19,3720.58,9292.72,13013.31,3,71.409
portfolio_main,2026-03-20,6325.64,6602.18,12927.82,2,51.07
portfolio_main,2026-03-23,12394.72,0.0,12394.72,0,0.0
portfolio_main,2026-03-24,12394.72,0.0,12394.72,0,0.0
portfolio_main,2026-03-25,12394.72,0.0,12394.72,0,0.0
portfolio_main,2026-03-26,12394.72,0.0,12394.72,0,0.0
portfolio_main,2026-03-27,9775.03,2688.59,12463.61,1,21.571
portfolio_main,2026-03-30,9775.03,2881.41,12656.44,1,22.766
portfolio_main,2026-03-31,9775.03,2990.74,12765.77,1,23.428
portfolio_main,2026-04-01,12639.69,0.0,12639.69,0,0.0
portfolio_main,2026-04-02,12639.69,0.0,12639.69,0,0.0
portfolio_main,2026-04-03,12639.69,0.0,12639.69,0,0.0
portfolio_main,2026-04-07,12639.69,0.0,12639.69,0,0.0
portfolio_main,2026-04-08,12639.69,0.0,12639.69,0,0.0
portfolio_main,2026-04-09,12639.69,0.0,12639.69,0,0.0
portfolio_main,2026-04-10,12639.69,0.0,12639.69,0,0.0
portfolio_main,2026-04-13,12639.69,0.0,12639.69,0,0.0
portfolio_main,2026-04-14,12639.69,0.0,12639.69,0,0.0
portfolio_main,2026-04-15,12639.69,0.0,12639.69,0,0.0
portfolio_main,2026-04-16,12639.69,0.0,12639.69,0,0.0
portfolio_main,2026-04-17,12639.69,0.0,12639.69,0,0.0
portfolio_main,2026-04-20,12639.69,0.0,12639.69,0,0.0
portfolio_main,2026-04-21,12639.69,0.0,12639.69,0,0.0
portfolio_main,2026-04-22,12639.69,0.0,12639.69,0,0.0
portfolio_main,2026-04-23,12639.69,0.0,12639.69,0,0.0
portfolio_main,2026-04-24,12639.69,0.0,12639.69,0,0.0
portfolio_main,2026-04-27,12639.69,0.0,12639.69,0,0.0
portfolio_main,2026-04-28,12639.69,0.0,12639.69,0,0.0
portfolio_main,2026-04-29,12639.69,0.0,12639.69,0,0.0
portfolio_main,2026-04-30,12639.69,0.0,12639.69,0,0.0
portfolio_main,2026-05-06,12639.69,0.0,12639.69,0,0.0
portfolio_main,2026-05-07,12639.69,0.0,12639.69,0,0.0
portfolio_main,2026-05-08,12639.69,0.0,12639.69,0,0.0
portfolio_main,2026-05-11,12639.69,0.0,12639.69,0,0.0
portfolio_main,2026-05-12,12639.69,0.0,12639.69,0,0.0
portfolio_main,2026-05-13,12639.69,0.0,12639.69,0,0.0
portfolio_main,2026-05-14,12639.69,0.0,12639.69,0,0.0
portfolio_main,2026-05-15,12639.69,0.0,12639.69,0,0.0
portfolio_main,2026-05-18,12639.69,0.0,12639.69,0,0.0
portfolio_main,2026-05-19,12639.69,0.0,12639.69,0,0.0
portfolio_main,2026-05-20,12639.69,0.0,12639.69,0,0.0
portfolio_main,2026-05-21,12639.69,0.0,12639.69,0,0.0
portfolio_main,2026-05-22,9668.73,2978.93,12647.66,1,23.553
portfolio_main,2026-05-25,9668.73,3096.65,12765.38,1,24.258
portfolio_main,2026-05-26,5688.62,6834.6,12523.22,2,54.575
portfolio_main,2026-05-27,4512.53,7670.56,12183.09,2,62.961
portfolio_main,2026-05-28,8242.88,4027.41,12270.3,1,32.822
portfolio_main,2026-05-29,8242.88,4193.4,12436.28,1,33.719
portfolio_main,2026-06-01,3049.63,9066.35,12115.98,3,74.83
portfolio_main,2026-06-02,3049.63,9248.1,12297.73,3,75.202
portfolio_main,2026-06-03,3049.63,9206.73,12256.36,3,75.118
portfolio_main,2026-06-04,3049.63,9116.54,12166.17,3,74.934
portfolio_main,2026-06-05,6461.46,5518.82,11980.28,2,46.066
portfolio_main,2026-06-08,11690.84,0.0,11690.84,0,0.0
portfolio_main,2026-06-09,11690.84,0.0,11690.84,0,0.0
portfolio_main,2026-06-10,8270.64,3344.92,11615.56,1,28.797
portfolio_main,2026-06-11,8270.64,3310.0,11580.64,1,28.582
portfolio_main,2026-06-12,11475.79,0.0,11475.79,0,0.0
portfolio_main,2026-06-15,11475.79,0.0,11475.79,0,0.0
portfolio_main,2026-06-16,11475.79,0.0,11475.79,0,0.0
portfolio_main,2026-06-17,11475.79,0.0,11475.79,0,0.0
portfolio_main,2026-06-18,7748.03,4103.0,11851.03,1,34.621
portfolio_main,2026-06-22,7748.03,4513.0,12261.03,1,36.808
portfolio_main,2026-06-23,7748.03,4288.0,12036.03,1,35.626
portfolio_main,2026-06-24,11933.7,0.0,11933.7,0,0.0
portfolio_main,2026-06-25,11933.7,0.0,11933.7,0,0.0
portfolio_main,2026-06-26,11933.7,0.0,11933.7,0,0.0
portfolio_main,2026-06-29,11933.7,0.0,11933.7,0,0.0
portfolio_main,2026-06-30,11933.7,0.0,11933.7,0,0.0
portfolio_main,2026-07-01,11933.7,0.0,11933.7,0,0.0
portfolio_main,2026-07-02,11933.7,0.0,11933.7,0,0.0
portfolio_main,2026-07-03,11933.7,0.0,11933.7,0,0.0
portfolio_main,2026-07-06,11933.7,0.0,11933.7,0,0.0
portfolio_main,2026-07-07,11933.7,0.0,11933.7,0,0.0
portfolio_main,2026-07-08,11933.7,0.0,11933.7,0,0.0
portfolio_main,2026-07-09,11933.7,0.0,11933.7,0,0.0
portfolio_main,2026-07-10,11933.7,0.0,11933.7,0,0.0
portfolio_main,2026-07-13,11933.7,0.0,11933.7,0,0.0
portfolio_main,2026-07-14,11933.7,0.0,11933.7,0,0.0
portfolio_main,2026-07-15,11933.7,0.0,11933.7,0,0.0
portfolio_main,2026-07-16,8011.74,3872.0,11883.74,1,32.582
portfolio_main,2026-07-17,11688.18,0.0,11688.18,0,0.0
portfolio_main,2026-07-20,11688.18,0.0,11688.18,0,0.0
portfolio_main,2026-07-21,11688.18,0.0,11688.18,0,0.0
portfolio_main,2026-07-22,11688.18,0.0,11688.18,0,0.0
portfolio_main,2026-07-23,11688.18,0.0,11688.18,0,0.0
portfolio_main,2026-07-24,11688.18,0.0,11688.18,0,0.0
portfolio_main,2026-07-27,11688.18,0.0,11688.18,0,0.0
portfolio_main,2026-07-28,8707.17,2833.0,11540.17,1,24.549
portfolio_main,2026-07-29,11499.95,0.0,11499.95,0,0.0
portfolio_main,2026-07-30,8131.55,3360.0,11491.55,1,29.239
portfolio_main,2026-07-31,8131.55,3489.0,11620.55,1,30.024
portfolio_main,2026-08-03,8131.55,3310.0,11441.55,1,28.93
portfolio_main,2026-08-04,8131.55,3432.0,11563.55,1,29.679
portfolio_main,2026-08-05,11580.33,0.0,11580.33,0,0.0
portfolio_main,2026-08-06,11580.33,0.0,11580.33,0,0.0
portfolio_main,2026-08-07,4952.65,6760.0,11712.65,2,57.715
portfolio_main,2026-08-10,4952.65,6766.0,11718.65,2,57.737
portfolio_main,2026-08-11,4952.65,6734.0,11686.65,2,57.621
portfolio_main,2026-08-12,7888.21,3700.0,11588.21,1,31.929
portfolio_main,2026-08-13,7888.21,3960.0,11848.21,1,33.423
portfolio_main,2026-08-14,4001.29,7973.0,11974.29,2,66.584
portfolio_main,2026-08-17,4001.29,8181.0,12182.29,2,67.155
portfolio_main,2026-08-18,7872.43,4221.0,12093.43,1,34.903
portfolio_main,2026-08-19,4783.32,7220.0,12003.32,2,60.15
portfolio_main,2026-08-20,1246.76,11191.0,12437.76,3,89.976
portfolio_main,2026-08-21,1246.76,11904.0,13150.76,3,90.52
portfolio_main,2026-08-24,9238.66,3449.0,12687.66,1,27.184
portfolio_main,2026-08-25,9238.66,3510.0,12748.66,1,27.532
portfolio_main,2026-08-26,9238.66,3490.0,12728.66,1,27.418
portfolio_main,2026-08-27,9238.66,3643.0,12881.66,1,28.281
portfolio_main,2026-08-28,9238.66,3589.0,12827.66,1,27.979
portfolio_main,2026-08-31,9238.66,3895.0,13133.66,1,29.657
portfolio_main,2026-09-01,9238.66,3832.0,13070.66,1,29.318
portfolio_main,2026-09-02,9238.66,3799.0,13037.66,1,29.139
portfolio_main,2026-09-03,9238.66,3813.0,13051.66,1,29.215
portfolio_main,2026-09-04,12905.11,0.0,12905.11,0,0.0
portfolio_main,2026-09-07,12905.11,0.0,12905.11,0,0.0
portfolio_main,2026-09-08,12905.11,0.0,12905.11,0,0.0
portfolio_main,2026-09-09,12905.11,0.0,12905.11,0,0.0
portfolio_main,2026-09-10,12905.11,0.0,12905.11,0,0.0
portfolio_main,2026-09-11,9381.56,3459.0,12840.56,1,26.938
portfolio_main,2026-09-14,5991.14,6848.0,12839.14,2,53.337
portfolio_delay5,2023-09-14,13822.47,0.0,13822.47,0,0.0
portfolio_delay5,2023-09-15,13822.47,0.0,13822.47,0,0.0
portfolio_delay5,2023-09-18,13822.47,0.0,13822.47,0,0.0
portfolio_delay5,2023-09-19,13822.47,0.0,13822.47,0,0.0
portfolio_delay5,2023-09-20,13822.47,0.0,13822.47,0,0.0
portfolio_delay5,2023-09-21,13822.47,0.0,13822.47,0,0.0
portfolio_delay5,2023-09-22,4983.62,8891.83,13875.45,2,64.083
portfolio_delay5,2023-09-25,4983.62,8902.4,13886.02,2,64.111
portfolio_delay5,2023-09-26,4983.62,8830.45,13814.07,2,63.924
portfolio_delay5,2023-09-27,4983.62,8780.34,13763.96,2,63.792
portfolio_delay5,2023-09-28,4983.62,8738.24,13721.86,2,63.681
portfolio_delay5,2023-10-09,9091.4,4407.1,13498.51,1,32.649
portfolio_delay5,2023-10-10,9091.4,4373.09,13464.49,1,32.479
portfolio_delay5,2023-10-11,9091.4,4350.41,13441.81,1,32.365
portfolio_delay5,2023-10-12,9091.4,4433.56,13524.96,1,32.781
portfolio_delay5,2023-10-13,9091.4,4305.05,13396.45,1,32.136
portfolio_delay5,2023-10-16,9091.4,4308.83,13400.23,1,32.155
portfolio_delay5,2023-10-17,9091.4,4320.17,13411.57,1,32.212
portfolio_delay5,2023-10-18,9091.4,4244.58,13335.98,1,31.828
portfolio_delay5,2023-10-19,9091.4,4203.0,13294.4,1,31.615
portfolio_delay5,2023-10-20,13271.74,0.0,13271.74,0,0.0
portfolio_delay5,2023-10-23,13271.74,0.0,13271.74,0,0.0
portfolio_delay5,2023-10-24,13271.74,0.0,13271.74,0,0.0
portfolio_delay5,2023-10-25,13271.74,0.0,13271.74,0,0.0
portfolio_delay5,2023-10-26,13271.74,0.0,13271.74,0,0.0
portfolio_delay5,2023-10-27,13271.74,0.0,13271.74,0,0.0
portfolio_delay5,2023-10-30,13271.74,0.0,13271.74,0,0.0
portfolio_delay5,2023-10-31,13271.74,0.0,13271.74,0,0.0
portfolio_delay5,2023-11-01,13271.74,0.0,13271.74,0,0.0
portfolio_delay5,2023-11-02,13271.74,0.0,13271.74,0,0.0
portfolio_delay5,2023-11-03,13271.74,0.0,13271.74,0,0.0
portfolio_delay5,2023-11-06,13271.74,0.0,13271.74,0,0.0
portfolio_delay5,2023-11-07,13271.74,0.0,13271.74,0,0.0
portfolio_delay5,2023-11-08,13271.74,0.0,13271.74,0,0.0
portfolio_delay5,2023-11-09,13271.74,0.0,13271.74,0,0.0
portfolio_delay5,2023-11-10,10933.07,2295.05,13228.11,1,17.35
portfolio_delay5,2023-11-13,10933.07,2328.52,13261.59,1,17.558
portfolio_delay5,2023-11-14,10933.07,2317.37,13250.43,1,17.489
portfolio_delay5,2023-11-15,10933.07,2310.86,13243.92,1,17.448
portfolio_delay5,2023-11-16,10933.07,2310.86,13243.92,1,17.448
portfolio_delay5,2023-11-17,10933.07,2285.75,13218.82,1,17.292
portfolio_delay5,2023-11-20,10933.07,2298.77,13231.83,1,17.373
portfolio_delay5,2023-11-21,10933.07,2321.09,13254.15,1,17.512
portfolio_delay5,2023-11-22,10933.07,2238.32,13171.39,1,16.994
portfolio_delay5,2023-11-23,10933.07,2320.16,13253.22,1,17.506
portfolio_delay5,2023-11-24,10933.07,2278.31,13211.38,1,17.245
portfolio_delay5,2023-11-27,10933.07,2262.5,13195.57,1,17.146
portfolio_delay5,2023-11-28,10933.07,2293.19,13226.25,1,17.338
portfolio_delay5,2023-11-29,10933.07,2297.84,13230.9,1,17.367
portfolio_delay5,2023-11-30,10933.07,2264.36,13197.43,1,17.158
portfolio_delay5,2023-12-01,10933.07,2276.45,13209.52,1,17.233
portfolio_delay5,2023-12-04,10933.07,2253.2,13186.27,1,17.087
portfolio_delay5,2023-12-05,13122.75,0.0,13122.75,0,0.0
portfolio_delay5,2023-12-06,10949.67,2207.76,13157.42,1,16.78
portfolio_delay5,2023-12-07,10949.67,2210.75,13160.41,1,16.798
portfolio_delay5,2023-12-08,10949.67,2336.34,13286.0,1,17.585
portfolio_delay5,2023-12-11,10949.67,2330.35,13280.02,1,17.548
portfolio_delay5,2023-12-12,10949.67,2338.33,13288.0,1,17.597
portfolio_delay5,2023-12-13,10949.67,2293.48,13243.14,1,17.318
portfolio_delay5,2023-12-14,10949.67,2265.57,13215.23,1,17.144
portfolio_delay5,2023-12-15,13179.29,0.0,13179.29,0,0.0
portfolio_delay5,2023-12-18,13179.29,0.0,13179.29,0,0.0
portfolio_delay5,2023-12-19,13179.29,0.0,13179.29,0,0.0
portfolio_delay5,2023-12-20,13179.29,0.0,13179.29,0,0.0
portfolio_delay5,2023-12-21,13179.29,0.0,13179.29,0,0.0
portfolio_delay5,2023-12-22,13179.29,0.0,13179.29,0,0.0
portfolio_delay5,2023-12-25,8822.16,4427.47,13249.64,1,33.416
portfolio_delay5,2023-12-26,8822.16,4353.72,13175.88,1,33.043
portfolio_delay5,2023-12-27,8822.16,4580.97,13403.13,1,34.178
portfolio_delay5,2023-12-28,8822.16,4580.97,13403.13,1,34.178
portfolio_delay5,2023-12-29,8822.16,4608.88,13431.04,1,34.315
portfolio_delay5,2024-01-02,8822.16,4584.96,13407.12,1,34.198
portfolio_delay5,2024-01-03,8822.16,4325.81,13147.97,1,32.901
portfolio_delay5,2024-01-04,8822.16,4256.04,13078.2,1,32.543
portfolio_delay5,2024-01-05,8822.16,4196.23,13018.4,1,32.233
portfolio_delay5,2024-01-08,12906.98,0.0,12906.98,0,0.0
portfolio_delay5,2024-01-09,12906.98,0.0,12906.98,0,0.0
portfolio_delay5,2024-01-10,12906.98,0.0,12906.98,0,0.0
portfolio_delay5,2024-01-11,12906.98,0.0,12906.98,0,0.0
portfolio_delay5,2024-01-12,12906.98,0.0,12906.98,0,0.0
portfolio_delay5,2024-01-15,12906.98,0.0,12906.98,0,0.0
portfolio_delay5,2024-01-16,12906.98,0.0,12906.98,0,0.0
portfolio_delay5,2024-01-17,12906.98,0.0,12906.98,0,0.0
portfolio_delay5,2024-01-18,12906.98,0.0,12906.98,0,0.0
portfolio_delay5,2024-01-19,12906.98,0.0,12906.98,0,0.0
portfolio_delay5,2024-01-22,12906.98,0.0,12906.98,0,0.0
portfolio_delay5,2024-01-23,12906.98,0.0,12906.98,0,0.0
portfolio_delay5,2024-01-24,12906.98,0.0,12906.98,0,0.0
portfolio_delay5,2024-01-25,12906.98,0.0,12906.98,0,0.0
portfolio_delay5,2024-01-26,12906.98,0.0,12906.98,0,0.0
portfolio_delay5,2024-01-29,12906.98,0.0,12906.98,0,0.0
portfolio_delay5,2024-01-30,12906.98,0.0,12906.98,0,0.0
portfolio_delay5,2024-01-31,12906.98,0.0,12906.98,0,0.0
portfolio_delay5,2024-02-01,12906.98,0.0,12906.98,0,0.0
portfolio_delay5,2024-02-02,12906.98,0.0,12906.98,0,0.0
portfolio_delay5,2024-02-05,12906.98,0.0,12906.98,0,0.0
portfolio_delay5,2024-02-06,12906.98,0.0,12906.98,0,0.0
portfolio_delay5,2024-02-07,12906.98,0.0,12906.98,0,0.0
portfolio_delay5,2024-02-08,12906.98,0.0,12906.98,0,0.0
portfolio_delay5,2024-02-19,12906.98,0.0,12906.98,0,0.0
portfolio_delay5,2024-02-20,12906.98,0.0,12906.98,0,0.0
portfolio_delay5,2024-02-21,12906.98,0.0,12906.98,0,0.0
portfolio_delay5,2024-02-22,12906.98,0.0,12906.98,0,0.0
portfolio_delay5,2024-02-23,12906.98,0.0,12906.98,0,0.0
portfolio_delay5,2024-02-26,12906.98,0.0,12906.98,0,0.0
portfolio_delay5,2024-02-27,12906.98,0.0,12906.98,0,0.0
portfolio_delay5,2024-02-28,12906.98,0.0,12906.98,0,0.0
portfolio_delay5,2024-02-29,12906.98,0.0,12906.98,0,0.0
portfolio_delay5,2024-03-01,12906.98,0.0,12906.98,0,0.0
portfolio_delay5,2024-03-04,12906.98,0.0,12906.98,0,0.0
portfolio_delay5,2024-03-05,12906.98,0.0,12906.98,0,0.0
portfolio_delay5,2024-03-06,12906.98,0.0,12906.98,0,0.0
portfolio_delay5,2024-03-07,12906.98,0.0,12906.98,0,0.0
portfolio_delay5,2024-03-08,12906.98,0.0,12906.98,0,0.0
portfolio_delay5,2024-03-11,12906.98,0.0,12906.98,0,0.0
portfolio_delay5,2024-03-12,12906.98,0.0,12906.98,0,0.0
portfolio_delay5,2024-03-13,12906.98,0.0,12906.98,0,0.0
portfolio_delay5,2024-03-14,10610.25,2280.51,12890.77,1,17.691
portfolio_delay5,2024-03-15,10610.25,2291.39,12901.64,1,17.76
portfolio_delay5,2024-03-18,10610.25,2360.62,12970.87,1,18.199
portfolio_delay5,2024-03-19,10610.25,2321.06,12931.31,1,17.949
portfolio_delay5,2024-03-20,10610.25,2329.96,12940.21,1,18.006
portfolio_delay5,2024-03-21,10610.25,2285.46,12895.71,1,17.723
portfolio_delay5,2024-03-22,10610.25,2257.77,12868.02,1,17.546
portfolio_delay5,2024-03-25,10610.25,2194.47,12804.73,1,17.138
portfolio_delay5,2024-03-26,12761.0,0.0,12761.0,0,0.0
portfolio_delay5,2024-03-27,5042.93,7477.39,12520.32,2,59.722
portfolio_delay5,2024-03-28,2914.74,9815.93,12730.67,3,77.105
portfolio_delay5,2024-03-29,2914.74,9781.47,12696.21,3,77.042
portfolio_delay5,2024-04-01,2914.74,9980.76,12895.49,3,77.397
portfolio_delay5,2024-04-02,2914.74,9762.85,12677.58,3,77.009
portfolio_delay5,2024-04-03,4651.14,7742.42,12393.56,3,62.471
portfolio_delay5,2024-04-08,4651.14,7612.02,12263.16,3,62.072
portfolio_delay5,2024-04-09,810.42,11467.75,12278.17,4,93.4
portfolio_delay5,2024-04-10,4762.43,7177.25,11939.68,2,60.113
portfolio_delay5,2024-04-11,793.27,11220.37,12013.64,3,93.397
portfolio_delay5,2024-04-12,793.27,11547.25,12340.53,3,93.572
portfolio_delay5,2024-04-15,793.27,11718.04,12511.31,3,93.66
portfolio_delay5,2024-04-16,793.27,11310.65,12103.92,3,93.446
portfolio_delay5,2024-04-17,793.27,11691.7,12484.98,3,93.646
portfolio_delay5,2024-04-18,793.27,11799.4,12592.68,3,93.701
portfolio_delay5,2024-04-19,8469.65,3775.75,12245.4,1,30.834
portfolio_delay5,2024-04-22,8506.81,3586.22,12093.03,1,29.655
portfolio_delay5,2024-04-23,4585.96,7390.38,11976.35,2,61.708
portfolio_delay5,2024-04-24,2006.3,10400.14,12406.44,3,83.829
portfolio_delay5,2024-04-25,2006.3,10379.57,12385.87,3,83.802
portfolio_delay5,2024-04-26,2006.3,11016.87,13023.17,3,84.594
portfolio_delay5,2024-04-29,2006.3,10928.37,12934.67,3,84.489
portfolio_delay5,2024-04-30,2006.3,10775.2,12781.49,3,84.303
portfolio_delay5,2024-05-06,5444.76,7344.1,12788.86,2,57.426
portfolio_delay5,2024-05-07,5444.76,7434.05,12878.81,2,57.723
portfolio_delay5,2024-05-08,5444.76,7212.3,12657.06,2,56.982
portfolio_delay5,2024-05-09,6429.08,6246.74,12675.82,2,49.281
portfolio_delay5,2024-05-10,6429.08,6335.48,12764.56,2,49.633
portfolio_delay5,2024-05-13,6429.08,6236.24,12665.32,2,49.239
portfolio_delay5,2024-05-14,6429.08,6284.47,12713.55,2,49.431
portfolio_delay5,2024-05-15,6429.08,6276.15,12705.23,2,49.398
portfolio_delay5,2024-05-16,6429.08,6204.95,12634.03,2,49.113
portfolio_delay5,2024-05-17,6429.08,6281.07,12710.15,2,49.418
portfolio_delay5,2024-05-20,6429.08,6702.99,13132.07,2,51.043
portfolio_delay5,2024-05-21,6429.08,6355.98,12785.07,2,49.714
portfolio_delay5,2024-05-22,9201.88,3497.8,12699.68,1,27.542
portfolio_delay5,2024-05-23,5461.71,7035.43,12497.14,2,56.296
portfolio_delay5,2024-05-24,5461.71,7087.01,12548.72,2,56.476
portfolio_delay5,2024-05-27,5461.71,7366.96,12828.68,2,57.426
portfolio_delay5,2024-05-28,5461.71,7292.02,12753.74,2,57.176
portfolio_delay5,2024-05-29,8394.27,4461.38,12855.65,1,34.704
portfolio_delay5,2024-05-30,8394.27,4427.32,12821.59,1,34.53
portfolio_delay5,2024-05-31,7082.97,5683.26,12766.23,2,44.518
portfolio_delay5,2024-06-03,7082.97,5613.74,12696.71,2,44.214
portfolio_delay5,2024-06-04,7082.97,5723.85,12806.82,2,44.694
portfolio_delay5,2024-06-05,7082.97,5571.74,12654.72,2,44.029
portfolio_delay5,2024-06-06,7082.97,5630.66,12713.63,2,44.288
portfolio_delay5,2024-06-07,5704.37,7010.73,12715.1,3,55.137
portfolio_delay5,2024-06-11,4284.59,8353.12,12637.7,4,66.097
portfolio_delay5,2024-06-12,4284.59,8360.55,12645.13,4,66.117
portfolio_delay5,2024-06-13,4284.59,8274.25,12558.84,4,65.884
portfolio_delay5,2024-06-14,4284.59,8352.61,12637.2,4,66.095
portfolio_delay5,2024-06-17,5510.73,7146.53,12657.26,3,56.462
portfolio_delay5,2024-06-18,5510.73,7265.54,12776.27,3,56.867
portfolio_delay5,2024-06-19,5510.73,7296.79,12807.52,3,56.973
portfolio_delay5,2024-06-20,5510.73,7297.99,12808.72,3,56.977
portfolio_delay5,2024-06-21,5510.73,7369.42,12880.15,3,57.215
portfolio_delay5,2024-06-24,5510.73,7223.94,12734.66,3,56.727
portfolio_delay5,2024-06-25,3362.94,9367.59,12730.53,4,73.584
portfolio_delay5,2024-06-26,3362.94,9536.46,12899.4,4,73.929
portfolio_delay5,2024-06-27,6254.55,6386.08,12640.63,2,50.52
portfolio_delay5,2024-06-28,6254.55,6548.34,12802.89,2,51.147
portfolio_delay5,2024-07-01,6254.55,6656.65,12911.2,2,51.557
portfolio_delay5,2024-07-02,6254.55,6612.3,12866.85,2,51.39
portfolio_delay5,2024-07-03,6254.55,6643.2,12897.75,2,51.507
portfolio_delay5,2024-07-04,6254.55,6583.69,12838.24,2,51.282
portfolio_delay5,2024-07-05,2384.33,10642.84,13027.16,3,81.697
portfolio_delay5,2024-07-08,2384.33,10561.56,12945.89,3,81.582
portfolio_delay5,2024-07-09,2384.33,10720.38,13104.71,3,81.806
portfolio_delay5,2024-07-10,2384.33,10689.01,13073.34,3,81.762
portfolio_delay5,2024-07-11,2384.33,10847.05,13231.38,3,81.98
portfolio_delay5,2024-07-12,2384.33,10770.18,13154.51,3,81.874
portfolio_delay5,2024-07-15,2384.33,10750.08,13134.41,3,81.847
portfolio_delay5,2024-07-16,2384.33,10989.03,13373.36,3,82.171
portfolio_delay5,2024-07-17,2384.33,10920.2,13304.53,3,82.079
portfolio_delay5,2024-07-18,6740.74,6554.87,13295.61,2,49.301
portfolio_delay5,2024-07-19,3785.03,9617.89,13402.92,3,71.76
portfolio_delay5,2024-07-22,3785.03,9710.94,13495.97,3,71.954
portfolio_delay5,2024-07-23,4184.23,9041.14,13225.37,3,68.362
portfolio_delay5,2024-07-24,4184.23,9110.0,13294.23,3,68.526
portfolio_delay5,2024-07-25,4184.23,9060.61,13244.85,3,68.409
portfolio_delay5,2024-07-26,6000.48,7469.66,13470.14,2,55.453
portfolio_delay5,2024-07-29,6773.59,6491.7,13265.29,2,48.938
portfolio_delay5,2024-07-30,6773.59,6467.9,13241.48,2,48.846
portfolio_delay5,2024-07-31,6773.59,6559.36,13332.95,2,49.197
portfolio_delay5,2024-08-01,6773.59,6503.08,13276.67,2,48.981
portfolio_delay5,2024-08-02,4842.22,8360.74,13202.95,3,63.325
portfolio_delay5,2024-08-05,6960.01,6006.88,12966.89,2,46.325
portfolio_delay5,2024-08-06,8768.27,4196.62,12964.89,1,32.369
portfolio_delay5,2024-08-07,4583.91,8387.39,12971.3,2,64.661
portfolio_delay5,2024-08-08,8593.84,4159.2,12753.04,1,32.613
portfolio_delay5,2024-08-09,8593.84,4159.2,12753.04,1,32.613
portfolio_delay5,2024-08-12,4579.92,8003.12,12583.03,2,63.602
portfolio_delay5,2024-08-13,4579.92,8121.59,12701.51,2,63.942
portfolio_delay5,2024-08-14,4579.92,8085.21,12665.13,2,63.838
portfolio_delay5,2024-08-15,4579.92,8098.98,12678.89,2,63.878
portfolio_delay5,2024-08-16,8502.98,3933.1,12436.08,1,31.627
portfolio_delay5,2024-08-19,8502.98,3911.47,12414.45,1,31.507
portfolio_delay5,2024-08-20,4557.9,7771.45,12329.35,2,63.032
portfolio_delay5,2024-08-21,4557.9,7622.59,12180.49,2,62.58
portfolio_delay5,2024-08-22,8255.3,3892.79,12148.09,1,32.044
portfolio_delay5,2024-08-23,4650.07,7530.73,12180.8,2,61.825
portfolio_delay5,2024-08-26,4650.07,7429.37,12079.44,2,61.504
portfolio_delay5,2024-08-27,4650.07,7414.53,12064.6,2,61.457
portfolio_delay5,2024-08-28,4650.07,7478.35,12128.42,2,61.66
portfolio_delay5,2024-08-29,4650.07,7585.65,12235.72,2,61.996
portfolio_delay5,2024-08-30,4650.07,7480.18,12130.25,2,61.666
portfolio_delay5,2024-09-02,8027.96,3995.05,12023.01,1,33.228
portfolio_delay5,2024-09-03,8027.96,4059.95,12087.9,1,33.587
portfolio_delay5,2024-09-04,8027.96,4035.36,12063.32,1,33.452
portfolio_delay5,2024-09-05,8027.96,4042.25,12070.2,1,33.489
portfolio_delay5,2024-09-06,8027.96,4011.77,12039.72,1,33.321
portfolio_delay5,2024-09-09,8027.96,3964.57,11992.52,1,33.059
portfolio_delay5,2024-09-10,8027.96,3973.42,12001.37,1,33.108
portfolio_delay5,2024-09-11,8027.96,3982.27,12010.22,1,33.157
portfolio_delay5,2024-09-12,8027.96,3979.32,12007.27,1,33.141
portfolio_delay5,2024-09-13,8027.96,3980.3,12008.26,1,33.146
portfolio_delay5,2024-09-18,8027.96,3947.85,11975.81,1,32.965
portfolio_delay5,2024-09-19,8027.96,3855.43,11883.38,1,32.444
portfolio_delay5,2024-09-20,11790.26,0.0,11790.26,0,0.0
portfolio_delay5,2024-09-23,11790.26,0.0,11790.26,0,0.0
portfolio_delay5,2024-09-24,11790.26,0.0,11790.26,0,0.0
portfolio_delay5,2024-09-25,11790.26,0.0,11790.26,0,0.0
portfolio_delay5,2024-09-26,11790.26,0.0,11790.26,0,0.0
portfolio_delay5,2024-09-27,11790.26,0.0,11790.26,0,0.0
portfolio_delay5,2024-09-30,11790.26,0.0,11790.26,0,0.0
portfolio_delay5,2024-10-08,11790.26,0.0,11790.26,0,0.0
portfolio_delay5,2024-10-09,11790.26,0.0,11790.26,0,0.0
portfolio_delay5,2024-10-10,4325.63,7558.09,11883.72,3,63.6
portfolio_delay5,2024-10-11,4069.61,7655.75,11725.36,3,65.292
portfolio_delay5,2024-10-14,1712.73,10486.9,12199.63,4,85.961
portfolio_delay5,2024-10-15,3748.68,8071.79,11820.47,4,68.287
portfolio_delay5,2024-10-16,1779.05,9914.33,11693.38,5,84.786
portfolio_delay5,2024-10-17,1779.05,9943.07,11722.12,5,84.823
portfolio_delay5,2024-10-18,1779.05,10271.83,12050.88,5,85.237
portfolio_delay5,2024-10-21,1779.05,10339.53,12118.58,5,85.32
portfolio_delay5,2024-10-22,1779.05,10526.15,12305.2,5,85.542
portfolio_delay5,2024-10-23,1779.05,10513.93,12292.97,5,85.528
portfolio_delay5,2024-10-24,2611.52,9670.77,12282.29,4,78.738
portfolio_delay5,2024-10-25,2611.52,9741.37,12352.89,4,78.859
portfolio_delay5,2024-10-28,2611.52,9729.66,12341.18,4,78.839
portfolio_delay5,2024-10-29,2611.52,9794.91,12406.43,4,78.95
portfolio_delay5,2024-10-30,2611.52,9639.08,12250.6,4,78.683
portfolio_delay5,2024-10-31,92.38,12206.4,12298.77,5,99.249
portfolio_delay5,2024-11-01,4698.4,7499.5,12197.9,3,61.482
portfolio_delay5,2024-11-04,4698.4,7639.07,12337.47,3,61.918
portfolio_delay5,2024-11-05,4698.4,7801.96,12500.36,3,62.414
portfolio_delay5,2024-11-06,4698.4,7789.74,12488.14,3,62.377
portfolio_delay5,2024-11-07,4698.4,7917.45,12615.84,3,62.758
portfolio_delay5,2024-11-08,4698.4,7941.3,12639.7,3,62.828
portfolio_delay5,2024-11-11,9787.27,2685.72,12472.99,1,21.532
portfolio_delay5,2024-11-12,9787.27,2623.84,12411.12,1,21.141
portfolio_delay5,2024-11-13,6031.8,6388.17,12419.96,2,51.435
portfolio_delay5,2024-11-14,6031.8,6277.27,12309.06,2,50.997
portfolio_delay5,2024-11-15,1973.33,10183.32,12156.64,4,83.768
portfolio_delay5,2024-11-18,1509.96,10421.26,11931.22,4,87.345
portfolio_delay5,2024-11-19,1509.96,10651.07,12161.03,4,87.584
portfolio_delay5,2024-11-20,1509.96,10686.68,12196.64,4,87.62
portfolio_delay5,2024-11-21,1509.96,10686.88,12196.83,4,87.62
portfolio_delay5,2024-11-22,7690.18,4075.89,11766.07,2,34.641
portfolio_delay5,2024-11-25,11647.19,0.0,11647.19,0,0.0
portfolio_delay5,2024-11-26,4760.77,6837.16,11597.93,3,58.952
portfolio_delay5,2024-11-27,4760.77,7050.76,11811.53,3,59.694
portfolio_delay5,2024-11-28,4760.77,6933.98,11694.75,3,59.291
portfolio_delay5,2024-11-29,4760.77,7014.1,11774.87,3,59.568
portfolio_delay5,2024-12-02,4760.77,7236.78,11997.55,3,60.319
portfolio_delay5,2024-12-03,4760.77,7300.42,12061.19,3,60.528
portfolio_delay5,2024-12-04,4760.77,7141.08,11901.85,3,60.0
portfolio_delay5,2024-12-05,3462.74,8378.52,11841.26,4,70.757
portfolio_delay5,2024-12-06,3462.74,8400.35,11863.09,4,70.811
portfolio_delay5,2024-12-09,3462.74,8381.87,11844.61,4,70.765
portfolio_delay5,2024-12-10,3462.74,8364.11,11826.85,4,70.721
portfolio_delay5,2024-12-11,5187.13,6684.73,11871.86,3,56.307
portfolio_delay5,2024-12-12,5187.13,6737.02,11924.14,3,56.499
portfolio_delay5,2024-12-13,5187.13,6613.5,11800.63,3,56.044
portfolio_delay5,2024-12-16,5187.13,6532.58,11719.71,3,55.74
portfolio_delay5,2024-12-17,5187.13,6469.66,11656.79,3,55.501
portfolio_delay5,2024-12-18,5187.13,6538.73,11725.85,3,55.763
portfolio_delay5,2024-12-19,6516.32,5266.43,11782.76,2,44.696
portfolio_delay5,2024-12-20,6516.32,5312.72,11829.05,2,44.913
portfolio_delay5,2024-12-23,6516.32,5249.44,11765.76,2,44.616
portfolio_delay5,2024-12-24,3619.61,8246.07,11865.68,3,69.495
portfolio_delay5,2024-12-25,8823.21,2934.66,11757.88,1,24.959
portfolio_delay5,2024-12-26,8823.21,3081.25,11904.46,1,25.883
portfolio_delay5,2024-12-27,8823.21,3071.27,11894.49,1,25.821
portfolio_delay5,2024-12-30,8823.21,3158.03,11981.24,1,26.358
portfolio_delay5,2024-12-31,11797.71,0.0,11797.71,0,0.0
portfolio_delay5,2025-01-02,3969.21,7554.95,11524.15,3,65.558
portfolio_delay5,2025-01-03,11302.1,0.0,11302.1,0,0.0
portfolio_delay5,2025-01-06,11302.1,0.0,11302.1,0,0.0
portfolio_delay5,2025-01-07,9053.86,2260.77,11314.63,1,19.981
portfolio_delay5,2025-01-08,9053.86,2221.18,11275.04,1,19.7
portfolio_delay5,2025-01-09,9053.86,2221.18,11275.04,1,19.7
portfolio_delay5,2025-01-10,9053.86,2185.35,11239.21,1,19.444
portfolio_delay5,2025-01-13,9053.86,2152.36,11206.21,1,19.207
portfolio_delay5,2025-01-14,9053.86,2244.75,11298.61,1,19.867
portfolio_delay5,2025-01-15,9053.86,2187.24,11241.1,1,19.458
portfolio_delay5,2025-01-16,9053.86,2167.44,11221.3,1,19.315
portfolio_delay5,2025-01-17,9053.86,2257.95,11311.8,1,19.961
portfolio_delay5,2025-01-20,9053.86,2323.94,11377.8,1,20.425
portfolio_delay5,2025-01-21,9053.86,2341.85,11395.71,1,20.55
portfolio_delay5,2025-01-22,9053.86,2361.65,11415.51,1,20.688
portfolio_delay5,2025-01-23,9053.86,2319.23,11373.08,1,20.392
portfolio_delay5,2025-01-24,6440.07,5065.3,11505.37,2,44.026
portfolio_delay5,2025-01-27,6440.07,4845.6,11285.68,2,42.936
portfolio_delay5,2025-02-05,6440.07,4924.38,11364.46,2,43.331
portfolio_delay5,2025-02-06,6440.07,5100.37,11540.44,2,44.196
portfolio_delay5,2025-02-07,6440.07,5339.48,11779.56,2,45.328
portfolio_delay5,2025-02-10,6440.07,5304.06,11744.14,2,45.163
portfolio_delay5,2025-02-11,6440.07,5320.09,11760.16,2,45.238
portfolio_delay5,2025-02-12,6440.07,5394.49,11834.56,2,45.582
portfolio_delay5,2025-02-13,8864.4,2842.89,11707.29,1,24.283
portfolio_delay5,2025-02-14,8864.4,3022.94,11887.34,1,25.43
portfolio_delay5,2025-02-17,8864.4,3082.62,11947.02,1,25.802
portfolio_delay5,2025-02-18,8047.52,3854.77,11902.29,1,32.387
portfolio_delay5,2025-02-19,8047.52,3886.3,11933.82,1,32.565
portfolio_delay5,2025-02-20,8047.52,3969.07,12016.59,1,33.03
portfolio_delay5,2025-02-21,8047.52,3835.06,11882.58,1,32.275
portfolio_delay5,2025-02-24,8047.52,3874.47,11922.0,1,32.499
portfolio_delay5,2025-02-25,8047.52,3827.18,11874.7,1,32.23
portfolio_delay5,2025-02-26,8047.52,3779.88,11827.4,1,31.959
portfolio_delay5,2025-02-27,8047.52,3699.08,11746.6,1,31.491
portfolio_delay5,2025-02-28,4552.71,6910.84,11463.54,3,60.285
portfolio_delay5,2025-03-03,4552.71,6890.3,11443.01,3,60.214
portfolio_delay5,2025-03-04,4552.71,6978.59,11531.29,3,60.519
portfolio_delay5,2025-03-05,3319.62,8304.99,11624.61,4,71.443
portfolio_delay5,2025-03-06,3319.62,8521.27,11840.89,4,71.965
portfolio_delay5,2025-03-07,3319.62,8424.34,11743.96,4,71.733
portfolio_delay5,2025-03-10,3319.62,8305.64,11625.26,4,71.445
portfolio_delay5,2025-03-11,3319.62,8256.73,11576.35,4,71.324
portfolio_delay5,2025-03-12,3319.62,8396.32,11715.94,4,71.666
portfolio_delay5,2025-03-13,6136.36,5323.81,11460.17,3,46.455
portfolio_delay5,2025-03-14,6136.36,5440.32,11576.67,3,46.994
portfolio_delay5,2025-03-17,6136.36,5396.97,11533.32,3,46.795
portfolio_delay5,2025-03-18,6136.36,5474.49,11610.84,3,47.15
portfolio_delay5,2025-03-19,6136.36,5363.61,11499.96,3,46.64
portfolio_delay5,2025-03-20,3259.7,8204.83,11464.54,4,71.567
portfolio_delay5,2025-03-21,3259.7,7989.38,11249.08,4,71.022
portfolio_delay5,2025-03-24,7479.31,3761.02,11240.33,2,33.46
portfolio_delay5,2025-03-25,7479.31,3742.45,11221.76,2,33.35
portfolio_delay5,2025-03-26,7479.31,3699.0,11178.31,2,33.091
portfolio_delay5,2025-03-27,8787.15,2333.37,11120.51,1,20.983
portfolio_delay5,2025-03-28,8787.15,2310.74,11097.89,1,20.821
portfolio_delay5,2025-03-31,11066.69,0.0,11066.69,0,0.0
portfolio_delay5,2025-04-01,8555.2,2513.63,11068.83,1,22.709
portfolio_delay5,2025-04-02,8555.2,2503.96,11059.16,1,22.642
portfolio_delay5,2025-04-03,8555.2,2461.42,11016.62,1,22.343
portfolio_delay5,2025-04-07,10766.58,0.0,10766.58,0,0.0
portfolio_delay5,2025-04-08,10766.58,0.0,10766.58,0,0.0
portfolio_delay5,2025-04-09,8702.05,2179.64,10881.69,1,20.03
portfolio_delay5,2025-04-10,8702.05,2352.08,11054.13,1,21.278
portfolio_delay5,2025-04-11,8702.05,2532.4,11234.45,1,22.541
portfolio_delay5,2025-04-14,8702.05,2718.64,11420.68,1,23.804
portfolio_delay5,2025-04-15,8702.05,2730.46,11432.51,1,23.883
portfolio_delay5,2025-04-16,8702.05,2951.18,11653.23,1,25.325
portfolio_delay5,2025-04-17,11655.58,0.0,11655.58,0,0.0
portfolio_delay5,2025-04-18,11655.58,0.0,11655.58,0,0.0
portfolio_delay5,2025-04-21,11655.58,0.0,11655.58,0,0.0
portfolio_delay5,2025-04-22,11655.58,0.0,11655.58,0,0.0
portfolio_delay5,2025-04-23,11655.58,0.0,11655.58,0,0.0
portfolio_delay5,2025-04-24,8866.07,2724.55,11590.61,1,23.507
portfolio_delay5,2025-04-25,8866.07,2670.35,11536.42,1,23.147
portfolio_delay5,2025-04-28,11452.61,0.0,11452.61,0,0.0
portfolio_delay5,2025-04-29,11452.61,0.0,11452.61,0,0.0
portfolio_delay5,2025-04-30,11452.61,0.0,11452.61,0,0.0
portfolio_delay5,2025-05-06,11452.61,0.0,11452.61,0,0.0
portfolio_delay5,2025-05-07,11452.61,0.0,11452.61,0,0.0
portfolio_delay5,2025-05-08,8746.95,2627.0,11373.94,1,23.097
portfolio_delay5,2025-05-09,8746.95,2647.69,11394.63,1,23.236
portfolio_delay5,2025-05-12,11281.11,0.0,11281.11,0,0.0
portfolio_delay5,2025-05-13,11281.11,0.0,11281.11,0,0.0
portfolio_delay5,2025-05-14,8683.94,2594.48,11278.42,1,23.004
portfolio_delay5,2025-05-15,8683.94,2569.84,11253.78,1,22.835
portfolio_delay5,2025-05-16,8683.94,2565.9,11249.84,1,22.808
portfolio_delay5,2025-05-19,8683.94,2564.92,11248.86,1,22.802
portfolio_delay5,2025-05-20,8683.94,2595.46,11279.4,1,23.011
portfolio_delay5,2025-05-21,8683.94,2741.3,11425.24,1,23.993
portfolio_delay5,2025-05-22,8683.94,2708.78,11392.72,1,23.776
portfolio_delay5,2025-05-23,11345.26,0.0,11345.26,0,0.0
portfolio_delay5,2025-05-26,11345.26,0.0,11345.26,0,0.0
portfolio_delay5,2025-05-27,11345.26,0.0,11345.26,0,0.0
portfolio_delay5,2025-05-28,11345.26,0.0,11345.26,0,0.0
portfolio_delay5,2025-05-29,11345.26,0.0,11345.26,0,0.0
portfolio_delay5,2025-05-30,11345.26,0.0,11345.26,0,0.0
portfolio_delay5,2025-06-03,11345.26,0.0,11345.26,0,0.0
portfolio_delay5,2025-06-04,11345.26,0.0,11345.26,0,0.0
portfolio_delay5,2025-06-05,11345.26,0.0,11345.26,0,0.0
portfolio_delay5,2025-06-06,11345.26,0.0,11345.26,0,0.0
portfolio_delay5,2025-06-09,11345.26,0.0,11345.26,0,0.0
portfolio_delay5,2025-06-10,11345.26,0.0,11345.26,0,0.0
portfolio_delay5,2025-06-11,11345.26,0.0,11345.26,0,0.0
portfolio_delay5,2025-06-12,11345.26,0.0,11345.26,0,0.0
portfolio_delay5,2025-06-13,11345.26,0.0,11345.26,0,0.0
portfolio_delay5,2025-06-16,11345.26,0.0,11345.26,0,0.0
portfolio_delay5,2025-06-17,11345.26,0.0,11345.26,0,0.0
portfolio_delay5,2025-06-18,11345.26,0.0,11345.26,0,0.0
portfolio_delay5,2025-06-19,11345.26,0.0,11345.26,0,0.0
portfolio_delay5,2025-06-20,8673.13,2660.5,11333.63,1,23.474
portfolio_delay5,2025-06-23,8673.13,2641.78,11314.91,1,23.348
portfolio_delay5,2025-06-24,8673.13,2522.55,11195.68,1,22.531
portfolio_delay5,2025-06-25,11176.34,0.0,11176.34,0,0.0
portfolio_delay5,2025-06-26,11176.34,0.0,11176.34,0,0.0
portfolio_delay5,2025-06-27,11176.34,0.0,11176.34,0,0.0
portfolio_delay5,2025-06-30,11176.34,0.0,11176.34,0,0.0
portfolio_delay5,2025-07-01,11176.34,0.0,11176.34,0,0.0
portfolio_delay5,2025-07-02,11176.34,0.0,11176.34,0,0.0
portfolio_delay5,2025-07-03,11176.34,0.0,11176.34,0,0.0
portfolio_delay5,2025-07-04,11176.34,0.0,11176.34,0,0.0
portfolio_delay5,2025-07-07,5886.86,5260.41,11147.28,2,47.19
portfolio_delay5,2025-07-08,5886.86,5330.61,11217.48,2,47.521
portfolio_delay5,2025-07-09,5886.86,5287.47,11174.34,2,47.318
portfolio_delay5,2025-07-10,5886.86,5299.42,11186.28,2,47.374
portfolio_delay5,2025-07-11,5886.86,5325.32,11212.18,2,47.496
portfolio_delay5,2025-07-14,5886.86,5340.94,11227.81,2,47.569
portfolio_delay5,2025-07-15,5886.86,5286.09,11172.96,2,47.311
portfolio_delay5,2025-07-16,5886.86,5250.71,11137.57,2,47.144
portfolio_delay5,2025-07-17,5886.86,5305.26,11192.12,2,47.402
portfolio_delay5,2025-07-18,5886.86,5297.91,11184.77,2,47.367
portfolio_delay5,2025-07-21,5886.86,5470.64,11357.51,2,48.168
portfolio_delay5,2025-07-22,5886.86,5563.29,11450.15,2,48.587
portfolio_delay5,2025-07-23,5886.86,5465.1,11351.97,2,48.142
portfolio_delay5,2025-07-24,5886.86,5563.58,11450.45,2,48.588
portfolio_delay5,2025-07-25,5886.86,5488.42,11375.28,2,48.249
portfolio_delay5,2025-07-28,5886.86,5492.44,11379.3,2,48.267
portfolio_delay5,2025-07-29,5886.86,5462.79,11349.66,2,48.132
portfolio_delay5,2025-07-30,5886.86,5435.17,11322.03,2,48.005
portfolio_delay5,2025-07-31,8482.82,2753.19,11236.01,1,24.503
portfolio_delay5,2025-08-01,4878.37,6373.67,11252.04,2,56.645
portfolio_delay5,2025-08-04,4878.37,6385.14,11263.52,2,56.689
portfolio_delay5,2025-08-05,4878.37,6501.53,11379.9,2,57.132
portfolio_delay5,2025-08-06,4878.37,6497.91,11376.29,2,57.118
portfolio_delay5,2025-08-07,4878.37,6498.28,11376.65,2,57.119
portfolio_delay5,2025-08-08,4878.37,6604.72,11483.09,2,57.517
portfolio_delay5,2025-08-11,4878.37,6639.33,11517.7,2,57.645
portfolio_delay5,2025-08-12,4878.37,6660.38,11538.75,2,57.722
portfolio_delay5,2025-08-13,4878.37,6726.7,11605.08,2,57.963
portfolio_delay5,2025-08-14,4878.37,6660.74,11539.11,2,57.723
portfolio_delay5,2025-08-15,4878.37,6889.17,11767.54,2,58.544
portfolio_delay5,2025-08-18,4878.37,6815.79,11694.17,2,58.284
portfolio_delay5,2025-08-19,4878.37,6803.14,11681.52,2,58.239
portfolio_delay5,2025-08-20,4878.37,6838.02,11716.4,2,58.363
portfolio_delay5,2025-08-21,4878.37,6788.33,11666.7,2,58.185
portfolio_delay5,2025-08-22,4878.37,6836.4,11714.77,2,58.357
portfolio_delay5,2025-08-25,4878.37,7056.87,11935.25,2,59.126
portfolio_delay5,2025-08-26,4878.37,7155.73,12034.1,2,59.462
portfolio_delay5,2025-08-27,4878.37,6984.22,11862.6,2,58.876
portfolio_delay5,2025-08-28,4878.37,7095.18,11973.56,2,59.257
portfolio_delay5,2025-08-29,8587.76,3228.29,11816.05,1,27.321
portfolio_delay5,2025-09-01,8587.76,3208.41,11796.17,1,27.199
portfolio_delay5,2025-09-02,5571.99,6121.77,11693.76,2,52.351
portfolio_delay5,2025-09-03,8640.34,2980.8,11621.14,1,25.65
portfolio_delay5,2025-09-04,9110.49,2251.18,11361.68,1,19.814
portfolio_delay5,2025-09-05,8283.87,3217.4,11501.27,1,27.974
portfolio_delay5,2025-09-08,6336.65,5259.51,11596.16,2,45.356
portfolio_delay5,2025-09-09,4564.76,6813.87,11378.63,3,59.883
portfolio_delay5,2025-09-10,4564.76,6894.8,11459.56,3,60.166
portfolio_delay5,2025-09-11,4564.76,7317.4,11882.16,3,61.583
portfolio_delay5,2025-09-12,4564.76,7378.31,11943.07,3,61.779
portfolio_delay5,2025-09-15,6562.74,5272.39,11835.12,2,44.549
portfolio_delay5,2025-09-16,6562.74,5355.6,11918.33,2,44.936
portfolio_delay5,2025-09-17,3527.99,8363.24,11891.23,3,70.331
portfolio_delay5,2025-09-18,3527.99,8509.92,12037.91,3,70.693
portfolio_delay5,2025-09-19,787.34,11165.79,11953.12,4,93.413
portfolio_delay5,2025-09-22,787.34,11411.9,12199.24,4,93.546
portfolio_delay5,2025-09-23,4556.8,7368.43,11925.23,3,61.789
portfolio_delay5,2025-09-24,4556.8,7528.78,12085.58,3,62.296
portfolio_delay5,2025-09-25,4556.8,7505.71,12062.51,3,62.223
portfolio_delay5,2025-09-26,4556.8,7481.62,12038.42,3,62.148
portfolio_delay5,2025-09-29,4556.8,7581.55,12138.36,3,62.459
portfolio_delay5,2025-09-30,4556.8,7794.37,12351.17,3,63.106
portfolio_delay5,2025-10-09,4556.8,8326.67,12883.47,3,64.631
portfolio_delay5,2025-10-10,10664.55,1931.95,12596.51,1,15.337
portfolio_delay5,2025-10-13,10346.85,2209.6,12556.45,1,17.597
portfolio_delay5,2025-10-14,10346.85,2077.92,12424.77,1,16.724
portfolio_delay5,2025-10-15,3951.31,8658.17,12609.48,4,68.664
portfolio_delay5,2025-10-16,3951.31,8531.89,12483.2,4,68.347
portfolio_delay5,2025-10-17,4605.97,7447.67,12053.64,3,61.788
portfolio_delay5,2025-10-20,4605.97,7745.82,12351.79,3,62.71
portfolio_delay5,2025-10-21,4605.97,7850.3,12456.27,3,63.023
portfolio_delay5,2025-10-22,3700.67,8544.34,12245.01,3,69.778
portfolio_delay5,2025-10-23,1993.4,10197.71,12191.11,3,83.649
portfolio_delay5,2025-10-24,1993.4,10543.95,12537.35,3,84.1
portfolio_delay5,2025-10-27,1993.4,10800.58,12793.98,3,84.419
portfolio_delay5,2025-10-28,1993.4,10624.66,12618.07,3,84.202
portfolio_delay5,2025-10-29,1993.4,10760.13,12753.54,3,84.37
portfolio_delay5,2025-10-30,1993.4,10647.71,12641.11,3,84.231
portfolio_delay5,2025-10-31,4474.41,7853.01,12327.42,3,63.704
portfolio_delay5,2025-11-03,1111.3,11216.72,12328.02,4,90.986
portfolio_delay5,2025-11-04,1111.3,10849.75,11961.05,4,90.709
portfolio_delay5,2025-11-05,5209.01,6734.69,11943.7,3,56.387
portfolio_delay5,2025-11-06,5209.01,6902.23,12111.24,3,56.99
portfolio_delay5,2025-11-07,5209.01,6848.63,12057.64,3,56.799
portfolio_delay5,2025-11-10,5209.01,6921.62,12130.63,3,57.059
portfolio_delay5,2025-11-11,3490.73,8520.94,12011.67,4,70.939
portfolio_delay5,2025-11-12,5536.63,6387.29,11923.92,3,53.567
portfolio_delay5,2025-11-13,5536.63,6563.52,12100.15,3,54.243
portfolio_delay5,2025-11-14,5536.63,6426.79,11963.42,3,53.72
portfolio_delay5,2025-11-17,4689.58,7089.77,11779.35,3,60.188
portfolio_delay5,2025-11-18,4460.55,7266.89,11727.44,3,61.965
portfolio_delay5,2025-11-19,4460.55,7247.51,11708.06,3,61.902
portfolio_delay5,2025-11-20,4460.55,7165.97,11626.53,3,61.635
portfolio_delay5,2025-11-21,9594.77,1752.27,11347.05,1,15.443
portfolio_delay5,2025-11-24,11315.17,0.0,11315.17,0,0.0
portfolio_delay5,2025-11-25,11315.17,0.0,11315.17,0,0.0
portfolio_delay5,2025-11-26,7816.85,3482.41,11299.26,1,30.82
portfolio_delay5,2025-11-27,7816.85,3489.79,11306.64,1,30.865
portfolio_delay5,2025-11-28,7816.85,3482.41,11299.26,1,30.82
portfolio_delay5,2025-12-01,7816.85,3548.81,11365.66,1,31.224
portfolio_delay5,2025-12-02,7816.85,3504.55,11321.4,1,30.955
portfolio_delay5,2025-12-03,7816.85,3644.73,11461.58,1,31.8
portfolio_delay5,2025-12-04,7816.85,3622.59,11439.44,1,31.668
portfolio_delay5,2025-12-05,7816.85,3932.47,11749.32,1,33.47
portfolio_delay5,2025-12-08,7816.85,3851.31,11668.16,1,33.007
portfolio_delay5,2025-12-09,11494.28,0.0,11494.28,0,0.0
portfolio_delay5,2025-12-10,11494.28,0.0,11494.28,0,0.0
portfolio_delay5,2025-12-11,7826.1,3644.73,11470.83,1,31.774
portfolio_delay5,2025-12-12,7826.1,3691.46,11517.56,1,32.051
portfolio_delay5,2025-12-15,7826.1,3605.79,11431.89,1,31.541
portfolio_delay5,2025-12-16,7826.1,3582.42,11408.53,1,31.401
portfolio_delay5,2025-12-17,7826.1,3644.73,11470.83,1,31.774
portfolio_delay5,2025-12-18,7826.1,3629.15,11455.26,1,31.681
portfolio_delay5,2025-12-19,7826.1,3730.39,11556.5,1,32.28
portfolio_delay5,2025-12-22,7826.1,3753.76,11579.86,1,32.416
portfolio_delay5,2025-12-23,7826.1,3909.52,11735.62,1,33.313
portfolio_delay5,2025-12-24,7826.1,3932.88,11758.98,1,33.446
portfolio_delay5,2025-12-25,7826.1,3901.73,11727.83,1,33.269
portfolio_delay5,2025-12-26,7826.1,4135.36,11961.47,1,34.572
portfolio_delay5,2025-12-29,4189.59,7671.1,11860.68,2,64.677
portfolio_delay5,2025-12-30,4189.59,7729.42,11919.01,2,64.85
portfolio_delay5,2025-12-31,4189.59,7791.89,11981.48,2,65.033
portfolio_delay5,2026-01-05,4189.59,7921.13,12110.71,2,65.406
portfolio_delay5,2026-01-06,4189.59,8045.57,12235.15,2,65.758
portfolio_delay5,2026-01-07,4189.59,8184.09,12373.68,2,66.141
portfolio_delay5,2026-01-08,4189.59,8092.13,12281.72,2,65.888
portfolio_delay5,2026-01-09,4189.59,8229.48,12419.07,2,66.265
portfolio_delay5,2026-01-12,4189.59,8185.23,12374.82,2,66.144
portfolio_delay5,2026-01-13,4189.59,8075.57,12265.16,2,65.842
portfolio_delay5,2026-01-14,4189.59,8192.72,12382.31,2,66.165
portfolio_delay5,2026-01-15,1720.11,10689.25,12409.36,3,86.139
portfolio_delay5,2026-01-16,1720.11,10881.84,12601.96,3,86.35
portfolio_delay5,2026-01-19,1720.11,11309.8,13029.91,3,86.799
portfolio_delay5,2026-01-20,1720.11,11727.93,13448.04,3,87.209
portfolio_delay5,2026-01-21,1720.11,11692.37,13412.48,3,87.175
portfolio_delay5,2026-01-22,4417.03,8807.42,13224.45,2,66.6
portfolio_delay5,2026-01-23,4417.03,9214.17,13631.2,2,67.596
portfolio_delay5,2026-01-26,4417.03,9880.88,14297.91,2,69.107
portfolio_delay5,2026-01-27,4417.03,9762.89,14179.92,2,68.85
portfolio_delay5,2026-01-28,4417.03,10456.97,14874.0,2,70.304
portfolio_delay5,2026-01-29,10254.17,4412.22,14666.39,1,30.084
portfolio_delay5,2026-01-30,5961.06,8668.5,14629.56,2,59.253
portfolio_delay5,2026-02-02,4281.45,9705.32,13986.78,3,69.389
portfolio_delay5,2026-02-03,2326.54,11911.14,14237.68,4,83.659
portfolio_delay5,2026-02-04,2326.54,11780.06,14106.6,4,83.507
portfolio_delay5,2026-02-05,9441.77,4196.91,13638.67,2,30.772
portfolio_delay5,2026-02-06,13431.45,0.0,13431.45,0,0.0
portfolio_delay5,2026-02-09,13431.45,0.0,13431.45,0,0.0
portfolio_delay5,2026-02-10,10270.88,3094.52,13365.41,1,23.153
portfolio_delay5,2026-02-11,5779.44,7508.27,13287.71,3,56.505
portfolio_delay5,2026-02-12,5779.44,7773.64,13553.09,3,57.357
portfolio_delay5,2026-02-13,5779.44,7636.16,13415.6,3,56.92
portfolio_delay5,2026-02-24,5779.44,7772.7,13552.14,3,57.354
portfolio_delay5,2026-02-25,5779.44,7885.06,13664.5,3,57.705
portfolio_delay5,2026-02-26,5779.44,7989.37,13768.81,3,58.025
portfolio_delay5,2026-02-27,5779.44,8112.88,13892.33,3,58.398
portfolio_delay5,2026-03-02,5779.44,8061.22,13840.66,3,58.243
portfolio_delay5,2026-03-03,13486.77,0.0,13486.77,0,0.0
portfolio_delay5,2026-03-04,13486.77,0.0,13486.77,0,0.0
portfolio_delay5,2026-03-05,13486.77,0.0,13486.77,0,0.0
portfolio_delay5,2026-03-06,6398.5,7067.02,13465.53,2,52.482
portfolio_delay5,2026-03-09,8964.62,4351.48,13316.1,1,32.678
portfolio_delay5,2026-03-10,8964.62,4281.39,13246.0,1,32.322
portfolio_delay5,2026-03-11,8964.62,4293.07,13257.69,1,32.382
portfolio_delay5,2026-03-12,8964.62,4462.46,13427.07,1,33.235
portfolio_delay5,2026-03-13,6684.96,6519.89,13204.84,2,49.375
portfolio_delay5,2026-03-16,10360.0,2532.99,12892.99,1,19.646
portfolio_delay5,2026-03-17,7672.65,5035.36,12708.01,2,39.624
portfolio_delay5,2026-03-18,3716.04,9315.41,13031.45,3,71.484
portfolio_delay5,2026-03-19,3716.04,9292.72,13008.76,3,71.434
portfolio_delay5,2026-03-20,6318.1,6602.18,12920.28,2,51.099
portfolio_delay5,2026-03-23,12387.18,0.0,12387.18,0,0.0
portfolio_delay5,2026-03-24,12387.18,0.0,12387.18,0,0.0
portfolio_delay5,2026-03-25,12387.18,0.0,12387.18,0,0.0
portfolio_delay5,2026-03-26,12387.18,0.0,12387.18,0,0.0
portfolio_delay5,2026-03-27,9789.38,2688.59,12477.96,1,21.547
portfolio_delay5,2026-03-30,9789.38,2881.41,12670.78,1,22.741
portfolio_delay5,2026-03-31,9789.38,2990.74,12780.12,1,23.402
portfolio_delay5,2026-04-01,12654.04,0.0,12654.04,0,0.0
portfolio_delay5,2026-04-02,12654.04,0.0,12654.04,0,0.0
portfolio_delay5,2026-04-03,12654.04,0.0,12654.04,0,0.0
portfolio_delay5,2026-04-07,12654.04,0.0,12654.04,0,0.0
portfolio_delay5,2026-04-08,12654.04,0.0,12654.04,0,0.0
portfolio_delay5,2026-04-09,12654.04,0.0,12654.04,0,0.0
portfolio_delay5,2026-04-10,12654.04,0.0,12654.04,0,0.0
portfolio_delay5,2026-04-13,12654.04,0.0,12654.04,0,0.0
portfolio_delay5,2026-04-14,12654.04,0.0,12654.04,0,0.0
portfolio_delay5,2026-04-15,12654.04,0.0,12654.04,0,0.0
portfolio_delay5,2026-04-16,12654.04,0.0,12654.04,0,0.0
portfolio_delay5,2026-04-17,12654.04,0.0,12654.04,0,0.0
portfolio_delay5,2026-04-20,12654.04,0.0,12654.04,0,0.0
portfolio_delay5,2026-04-21,12654.04,0.0,12654.04,0,0.0
portfolio_delay5,2026-04-22,12654.04,0.0,12654.04,0,0.0
portfolio_delay5,2026-04-23,12654.04,0.0,12654.04,0,0.0
portfolio_delay5,2026-04-24,12654.04,0.0,12654.04,0,0.0
portfolio_delay5,2026-04-27,12654.04,0.0,12654.04,0,0.0
portfolio_delay5,2026-04-28,12654.04,0.0,12654.04,0,0.0
portfolio_delay5,2026-04-29,12654.04,0.0,12654.04,0,0.0
portfolio_delay5,2026-04-30,12654.04,0.0,12654.04,0,0.0
portfolio_delay5,2026-05-06,12654.04,0.0,12654.04,0,0.0
portfolio_delay5,2026-05-07,12654.04,0.0,12654.04,0,0.0
portfolio_delay5,2026-05-08,12654.04,0.0,12654.04,0,0.0
portfolio_delay5,2026-05-11,12654.04,0.0,12654.04,0,0.0
portfolio_delay5,2026-05-12,12654.04,0.0,12654.04,0,0.0
portfolio_delay5,2026-05-13,12654.04,0.0,12654.04,0,0.0
portfolio_delay5,2026-05-14,12654.04,0.0,12654.04,0,0.0
portfolio_delay5,2026-05-15,12654.04,0.0,12654.04,0,0.0
portfolio_delay5,2026-05-18,12654.04,0.0,12654.04,0,0.0
portfolio_delay5,2026-05-19,12654.04,0.0,12654.04,0,0.0
portfolio_delay5,2026-05-20,12654.04,0.0,12654.04,0,0.0
portfolio_delay5,2026-05-21,12654.04,0.0,12654.04,0,0.0
portfolio_delay5,2026-05-22,9694.06,2978.93,12672.99,1,23.506
portfolio_delay5,2026-05-25,9694.06,3096.65,12790.71,1,24.21
portfolio_delay5,2026-05-26,5720.84,6834.6,12555.44,2,54.435
portfolio_delay5,2026-05-27,4496.96,7670.56,12167.51,2,63.041
portfolio_delay5,2026-05-28,11967.65,0.0,11967.65,0,0.0
portfolio_delay5,2026-05-29,11967.65,0.0,11967.65,0,0.0
portfolio_delay5,2026-06-01,4966.37,6888.35,11854.72,2,58.106
portfolio_delay5,2026-06-02,4966.37,6980.1,11946.47,2,58.428
portfolio_delay5,2026-06-03,4966.37,6971.73,11938.11,2,58.399
portfolio_delay5,2026-06-04,4966.37,6978.54,11944.91,2,58.423
portfolio_delay5,2026-06-05,8357.24,3386.82,11744.06,1,28.839
portfolio_delay5,2026-06-08,11527.44,0.0,11527.44,0,0.0
portfolio_delay5,2026-06-09,11527.44,0.0,11527.44,0,0.0
portfolio_delay5,2026-06-10,8149.18,3344.92,11494.1,1,29.101
portfolio_delay5,2026-06-11,8149.18,3310.0,11459.18,1,28.885
portfolio_delay5,2026-06-12,8149.18,3207.25,11356.43,1,28.242
portfolio_delay5,2026-06-15,8149.18,3528.48,11677.65,1,30.216
portfolio_delay5,2026-06-16,8149.18,3818.77,11967.95,1,31.908
portfolio_delay5,2026-06-17,8149.18,4073.16,12222.34,1,33.326
portfolio_delay5,2026-06-18,4425.42,8275.92,12701.34,2,65.158
portfolio_delay5,2026-06-22,4425.42,8982.2,13407.63,2,66.993
portfolio_delay5,2026-06-23,4425.42,8980.66,13406.09,2,66.989
portfolio_delay5,2026-06-24,8611.09,4988.95,13600.04,1,36.683
portfolio_delay5,2026-06-25,8611.09,4973.98,13585.07,1,36.614
portfolio_delay5,2026-06-26,13561.6,0.0,13561.6,0,0.0
portfolio_delay5,2026-06-29,13561.6,0.0,13561.6,0,0.0
portfolio_delay5,2026-06-30,13561.6,0.0,13561.6,0,0.0
portfolio_delay5,2026-07-01,13561.6,0.0,13561.6,0,0.0
portfolio_delay5,2026-07-02,13561.6,0.0,13561.6,0,0.0
portfolio_delay5,2026-07-03,13561.6,0.0,13561.6,0,0.0
portfolio_delay5,2026-07-06,13561.6,0.0,13561.6,0,0.0
portfolio_delay5,2026-07-07,13561.6,0.0,13561.6,0,0.0
portfolio_delay5,2026-07-08,13561.6,0.0,13561.6,0,0.0
portfolio_delay5,2026-07-09,13561.6,0.0,13561.6,0,0.0
portfolio_delay5,2026-07-10,13561.6,0.0,13561.6,0,0.0
portfolio_delay5,2026-07-13,13561.6,0.0,13561.6,0,0.0
portfolio_delay5,2026-07-14,9450.36,4169.93,13620.29,1,30.616
portfolio_delay5,2026-07-15,13304.53,0.0,13304.53,0,0.0
portfolio_delay5,2026-07-16,9322.52,3872.0,13194.52,1,29.346
portfolio_delay5,2026-07-17,13054.87,0.0,13054.87,0,0.0
portfolio_delay5,2026-07-20,13054.87,0.0,13054.87,0,0.0
portfolio_delay5,2026-07-21,13054.87,0.0,13054.87,0,0.0
portfolio_delay5,2026-07-22,13054.87,0.0,13054.87,0,0.0
portfolio_delay5,2026-07-23,13054.87,0.0,13054.87,0,0.0
portfolio_delay5,2026-07-24,13054.87,0.0,13054.87,0,0.0
portfolio_delay5,2026-07-27,13054.87,0.0,13054.87,0,0.0
portfolio_delay5,2026-07-28,10120.91,2833.0,12953.91,1,21.87
portfolio_delay5,2026-07-29,12869.75,0.0,12869.75,0,0.0
portfolio_delay5,2026-07-30,9501.35,3360.0,12861.35,1,26.125
portfolio_delay5,2026-07-31,9501.35,3489.0,12990.35,1,26.858
portfolio_delay5,2026-08-03,9501.35,3310.0,12811.35,1,25.836
portfolio_delay5,2026-08-04,9501.35,3432.0,12933.35,1,26.536
portfolio_delay5,2026-08-05,12950.13,0.0,12950.13,0,0.0
portfolio_delay5,2026-08-06,12950.13,0.0,12950.13,0,0.0
portfolio_delay5,2026-08-07,6353.49,6760.0,13113.49,2,51.55
portfolio_delay5,2026-08-10,6353.49,6766.0,13119.49,2,51.572
portfolio_delay5,2026-08-11,6353.49,6734.0,13087.49,2,51.454
portfolio_delay5,2026-08-12,9285.05,3700.0,12985.05,1,28.494
portfolio_delay5,2026-08-13,9285.05,3960.0,13245.05,1,29.898
portfolio_delay5,2026-08-14,5398.13,7973.0,13371.13,2,59.628
portfolio_delay5,2026-08-17,5398.13,8181.0,13579.13,2,60.247
portfolio_delay5,2026-08-18,9259.29,4221.0,13480.29,1,31.312
portfolio_delay5,2026-08-19,6177.18,7220.0,13397.18,2,53.892
portfolio_delay5,2026-08-20,2630.61,11191.0,13821.61,3,80.967
portfolio_delay5,2026-08-21,2630.61,11904.0,14534.61,3,81.901
portfolio_delay5,2026-08-24,10615.52,3449.0,14064.52,1,24.523
portfolio_delay5,2026-08-25,10615.52,3510.0,14125.52,1,24.849
portfolio_delay5,2026-08-26,10615.52,3490.0,14105.52,1,24.742
portfolio_delay5,2026-08-27,10615.52,3643.0,14258.52,1,25.55
portfolio_delay5,2026-08-28,10615.52,3589.0,14204.52,1,25.267
portfolio_delay5,2026-08-31,10615.52,3895.0,14510.52,1,26.843
portfolio_delay5,2026-09-01,10615.52,3832.0,14447.52,1,26.524
portfolio_delay5,2026-09-02,10615.52,3799.0,14414.52,1,26.355
portfolio_delay5,2026-09-03,10615.52,3813.0,14428.52,1,26.427
portfolio_delay5,2026-09-04,14281.97,0.0,14281.97,0,0.0
portfolio_delay5,2026-09-07,9766.42,4448.0,14214.42,1,31.292
portfolio_delay5,2026-09-08,9766.42,4420.0,14186.42,1,31.157
portfolio_delay5,2026-09-09,9766.42,4388.0,14154.42,1,31.001
portfolio_delay5,2026-09-10,9766.42,4430.0,14196.42,1,31.205
portfolio_delay5,2026-09-11,10511.5,3459.0,13970.5,1,24.759
portfolio_delay5,2026-09-14,7113.07,6848.0,13961.07,2,49.051
portfolio_delay15,2023-09-14,13822.47,0.0,13822.47,0,0.0
portfolio_delay15,2023-09-15,13822.47,0.0,13822.47,0,0.0
portfolio_delay15,2023-09-18,13822.47,0.0,13822.47,0,0.0
portfolio_delay15,2023-09-19,13822.47,0.0,13822.47,0,0.0
portfolio_delay15,2023-09-20,13822.47,0.0,13822.47,0,0.0
portfolio_delay15,2023-09-21,13822.47,0.0,13822.47,0,0.0
portfolio_delay15,2023-09-22,13822.47,0.0,13822.47,0,0.0
portfolio_delay15,2023-09-25,13822.47,0.0,13822.47,0,0.0
portfolio_delay15,2023-09-26,4961.75,8830.45,13792.2,2,64.025
portfolio_delay15,2023-09-27,4961.75,8780.34,13742.09,2,63.894
portfolio_delay15,2023-09-28,4961.75,8738.24,13699.99,2,63.783
portfolio_delay15,2023-10-09,9072.53,4407.1,13479.63,1,32.695
portfolio_delay15,2023-10-10,9072.53,4373.09,13445.62,1,32.524
portfolio_delay15,2023-10-11,9072.53,4350.41,13422.94,1,32.41
portfolio_delay15,2023-10-12,9072.53,4433.56,13506.09,1,32.826
portfolio_delay15,2023-10-13,9072.53,4305.05,13377.58,1,32.181
portfolio_delay15,2023-10-16,9072.53,4308.83,13381.36,1,32.2
portfolio_delay15,2023-10-17,9072.53,4320.17,13392.7,1,32.258
portfolio_delay15,2023-10-18,9072.53,4244.58,13317.11,1,31.873
portfolio_delay15,2023-10-19,13269.18,0.0,13269.18,0,0.0
portfolio_delay15,2023-10-20,13269.18,0.0,13269.18,0,0.0
portfolio_delay15,2023-10-23,13269.18,0.0,13269.18,0,0.0
portfolio_delay15,2023-10-24,13269.18,0.0,13269.18,0,0.0
portfolio_delay15,2023-10-25,13269.18,0.0,13269.18,0,0.0
portfolio_delay15,2023-10-26,13269.18,0.0,13269.18,0,0.0
portfolio_delay15,2023-10-27,13269.18,0.0,13269.18,0,0.0
portfolio_delay15,2023-10-30,13269.18,0.0,13269.18,0,0.0
portfolio_delay15,2023-10-31,13269.18,0.0,13269.18,0,0.0
portfolio_delay15,2023-11-01,13269.18,0.0,13269.18,0,0.0
portfolio_delay15,2023-11-02,13269.18,0.0,13269.18,0,0.0
portfolio_delay15,2023-11-03,13269.18,0.0,13269.18,0,0.0
portfolio_delay15,2023-11-06,13269.18,0.0,13269.18,0,0.0
portfolio_delay15,2023-11-07,13269.18,0.0,13269.18,0,0.0
portfolio_delay15,2023-11-08,13269.18,0.0,13269.18,0,0.0
portfolio_delay15,2023-11-09,13269.18,0.0,13269.18,0,0.0
portfolio_delay15,2023-11-10,10944.47,2295.05,13239.52,1,17.335
portfolio_delay15,2023-11-13,10944.47,2328.52,13273.0,1,17.543
portfolio_delay15,2023-11-14,10944.47,2317.37,13261.84,1,17.474
portfolio_delay15,2023-11-15,10944.47,2310.86,13255.33,1,17.433
portfolio_delay15,2023-11-16,10944.47,2310.86,13255.33,1,17.433
portfolio_delay15,2023-11-17,10944.47,2285.75,13230.22,1,17.277
portfolio_delay15,2023-11-20,10944.47,2298.77,13243.24,1,17.358
portfolio_delay15,2023-11-21,10944.47,2321.09,13265.56,1,17.497
portfolio_delay15,2023-11-22,10944.47,2238.32,13182.79,1,16.979
portfolio_delay15,2023-11-23,10944.47,2320.16,13264.63,1,17.491
portfolio_delay15,2023-11-24,10944.47,2278.31,13222.78,1,17.23
portfolio_delay15,2023-11-27,10944.47,2262.5,13206.97,1,17.131
portfolio_delay15,2023-11-28,10944.47,2293.19,13237.66,1,17.323
portfolio_delay15,2023-11-29,10944.47,2297.84,13242.31,1,17.352
portfolio_delay15,2023-11-30,10944.47,2264.36,13208.83,1,17.143
portfolio_delay15,2023-12-01,10944.47,2276.45,13220.92,1,17.219
portfolio_delay15,2023-12-04,10944.47,2253.2,13197.67,1,17.073
portfolio_delay15,2023-12-05,10944.47,2189.97,13134.44,1,16.673
portfolio_delay15,2023-12-06,10948.09,2207.76,13155.85,1,16.782
portfolio_delay15,2023-12-07,10948.09,2210.75,13158.84,1,16.8
portfolio_delay15,2023-12-08,10948.09,2336.34,13284.43,1,17.587
portfolio_delay15,2023-12-11,10948.09,2330.35,13278.45,1,17.55
portfolio_delay15,2023-12-12,10948.09,2338.33,13286.42,1,17.599
portfolio_delay15,2023-12-13,10948.09,2293.48,13241.57,1,17.32
portfolio_delay15,2023-12-14,10948.09,2265.57,13213.66,1,17.146
portfolio_delay15,2023-12-15,13177.71,0.0,13177.71,0,0.0
portfolio_delay15,2023-12-18,13177.71,0.0,13177.71,0,0.0
portfolio_delay15,2023-12-19,13177.71,0.0,13177.71,0,0.0
portfolio_delay15,2023-12-20,13177.71,0.0,13177.71,0,0.0
portfolio_delay15,2023-12-21,13177.71,0.0,13177.71,0,0.0
portfolio_delay15,2023-12-22,13177.71,0.0,13177.71,0,0.0
portfolio_delay15,2023-12-25,8818.59,4427.47,13246.07,1,33.425
portfolio_delay15,2023-12-26,8818.59,4353.72,13172.31,1,33.052
portfolio_delay15,2023-12-27,8818.59,4580.97,13399.56,1,34.187
portfolio_delay15,2023-12-28,8818.59,4580.97,13399.56,1,34.187
portfolio_delay15,2023-12-29,8818.59,4608.88,13427.47,1,34.324
portfolio_delay15,2024-01-02,8818.59,4584.96,13403.55,1,34.207
portfolio_delay15,2024-01-03,8818.59,4325.81,13144.4,1,32.91
portfolio_delay15,2024-01-04,8818.59,4256.04,13074.63,1,32.552
portfolio_delay15,2024-01-05,8818.59,4196.23,13014.82,1,32.242
portfolio_delay15,2024-01-08,12905.41,0.0,12905.41,0,0.0
portfolio_delay15,2024-01-09,12905.41,0.0,12905.41,0,0.0
portfolio_delay15,2024-01-10,12905.41,0.0,12905.41,0,0.0
portfolio_delay15,2024-01-11,12905.41,0.0,12905.41,0,0.0
portfolio_delay15,2024-01-12,12905.41,0.0,12905.41,0,0.0
portfolio_delay15,2024-01-15,12905.41,0.0,12905.41,0,0.0
portfolio_delay15,2024-01-16,12905.41,0.0,12905.41,0,0.0
portfolio_delay15,2024-01-17,12905.41,0.0,12905.41,0,0.0
portfolio_delay15,2024-01-18,12905.41,0.0,12905.41,0,0.0
portfolio_delay15,2024-01-19,12905.41,0.0,12905.41,0,0.0
portfolio_delay15,2024-01-22,12905.41,0.0,12905.41,0,0.0
portfolio_delay15,2024-01-23,12905.41,0.0,12905.41,0,0.0
portfolio_delay15,2024-01-24,12905.41,0.0,12905.41,0,0.0
portfolio_delay15,2024-01-25,12905.41,0.0,12905.41,0,0.0
portfolio_delay15,2024-01-26,12905.41,0.0,12905.41,0,0.0
portfolio_delay15,2024-01-29,12905.41,0.0,12905.41,0,0.0
portfolio_delay15,2024-01-30,12905.41,0.0,12905.41,0,0.0
portfolio_delay15,2024-01-31,12905.41,0.0,12905.41,0,0.0
portfolio_delay15,2024-02-01,12905.41,0.0,12905.41,0,0.0
portfolio_delay15,2024-02-02,12905.41,0.0,12905.41,0,0.0
portfolio_delay15,2024-02-05,12905.41,0.0,12905.41,0,0.0
portfolio_delay15,2024-02-06,12905.41,0.0,12905.41,0,0.0
portfolio_delay15,2024-02-07,12905.41,0.0,12905.41,0,0.0
portfolio_delay15,2024-02-08,12905.41,0.0,12905.41,0,0.0
portfolio_delay15,2024-02-19,12905.41,0.0,12905.41,0,0.0
portfolio_delay15,2024-02-20,12905.41,0.0,12905.41,0,0.0
portfolio_delay15,2024-02-21,12905.41,0.0,12905.41,0,0.0
portfolio_delay15,2024-02-22,12905.41,0.0,12905.41,0,0.0
portfolio_delay15,2024-02-23,12905.41,0.0,12905.41,0,0.0
portfolio_delay15,2024-02-26,12905.41,0.0,12905.41,0,0.0
portfolio_delay15,2024-02-27,12905.41,0.0,12905.41,0,0.0
portfolio_delay15,2024-02-28,12905.41,0.0,12905.41,0,0.0
portfolio_delay15,2024-02-29,12905.41,0.0,12905.41,0,0.0
portfolio_delay15,2024-03-01,12905.41,0.0,12905.41,0,0.0
portfolio_delay15,2024-03-04,12905.41,0.0,12905.41,0,0.0
portfolio_delay15,2024-03-05,12905.41,0.0,12905.41,0,0.0
portfolio_delay15,2024-03-06,12905.41,0.0,12905.41,0,0.0
portfolio_delay15,2024-03-07,12905.41,0.0,12905.41,0,0.0
portfolio_delay15,2024-03-08,12905.41,0.0,12905.41,0,0.0
portfolio_delay15,2024-03-11,12905.41,0.0,12905.41,0,0.0
portfolio_delay15,2024-03-12,12905.41,0.0,12905.41,0,0.0
portfolio_delay15,2024-03-13,12905.41,0.0,12905.41,0,0.0
portfolio_delay15,2024-03-14,10603.73,2280.51,12884.24,1,17.7
portfolio_delay15,2024-03-15,10603.73,2291.39,12895.12,1,17.769
portfolio_delay15,2024-03-18,10603.73,2360.62,12964.35,1,18.209
portfolio_delay15,2024-03-19,10603.73,2321.06,12924.79,1,17.958
portfolio_delay15,2024-03-20,10603.73,2329.96,12933.69,1,18.015
portfolio_delay15,2024-03-21,10603.73,2285.46,12889.19,1,17.732
portfolio_delay15,2024-03-22,10603.73,2257.77,12861.5,1,17.554
portfolio_delay15,2024-03-25,10603.73,2194.47,12798.2,1,17.147
portfolio_delay15,2024-03-26,12759.46,0.0,12759.46,0,0.0
portfolio_delay15,2024-03-27,5079.4,7477.39,12556.79,2,59.549
portfolio_delay15,2024-03-28,2957.78,9815.93,12773.71,3,76.845
portfolio_delay15,2024-03-29,2957.78,9781.47,12739.25,3,76.782
portfolio_delay15,2024-04-01,2957.78,9980.76,12938.53,3,77.14
portfolio_delay15,2024-04-02,2957.78,9762.85,12720.63,3,76.748
portfolio_delay15,2024-04-03,4686.27,7742.42,12428.68,3,62.295
portfolio_delay15,2024-04-08,4686.27,7612.02,12298.29,3,61.895
portfolio_delay15,2024-04-09,834.02,11467.75,12301.77,4,93.22
portfolio_delay15,2024-04-10,4787.03,7177.25,11964.28,2,59.989
portfolio_delay15,2024-04-11,4787.03,7223.36,12010.39,2,60.143
portfolio_delay15,2024-04-12,4787.03,7490.72,12277.75,2,61.011
portfolio_delay15,2024-04-15,4787.03,7633.15,12420.18,2,61.458
portfolio_delay15,2024-04-16,1456.55,10816.71,12273.27,4,88.132
portfolio_delay15,2024-04-17,1456.55,11132.1,12588.65,4,88.43
portfolio_delay15,2024-04-18,1456.55,11175.27,12631.82,4,88.469
portfolio_delay15,2024-04-19,7144.94,5160.06,12305.0,2,41.935
portfolio_delay15,2024-04-22,4795.64,7394.1,12189.74,2,60.658
portfolio_delay15,2024-04-23,897.34,11122.33,12019.67,3,92.534
portfolio_delay15,2024-04-24,897.34,11713.07,12610.4,3,92.884
portfolio_delay15,2024-04-25,897.34,11736.82,12634.15,3,92.898
portfolio_delay15,2024-04-26,897.34,12377.54,13274.87,3,93.24
portfolio_delay15,2024-04-29,897.34,12425.6,13322.94,3,93.265
portfolio_delay15,2024-04-30,897.34,12253.02,13150.35,3,93.176
portfolio_delay15,2024-05-06,4335.8,8774.16,13109.96,2,66.927
portfolio_delay15,2024-05-07,4335.8,8806.22,13142.02,2,67.008
portfolio_delay15,2024-05-08,386.51,12565.33,12951.84,3,97.016
portfolio_delay15,2024-05-09,4906.67,8146.28,13052.95,2,62.41
portfolio_delay15,2024-05-10,4906.67,8305.01,13211.68,2,62.861
portfolio_delay15,2024-05-13,4906.67,8542.65,13449.32,2,63.517
portfolio_delay15,2024-05-14,4906.67,8650.38,13557.04,2,63.807
portfolio_delay15,2024-05-15,4906.67,8535.28,13441.94,2,63.497
portfolio_delay15,2024-05-16,4906.67,8458.14,13364.81,2,63.287
portfolio_delay15,2024-05-17,3164.77,10266.69,13431.46,3,76.438
portfolio_delay15,2024-05-20,3164.77,10759.4,13924.17,3,77.271
portfolio_delay15,2024-05-21,4951.06,8646.79,13597.85,2,63.589
portfolio_delay15,2024-05-22,9112.76,4351.02,13463.79,1,32.316
portfolio_delay15,2024-05-23,5794.35,7561.4,13355.75,2,56.615
portfolio_delay15,2024-05-24,5794.35,7630.83,13425.17,2,56.84
portfolio_delay15,2024-05-27,5794.35,7796.09,13590.44,2,57.365
portfolio_delay15,2024-05-28,5794.35,7730.59,13524.94,2,57.158
portfolio_delay15,2024-05-29,5794.35,7979.15,13773.5,2,57.931
portfolio_delay15,2024-05-30,5794.35,7803.2,13597.55,2,57.387
portfolio_delay15,2024-05-31,5794.35,7819.36,13613.7,2,57.437
portfolio_delay15,2024-06-03,5794.35,7689.21,13483.55,2,57.027
portfolio_delay15,2024-06-04,5794.35,7910.09,13704.44,2,57.719
portfolio_delay15,2024-06-05,5794.35,7774.89,13569.24,2,57.298
portfolio_delay15,2024-06-06,5794.35,7910.95,13705.3,2,57.722
portfolio_delay15,2024-06-07,5794.35,7866.1,13660.45,2,57.583
portfolio_delay15,2024-06-11,4368.72,8975.7,13344.43,3,67.262
portfolio_delay15,2024-06-12,4368.72,9039.41,13408.14,3,67.417
portfolio_delay15,2024-06-13,4368.72,8893.92,13262.64,3,67.06
portfolio_delay15,2024-06-14,4368.72,8991.27,13360.0,3,67.3
portfolio_delay15,2024-06-17,4368.72,8915.54,13284.27,3,67.114
portfolio_delay15,2024-06-18,4368.72,9063.79,13432.52,3,67.477
portfolio_delay15,2024-06-19,4368.72,9095.84,13464.56,3,67.554
portfolio_delay15,2024-06-20,4368.72,9075.53,13444.25,3,67.505
portfolio_delay15,2024-06-21,4368.72,9203.62,13572.34,3,67.812
portfolio_delay15,2024-06-24,2454.53,10863.39,13317.91,4,81.57
portfolio_delay15,2024-06-25,5706.59,7530.99,13237.59,2,56.891
portfolio_delay15,2024-06-26,8898.76,4347.86,13246.62,1,32.822
portfolio_delay15,2024-06-27,8898.76,4211.63,13110.39,1,32.124
portfolio_delay15,2024-06-28,8898.76,4325.15,13223.91,1,32.707
portfolio_delay15,2024-07-01,8898.76,4404.62,13303.38,1,33.109
portfolio_delay15,2024-07-02,8898.76,4415.97,13314.73,1,33.166
portfolio_delay15,2024-07-03,8898.76,4472.73,13371.49,1,33.45
portfolio_delay15,2024-07-04,4548.44,8717.35,13265.79,2,65.713
portfolio_delay15,2024-07-05,4548.44,8860.48,13408.92,2,66.079
portfolio_delay15,2024-07-08,4548.44,8755.86,13304.3,2,65.812
portfolio_delay15,2024-07-09,4548.44,9036.84,13585.28,2,66.519
portfolio_delay15,2024-07-10,4548.44,8943.45,13491.89,2,66.288
portfolio_delay15,2024-07-11,4548.44,9095.94,13644.38,2,66.664
portfolio_delay15,2024-07-12,4548.44,8977.15,13525.6,2,66.372
portfolio_delay15,2024-07-15,4548.44,8983.71,13532.15,2,66.388
portfolio_delay15,2024-07-16,4548.44,9410.03,13958.47,2,67.414
portfolio_delay15,2024-07-17,4548.44,9365.32,13913.76,2,67.31
portfolio_delay15,2024-07-18,8904.85,4850.23,13755.08,1,35.261
portfolio_delay15,2024-07-19,4473.79,9330.33,13804.12,2,67.591
portfolio_delay15,2024-07-22,4473.79,9485.02,13958.81,2,67.95
portfolio_delay15,2024-07-23,7217.45,6437.33,13654.78,2,47.143
portfolio_delay15,2024-07-24,7217.45,6515.03,13732.48,2,47.442
portfolio_delay15,2024-07-25,7217.45,6525.6,13743.05,2,47.483
portfolio_delay15,2024-07-26,9033.7,4757.64,13791.34,1,34.497
portfolio_delay15,2024-07-29,9057.26,4466.27,13523.52,1,33.026
portfolio_delay15,2024-07-30,9057.26,4430.46,13487.71,1,32.848
portfolio_delay15,2024-07-31,9057.26,4605.53,13662.78,1,33.709
portfolio_delay15,2024-08-01,9057.26,4563.75,13621.0,1,33.505
portfolio_delay15,2024-08-02,9057.26,4394.65,13451.9,1,32.669
portfolio_delay15,2024-08-05,13301.83,0.0,13301.83,0,0.0
portfolio_delay15,2024-08-06,13301.83,0.0,13301.83,0,0.0
portfolio_delay15,2024-08-07,9655.17,3645.87,13301.04,1,27.41
portfolio_delay15,2024-08-08,5548.58,7720.33,13268.91,2,58.184
portfolio_delay15,2024-08-09,5548.58,7659.23,13207.82,2,57.99
portfolio_delay15,2024-08-12,5548.58,7571.12,13119.71,2,57.708
portfolio_delay15,2024-08-13,1520.88,11659.07,13179.95,3,88.461
portfolio_delay15,2024-08-14,1520.88,11632.54,13153.42,3,88.437
portfolio_delay15,2024-08-15,1520.88,11616.75,13137.62,3,88.424
portfolio_delay15,2024-08-16,4938.7,7833.35,12772.05,2,61.332
portfolio_delay15,2024-08-19,8770.38,3911.47,12681.85,1,30.843
portfolio_delay15,2024-08-20,8770.38,3867.22,12637.6,1,30.601
portfolio_delay15,2024-08-21,8770.38,3825.93,12596.31,1,30.373
portfolio_delay15,2024-08-22,8770.38,3892.79,12663.17,1,30.741
portfolio_delay15,2024-08-23,5169.09,7530.73,12699.82,2,59.298
portfolio_delay15,2024-08-26,8944.38,3576.89,12521.27,1,28.567
portfolio_delay15,2024-08-27,8944.38,3533.54,12477.91,1,28.318
portfolio_delay15,2024-08-28,8944.38,3490.18,12434.56,1,28.068
portfolio_delay15,2024-08-29,8944.38,3547.33,12491.71,1,28.397
portfolio_delay15,2024-08-30,4902.89,7480.18,12383.07,2,60.407
portfolio_delay15,2024-09-02,8278.78,3995.05,12273.83,1,32.549
portfolio_delay15,2024-09-03,8278.78,4059.95,12338.73,1,32.904
portfolio_delay15,2024-09-04,8278.78,4035.36,12314.14,1,32.77
portfolio_delay15,2024-09-05,8278.78,4042.25,12321.03,1,32.808
portfolio_delay15,2024-09-06,8278.78,4011.77,12290.54,1,32.641
portfolio_delay15,2024-09-09,8278.78,3964.57,12243.35,1,32.381
portfolio_delay15,2024-09-10,8278.78,3973.42,12252.2,1,32.43
portfolio_delay15,2024-09-11,8278.78,3982.27,12261.05,1,32.479
portfolio_delay15,2024-09-12,8278.78,3979.32,12258.1,1,32.463
portfolio_delay15,2024-09-13,8278.78,3980.3,12259.08,1,32.468
portfolio_delay15,2024-09-18,8278.78,3947.85,12226.63,1,32.289
portfolio_delay15,2024-09-19,8278.78,3855.43,12134.2,1,31.773
portfolio_delay15,2024-09-20,12067.04,0.0,12067.04,0,0.0
portfolio_delay15,2024-09-23,12067.04,0.0,12067.04,0,0.0
portfolio_delay15,2024-09-24,12067.04,0.0,12067.04,0,0.0
portfolio_delay15,2024-09-25,12067.04,0.0,12067.04,0,0.0
portfolio_delay15,2024-09-26,12067.04,0.0,12067.04,0,0.0
portfolio_delay15,2024-09-27,12067.04,0.0,12067.04,0,0.0
portfolio_delay15,2024-09-30,12067.04,0.0,12067.04,0,0.0
portfolio_delay15,2024-10-08,12067.04,0.0,12067.04,0,0.0
portfolio_delay15,2024-10-09,12067.04,0.0,12067.04,0,0.0
portfolio_delay15,2024-10-10,4459.33,7657.1,12116.43,2,63.196
portfolio_delay15,2024-10-11,5012.27,6780.13,11792.4,2,57.496
portfolio_delay15,2024-10-14,5012.27,7051.37,12063.63,2,58.451
portfolio_delay15,2024-10-15,5012.27,6751.98,11764.25,2,57.394
portfolio_delay15,2024-10-16,3391.26,8397.19,11788.45,3,71.232
portfolio_delay15,2024-10-17,3391.26,8312.58,11703.85,3,71.024
portfolio_delay15,2024-10-18,3391.26,8434.59,11825.85,3,71.323
portfolio_delay15,2024-10-21,3391.26,8535.07,11926.33,3,71.565
portfolio_delay15,2024-10-22,3391.26,8691.31,12082.58,3,71.933
portfolio_delay15,2024-10-23,3391.26,8596.75,11988.01,3,71.711
portfolio_delay15,2024-10-24,5078.7,6898.71,11977.42,2,57.598
portfolio_delay15,2024-10-25,5078.7,6806.63,11885.34,2,57.269
portfolio_delay15,2024-10-28,5078.7,6899.96,11978.67,2,57.602
portfolio_delay15,2024-10-29,5078.7,6765.63,11844.34,2,57.121
portfolio_delay15,2024-10-30,2651.93,9072.14,11724.06,3,77.38
portfolio_delay15,2024-10-31,2651.93,9021.05,11672.97,3,77.281
portfolio_delay15,2024-11-01,2651.93,9190.73,11842.65,3,77.607
portfolio_delay15,2024-11-04,2651.93,9359.92,12011.85,3,77.922
portfolio_delay15,2024-11-05,2651.93,9557.56,12209.49,3,78.28
portfolio_delay15,2024-11-06,2651.93,9542.47,12194.4,3,78.253
portfolio_delay15,2024-11-07,4924.48,7311.67,12236.15,2,59.755
portfolio_delay15,2024-11-08,4924.48,7182.28,12106.76,2,59.325
portfolio_delay15,2024-11-11,11953.84,0.0,11953.84,0,0.0
portfolio_delay15,2024-11-12,11953.84,0.0,11953.84,0,0.0
portfolio_delay15,2024-11-13,8207.19,3764.33,11971.51,1,31.444
portfolio_delay15,2024-11-14,4300.19,7560.19,11860.37,2,63.743
portfolio_delay15,2024-11-15,2566.07,9172.76,11738.84,3,78.14
portfolio_delay15,2024-11-18,1227.29,10434.16,11661.45,4,89.476
portfolio_delay15,2024-11-19,1227.29,10536.93,11764.21,4,89.568
portfolio_delay15,2024-11-20,1227.29,10532.66,11759.95,4,89.564
portfolio_delay15,2024-11-21,1227.29,10463.55,11690.84,4,89.502
portfolio_delay15,2024-11-22,8398.43,2954.88,11353.31,2,26.027
portfolio_delay15,2024-11-25,7087.33,4226.9,11314.22,2,37.359
portfolio_delay15,2024-11-26,3998.26,7252.54,11250.8,3,64.462
portfolio_delay15,2024-11-27,3998.26,7452.01,11450.27,3,65.082
portfolio_delay15,2024-11-28,3998.26,7328.21,11326.47,3,64.7
portfolio_delay15,2024-11-29,3998.26,7370.65,11368.91,3,64.832
portfolio_delay15,2024-12-02,3998.26,7626.05,11624.31,3,65.604
portfolio_delay15,2024-12-03,3998.26,7649.77,11648.03,3,65.674
portfolio_delay15,2024-12-04,3998.26,7541.97,11540.23,3,65.354
portfolio_delay15,2024-12-05,1174.79,10253.35,11428.14,4,89.72
portfolio_delay15,2024-12-06,4193.22,7232.38,11425.6,3,63.3
portfolio_delay15,2024-12-09,4193.22,7163.8,11357.02,3,63.078
portfolio_delay15,2024-12-10,4193.22,7159.23,11352.44,3,63.063
portfolio_delay15,2024-12-11,4193.22,7225.16,11418.38,3,63.277
portfolio_delay15,2024-12-12,4193.22,7236.32,11429.54,3,63.312
portfolio_delay15,2024-12-13,4193.22,7184.53,11377.74,3,63.145
portfolio_delay15,2024-12-16,1346.41,9911.32,11257.74,4,88.04
portfolio_delay15,2024-12-17,1346.41,9862.17,11208.58,4,87.988
portfolio_delay15,2024-12-18,1346.41,9988.25,11334.67,4,88.121
portfolio_delay15,2024-12-19,1346.41,10228.11,11574.53,4,88.367
portfolio_delay15,2024-12-20,1346.41,10329.83,11676.25,4,88.469
portfolio_delay15,2024-12-23,1346.41,10095.12,11441.53,4,88.232
portfolio_delay15,2024-12-24,1346.41,10200.0,11546.41,4,88.339
portfolio_delay15,2024-12-25,5643.9,5734.35,11378.26,2,50.397
portfolio_delay15,2024-12-26,5643.9,5921.77,11565.67,2,51.201
portfolio_delay15,2024-12-27,5643.9,5875.95,11519.85,2,51.007
portfolio_delay15,2024-12-30,5643.9,5883.02,11526.92,2,51.037
portfolio_delay15,2024-12-31,11247.42,0.0,11247.42,0,0.0
portfolio_delay15,2025-01-02,3417.65,7554.95,10972.6,3,68.853
portfolio_delay15,2025-01-03,10752.54,0.0,10752.54,0,0.0
portfolio_delay15,2025-01-06,10752.54,0.0,10752.54,0,0.0
portfolio_delay15,2025-01-07,8526.01,2260.77,10786.78,1,20.959
portfolio_delay15,2025-01-08,8526.01,2221.18,10747.19,1,20.668
portfolio_delay15,2025-01-09,8526.01,2221.18,10747.19,1,20.668
portfolio_delay15,2025-01-10,8526.01,2185.35,10711.36,1,20.402
portfolio_delay15,2025-01-13,8526.01,2152.36,10678.37,1,20.156
portfolio_delay15,2025-01-14,8526.01,2244.75,10770.76,1,20.841
portfolio_delay15,2025-01-15,8526.01,2187.24,10713.25,1,20.416
portfolio_delay15,2025-01-16,8526.01,2167.44,10693.45,1,20.269
portfolio_delay15,2025-01-17,8526.01,2257.95,10783.96,1,20.938
portfolio_delay15,2025-01-20,8526.01,2323.94,10849.95,1,21.419
portfolio_delay15,2025-01-21,8526.01,2341.85,10867.86,1,21.548
portfolio_delay15,2025-01-22,8526.01,2361.65,10887.66,1,21.691
portfolio_delay15,2025-01-23,8526.01,2319.23,10845.24,1,21.385
portfolio_delay15,2025-01-24,5904.26,5065.3,10969.56,2,46.176
portfolio_delay15,2025-01-27,5904.26,4845.6,10749.86,2,45.076
portfolio_delay15,2025-02-05,5904.26,4924.38,10828.64,2,45.476
portfolio_delay15,2025-02-06,5904.26,5100.37,11004.63,2,46.347
portfolio_delay15,2025-02-07,5904.26,5339.48,11243.74,2,47.488
portfolio_delay15,2025-02-10,5904.26,5304.06,11208.32,2,47.323
portfolio_delay15,2025-02-11,5904.26,5320.09,11224.35,2,47.398
portfolio_delay15,2025-02-12,5904.26,5394.49,11298.75,2,47.744
portfolio_delay15,2025-02-13,8328.59,2842.89,11171.48,1,25.448
portfolio_delay15,2025-02-14,8328.59,3022.94,11351.52,1,26.63
portfolio_delay15,2025-02-17,8328.59,3082.62,11411.21,1,27.014
portfolio_delay15,2025-02-18,9411.45,1927.38,11338.83,1,16.998
portfolio_delay15,2025-02-19,9411.45,1943.15,11354.6,1,17.113
portfolio_delay15,2025-02-20,9411.45,1984.54,11395.98,1,17.414
portfolio_delay15,2025-02-21,9411.45,1917.53,11328.98,1,16.926
portfolio_delay15,2025-02-24,9411.45,1937.24,11348.68,1,17.07
portfolio_delay15,2025-02-25,9411.45,1913.59,11325.03,1,16.897
portfolio_delay15,2025-02-26,9411.45,1889.94,11301.39,1,16.723
portfolio_delay15,2025-02-27,9411.45,1849.54,11260.99,1,16.424
portfolio_delay15,2025-02-28,4935.45,6124.06,11059.51,2,55.374
portfolio_delay15,2025-03-03,5357.55,5561.75,10919.29,2,50.935
portfolio_delay15,2025-03-04,5357.55,5662.8,11020.35,2,51.385
portfolio_delay15,2025-03-05,5357.55,5771.39,11128.94,2,51.859
portfolio_delay15,2025-03-06,5357.55,5863.39,11220.94,2,52.254
portfolio_delay15,2025-03-07,5357.55,5812.3,11169.85,2,52.036
portfolio_delay15,2025-03-10,5357.55,5723.31,11080.86,2,51.65
portfolio_delay15,2025-03-11,3504.1,7529.23,11033.33,3,68.241
portfolio_delay15,2025-03-12,3504.1,7676.44,11180.54,3,68.659
portfolio_delay15,2025-03-13,3504.1,7512.36,11016.47,3,68.192
portfolio_delay15,2025-03-14,3504.1,7713.74,11217.84,3,68.763
portfolio_delay15,2025-03-17,3504.1,7648.25,11152.35,3,68.58
portfolio_delay15,2025-03-18,3504.1,7890.28,11394.38,3,69.247
portfolio_delay15,2025-03-19,3504.1,7742.7,11246.8,3,68.844
portfolio_delay15,2025-03-20,3504.1,7746.74,11250.84,3,68.855
portfolio_delay15,2025-03-21,3504.1,7589.14,11093.25,3,68.412
portfolio_delay15,2025-03-24,6546.49,4442.8,10989.3,2,40.428
portfolio_delay15,2025-03-25,6546.49,4408.69,10955.18,2,40.243
portfolio_delay15,2025-03-26,8567.43,2350.34,10917.77,1,21.528
portfolio_delay15,2025-03-27,8567.43,2333.37,10900.8,1,21.405
portfolio_delay15,2025-03-28,6005.62,4861.11,10866.73,2,44.734
portfolio_delay15,2025-03-31,8262.2,2500.1,10762.29,1,23.23
portfolio_delay15,2025-04-01,8262.2,2513.63,10775.83,1,23.327
portfolio_delay15,2025-04-02,8262.2,2503.96,10766.16,1,23.258
portfolio_delay15,2025-04-03,8262.2,2461.42,10723.62,1,22.953
portfolio_delay15,2025-04-07,10473.58,0.0,10473.58,0,0.0
portfolio_delay15,2025-04-08,10473.58,0.0,10473.58,0,0.0
portfolio_delay15,2025-04-09,10473.58,0.0,10473.58,0,0.0
portfolio_delay15,2025-04-10,10473.58,0.0,10473.58,0,0.0
portfolio_delay15,2025-04-11,10473.58,0.0,10473.58,0,0.0
portfolio_delay15,2025-04-14,10473.58,0.0,10473.58,0,0.0
portfolio_delay15,2025-04-15,10473.58,0.0,10473.58,0,0.0
portfolio_delay15,2025-04-16,10473.58,0.0,10473.58,0,0.0
portfolio_delay15,2025-04-17,10473.58,0.0,10473.58,0,0.0
portfolio_delay15,2025-04-18,10473.58,0.0,10473.58,0,0.0
portfolio_delay15,2025-04-21,10473.58,0.0,10473.58,0,0.0
portfolio_delay15,2025-04-22,10473.58,0.0,10473.58,0,0.0
portfolio_delay15,2025-04-23,10473.58,0.0,10473.58,0,0.0
portfolio_delay15,2025-04-24,7688.01,2724.55,10412.56,1,26.166
portfolio_delay15,2025-04-25,7688.01,2670.35,10358.36,1,25.78
portfolio_delay15,2025-04-28,10274.56,0.0,10274.56,0,0.0
portfolio_delay15,2025-04-29,10274.56,0.0,10274.56,0,0.0
portfolio_delay15,2025-04-30,10274.56,0.0,10274.56,0,0.0
portfolio_delay15,2025-05-06,10274.56,0.0,10274.56,0,0.0
portfolio_delay15,2025-05-07,10274.56,0.0,10274.56,0,0.0
portfolio_delay15,2025-05-08,10274.56,0.0,10274.56,0,0.0
portfolio_delay15,2025-05-09,10274.56,0.0,10274.56,0,0.0
portfolio_delay15,2025-05-12,10274.56,0.0,10274.56,0,0.0
portfolio_delay15,2025-05-13,7690.21,2636.85,10327.06,1,25.533
portfolio_delay15,2025-05-14,7690.21,2594.48,10284.69,1,25.227
portfolio_delay15,2025-05-15,7690.21,2569.84,10260.06,1,25.047
portfolio_delay15,2025-05-16,7690.21,2565.9,10256.12,1,25.018
portfolio_delay15,2025-05-19,7690.21,2564.92,10255.13,1,25.011
portfolio_delay15,2025-05-20,7690.21,2595.46,10285.68,1,25.234
portfolio_delay15,2025-05-21,7690.21,2741.3,10431.51,1,26.279
portfolio_delay15,2025-05-22,7690.21,2708.78,10399.0,1,26.048
portfolio_delay15,2025-05-23,10343.2,0.0,10343.2,0,0.0
portfolio_delay15,2025-05-26,10343.2,0.0,10343.2,0,0.0
portfolio_delay15,2025-05-27,10343.2,0.0,10343.2,0,0.0
portfolio_delay15,2025-05-28,10343.2,0.0,10343.2,0,0.0
portfolio_delay15,2025-05-29,10343.2,0.0,10343.2,0,0.0
portfolio_delay15,2025-05-30,10343.2,0.0,10343.2,0,0.0
portfolio_delay15,2025-06-03,10343.2,0.0,10343.2,0,0.0
portfolio_delay15,2025-06-04,10343.2,0.0,10343.2,0,0.0
portfolio_delay15,2025-06-05,10343.2,0.0,10343.2,0,0.0
portfolio_delay15,2025-06-06,10343.2,0.0,10343.2,0,0.0
portfolio_delay15,2025-06-09,10343.2,0.0,10343.2,0,0.0
portfolio_delay15,2025-06-10,10343.2,0.0,10343.2,0,0.0
portfolio_delay15,2025-06-11,10343.2,0.0,10343.2,0,0.0
portfolio_delay15,2025-06-12,10343.2,0.0,10343.2,0,0.0
portfolio_delay15,2025-06-13,10343.2,0.0,10343.2,0,0.0
portfolio_delay15,2025-06-16,10343.2,0.0,10343.2,0,0.0
portfolio_delay15,2025-06-17,10343.2,0.0,10343.2,0,0.0
portfolio_delay15,2025-06-18,10343.2,0.0,10343.2,0,0.0
portfolio_delay15,2025-06-19,10343.2,0.0,10343.2,0,0.0
portfolio_delay15,2025-06-20,7676.98,2660.5,10337.48,1,25.736
portfolio_delay15,2025-06-23,7676.98,2641.78,10318.76,1,25.602
portfolio_delay15,2025-06-24,7676.98,2522.55,10199.53,1,24.732
portfolio_delay15,2025-06-25,10174.2,0.0,10174.2,0,0.0
portfolio_delay15,2025-06-26,10174.2,0.0,10174.2,0,0.0
portfolio_delay15,2025-06-27,10174.2,0.0,10174.2,0,0.0
portfolio_delay15,2025-06-30,10174.2,0.0,10174.2,0,0.0
portfolio_delay15,2025-07-01,10174.2,0.0,10174.2,0,0.0
portfolio_delay15,2025-07-02,10174.2,0.0,10174.2,0,0.0
portfolio_delay15,2025-07-03,10174.2,0.0,10174.2,0,0.0
portfolio_delay15,2025-07-04,10174.2,0.0,10174.2,0,0.0
portfolio_delay15,2025-07-07,4902.29,5260.41,10162.7,2,51.762
portfolio_delay15,2025-07-08,4902.29,5330.61,10232.9,2,52.093
portfolio_delay15,2025-07-09,4902.29,5287.47,10189.76,2,51.89
portfolio_delay15,2025-07-10,4902.29,5299.42,10201.71,2,51.946
portfolio_delay15,2025-07-11,4902.29,5325.32,10227.61,2,52.068
portfolio_delay15,2025-07-14,4902.29,5340.94,10243.23,2,52.141
portfolio_delay15,2025-07-15,4902.29,5286.09,10188.38,2,51.884
portfolio_delay15,2025-07-16,4902.29,5250.71,10153.0,2,51.716
portfolio_delay15,2025-07-17,4902.29,5305.26,10207.55,2,51.974
portfolio_delay15,2025-07-18,4902.29,5297.91,10200.2,2,51.939
portfolio_delay15,2025-07-21,4902.29,5470.64,10372.93,2,52.74
portfolio_delay15,2025-07-22,4902.29,5563.29,10465.57,2,53.158
portfolio_delay15,2025-07-23,4902.29,5465.1,10367.39,2,52.714
portfolio_delay15,2025-07-24,4902.29,5563.58,10465.87,2,53.159
portfolio_delay15,2025-07-25,4902.29,5488.42,10390.71,2,52.82
portfolio_delay15,2025-07-28,4902.29,5492.44,10394.73,2,52.839
portfolio_delay15,2025-07-29,4902.29,5462.79,10365.08,2,52.704
portfolio_delay15,2025-07-30,4902.29,5435.17,10337.45,2,52.577
portfolio_delay15,2025-07-31,7498.24,2753.19,10251.43,1,26.857
portfolio_delay15,2025-08-01,4253.74,6015.0,10268.74,2,58.576
portfolio_delay15,2025-08-04,4253.74,6023.74,10277.48,2,58.611
portfolio_delay15,2025-08-05,4253.74,6134.64,10388.39,2,59.053
portfolio_delay15,2025-08-06,4253.74,6129.21,10382.95,2,59.031
portfolio_delay15,2025-08-07,4253.74,6127.74,10381.48,2,59.026
portfolio_delay15,2025-08-08,4253.74,6228.71,10482.45,2,59.42
portfolio_delay15,2025-08-11,4253.74,6264.23,10517.97,2,59.557
portfolio_delay15,2025-08-12,4253.74,6284.37,10538.11,2,59.635
portfolio_delay15,2025-08-13,4253.74,6347.04,10600.78,2,59.873
portfolio_delay15,2025-08-14,4253.74,6282.91,10536.65,2,59.629
portfolio_delay15,2025-08-15,4253.74,6502.21,10755.95,2,60.452
portfolio_delay15,2025-08-18,4253.74,6437.96,10691.7,2,60.215
portfolio_delay15,2025-08-19,4253.74,6428.96,10682.7,2,60.181
portfolio_delay15,2025-08-20,4253.74,6458.36,10712.1,2,60.29
portfolio_delay15,2025-08-21,4253.74,6408.67,10662.41,2,60.105
portfolio_delay15,2025-08-22,4253.74,6454.91,10708.65,2,60.278
portfolio_delay15,2025-08-25,4253.74,6666.26,10920.0,2,61.046
portfolio_delay15,2025-08-26,4253.74,6757.81,11011.56,2,61.37
portfolio_delay15,2025-08-27,4253.74,6599.09,10852.83,2,60.805
portfolio_delay15,2025-08-28,4253.74,6711.87,10965.61,2,61.208
portfolio_delay15,2025-08-29,7591.69,3228.29,10819.98,1,29.836
portfolio_delay15,2025-09-01,7591.69,3208.41,10800.1,1,29.707
portfolio_delay15,2025-09-02,4585.9,6121.77,10707.67,2,57.172
portfolio_delay15,2025-09-03,7654.26,2980.8,10635.05,1,28.028
portfolio_delay15,2025-09-04,8132.78,2251.18,10383.96,1,21.679
portfolio_delay15,2025-09-05,5039.12,5541.15,10580.26,2,52.372
portfolio_delay15,2025-09-08,5039.12,5558.24,10597.36,2,52.449
portfolio_delay15,2025-09-09,7724.63,2628.76,10353.39,1,25.39
portfolio_delay15,2025-09-10,7724.63,2644.73,10369.36,1,25.505
portfolio_delay15,2025-09-11,7724.63,2860.21,10584.85,1,27.022
portfolio_delay15,2025-09-12,7724.63,2921.07,10645.7,1,27.439
portfolio_delay15,2025-09-15,5339.24,5272.39,10611.63,2,49.685
portfolio_delay15,2025-09-16,5339.24,5355.6,10694.84,2,50.076
portfolio_delay15,2025-09-17,5339.24,5352.51,10691.75,2,50.062
portfolio_delay15,2025-09-18,5339.24,5482.23,10821.48,2,50.661
portfolio_delay15,2025-09-19,2317.48,8429.92,10747.4,3,78.437
portfolio_delay15,2025-09-22,2317.48,8556.05,10873.53,3,78.687
portfolio_delay15,2025-09-23,2299.89,8302.61,10602.5,3,78.308
portfolio_delay15,2025-09-24,2299.89,8498.91,10798.79,3,78.702
portfolio_delay15,2025-09-25,2299.89,8722.11,11022.0,3,79.134
portfolio_delay15,2025-09-26,2299.89,8618.49,10918.38,3,78.936
portfolio_delay15,2025-09-29,2299.89,8644.91,10944.79,3,78.986
portfolio_delay15,2025-09-30,2299.89,8904.32,11204.21,3,79.473
portfolio_delay15,2025-10-09,2299.89,9374.68,11674.56,3,80.3
portfolio_delay15,2025-10-10,7635.8,3863.91,11499.71,1,33.6
portfolio_delay15,2025-10-13,9167.31,2209.6,11376.91,1,19.422
portfolio_delay15,2025-10-14,9167.31,2077.92,11245.23,1,18.478
portfolio_delay15,2025-10-15,2771.79,8668.59,11440.38,3,75.772
portfolio_delay15,2025-10-16,2771.79,8569.31,11341.1,3,75.56
portfolio_delay15,2025-10-17,4799.72,6219.18,11018.9,2,56.441
portfolio_delay15,2025-10-20,3310.24,7750.08,11060.32,3,70.071
portfolio_delay15,2025-10-21,3310.24,7885.7,11195.94,3,70.434
portfolio_delay15,2025-10-22,3310.24,7759.01,11069.25,3,70.095
portfolio_delay15,2025-10-23,1611.86,9538.74,11150.61,4,85.545
portfolio_delay15,2025-10-24,1611.86,9789.35,11401.21,4,85.862
portfolio_delay15,2025-10-27,1611.86,9854.47,11466.33,4,85.943
portfolio_delay15,2025-10-28,1611.86,9523.09,11134.95,4,85.524
portfolio_delay15,2025-10-29,1611.86,9913.31,11525.18,4,86.014
portfolio_delay15,2025-10-30,1611.86,9910.9,11522.76,4,86.011
portfolio_delay15,2025-10-31,1611.86,9647.93,11259.79,4,85.685
portfolio_delay15,2025-11-03,5427.9,5602.96,11030.86,3,50.794
portfolio_delay15,2025-11-04,2547.28,8269.29,10816.58,4,76.45
portfolio_delay15,2025-11-05,4132.16,6770.5,10902.66,3,62.1
portfolio_delay15,2025-11-06,4132.16,7036.69,11168.85,3,63.003
portfolio_delay15,2025-11-07,4132.16,7048.08,11180.24,3,63.041
portfolio_delay15,2025-11-10,4132.16,7118.84,11251.0,3,63.273
portfolio_delay15,2025-11-11,2418.85,8720.44,11139.29,4,78.285
portfolio_delay15,2025-11-12,4455.77,6643.57,11099.34,3,59.856
portfolio_delay15,2025-11-13,4455.77,6763.05,11218.81,3,60.283
portfolio_delay15,2025-11-14,4455.77,6600.84,11056.61,3,59.7
portfolio_delay15,2025-11-17,7413.29,3513.84,10927.13,2,32.157
portfolio_delay15,2025-11-18,5890.6,4969.97,10860.57,2,45.762
portfolio_delay15,2025-11-19,7494.16,3374.51,10868.67,1,31.048
portfolio_delay15,2025-11-20,7494.16,3350.83,10844.99,1,30.897
portfolio_delay15,2025-11-21,10668.36,0.0,10668.36,0,0.0
portfolio_delay15,2025-11-24,7162.66,3519.3,10681.96,1,32.946
portfolio_delay15,2025-11-25,7162.66,3504.55,10667.2,1,32.853
portfolio_delay15,2025-11-26,7162.66,3482.41,10645.07,1,32.714
portfolio_delay15,2025-11-27,7162.66,3489.79,10652.45,1,32.76
portfolio_delay15,2025-11-28,7162.66,3482.41,10645.07,1,32.714
portfolio_delay15,2025-12-01,7162.66,3548.81,10711.47,1,33.131
portfolio_delay15,2025-12-02,7162.66,3504.55,10667.2,1,32.853
portfolio_delay15,2025-12-03,7162.66,3644.73,10807.39,1,33.724
portfolio_delay15,2025-12-04,7162.66,3622.59,10785.25,1,33.588
portfolio_delay15,2025-12-05,7162.66,3932.47,11095.13,1,35.443
portfolio_delay15,2025-12-08,7162.66,3851.31,11013.97,1,34.968
portfolio_delay15,2025-12-09,10840.09,0.0,10840.09,0,0.0
portfolio_delay15,2025-12-10,10840.09,0.0,10840.09,0,0.0
portfolio_delay15,2025-12-11,7623.35,3189.14,10812.48,1,29.495
portfolio_delay15,2025-12-12,7623.35,3230.02,10853.37,1,29.761
portfolio_delay15,2025-12-15,7623.35,3155.06,10778.41,1,29.272
portfolio_delay15,2025-12-16,7623.35,3134.62,10757.97,1,29.138
portfolio_delay15,2025-12-17,7623.35,3189.14,10812.48,1,29.495
portfolio_delay15,2025-12-18,7623.35,3175.51,10798.85,1,29.406
portfolio_delay15,2025-12-19,7623.35,3264.1,10887.44,1,29.98
portfolio_delay15,2025-12-22,7623.35,3284.54,10907.88,1,30.112
portfolio_delay15,2025-12-23,7623.35,3420.83,11044.17,1,30.974
portfolio_delay15,2025-12-24,7623.35,3441.27,11064.62,1,31.102
portfolio_delay15,2025-12-25,7623.35,3414.01,11037.36,1,30.931
portfolio_delay15,2025-12-26,7623.35,3618.44,11241.79,1,32.187
portfolio_delay15,2025-12-29,3986.83,7161.96,11148.79,2,64.24
portfolio_delay15,2025-12-30,3986.83,7212.5,11199.33,2,64.401
portfolio_delay15,2025-12-31,3986.83,7268.15,11254.98,2,64.577
portfolio_delay15,2026-01-05,3986.83,7385.71,11372.54,2,64.943
portfolio_delay15,2026-01-06,3986.83,7493.6,11480.43,2,65.273
portfolio_delay15,2026-01-07,3986.83,7616.55,11603.38,2,65.641
portfolio_delay15,2026-01-08,3986.83,7533.35,11520.18,2,65.393
portfolio_delay15,2026-01-09,3986.83,7659.99,11646.82,2,65.769
portfolio_delay15,2026-01-12,3986.83,7624.51,11611.34,2,65.664
portfolio_delay15,2026-01-13,3986.83,7512.9,11499.73,2,65.331
portfolio_delay15,2026-01-14,3986.83,7617.39,11604.22,2,65.643
portfolio_delay15,2026-01-15,1512.37,10111.97,11624.34,3,86.99
portfolio_delay15,2026-01-16,1512.37,10301.65,11814.01,3,87.199
portfolio_delay15,2026-01-19,1512.37,10712.08,12224.44,3,87.628
portfolio_delay15,2026-01-20,1512.37,11085.43,12597.79,3,87.995
portfolio_delay15,2026-01-21,1512.37,11056.68,12569.05,3,87.968
portfolio_delay15,2026-01-22,4209.28,8175.63,12384.91,2,66.013
portfolio_delay15,2026-01-23,4209.28,8554.14,12763.42,2,67.021
portfolio_delay15,2026-01-26,4209.28,9166.34,13375.62,2,68.53
portfolio_delay15,2026-01-27,4209.28,9067.82,13277.1,2,68.297
portfolio_delay15,2026-01-28,4209.28,9692.78,13902.06,2,69.722
portfolio_delay15,2026-01-29,9282.04,4412.22,13694.27,1,32.219
portfolio_delay15,2026-01-30,4988.94,8668.5,13657.44,2,63.471
portfolio_delay15,2026-02-02,3362.25,9705.32,13067.58,3,74.27
portfolio_delay15,2026-02-03,1395.65,11911.14,13306.78,4,89.512
portfolio_delay15,2026-02-04,1395.65,11780.06,13175.71,4,89.407
portfolio_delay15,2026-02-05,8460.95,4196.91,12657.86,2,33.157
portfolio_delay15,2026-02-06,12450.63,0.0,12450.63,0,0.0
portfolio_delay15,2026-02-09,12450.63,0.0,12450.63,0,0.0
portfolio_delay15,2026-02-10,9298.05,3094.52,12392.58,1,24.971
portfolio_delay15,2026-02-11,4799.51,7508.27,12307.78,3,61.004
portfolio_delay15,2026-02-12,4799.51,7773.64,12573.15,3,61.827
portfolio_delay15,2026-02-13,4799.51,7636.16,12435.67,3,61.405
portfolio_delay15,2026-02-24,4799.51,7772.7,12572.21,3,61.824
portfolio_delay15,2026-02-25,4799.51,7885.06,12684.57,3,62.163
portfolio_delay15,2026-02-26,4799.51,7989.37,12788.87,3,62.471
portfolio_delay15,2026-02-27,4799.51,8112.88,12912.39,3,62.83
portfolio_delay15,2026-03-02,4799.51,8061.22,12860.73,3,62.681
portfolio_delay15,2026-03-03,10222.29,2180.9,12403.2,1,17.583
portfolio_delay15,2026-03-04,10222.29,2190.07,12412.36,1,17.644
portfolio_delay15,2026-03-05,10222.29,2272.57,12494.86,1,18.188
portfolio_delay15,2026-03-06,6606.89,5895.46,12502.35,2,47.155
portfolio_delay15,2026-03-09,8689.73,3626.23,12315.97,1,29.443
portfolio_delay15,2026-03-10,8689.73,3567.82,12257.56,1,29.107
portfolio_delay15,2026-03-11,8689.73,3577.56,12267.29,1,29.163
portfolio_delay15,2026-03-12,8689.73,3718.71,12408.45,1,29.969
portfolio_delay15,2026-03-13,8689.73,3587.29,12277.03,1,29.22
portfolio_delay15,2026-03-16,9543.05,2532.99,12076.04,1,20.975
portfolio_delay15,2026-03-17,9543.05,2439.21,11982.26,1,20.357
portfolio_delay15,2026-03-18,6970.12,5267.63,12237.75,2,43.044
portfolio_delay15,2026-03-19,6970.12,5244.95,12215.07,2,42.938
portfolio_delay15,2026-03-20,9574.17,2554.41,12128.58,1,21.061
portfolio_delay15,2026-03-23,9574.17,2494.77,12068.94,1,20.671
portfolio_delay15,2026-03-24,9574.17,2594.16,12168.34,1,21.319
portfolio_delay15,2026-03-25,9574.17,2750.21,12324.38,1,22.315
portfolio_delay15,2026-03-26,9574.17,2660.76,12234.93,1,21.747
portfolio_delay15,2026-03-27,12174.31,0.0,12174.31,0,0.0
portfolio_delay15,2026-03-30,12174.31,0.0,12174.31,0,0.0
portfolio_delay15,2026-03-31,12174.31,0.0,12174.31,0,0.0
portfolio_delay15,2026-04-01,12174.31,0.0,12174.31,0,0.0
portfolio_delay15,2026-04-02,12174.31,0.0,12174.31,0,0.0
portfolio_delay15,2026-04-03,12174.31,0.0,12174.31,0,0.0
portfolio_delay15,2026-04-07,12174.31,0.0,12174.31,0,0.0
portfolio_delay15,2026-04-08,12174.31,0.0,12174.31,0,0.0
portfolio_delay15,2026-04-09,12174.31,0.0,12174.31,0,0.0
portfolio_delay15,2026-04-10,12174.31,0.0,12174.31,0,0.0
portfolio_delay15,2026-04-13,12174.31,0.0,12174.31,0,0.0
portfolio_delay15,2026-04-14,12174.31,0.0,12174.31,0,0.0
portfolio_delay15,2026-04-15,12174.31,0.0,12174.31,0,0.0
portfolio_delay15,2026-04-16,12174.31,0.0,12174.31,0,0.0
portfolio_delay15,2026-04-17,12174.31,0.0,12174.31,0,0.0
portfolio_delay15,2026-04-20,12174.31,0.0,12174.31,0,0.0
portfolio_delay15,2026-04-21,12174.31,0.0,12174.31,0,0.0
portfolio_delay15,2026-04-22,12174.31,0.0,12174.31,0,0.0
portfolio_delay15,2026-04-23,12174.31,0.0,12174.31,0,0.0
portfolio_delay15,2026-04-24,12174.31,0.0,12174.31,0,0.0
portfolio_delay15,2026-04-27,12174.31,0.0,12174.31,0,0.0
portfolio_delay15,2026-04-28,12174.31,0.0,12174.31,0,0.0
portfolio_delay15,2026-04-29,12174.31,0.0,12174.31,0,0.0
portfolio_delay15,2026-04-30,12174.31,0.0,12174.31,0,0.0
portfolio_delay15,2026-05-06,12174.31,0.0,12174.31,0,0.0
portfolio_delay15,2026-05-07,12174.31,0.0,12174.31,0,0.0
portfolio_delay15,2026-05-08,12174.31,0.0,12174.31,0,0.0
portfolio_delay15,2026-05-11,12174.31,0.0,12174.31,0,0.0
portfolio_delay15,2026-05-12,12174.31,0.0,12174.31,0,0.0
portfolio_delay15,2026-05-13,12174.31,0.0,12174.31,0,0.0
portfolio_delay15,2026-05-14,12174.31,0.0,12174.31,0,0.0
portfolio_delay15,2026-05-15,12174.31,0.0,12174.31,0,0.0
portfolio_delay15,2026-05-18,12174.31,0.0,12174.31,0,0.0
portfolio_delay15,2026-05-19,12174.31,0.0,12174.31,0,0.0
portfolio_delay15,2026-05-20,12174.31,0.0,12174.31,0,0.0
portfolio_delay15,2026-05-21,12174.31,0.0,12174.31,0,0.0
portfolio_delay15,2026-05-22,9252.28,2978.93,12231.21,1,24.355
portfolio_delay15,2026-05-25,9252.28,3096.65,12348.93,1,25.076
portfolio_delay15,2026-05-26,8277.54,3951.44,12228.98,1,32.312
portfolio_delay15,2026-05-27,4328.62,7670.56,11999.18,2,63.926
portfolio_delay15,2026-05-28,8054.98,4027.41,12082.39,1,33.333
portfolio_delay15,2026-05-29,8054.98,4193.4,12248.38,1,34.236
portfolio_delay15,2026-06-01,5136.35,6888.35,12024.7,2,57.285
portfolio_delay15,2026-06-02,5136.35,6980.1,12116.45,2,57.608
portfolio_delay15,2026-06-03,5136.35,6971.73,12108.08,2,57.579
portfolio_delay15,2026-06-04,5136.35,6978.54,12114.89,2,57.603
portfolio_delay15,2026-06-05,8516.23,3386.82,11903.05,1,28.453
portfolio_delay15,2026-06-08,8516.23,3205.26,11721.49,1,27.345
portfolio_delay15,2026-06-09,8516.23,3463.63,11979.87,1,28.912
portfolio_delay15,2026-06-10,8516.23,3344.92,11861.15,1,28.201
portfolio_delay15,2026-06-11,8516.23,3310.0,11826.24,1,27.989
portfolio_delay15,2026-06-12,8516.23,3207.25,11723.48,1,27.357
portfolio_delay15,2026-06-15,8516.23,3528.48,12044.71,1,29.295
portfolio_delay15,2026-06-16,8516.23,3818.77,12335.01,1,30.959
portfolio_delay15,2026-06-17,8516.23,4073.16,12589.39,1,32.354
portfolio_delay15,2026-06-18,8516.23,4172.92,12689.15,1,32.886
portfolio_delay15,2026-06-22,8516.23,4469.2,12985.44,1,34.417
portfolio_delay15,2026-06-23,8516.23,4692.66,13208.9,1,35.527
portfolio_delay15,2026-06-24,8516.23,4988.95,13505.18,1,36.941
portfolio_delay15,2026-06-25,8516.23,4973.98,13490.22,1,36.871
portfolio_delay15,2026-06-26,13466.74,0.0,13466.74,0,0.0
portfolio_delay15,2026-06-29,13466.74,0.0,13466.74,0,0.0
portfolio_delay15,2026-06-30,13466.74,0.0,13466.74,0,0.0
portfolio_delay15,2026-07-01,13466.74,0.0,13466.74,0,0.0
portfolio_delay15,2026-07-02,13466.74,0.0,13466.74,0,0.0
portfolio_delay15,2026-07-03,13466.74,0.0,13466.74,0,0.0
portfolio_delay15,2026-07-06,13466.74,0.0,13466.74,0,0.0
portfolio_delay15,2026-07-07,13466.74,0.0,13466.74,0,0.0
portfolio_delay15,2026-07-08,13466.74,0.0,13466.74,0,0.0
portfolio_delay15,2026-07-09,13466.74,0.0,13466.74,0,0.0
portfolio_delay15,2026-07-10,13466.74,0.0,13466.74,0,0.0
portfolio_delay15,2026-07-13,13466.74,0.0,13466.74,0,0.0
portfolio_delay15,2026-07-14,9366.49,4169.93,13536.42,1,30.805
portfolio_delay15,2026-07-15,13209.68,0.0,13209.68,0,0.0
portfolio_delay15,2026-07-16,9245.68,3872.0,13117.68,1,29.517
portfolio_delay15,2026-07-17,12961.06,0.0,12961.06,0,0.0
portfolio_delay15,2026-07-20,12961.06,0.0,12961.06,0,0.0
portfolio_delay15,2026-07-21,12961.06,0.0,12961.06,0,0.0
portfolio_delay15,2026-07-22,12961.06,0.0,12961.06,0,0.0
portfolio_delay15,2026-07-23,12961.06,0.0,12961.06,0,0.0
portfolio_delay15,2026-07-24,12961.06,0.0,12961.06,0,0.0
portfolio_delay15,2026-07-27,12961.06,0.0,12961.06,0,0.0
portfolio_delay15,2026-07-28,9986.06,2833.0,12819.06,1,22.1
portfolio_delay15,2026-07-29,12772.84,0.0,12772.84,0,0.0
portfolio_delay15,2026-07-30,9404.45,3360.0,12764.45,1,26.323
portfolio_delay15,2026-07-31,9404.45,3489.0,12893.45,1,27.06
portfolio_delay15,2026-08-03,9404.45,3310.0,12714.45,1,26.033
portfolio_delay15,2026-08-04,9404.45,3432.0,12836.45,1,26.736
portfolio_delay15,2026-08-05,12853.22,0.0,12853.22,0,0.0
portfolio_delay15,2026-08-06,12853.22,0.0,12853.22,0,0.0
portfolio_delay15,2026-08-07,9081.42,3800.0,12881.42,1,29.5
portfolio_delay15,2026-08-10,6135.46,6766.0,12901.46,2,52.444
portfolio_delay15,2026-08-11,6135.46,6734.0,12869.46,2,52.325
portfolio_delay15,2026-08-12,6135.46,6644.0,12779.46,2,51.99
portfolio_delay15,2026-08-13,6135.46,7198.0,13333.46,2,53.985
portfolio_delay15,2026-08-14,5457.67,7973.0,13430.67,2,59.364
portfolio_delay15,2026-08-17,5457.67,8181.0,13638.67,2,59.984
portfolio_delay15,2026-08-18,9331.8,4221.0,13552.8,1,31.145
portfolio_delay15,2026-08-19,6265.71,7220.0,13485.71,2,53.538
portfolio_delay15,2026-08-20,2729.15,11191.0,13920.15,3,80.394
portfolio_delay15,2026-08-21,5815.48,8587.0,14402.48,2,59.622
portfolio_delay15,2026-08-24,10635.18,3449.0,14084.18,1,24.488
portfolio_delay15,2026-08-25,10635.18,3510.0,14145.18,1,24.814
portfolio_delay15,2026-08-26,10635.18,3490.0,14125.18,1,24.708
portfolio_delay15,2026-08-27,10635.18,3643.0,14278.18,1,25.514
portfolio_delay15,2026-08-28,10635.18,3589.0,14224.18,1,25.232
portfolio_delay15,2026-08-31,10635.18,3895.0,14530.18,1,26.806
portfolio_delay15,2026-09-01,10635.18,3832.0,14467.18,1,26.488
portfolio_delay15,2026-09-02,10635.18,3799.0,14434.18,1,26.319
portfolio_delay15,2026-09-03,10635.18,3813.0,14448.18,1,26.391
portfolio_delay15,2026-09-04,14301.63,0.0,14301.63,0,0.0
portfolio_delay15,2026-09-07,9786.08,4448.0,14234.08,1,31.249
portfolio_delay15,2026-09-08,9786.08,4420.0,14206.08,1,31.113
portfolio_delay15,2026-09-09,9786.08,4388.0,14174.08,1,30.958
portfolio_delay15,2026-09-10,9786.08,4430.0,14216.08,1,31.162
portfolio_delay15,2026-09-11,10532.16,3459.0,13991.16,1,24.723
portfolio_delay15,2026-09-14,7133.74,6848.0,13981.74,2,48.978
portfolio_100k,2023-09-14,100000.0,0.0,100000.0,0,0.0
portfolio_100k,2023-09-15,100000.0,0.0,100000.0,0,0.0
portfolio_100k,2023-09-18,100000.0,0.0,100000.0,0,0.0
portfolio_100k,2023-09-19,100000.0,0.0,100000.0,0,0.0
portfolio_100k,2023-09-20,100000.0,0.0,100000.0,0,0.0
portfolio_100k,2023-09-21,100000.0,0.0,100000.0,0,0.0
portfolio_100k,2023-09-22,35545.18,64832.22,100377.4,2,64.588
portfolio_100k,2023-09-25,35545.18,64911.36,100456.54,2,64.616
portfolio_100k,2023-09-26,35545.18,64385.27,99930.45,2,64.43
portfolio_100k,2023-09-27,35545.18,64017.8,99562.98,2,64.299
portfolio_100k,2023-09-28,35545.18,63709.4,99254.58,2,64.188
portfolio_100k,2023-10-09,65720.0,31951.49,97671.49,1,32.713
portfolio_100k,2023-10-10,65720.0,31704.87,97424.87,1,32.543
portfolio_100k,2023-10-11,65720.0,31540.45,97260.45,1,32.429
portfolio_100k,2023-10-12,65720.0,32143.31,97863.31,1,32.845
portfolio_100k,2023-10-13,65720.0,31211.62,96931.62,1,32.2
portfolio_100k,2023-10-16,65720.0,31239.02,96959.02,1,32.219
portfolio_100k,2023-10-17,65720.0,31321.23,97041.23,1,32.276
portfolio_100k,2023-10-18,65720.0,30773.18,96493.18,1,31.892
portfolio_100k,2023-10-19,65720.0,30471.75,96191.75,1,31.678
portfolio_100k,2023-10-20,96029.59,0.0,96029.59,0,0.0
portfolio_100k,2023-10-23,96029.59,0.0,96029.59,0,0.0
portfolio_100k,2023-10-24,96029.59,0.0,96029.59,0,0.0
portfolio_100k,2023-10-25,96029.59,0.0,96029.59,0,0.0
portfolio_100k,2023-10-26,96029.59,0.0,96029.59,0,0.0
portfolio_100k,2023-10-27,96029.59,0.0,96029.59,0,0.0
portfolio_100k,2023-10-30,96029.59,0.0,96029.59,0,0.0
portfolio_100k,2023-10-31,96029.59,0.0,96029.59,0,0.0
portfolio_100k,2023-11-01,96029.59,0.0,96029.59,0,0.0
portfolio_100k,2023-11-02,96029.59,0.0,96029.59,0,0.0
portfolio_100k,2023-11-03,96029.59,0.0,96029.59,0,0.0
portfolio_100k,2023-11-06,96029.59,0.0,96029.59,0,0.0
portfolio_100k,2023-11-07,96029.59,0.0,96029.59,0,0.0
portfolio_100k,2023-11-08,96029.59,0.0,96029.59,0,0.0
portfolio_100k,2023-11-09,96029.59,0.0,96029.59,0,0.0
portfolio_100k,2023-11-10,65999.01,29835.62,95834.63,1,31.132
portfolio_100k,2023-11-13,65999.01,30270.82,96269.83,1,31.444
portfolio_100k,2023-11-14,65999.01,30125.75,96124.77,1,31.34
portfolio_100k,2023-11-15,65999.01,30041.13,96040.14,1,31.28
portfolio_100k,2023-11-16,65999.01,30041.13,96040.14,1,31.28
portfolio_100k,2023-11-17,65999.01,29714.73,95713.74,1,31.045
portfolio_100k,2023-11-20,65999.01,29883.97,95882.99,1,31.167
portfolio_100k,2023-11-21,65999.01,30174.11,96173.12,1,31.375
portfolio_100k,2023-11-22,65999.01,29098.19,95097.2,1,30.598
portfolio_100k,2023-11-23,65999.01,30162.02,96161.03,1,31.366
portfolio_100k,2023-11-24,65999.01,29618.02,95617.03,1,30.976
portfolio_100k,2023-11-27,65999.01,29412.5,95411.52,1,30.827
portfolio_100k,2023-11-28,65999.01,29811.44,95810.45,1,31.115
portfolio_100k,2023-11-29,65999.01,29871.88,95870.9,1,31.158
portfolio_100k,2023-11-30,65999.01,29436.68,95435.69,1,30.845
portfolio_100k,2023-12-01,65999.01,29593.84,95592.85,1,30.958
portfolio_100k,2023-12-04,65999.01,29291.61,95290.63,1,30.739
portfolio_100k,2023-12-05,65999.01,28469.56,94468.57,1,30.137
portfolio_100k,2023-12-06,35498.56,59293.54,94792.1,2,62.551
portfolio_100k,2023-12-07,35498.56,59444.2,94942.76,2,62.611
portfolio_100k,2023-12-08,63671.91,32708.69,96380.6,1,33.937
portfolio_100k,2023-12-11,63671.91,32624.97,96296.88,1,33.88
portfolio_100k,2023-12-12,63671.91,32736.6,96408.51,1,33.956
portfolio_100k,2023-12-13,63671.91,32108.66,95780.57,1,33.523
portfolio_100k,2023-12-14,63671.91,31717.94,95389.85,1,33.251
portfolio_100k,2023-12-15,95032.64,0.0,95032.64,0,0.0
portfolio_100k,2023-12-18,95032.64,0.0,95032.64,0,0.0
portfolio_100k,2023-12-19,95032.64,0.0,95032.64,0,0.0
portfolio_100k,2023-12-20,95032.64,0.0,95032.64,0,0.0
portfolio_100k,2023-12-21,95032.64,0.0,95032.64,0,0.0
portfolio_100k,2023-12-22,95032.64,0.0,95032.64,0,0.0
portfolio_100k,2023-12-25,64727.79,30992.32,95720.12,1,32.378
portfolio_100k,2023-12-26,64727.79,30476.02,95203.81,1,32.011
portfolio_100k,2023-12-27,64727.79,32066.8,96794.59,1,33.129
portfolio_100k,2023-12-28,64727.79,32066.8,96794.59,1,33.129
portfolio_100k,2023-12-29,64727.79,32262.16,96989.95,1,33.263
portfolio_100k,2024-01-02,64727.79,32094.71,96822.5,1,33.148
portfolio_100k,2024-01-03,95892.87,0.0,95892.87,0,0.0
portfolio_100k,2024-01-04,95892.87,0.0,95892.87,0,0.0
portfolio_100k,2024-01-05,65825.54,29373.63,95199.18,1,30.855
portfolio_100k,2024-01-08,65825.54,28313.11,94138.66,1,30.076
portfolio_100k,2024-01-09,65825.54,29024.78,94850.32,1,30.601
portfolio_100k,2024-01-10,94041.82,0.0,94041.82,0,0.0
portfolio_100k,2024-01-11,94041.82,0.0,94041.82,0,0.0
portfolio_100k,2024-01-12,94041.82,0.0,94041.82,0,0.0
portfolio_100k,2024-01-15,94041.82,0.0,94041.82,0,0.0
portfolio_100k,2024-01-16,94041.82,0.0,94041.82,0,0.0
portfolio_100k,2024-01-17,94041.82,0.0,94041.82,0,0.0
portfolio_100k,2024-01-18,94041.82,0.0,94041.82,0,0.0
portfolio_100k,2024-01-19,94041.82,0.0,94041.82,0,0.0
portfolio_100k,2024-01-22,94041.82,0.0,94041.82,0,0.0
portfolio_100k,2024-01-23,94041.82,0.0,94041.82,0,0.0
portfolio_100k,2024-01-24,94041.82,0.0,94041.82,0,0.0
portfolio_100k,2024-01-25,94041.82,0.0,94041.82,0,0.0
portfolio_100k,2024-01-26,94041.82,0.0,94041.82,0,0.0
portfolio_100k,2024-01-29,94041.82,0.0,94041.82,0,0.0
portfolio_100k,2024-01-30,94041.82,0.0,94041.82,0,0.0
portfolio_100k,2024-01-31,94041.82,0.0,94041.82,0,0.0
portfolio_100k,2024-02-01,94041.82,0.0,94041.82,0,0.0
portfolio_100k,2024-02-02,94041.82,0.0,94041.82,0,0.0
portfolio_100k,2024-02-05,94041.82,0.0,94041.82,0,0.0
portfolio_100k,2024-02-06,94041.82,0.0,94041.82,0,0.0
portfolio_100k,2024-02-07,94041.82,0.0,94041.82,0,0.0
portfolio_100k,2024-02-08,94041.82,0.0,94041.82,0,0.0
portfolio_100k,2024-02-19,94041.82,0.0,94041.82,0,0.0
portfolio_100k,2024-02-20,94041.82,0.0,94041.82,0,0.0
portfolio_100k,2024-02-21,94041.82,0.0,94041.82,0,0.0
portfolio_100k,2024-02-22,94041.82,0.0,94041.82,0,0.0
portfolio_100k,2024-02-23,94041.82,0.0,94041.82,0,0.0
portfolio_100k,2024-02-26,94041.82,0.0,94041.82,0,0.0
portfolio_100k,2024-02-27,94041.82,0.0,94041.82,0,0.0
portfolio_100k,2024-02-28,94041.82,0.0,94041.82,0,0.0
portfolio_100k,2024-02-29,94041.82,0.0,94041.82,0,0.0
portfolio_100k,2024-03-01,94041.82,0.0,94041.82,0,0.0
portfolio_100k,2024-03-04,94041.82,0.0,94041.82,0,0.0
portfolio_100k,2024-03-05,94041.82,0.0,94041.82,0,0.0
portfolio_100k,2024-03-06,94041.82,0.0,94041.82,0,0.0
portfolio_100k,2024-03-07,94041.82,0.0,94041.82,0,0.0
portfolio_100k,2024-03-08,94041.82,0.0,94041.82,0,0.0
portfolio_100k,2024-03-11,94041.82,0.0,94041.82,0,0.0
portfolio_100k,2024-03-12,94041.82,0.0,94041.82,0,0.0
portfolio_100k,2024-03-13,94041.82,0.0,94041.82,0,0.0
portfolio_100k,2024-03-14,64100.35,29646.65,93747.0,1,31.624
portfolio_100k,2024-03-15,34249.83,60100.09,94349.92,2,63.699
portfolio_100k,2024-03-18,34249.83,63534.79,97784.62,2,64.974
portfolio_100k,2024-03-19,34249.83,63677.21,97927.04,2,65.025
portfolio_100k,2024-03-20,34249.83,63228.18,97478.01,2,64.864
portfolio_100k,2024-03-21,34249.83,62531.44,96781.28,2,64.611
portfolio_100k,2024-03-22,66071.75,29350.96,95422.71,1,30.759
portfolio_100k,2024-03-25,66071.75,28528.15,94599.91,1,30.157
portfolio_100k,2024-03-26,94167.24,0.0,94167.24,0,0.0
portfolio_100k,2024-03-27,31676.16,60537.5,92213.66,3,65.649
portfolio_100k,2024-03-28,4018.87,90230.44,94249.32,4,95.736
portfolio_100k,2024-03-29,4018.87,89686.11,93704.99,4,95.711
portfolio_100k,2024-04-01,4018.87,91582.99,95601.87,4,95.796
portfolio_100k,2024-04-02,4018.87,89646.21,93665.09,4,95.709
portfolio_100k,2024-04-03,30070.56,61101.27,91171.83,4,67.018
portfolio_100k,2024-04-08,30070.56,60256.58,90327.14,4,66.709
portfolio_100k,2024-04-09,2660.47,87820.82,90481.29,4,97.06
portfolio_100k,2024-04-10,30583.75,57336.39,87920.13,2,65.214
portfolio_100k,2024-04-11,2787.98,85672.88,88460.86,3,96.848
portfolio_100k,2024-04-12,2787.98,88259.99,91047.97,3,96.938
portfolio_100k,2024-04-15,2787.98,89616.63,92404.61,3,96.983
portfolio_100k,2024-04-16,2787.98,86672.73,89460.71,3,96.884
portfolio_100k,2024-04-17,2787.98,89524.11,92312.09,3,96.98
portfolio_100k,2024-04-18,2787.98,90276.95,93064.94,3,97.004
portfolio_100k,2024-04-19,59049.83,31464.61,90514.44,1,34.762
portfolio_100k,2024-04-22,60688.51,28689.79,89378.3,1,32.099
portfolio_100k,2024-04-23,33270.74,55259.96,88530.71,2,62.419
portfolio_100k,2024-04-24,26980.42,64663.79,91644.21,3,70.56
portfolio_100k,2024-04-25,26980.42,64591.77,91572.18,3,70.536
portfolio_100k,2024-04-26,26980.42,68826.7,95807.12,3,71.839
portfolio_100k,2024-04-29,26980.42,68222.78,95203.19,3,71.66
portfolio_100k,2024-04-30,26980.42,66990.76,93971.18,3,71.289
portfolio_100k,2024-05-06,60986.46,32597.24,93583.69,1,34.832
portfolio_100k,2024-05-07,60986.46,33332.71,94319.17,1,35.34
portfolio_100k,2024-05-08,30848.13,62290.03,93138.15,2,66.879
portfolio_100k,2024-05-09,34435.72,59320.11,93755.83,2,63.271
portfolio_100k,2024-05-10,34435.72,60175.53,94611.25,2,63.603
portfolio_100k,2024-05-13,34435.72,59295.62,93731.34,2,63.261
portfolio_100k,2024-05-14,34435.72,59932.84,94368.56,2,63.509
portfolio_100k,2024-05-15,34435.72,59733.98,94169.7,2,63.432
portfolio_100k,2024-05-16,34435.72,59032.07,93467.79,2,63.158
portfolio_100k,2024-05-17,34435.72,59859.31,94295.03,2,63.481
portfolio_100k,2024-05-20,34435.72,63975.5,98411.22,2,65.008
portfolio_100k,2024-05-21,63312.83,32643.17,95956.0,1,34.019
portfolio_100k,2024-05-22,95249.55,0.0,95249.55,0,0.0
portfolio_100k,2024-05-23,31701.4,63335.37,95036.77,3,66.643
portfolio_100k,2024-05-24,31701.4,63792.04,95493.44,3,66.803
portfolio_100k,2024-05-27,31701.4,66324.16,98025.56,3,67.66
portfolio_100k,2024-05-28,31701.4,65612.49,97313.89,3,67.424
portfolio_100k,2024-05-29,51814.88,46457.37,98272.25,3,47.274
portfolio_100k,2024-05-30,51814.88,45567.25,97382.13,3,46.792
portfolio_100k,2024-05-31,51814.88,45141.2,96956.08,3,46.558
portfolio_100k,2024-06-03,63276.55,32956.21,96232.76,2,34.246
portfolio_100k,2024-06-04,47655.38,49770.86,97426.24,3,51.086
portfolio_100k,2024-06-05,47655.38,48596.54,96251.93,3,50.489
portfolio_100k,2024-06-06,47655.38,48895.26,96550.64,3,50.642
portfolio_100k,2024-06-07,46267.18,49904.64,96171.82,4,51.891
portfolio_100k,2024-06-11,46267.18,49566.23,95833.41,4,51.721
portfolio_100k,2024-06-12,46267.18,49556.31,95823.49,4,51.716
portfolio_100k,2024-06-13,46267.18,48973.31,95240.49,4,51.421
portfolio_100k,2024-06-14,46267.18,49571.33,95838.5,4,51.724
portfolio_100k,2024-06-17,46267.18,49610.9,95878.08,4,51.744
portfolio_100k,2024-06-18,46267.18,50407.38,96674.56,4,52.141
portfolio_100k,2024-06-19,46267.18,50815.3,97082.48,4,52.342
portfolio_100k,2024-06-20,46267.18,50677.53,96944.71,4,52.275
portfolio_100k,2024-06-21,46267.18,51275.69,97542.87,4,52.567
portfolio_100k,2024-06-24,22071.05,74039.61,96110.65,7,77.036
portfolio_100k,2024-06-25,27511.81,68227.73,95739.54,6,71.264
portfolio_100k,2024-06-26,29107.39,67478.06,96585.46,5,69.864
portfolio_100k,2024-06-27,46607.92,48327.61,94935.53,3,50.906
portfolio_100k,2024-06-28,46607.92,49772.55,96380.47,3,51.642
portfolio_100k,2024-07-01,46607.92,50433.68,97041.6,3,51.971
portfolio_100k,2024-07-02,46607.92,50351.6,96959.53,3,51.931
portfolio_100k,2024-07-03,46607.92,50566.44,97174.37,3,52.037
portfolio_100k,2024-07-04,17767.46,78958.87,96726.33,4,81.631
portfolio_100k,2024-07-05,44824.77,51091.74,95916.51,3,53.267
portfolio_100k,2024-07-08,44824.77,50943.98,95768.75,3,53.195
portfolio_100k,2024-07-09,51053.35,45083.8,96137.14,2,46.895
portfolio_100k,2024-07-10,51053.35,44674.4,95727.74,2,46.668
portfolio_100k,2024-07-11,51053.35,45440.22,96493.56,2,47.091
portfolio_100k,2024-07-12,40080.51,56214.85,96295.36,3,58.378
portfolio_100k,2024-07-15,40080.51,56124.43,96204.94,3,58.338
portfolio_100k,2024-07-16,40080.51,57230.93,97311.43,3,58.812
portfolio_100k,2024-07-17,40080.51,56539.59,96620.1,3,58.517
portfolio_100k,2024-07-18,40825.36,55404.11,96229.48,3,57.575
portfolio_100k,2024-07-19,40825.36,55929.34,96754.7,3,57.805
portfolio_100k,2024-07-22,40825.36,57164.97,97990.33,3,58.337
portfolio_100k,2024-07-23,44753.25,51718.76,96472.01,3,53.61
portfolio_100k,2024-07-24,44753.25,52203.5,96956.75,3,53.842
portfolio_100k,2024-07-25,64138.92,32787.61,96926.54,1,33.827
portfolio_100k,2024-07-26,64138.92,33303.46,97442.39,1,34.178
portfolio_100k,2024-07-29,32417.36,63246.74,95664.1,2,66.113
portfolio_100k,2024-07-30,64071.57,31013.19,95084.76,1,32.616
portfolio_100k,2024-07-31,64071.57,32238.68,96310.25,1,33.474
portfolio_100k,2024-08-01,64071.57,31946.23,96017.81,1,33.271
portfolio_100k,2024-08-02,33005.14,62184.0,95189.14,2,65.327
portfolio_100k,2024-08-05,62772.68,29971.01,92743.69,1,32.316
portfolio_100k,2024-08-06,91921.31,0.0,91921.31,0,0.0
portfolio_100k,2024-08-07,62672.49,29170.17,91842.66,1,31.761
portfolio_100k,2024-08-08,62672.49,29114.4,91786.89,1,31.72
portfolio_100k,2024-08-09,34623.65,57065.99,91689.64,2,62.238
portfolio_100k,2024-08-12,34623.65,56021.81,90645.46,2,61.803
portfolio_100k,2024-08-13,34623.65,56851.14,91474.79,2,62.15
portfolio_100k,2024-08-14,34623.65,56596.47,91220.12,2,62.044
portfolio_100k,2024-08-15,34623.65,56692.83,91316.48,2,62.084
portfolio_100k,2024-08-16,62071.28,27531.73,89603.01,1,30.726
portfolio_100k,2024-08-19,62071.28,27380.3,89451.58,1,30.609
portfolio_100k,2024-08-20,34386.12,54400.18,88786.3,2,61.271
portfolio_100k,2024-08-21,34386.12,53358.14,87744.26,2,60.811
portfolio_100k,2024-08-22,60366.33,27249.53,87615.86,1,31.101
portfolio_100k,2024-08-23,31667.77,56331.42,87999.18,2,64.014
portfolio_100k,2024-08-26,31667.77,55582.47,87250.24,2,63.705
portfolio_100k,2024-08-27,31667.77,55435.23,87102.99,2,63.643
portfolio_100k,2024-08-28,31667.77,55838.62,87506.38,2,63.811
portfolio_100k,2024-08-29,31667.77,56646.86,88314.62,2,64.142
portfolio_100k,2024-08-30,31667.77,55788.38,87456.15,2,63.79
portfolio_100k,2024-09-02,58596.31,27965.35,86561.66,1,32.307
portfolio_100k,2024-09-03,58596.31,28419.63,87015.94,1,32.66
portfolio_100k,2024-09-04,58596.31,28247.55,86843.86,1,32.527
portfolio_100k,2024-09-05,58596.31,28295.73,86892.04,1,32.564
portfolio_100k,2024-09-06,58596.31,28082.36,86678.67,1,32.398
portfolio_100k,2024-09-09,58596.31,27751.98,86348.29,1,32.14
portfolio_100k,2024-09-10,58596.31,27813.93,86410.24,1,32.188
portfolio_100k,2024-09-11,58596.31,27875.87,86472.18,1,32.237
portfolio_100k,2024-09-12,58596.31,27855.23,86451.54,1,32.221
portfolio_100k,2024-09-13,58596.31,27862.11,86458.42,1,32.226
portfolio_100k,2024-09-18,58596.31,27634.97,86231.28,1,32.048
portfolio_100k,2024-09-19,58596.31,26987.98,85584.29,1,31.534
portfolio_100k,2024-09-20,84918.92,0.0,84918.92,0,0.0
portfolio_100k,2024-09-23,84918.92,0.0,84918.92,0,0.0
portfolio_100k,2024-09-24,84918.92,0.0,84918.92,0,0.0
portfolio_100k,2024-09-25,84918.92,0.0,84918.92,0,0.0
portfolio_100k,2024-09-26,84918.92,0.0,84918.92,0,0.0
portfolio_100k,2024-09-27,84918.92,0.0,84918.92,0,0.0
portfolio_100k,2024-09-30,84918.92,0.0,84918.92,0,0.0
portfolio_100k,2024-10-08,84918.92,0.0,84918.92,0,0.0
portfolio_100k,2024-10-09,84918.92,0.0,84918.92,0,0.0
portfolio_100k,2024-10-10,18575.3,66787.25,85362.55,3,78.24
portfolio_100k,2024-10-11,16788.99,67114.04,83903.03,6,79.99
portfolio_100k,2024-10-14,7308.66,79391.92,86700.58,7,91.57
portfolio_100k,2024-10-15,24014.36,59661.34,83675.7,7,71.301
portfolio_100k,2024-10-16,14983.61,69174.54,84158.14,8,82.196
portfolio_100k,2024-10-17,14983.61,68812.78,83796.39,8,82.119
portfolio_100k,2024-10-18,14983.61,70728.55,85712.16,8,82.519
portfolio_100k,2024-10-21,14983.61,72084.76,87068.37,8,82.791
portfolio_100k,2024-10-22,17585.12,70211.35,87796.48,7,79.971
portfolio_100k,2024-10-23,15154.1,72370.71,87524.8,8,82.686
portfolio_100k,2024-10-24,25510.08,61377.07,86887.15,5,70.64
portfolio_100k,2024-10-25,25510.08,61730.15,87240.23,5,70.759
portfolio_100k,2024-10-28,25510.08,61440.63,86950.71,5,70.661
portfolio_100k,2024-10-29,25510.08,60869.11,86379.19,5,70.467
portfolio_100k,2024-10-30,27684.78,58060.94,85745.72,4,67.713
portfolio_100k,2024-10-31,314.45,84946.22,85260.68,5,99.631
portfolio_100k,2024-11-01,2771.73,83339.98,86111.71,4,96.781
portfolio_100k,2024-11-04,2771.73,84948.14,87719.88,4,96.84
portfolio_100k,2024-11-05,2771.73,86765.52,89537.25,4,96.904
portfolio_100k,2024-11-06,2771.73,86597.79,89369.53,4,96.899
portfolio_100k,2024-11-07,2771.73,87994.17,90765.91,4,96.946
portfolio_100k,2024-11-08,2771.73,88307.72,91079.45,4,96.957
portfolio_100k,2024-11-11,31676.79,59664.95,91341.74,3,65.321
portfolio_100k,2024-11-12,58996.65,30486.71,89483.35,2,34.07
portfolio_100k,2024-11-13,25836.09,64128.52,89964.6,4,71.282
portfolio_100k,2024-11-14,28606.89,59250.95,87857.84,3,67.44
portfolio_100k,2024-11-15,26526.59,59270.96,85797.55,4,69.082
portfolio_100k,2024-11-18,1393.23,82398.34,83791.58,6,98.337
portfolio_100k,2024-11-19,1393.23,84414.54,85807.78,6,98.376
portfolio_100k,2024-11-20,1393.23,84929.66,86322.89,6,98.386
portfolio_100k,2024-11-21,1393.23,84716.2,86109.43,6,98.382
portfolio_100k,2024-11-22,33580.09,49127.65,82707.74,4,59.399
portfolio_100k,2024-11-25,53047.27,28282.38,81329.65,2,34.775
portfolio_100k,2024-11-26,29440.8,51478.47,80919.27,3,63.617
portfolio_100k,2024-11-27,29440.8,52707.19,82147.99,3,64.161
portfolio_100k,2024-11-28,29440.8,51441.77,80882.57,3,63.601
portfolio_100k,2024-11-29,24334.03,56875.01,81209.03,4,70.035
portfolio_100k,2024-12-02,24334.03,58441.61,82775.64,4,70.602
portfolio_100k,2024-12-03,18710.03,64609.2,83319.23,5,77.544
portfolio_100k,2024-12-04,18710.03,63363.52,82073.55,5,77.203
portfolio_100k,2024-12-05,26094.8,55560.17,81654.97,4,68.043
portfolio_100k,2024-12-06,26094.8,55725.75,81820.55,4,68.107
portfolio_100k,2024-12-09,13813.87,67130.25,80944.12,5,82.934
portfolio_100k,2024-12-10,13813.87,67275.39,81089.26,5,82.965
portfolio_100k,2024-12-11,13813.87,68243.7,82057.57,5,83.166
portfolio_100k,2024-12-12,13813.87,68605.04,82418.91,5,83.239
portfolio_100k,2024-12-13,36949.09,44419.69,81368.79,4,54.591
portfolio_100k,2024-12-16,37624.96,43435.08,81060.03,4,53.584
portfolio_100k,2024-12-17,37624.96,43241.7,80866.66,4,53.473
portfolio_100k,2024-12-18,37624.96,43695.18,81320.14,4,53.732
portfolio_100k,2024-12-19,37624.96,46414.27,84039.22,4,55.229
portfolio_100k,2024-12-20,37624.96,45758.8,83383.76,4,54.877
portfolio_100k,2024-12-23,37624.96,45301.1,82926.05,4,54.628
portfolio_100k,2024-12-24,14413.61,69588.81,84002.41,5,82.841
portfolio_100k,2024-12-25,41168.8,41409.01,82577.81,3,50.145
portfolio_100k,2024-12-26,41168.8,43179.2,84348.0,3,51.192
portfolio_100k,2024-12-27,41168.8,42539.37,83708.18,3,50.819
portfolio_100k,2024-12-30,41168.8,42585.7,83754.51,3,50.846
portfolio_100k,2024-12-31,70303.77,11843.98,82147.75,1,14.418
portfolio_100k,2025-01-02,21310.05,58111.51,79421.56,3,73.168
portfolio_100k,2025-01-03,78087.16,0.0,78087.16,0,0.0
portfolio_100k,2025-01-06,78087.16,0.0,78087.16,0,0.0
portfolio_100k,2025-01-07,53343.05,24868.52,78211.57,1,31.796
portfolio_100k,2025-01-08,53343.05,24432.96,77776.01,1,31.415
portfolio_100k,2025-01-09,53343.05,24432.96,77776.01,1,31.415
portfolio_100k,2025-01-10,53343.05,24038.88,77381.93,1,31.065
portfolio_100k,2025-01-13,53343.05,23675.91,77018.96,1,30.74
portfolio_100k,2025-01-14,53343.05,24692.22,78035.27,1,31.642
portfolio_100k,2025-01-15,53343.05,24059.62,77402.67,1,31.084
portfolio_100k,2025-01-16,53343.05,23841.84,77184.89,1,30.889
portfolio_100k,2025-01-17,53343.05,24837.41,78180.46,1,31.769
portfolio_100k,2025-01-20,53343.05,25563.34,78906.4,1,32.397
portfolio_100k,2025-01-21,53343.05,25760.38,79103.44,1,32.565
portfolio_100k,2025-01-22,53343.05,25978.17,79321.22,1,32.751
portfolio_100k,2025-01-23,53343.05,25511.49,78854.55,1,32.353
portfolio_100k,2025-01-24,42890.97,37043.54,79934.51,2,46.342
portfolio_100k,2025-01-27,42890.97,35768.77,78659.75,2,45.473
portfolio_100k,2025-02-05,42890.97,35932.12,78823.09,2,45.586
portfolio_100k,2025-02-06,42890.97,37025.42,79916.39,2,46.33
portfolio_100k,2025-02-07,42890.97,39070.78,81961.75,2,47.67
portfolio_100k,2025-02-10,42890.97,38500.14,81391.12,2,47.303
portfolio_100k,2025-02-11,42890.97,38676.44,81567.42,2,47.417
portfolio_100k,2025-02-12,42890.97,39000.42,81891.4,2,47.625
portfolio_100k,2025-02-13,69606.89,11371.57,80978.46,1,14.043
portfolio_100k,2025-02-14,69606.89,12091.74,81698.63,1,14.8
portfolio_100k,2025-02-17,69606.89,12330.47,81937.37,1,15.049
portfolio_100k,2025-02-18,54939.67,26983.37,81923.04,1,32.937
portfolio_100k,2025-02-19,54939.67,27204.09,82143.77,1,33.118
portfolio_100k,2025-02-20,54939.67,27783.49,82723.16,1,33.586
portfolio_100k,2025-02-21,54939.67,26845.42,81785.09,1,32.824
portfolio_100k,2025-02-24,54939.67,27121.32,82060.99,1,33.05
portfolio_100k,2025-02-25,54939.67,26790.24,81729.91,1,32.779
portfolio_100k,2025-02-26,54939.67,26459.16,81398.83,1,32.506
portfolio_100k,2025-02-27,54939.67,25893.55,80833.22,1,32.033
portfolio_100k,2025-02-28,28252.95,50492.89,78745.84,3,64.121
portfolio_100k,2025-03-03,28252.95,50485.86,78738.81,3,64.118
portfolio_100k,2025-03-04,28252.95,51077.51,79330.46,3,64.386
portfolio_100k,2025-03-05,15967.11,64036.17,80003.28,4,80.042
portfolio_100k,2025-03-06,15967.11,65708.91,81676.01,4,80.451
portfolio_100k,2025-03-07,15967.11,65049.4,81016.5,4,80.292
portfolio_100k,2025-03-10,15967.11,64130.78,80097.88,4,80.066
portfolio_100k,2025-03-11,14124.51,65696.76,79821.27,5,82.305
portfolio_100k,2025-03-12,14124.51,66458.18,80582.69,5,82.472
portfolio_100k,2025-03-13,36764.61,42037.79,78802.39,4,53.346
portfolio_100k,2025-03-14,36764.61,43037.52,79802.13,4,53.93
portfolio_100k,2025-03-17,22177.31,57236.31,79413.62,5,72.074
portfolio_100k,2025-03-18,22177.31,58031.73,80209.03,5,72.351
portfolio_100k,2025-03-19,22177.31,57289.91,79467.22,5,72.093
portfolio_100k,2025-03-20,22177.31,57086.53,79263.84,5,72.021
portfolio_100k,2025-03-21,35861.61,42092.66,77954.27,4,53.997
portfolio_100k,2025-03-24,38919.98,39670.63,78590.61,3,50.478
portfolio_100k,2025-03-25,38919.98,39481.01,78401.0,3,50.358
portfolio_100k,2025-03-26,40940.92,36989.98,77930.89,2,47.465
portfolio_100k,2025-03-27,54064.29,23333.68,77397.97,1,30.148
portfolio_100k,2025-03-28,54064.29,23107.42,77171.71,1,29.943
portfolio_100k,2025-03-31,76894.06,0.0,76894.06,0,0.0
portfolio_100k,2025-04-01,51803.51,25136.31,76939.82,1,32.67
portfolio_100k,2025-04-02,51803.51,25039.63,76843.14,1,32.585
portfolio_100k,2025-04-03,51803.51,24614.24,76417.76,1,32.21
portfolio_100k,2025-04-07,73961.76,0.0,73961.76,0,0.0
portfolio_100k,2025-04-08,51301.26,23054.7,74355.96,1,31.006
portfolio_100k,2025-04-09,51301.26,23976.02,75277.28,1,31.85
portfolio_100k,2025-04-10,51301.26,25872.86,77174.12,1,33.525
portfolio_100k,2025-04-11,51301.26,27856.41,79157.67,1,35.191
portfolio_100k,2025-04-14,51301.26,29904.99,81206.25,1,36.826
portfolio_100k,2025-04-15,51301.26,30035.06,81336.32,1,36.927
portfolio_100k,2025-04-16,51301.26,32463.01,83764.27,1,38.755
portfolio_100k,2025-04-17,83836.92,0.0,83836.92,0,0.0
portfolio_100k,2025-04-18,83836.92,0.0,83836.92,0,0.0
portfolio_100k,2025-04-21,83836.92,0.0,83836.92,0,0.0
portfolio_100k,2025-04-22,83836.92,0.0,83836.92,0,0.0
portfolio_100k,2025-04-23,83836.92,0.0,83836.92,0,0.0
portfolio_100k,2025-04-24,58752.31,24520.93,83273.24,1,29.446
portfolio_100k,2025-04-25,58752.31,24033.17,82785.49,1,29.031
portfolio_100k,2025-04-28,82070.4,0.0,82070.4,0,0.0
portfolio_100k,2025-04-29,82070.4,0.0,82070.4,0,0.0
portfolio_100k,2025-04-30,82070.4,0.0,82070.4,0,0.0
portfolio_100k,2025-05-06,82070.4,0.0,82070.4,0,0.0
portfolio_100k,2025-05-07,82070.4,0.0,82070.4,0,0.0
portfolio_100k,2025-05-08,55047.1,26269.96,81317.06,1,32.306
portfolio_100k,2025-05-09,55047.1,26476.89,81523.99,1,32.477
portfolio_100k,2025-05-12,80402.42,0.0,80402.42,0,0.0
portfolio_100k,2025-05-13,80402.42,0.0,80402.42,0,0.0
portfolio_100k,2025-05-14,54464.39,25944.79,80409.18,1,32.266
portfolio_100k,2025-05-15,54464.39,25698.45,80162.84,1,32.058
portfolio_100k,2025-05-16,54464.39,25659.03,80123.43,1,32.024
portfolio_100k,2025-05-19,54464.39,25649.18,80113.57,1,32.016
portfolio_100k,2025-05-20,31537.04,49464.56,81001.59,2,61.066
portfolio_100k,2025-05-21,31537.04,51205.5,82742.54,2,61.885
portfolio_100k,2025-05-22,31537.04,50949.74,82486.77,2,61.767
portfolio_100k,2025-05-23,58193.59,23802.42,81996.01,1,29.029
portfolio_100k,2025-05-26,58193.59,23961.07,82154.66,1,29.166
portfolio_100k,2025-05-27,58193.59,23623.94,81817.53,1,28.874
portfolio_100k,2025-05-28,58193.59,23425.63,81619.21,1,28.701
portfolio_100k,2025-05-29,58193.59,23589.24,81782.82,1,28.844
portfolio_100k,2025-05-30,58193.59,23812.34,82005.92,1,29.037
portfolio_100k,2025-06-03,58193.59,24481.64,82675.23,1,29.612
portfolio_100k,2025-06-04,58193.59,24471.73,82665.31,1,29.603
portfolio_100k,2025-06-05,58193.59,24590.71,82784.3,1,29.705
portfolio_100k,2025-06-06,58193.59,24789.02,82982.61,1,29.873
portfolio_100k,2025-06-09,58193.59,27094.4,85287.99,1,31.768
portfolio_100k,2025-06-10,58193.59,26221.83,84415.42,1,31.063
portfolio_100k,2025-06-11,58193.59,26469.72,84663.31,1,31.265
portfolio_100k,2025-06-12,58193.59,26415.19,84608.77,1,31.22
portfolio_100k,2025-06-13,58193.59,27218.35,85411.94,1,31.867
portfolio_100k,2025-06-16,58193.59,27015.08,85208.67,1,31.705
portfolio_100k,2025-06-17,58193.59,27520.78,85714.36,1,32.108
portfolio_100k,2025-06-18,58193.59,27406.75,85600.33,1,32.017
portfolio_100k,2025-06-19,84367.46,0.0,84367.46,0,0.0
portfolio_100k,2025-06-20,57600.68,26604.99,84205.67,1,31.595
portfolio_100k,2025-06-23,57600.68,26417.77,84018.45,1,31.443
portfolio_100k,2025-06-24,57600.68,25225.47,82826.15,1,30.456
portfolio_100k,2025-06-25,82716.42,0.0,82716.42,0,0.0
portfolio_100k,2025-06-26,82716.42,0.0,82716.42,0,0.0
portfolio_100k,2025-06-27,82716.42,0.0,82716.42,0,0.0
portfolio_100k,2025-06-30,82716.42,0.0,82716.42,0,0.0
portfolio_100k,2025-07-01,82716.42,0.0,82716.42,0,0.0
portfolio_100k,2025-07-02,82716.42,0.0,82716.42,0,0.0
portfolio_100k,2025-07-03,82716.42,0.0,82716.42,0,0.0
portfolio_100k,2025-07-04,82716.42,0.0,82716.42,0,0.0
portfolio_100k,2025-07-07,28721.16,53865.13,82586.29,2,65.223
portfolio_100k,2025-07-08,28721.16,54572.08,83293.24,2,65.518
portfolio_100k,2025-07-09,28721.16,54128.81,82849.97,2,65.334
portfolio_100k,2025-07-10,28721.16,54258.16,82979.32,2,65.388
portfolio_100k,2025-07-11,28721.16,54538.85,83260.01,2,65.504
portfolio_100k,2025-07-14,28721.16,54697.07,83418.23,2,65.57
portfolio_100k,2025-07-15,28721.16,54135.76,82856.92,2,65.336
portfolio_100k,2025-07-16,28721.16,53769.08,82490.24,2,65.182
portfolio_100k,2025-07-17,28721.16,54316.55,83037.71,2,65.412
portfolio_100k,2025-07-18,28721.16,54258.82,82979.99,2,65.388
portfolio_100k,2025-07-21,28721.16,56039.47,84760.64,2,66.115
portfolio_100k,2025-07-22,23174.62,62499.05,85673.67,3,72.95
portfolio_100k,2025-07-23,23174.62,61627.2,84801.82,3,72.672
portfolio_100k,2025-07-24,23174.62,62569.89,85744.52,3,72.972
portfolio_100k,2025-07-25,23174.62,61792.6,84967.22,3,72.725
portfolio_100k,2025-07-28,23174.62,61896.67,85071.29,3,72.759
portfolio_100k,2025-07-29,23174.62,61765.31,84939.94,3,72.716
portfolio_100k,2025-07-30,29086.68,55683.71,84770.39,2,65.688
portfolio_100k,2025-07-31,56389.83,27531.92,83921.75,1,32.807
portfolio_100k,2025-08-01,31484.42,52617.97,84102.39,2,62.564
portfolio_100k,2025-08-04,28621.08,55606.52,84227.6,3,66.019
portfolio_100k,2025-08-05,31629.17,53641.93,85271.1,2,62.908
portfolio_100k,2025-08-06,31629.17,53549.21,85178.38,2,62.867
portfolio_100k,2025-08-07,31629.17,53496.24,85125.41,2,62.844
portfolio_100k,2025-08-08,31629.17,54390.92,86020.09,2,63.23
portfolio_100k,2025-08-11,31629.17,54765.28,86394.45,2,63.39
portfolio_100k,2025-08-12,31629.17,54947.52,86576.69,2,63.467
portfolio_100k,2025-08-13,31629.17,55497.59,87126.76,2,63.698
portfolio_100k,2025-08-14,31629.17,54894.56,86523.73,2,63.445
portfolio_100k,2025-08-15,31629.17,56895.91,88525.08,2,64.271
portfolio_100k,2025-08-18,31629.17,56445.09,88074.26,2,64.088
portfolio_100k,2025-08-19,31629.17,56431.75,88060.92,2,64.083
portfolio_100k,2025-08-20,31629.17,56610.8,88239.97,2,64.156
portfolio_100k,2025-08-21,31629.17,56113.83,87743.0,2,63.952
portfolio_100k,2025-08-22,31629.17,56537.95,88167.12,2,64.126
portfolio_100k,2025-08-25,31629.17,58459.79,90088.96,2,64.891
portfolio_100k,2025-08-26,31629.17,59221.99,90851.16,2,65.186
portfolio_100k,2025-08-27,31629.17,57903.05,89532.22,2,64.673
portfolio_100k,2025-08-28,31629.17,59069.21,90698.38,2,65.127
portfolio_100k,2025-08-29,57252.01,32282.91,89534.93,1,36.056
portfolio_100k,2025-09-01,57252.01,32084.12,89336.14,1,35.914
portfolio_100k,2025-09-02,30013.45,58197.0,88210.45,2,65.975
portfolio_100k,2025-09-03,60739.3,26827.19,87566.49,1,30.636
portfolio_100k,2025-09-04,57966.09,27014.17,84980.26,1,31.789
portfolio_100k,2025-09-05,57121.83,28956.56,86078.39,1,33.64
portfolio_100k,2025-09-08,35741.09,51267.96,87009.05,2,58.923
portfolio_100k,2025-09-09,29484.73,56132.38,85617.11,3,65.562
portfolio_100k,2025-09-10,29484.73,56901.02,86385.75,3,65.869
portfolio_100k,2025-09-11,29484.73,59976.98,89461.72,3,67.042
portfolio_100k,2025-09-12,29484.73,60199.1,89683.83,3,67.124
portfolio_100k,2025-09-15,51467.99,37445.92,88913.91,2,42.115
portfolio_100k,2025-09-16,24301.34,64912.44,89213.78,3,72.761
portfolio_100k,2025-09-17,24301.34,64920.33,89221.67,3,72.763
portfolio_100k,2025-09-18,21551.76,67972.9,89524.66,4,75.926
portfolio_100k,2025-09-19,21551.76,67717.13,89268.88,4,75.857
portfolio_100k,2025-09-22,11072.26,79575.37,90647.63,5,87.785
portfolio_100k,2025-09-23,47653.0,40380.09,88033.09,3,45.869
portfolio_100k,2025-09-24,47653.0,41611.13,89264.13,3,46.616
portfolio_100k,2025-09-25,47653.0,42024.88,89677.88,3,46.862
portfolio_100k,2025-09-26,47653.0,41883.63,89536.63,3,46.778
portfolio_100k,2025-09-29,33585.89,56019.86,89605.75,4,62.518
portfolio_100k,2025-09-30,33585.89,57144.66,90730.55,4,62.983
portfolio_100k,2025-10-09,33585.89,59682.54,93268.43,4,63.99
portfolio_100k,2025-10-10,37215.75,53744.05,90959.8,3,59.085
portfolio_100k,2025-10-13,36980.41,52513.41,89493.82,2,58.678
portfolio_100k,2025-10-14,36980.41,49618.78,86599.19,2,57.297
portfolio_100k,2025-10-15,12474.49,76103.44,88577.93,5,85.917
portfolio_100k,2025-10-16,12474.49,74843.71,87318.2,5,85.714
portfolio_100k,2025-10-17,22850.68,60128.95,82979.62,5,72.462
portfolio_100k,2025-10-20,22105.29,61697.55,83802.84,6,73.622
portfolio_100k,2025-10-21,19165.12,66196.0,85361.12,7,77.548
portfolio_100k,2025-10-22,958.38,82669.31,83627.69,7,98.854
portfolio_100k,2025-10-23,38212.87,44700.74,82913.61,5,53.912
portfolio_100k,2025-10-24,38212.87,45706.01,83918.88,5,54.465
portfolio_100k,2025-10-27,38212.87,46135.44,84348.31,5,54.696
portfolio_100k,2025-10-28,38212.87,44749.51,82962.37,5,53.94
portfolio_100k,2025-10-29,26697.47,57326.27,84023.74,6,68.226
portfolio_100k,2025-10-30,26697.47,56682.6,83380.07,6,67.981
portfolio_100k,2025-10-31,26697.47,55843.78,82541.25,6,67.656
portfolio_100k,2025-11-03,1739.17,81906.56,83645.73,7,97.921
portfolio_100k,2025-11-04,21336.53,60222.42,81558.95,6,73.839
portfolio_100k,2025-11-05,37008.58,45155.79,82164.37,5,54.958
portfolio_100k,2025-11-06,23484.02,59925.05,83409.06,6,71.845
portfolio_100k,2025-11-07,44890.29,37050.84,81941.13,5,45.216
portfolio_100k,2025-11-10,44890.29,37425.17,82315.46,5,45.466
portfolio_100k,2025-11-11,24325.8,57185.68,81511.48,6,70.157
portfolio_100k,2025-11-12,27541.76,53347.83,80889.58,5,65.951
portfolio_100k,2025-11-13,27541.76,54396.13,81937.89,5,66.387
portfolio_100k,2025-11-14,26161.05,54373.56,80534.6,5,67.516
portfolio_100k,2025-11-17,37998.14,41658.08,79656.22,4,52.297
portfolio_100k,2025-11-18,38927.73,40414.15,79341.88,3,50.937
portfolio_100k,2025-11-19,58225.55,20951.68,79177.23,2,26.462
portfolio_100k,2025-11-20,58225.55,20747.08,78972.63,2,26.271
portfolio_100k,2025-11-21,78089.45,0.0,78089.45,0,0.0
portfolio_100k,2025-11-24,52488.79,25514.94,78003.73,1,32.71
portfolio_100k,2025-11-25,52488.79,25407.96,77896.75,1,32.617
portfolio_100k,2025-11-26,52488.79,25247.49,77736.28,1,32.478
portfolio_100k,2025-11-27,52488.79,25300.98,77789.77,1,32.525
portfolio_100k,2025-11-28,52488.79,25247.49,77736.28,1,32.478
portfolio_100k,2025-12-01,52488.79,25728.9,78217.7,1,32.894
portfolio_100k,2025-12-02,52488.79,25407.96,77896.75,1,32.617
portfolio_100k,2025-12-03,52488.79,26424.28,78913.07,1,33.485
portfolio_100k,2025-12-04,52488.79,26263.81,78752.6,1,33.35
portfolio_100k,2025-12-05,52488.79,28510.41,80999.2,1,35.198
portfolio_100k,2025-12-08,52488.79,27922.01,80410.8,1,34.724
portfolio_100k,2025-12-09,79179.75,0.0,79179.75,0,0.0
portfolio_100k,2025-12-10,79179.75,0.0,79179.75,0,0.0
portfolio_100k,2025-12-11,53479.37,25513.1,78992.47,1,32.298
portfolio_100k,2025-12-12,53479.37,25840.19,79319.56,1,32.577
portfolio_100k,2025-12-15,53479.37,25240.52,78719.89,1,32.064
portfolio_100k,2025-12-16,53479.37,25076.97,78556.34,1,31.922
portfolio_100k,2025-12-17,53479.37,25513.09,78992.47,1,32.298
portfolio_100k,2025-12-18,53479.37,25404.06,78883.44,1,32.205
portfolio_100k,2025-12-19,53479.37,26112.76,79592.13,1,32.808
portfolio_100k,2025-12-22,53479.37,26276.31,79755.68,1,32.946
portfolio_100k,2025-12-23,53479.37,27366.61,80845.98,1,33.85
portfolio_100k,2025-12-24,53479.37,27530.16,81009.53,1,33.984
portfolio_100k,2025-12-25,53479.37,27312.1,80791.47,1,33.806
portfolio_100k,2025-12-26,29881.55,52722.4,82603.96,2,63.826
portfolio_100k,2025-12-29,29881.55,51898.65,81780.2,2,63.461
portfolio_100k,2025-12-30,24963.59,57189.01,82152.59,3,69.613
portfolio_100k,2025-12-31,24963.59,57676.16,82639.75,3,69.792
portfolio_100k,2026-01-05,24963.59,58576.89,83540.48,3,70.118
portfolio_100k,2026-01-06,24963.59,59410.07,84373.66,3,70.413
portfolio_100k,2026-01-07,24963.59,60438.6,85402.18,3,70.769
portfolio_100k,2026-01-08,24963.59,59737.99,84701.58,3,70.528
portfolio_100k,2026-01-09,24963.59,60675.61,85639.19,3,70.85
portfolio_100k,2026-01-12,24963.59,60442.72,85406.31,3,70.771
portfolio_100k,2026-01-13,24963.59,59540.21,84503.79,3,70.459
portfolio_100k,2026-01-14,24963.59,60531.83,85495.42,3,70.801
portfolio_100k,2026-01-15,24963.59,60607.04,85570.63,3,70.827
portfolio_100k,2026-01-16,24963.59,61547.37,86510.96,3,71.144
portfolio_100k,2026-01-19,24963.59,63748.26,88711.84,3,71.86
portfolio_100k,2026-01-20,24963.59,66331.01,91294.6,3,72.656
portfolio_100k,2026-01-21,24963.59,65987.31,90950.9,3,72.553
portfolio_100k,2026-01-22,26043.2,64083.74,90126.94,3,71.104
portfolio_100k,2026-01-23,26043.2,66959.67,93002.87,3,71.997
portfolio_100k,2026-01-26,26043.2,71667.2,97710.4,3,73.347
portfolio_100k,2026-01-27,15885.32,81462.01,97347.33,4,83.682
portfolio_100k,2026-01-28,15885.32,86346.93,102232.25,4,84.462
portfolio_100k,2026-01-29,96157.46,4412.22,100569.69,1,4.387
portfolio_100k,2026-01-30,66133.2,34371.19,100504.39,2,34.199
portfolio_100k,2026-02-02,30771.29,66083.71,96855.0,5,68.23
portfolio_100k,2026-02-03,15772.14,83645.66,99417.81,6,84.135
portfolio_100k,2026-02-04,15772.14,82275.73,98047.88,6,83.914
portfolio_100k,2026-02-05,39011.19,55180.76,94191.95,5,58.583
portfolio_100k,2026-02-06,81212.65,10816.61,92029.26,3,11.753
portfolio_100k,2026-02-09,81212.65,11228.25,92440.9,3,12.146
portfolio_100k,2026-02-10,52066.57,40157.14,92223.72,4,43.543
portfolio_100k,2026-02-11,33959.11,57914.76,91873.86,5,63.037
portfolio_100k,2026-02-12,33959.11,59143.14,93102.25,5,63.525
portfolio_100k,2026-02-13,33286.6,58876.14,92162.73,6,63.883
portfolio_100k,2026-02-24,33286.6,60205.23,93491.82,6,64.396
portfolio_100k,2026-02-25,37722.88,57320.09,95042.97,5,60.31
portfolio_100k,2026-02-26,37722.88,58270.96,95993.84,5,60.703
portfolio_100k,2026-02-27,67688.07,27958.24,95646.31,4,29.231
portfolio_100k,2026-03-02,67688.07,28625.1,96313.17,4,29.721
portfolio_100k,2026-03-03,90375.76,4305.37,94681.13,2,4.547
portfolio_100k,2026-03-04,64607.29,29637.07,94244.36,2,31.447
portfolio_100k,2026-03-05,64607.29,30026.63,94633.92,2,31.729
portfolio_100k,2026-03-06,35439.8,58661.06,94100.87,2,62.338
portfolio_100k,2026-03-09,64062.42,28147.02,92209.44,1,30.525
portfolio_100k,2026-03-10,64062.42,28362.2,92424.62,1,30.687
portfolio_100k,2026-03-11,64062.42,28966.09,93028.51,1,31.137
portfolio_100k,2026-03-12,64062.42,29396.46,93458.87,1,31.454
portfolio_100k,2026-03-13,25217.08,66355.43,91572.5,3,72.462
portfolio_100k,2026-03-16,53008.95,37212.42,90221.37,2,41.246
portfolio_100k,2026-03-17,25075.05,62620.85,87695.9,4,71.407
portfolio_100k,2026-03-18,22467.42,67905.29,90372.71,4,75.139
portfolio_100k,2026-03-19,22467.42,67992.24,90459.66,4,75.163
portfolio_100k,2026-03-20,56185.26,33144.74,89330.0,2,37.104
portfolio_100k,2026-03-23,61404.03,24755.52,86159.56,1,28.732
portfolio_100k,2026-03-24,61404.03,26557.12,87961.16,1,30.192
portfolio_100k,2026-03-25,61404.03,28831.57,90235.6,1,31.951
portfolio_100k,2026-03-26,61404.03,28657.99,90062.02,1,31.82
portfolio_100k,2026-03-27,32635.24,58872.87,91508.11,2,64.336
portfolio_100k,2026-03-30,32635.24,63926.76,96562.0,2,66.203
portfolio_100k,2026-03-31,32635.24,64417.16,97052.39,2,66.374
portfolio_100k,2026-04-01,94578.07,0.0,94578.07,0,0.0
portfolio_100k,2026-04-02,94578.07,0.0,94578.07,0,0.0
portfolio_100k,2026-04-03,94578.07,0.0,94578.07,0,0.0
portfolio_100k,2026-04-07,94578.07,0.0,94578.07,0,0.0
portfolio_100k,2026-04-08,94578.07,0.0,94578.07,0,0.0
portfolio_100k,2026-04-09,94578.07,0.0,94578.07,0,0.0
portfolio_100k,2026-04-10,94578.07,0.0,94578.07,0,0.0
portfolio_100k,2026-04-13,94578.07,0.0,94578.07,0,0.0
portfolio_100k,2026-04-14,94578.07,0.0,94578.07,0,0.0
portfolio_100k,2026-04-15,68418.97,26001.48,94420.45,1,27.538
portfolio_100k,2026-04-16,68418.97,26505.25,94924.22,1,27.923
portfolio_100k,2026-04-17,68418.97,27757.19,96176.16,1,28.861
portfolio_100k,2026-04-20,68418.97,30370.81,98789.78,1,30.743
portfolio_100k,2026-04-21,68418.97,29827.13,98246.11,1,30.36
portfolio_100k,2026-04-22,68418.97,32809.85,101228.82,1,32.412
portfolio_100k,2026-04-23,68418.97,34675.29,103094.26,1,33.635
portfolio_100k,2026-04-24,68418.97,34685.27,103104.24,1,33.641
portfolio_100k,2026-04-27,68418.97,35603.02,104022.0,1,34.226
portfolio_100k,2026-04-28,102898.21,0.0,102898.21,0,0.0
portfolio_100k,2026-04-29,102898.21,0.0,102898.21,0,0.0
portfolio_100k,2026-04-30,70746.19,32769.94,103516.13,1,31.657
portfolio_100k,2026-05-06,70746.19,35812.51,106558.7,1,33.608
portfolio_100k,2026-05-07,70746.19,37887.44,108633.63,1,34.876
portfolio_100k,2026-05-08,70746.19,38540.85,109287.03,1,35.266
portfolio_100k,2026-05-11,107611.22,0.0,107611.22,0,0.0
portfolio_100k,2026-05-12,107611.22,0.0,107611.22,0,0.0
portfolio_100k,2026-05-13,107611.22,0.0,107611.22,0,0.0
portfolio_100k,2026-05-14,107611.22,0.0,107611.22,0,0.0
portfolio_100k,2026-05-15,107611.22,0.0,107611.22,0,0.0
portfolio_100k,2026-05-18,107611.22,0.0,107611.22,0,0.0
portfolio_100k,2026-05-19,73241.82,37643.04,110884.86,1,33.948
portfolio_100k,2026-05-20,73241.82,37797.66,111039.48,1,34.04
portfolio_100k,2026-05-21,109418.06,0.0,109418.06,0,0.0
portfolio_100k,2026-05-22,53417.54,57026.5,110444.04,2,51.634
portfolio_100k,2026-05-25,53417.54,59520.26,112937.8,2,52.702
portfolio_100k,2026-05-26,21648.09,89265.66,110913.75,3,80.482
portfolio_100k,2026-05-27,39985.9,68833.63,108819.53,3,63.255
portfolio_100k,2026-05-28,69797.36,41097.51,110894.87,2,37.06
portfolio_100k,2026-05-29,72335.8,37193.4,109529.2,2,33.958
portfolio_100k,2026-06-01,22638.34,83775.15,106413.49,3,78.726
portfolio_100k,2026-06-02,22638.34,85500.91,108139.25,3,79.066
portfolio_100k,2026-06-03,22638.34,85095.61,107733.95,3,78.987
portfolio_100k,2026-06-04,22638.34,84186.86,106825.2,3,78.808
portfolio_100k,2026-06-05,24032.85,81085.75,105118.6,3,77.137
portfolio_100k,2026-06-08,68709.05,31130.0,99839.05,1,31.18
portfolio_100k,2026-06-09,68709.05,32215.0,100924.05,1,31.92
portfolio_100k,2026-06-10,52808.07,44850.42,97658.49,2,45.926
portfolio_100k,2026-06-11,80000.15,16550.02,96550.16,1,17.141
portfolio_100k,2026-06-12,80000.15,16036.26,96036.4,1,16.698
portfolio_100k,2026-06-15,80000.15,17642.38,97642.52,1,18.068
portfolio_100k,2026-06-16,80000.15,19093.87,99094.02,1,19.268
portfolio_100k,2026-06-17,80000.15,20365.8,100365.95,1,20.292
portfolio_100k,2026-06-18,50210.65,53688.59,103899.24,2,51.674
portfolio_100k,2026-06-22,50210.65,58450.02,108660.67,2,53.791
portfolio_100k,2026-06-23,50210.65,57767.32,107977.97,2,53.499
portfolio_100k,2026-06-24,54342.94,55304.66,109647.59,2,50.439
portfolio_100k,2026-06-25,54342.94,55312.87,109655.81,2,50.442
portfolio_100k,2026-06-26,79114.28,27766.0,106880.28,1,25.979
portfolio_100k,2026-06-29,106468.29,0.0,106468.29,0,0.0
portfolio_100k,2026-06-30,106468.29,0.0,106468.29,0,0.0
portfolio_100k,2026-07-01,106468.29,0.0,106468.29,0,0.0
portfolio_100k,2026-07-02,74504.96,30760.21,105265.16,1,29.222
portfolio_100k,2026-07-03,38156.51,65395.29,103551.8,2,63.152
portfolio_100k,2026-07-06,70013.37,33090.0,103103.37,1,32.094
portfolio_100k,2026-07-07,50849.88,52898.27,103748.15,2,50.987
portfolio_100k,2026-07-08,68829.69,32805.0,101634.69,1,32.277
portfolio_100k,2026-07-09,68829.69,36085.0,104914.69,1,34.395
portfolio_100k,2026-07-10,104876.17,0.0,104876.17,0,0.0
portfolio_100k,2026-07-13,104876.17,0.0,104876.17,0,0.0
portfolio_100k,2026-07-14,71834.3,33359.41,105193.71,1,31.712
portfolio_100k,2026-07-15,102835.67,0.0,102835.67,0,0.0
portfolio_100k,2026-07-16,70899.47,30976.0,101875.47,1,30.406
portfolio_100k,2026-07-17,73408.11,27344.0,100752.11,1,27.14
portfolio_100k,2026-07-20,99170.7,0.0,99170.7,0,0.0
portfolio_100k,2026-07-21,99170.7,0.0,99170.7,0,0.0
portfolio_100k,2026-07-22,99170.7,0.0,99170.7,0,0.0
portfolio_100k,2026-07-23,99170.7,0.0,99170.7,0,0.0
portfolio_100k,2026-07-24,99170.7,0.0,99170.7,0,0.0
portfolio_100k,2026-07-27,99170.7,0.0,99170.7,0,0.0
portfolio_100k,2026-07-28,66426.49,31163.0,97589.49,1,31.933
portfolio_100k,2026-07-29,97150.34,0.0,97150.34,0,0.0
portfolio_100k,2026-07-30,66872.23,30240.0,97112.23,1,31.139
portfolio_100k,2026-07-31,66872.23,31401.0,98273.23,1,31.953
portfolio_100k,2026-08-03,66872.23,29790.0,96662.23,1,30.819
portfolio_100k,2026-08-04,66872.23,30888.0,97760.23,1,31.596
portfolio_100k,2026-08-05,97948.47,0.0,97948.47,0,0.0
portfolio_100k,2026-08-06,97948.47,0.0,97948.47,0,0.0
portfolio_100k,2026-08-07,36430.03,62960.0,99390.03,2,63.346
portfolio_100k,2026-08-10,36430.03,63137.0,99567.03,2,63.412
portfolio_100k,2026-08-11,36430.03,62857.0,99287.03,2,63.308
portfolio_100k,2026-08-12,68713.14,29600.0,98313.14,1,30.108
portfolio_100k,2026-08-13,68713.14,31680.0,100393.14,1,31.556
portfolio_100k,2026-08-14,37650.04,63784.0,101434.04,2,62.882
portfolio_100k,2026-08-17,37650.04,65448.0,103098.04,2,63.481
portfolio_100k,2026-08-18,68619.46,33768.0,102387.46,1,32.981
portfolio_100k,2026-08-19,34685.75,66604.0,101289.75,2,65.756
portfolio_100k,2026-08-20,27605.61,77177.0,104782.61,3,73.654
portfolio_100k,2026-08-21,27605.61,83319.0,110924.61,3,75.113
portfolio_100k,2026-08-24,101079.13,6898.0,107977.13,1,6.388
portfolio_100k,2026-08-25,101079.13,7020.0,108099.13,1,6.494
portfolio_100k,2026-08-26,101079.13,6980.0,108059.13,1,6.459
portfolio_100k,2026-08-27,101079.13,7286.0,108365.13,1,6.724
portfolio_100k,2026-08-28,101079.13,7178.0,108257.13,1,6.631
portfolio_100k,2026-08-31,101079.13,7790.0,108869.13,1,7.155
portfolio_100k,2026-09-01,101079.13,7664.0,108743.13,1,7.048
portfolio_100k,2026-09-02,65290.08,44214.0,109504.08,2,40.377
portfolio_100k,2026-09-03,65290.08,44906.0,110196.08,2,40.751
portfolio_100k,2026-09-04,72627.98,36552.0,109179.98,1,33.479
portfolio_100k,2026-09-07,72627.98,35584.0,108211.98,1,32.884
portfolio_100k,2026-09-08,72627.98,35360.0,107987.98,1,32.744
portfolio_100k,2026-09-09,72627.98,35104.0,107731.98,1,32.585
portfolio_100k,2026-09-10,72627.98,35440.0,108067.98,1,32.794
portfolio_100k,2026-09-11,37433.68,70102.0,107535.68,2,65.19
portfolio_100k,2026-09-14,27272.44,80502.0,107774.44,3,74.695
portfolio_slip0,2023-09-14,13822.47,0.0,13822.47,0,0.0
portfolio_slip0,2023-09-15,13822.47,0.0,13822.47,0,0.0
portfolio_slip0,2023-09-18,13822.47,0.0,13822.47,0,0.0
portfolio_slip0,2023-09-19,13822.47,0.0,13822.47,0,0.0
portfolio_slip0,2023-09-20,13822.47,0.0,13822.47,0,0.0
portfolio_slip0,2023-09-21,13822.47,0.0,13822.47,0,0.0
portfolio_slip0,2023-09-22,4983.6,8891.83,13875.42,2,64.083
portfolio_slip0,2023-09-25,4983.6,8902.4,13886.0,2,64.111
portfolio_slip0,2023-09-26,4983.6,8830.45,13814.05,2,63.924
portfolio_slip0,2023-09-27,4983.6,8780.34,13763.94,2,63.792
portfolio_slip0,2023-09-28,4983.6,8738.24,13721.84,2,63.681
portfolio_slip0,2023-10-09,9098.5,4407.1,13505.6,1,32.632
portfolio_slip0,2023-10-10,9098.5,4373.09,13471.58,1,32.462
portfolio_slip0,2023-10-11,9098.5,4350.41,13448.9,1,32.348
portfolio_slip0,2023-10-12,9098.5,4433.56,13532.06,1,32.763
portfolio_slip0,2023-10-13,9098.5,4305.05,13403.55,1,32.119
portfolio_slip0,2023-10-16,9098.5,4308.83,13407.33,1,32.138
portfolio_slip0,2023-10-17,9098.5,4320.17,13418.67,1,32.195
portfolio_slip0,2023-10-18,9098.5,4244.58,13343.07,1,31.811
portfolio_slip0,2023-10-19,9098.5,4203.0,13301.5,1,31.598
portfolio_slip0,2023-10-20,13279.36,0.0,13279.36,0,0.0
portfolio_slip0,2023-10-23,13279.36,0.0,13279.36,0,0.0
portfolio_slip0,2023-10-24,13279.36,0.0,13279.36,0,0.0
portfolio_slip0,2023-10-25,13279.36,0.0,13279.36,0,0.0
portfolio_slip0,2023-10-26,13279.36,0.0,13279.36,0,0.0
portfolio_slip0,2023-10-27,13279.36,0.0,13279.36,0,0.0
portfolio_slip0,2023-10-30,13279.36,0.0,13279.36,0,0.0
portfolio_slip0,2023-10-31,13279.36,0.0,13279.36,0,0.0
portfolio_slip0,2023-11-01,13279.36,0.0,13279.36,0,0.0
portfolio_slip0,2023-11-02,13279.36,0.0,13279.36,0,0.0
portfolio_slip0,2023-11-03,13279.36,0.0,13279.36,0,0.0
portfolio_slip0,2023-11-06,13279.36,0.0,13279.36,0,0.0
portfolio_slip0,2023-11-07,13279.36,0.0,13279.36,0,0.0
portfolio_slip0,2023-11-08,13279.36,0.0,13279.36,0,0.0
portfolio_slip0,2023-11-09,13279.36,0.0,13279.36,0,0.0
portfolio_slip0,2023-11-10,10967.2,2295.05,13262.25,1,17.305
portfolio_slip0,2023-11-13,10967.2,2328.52,13295.72,1,17.513
portfolio_slip0,2023-11-14,10967.2,2317.37,13284.57,1,17.444
portfolio_slip0,2023-11-15,10967.2,2310.86,13278.06,1,17.404
portfolio_slip0,2023-11-16,10967.2,2310.86,13278.06,1,17.404
portfolio_slip0,2023-11-17,10967.2,2285.75,13252.95,1,17.247
portfolio_slip0,2023-11-20,10967.2,2298.77,13265.97,1,17.328
portfolio_slip0,2023-11-21,10967.2,2321.09,13288.29,1,17.467
portfolio_slip0,2023-11-22,10967.2,2238.32,13205.52,1,16.95
portfolio_slip0,2023-11-23,10967.2,2320.16,13287.36,1,17.461
portfolio_slip0,2023-11-24,10967.2,2278.31,13245.51,1,17.201
portfolio_slip0,2023-11-27,10967.2,2262.5,13229.7,1,17.102
portfolio_slip0,2023-11-28,10967.2,2293.19,13260.39,1,17.294
portfolio_slip0,2023-11-29,10967.2,2297.84,13265.04,1,17.323
portfolio_slip0,2023-11-30,10967.2,2264.36,13231.56,1,17.113
portfolio_slip0,2023-12-01,10967.2,2276.45,13243.65,1,17.189
portfolio_slip0,2023-12-04,10967.2,2253.2,13220.4,1,17.043
portfolio_slip0,2023-12-05,10967.2,2189.97,13157.17,1,16.645
portfolio_slip0,2023-12-06,6610.43,6598.97,13209.4,2,49.957
portfolio_slip0,2023-12-07,6610.43,6613.32,13223.75,2,50.011
portfolio_slip0,2023-12-08,8777.33,4672.67,13450.0,1,34.741
portfolio_slip0,2023-12-11,8777.33,4660.71,13438.03,1,34.683
portfolio_slip0,2023-12-12,8777.33,4676.66,13453.98,1,34.76
portfolio_slip0,2023-12-13,8777.33,4586.95,13364.28,1,34.322
portfolio_slip0,2023-12-14,8777.33,4531.13,13308.46,1,34.047
portfolio_slip0,2023-12-15,13258.04,0.0,13258.04,0,0.0
portfolio_slip0,2023-12-18,13258.04,0.0,13258.04,0,0.0
portfolio_slip0,2023-12-19,13258.04,0.0,13258.04,0,0.0
portfolio_slip0,2023-12-20,13258.04,0.0,13258.04,0,0.0
portfolio_slip0,2023-12-21,13258.04,0.0,13258.04,0,0.0
portfolio_slip0,2023-12-22,13258.04,0.0,13258.04,0,0.0
portfolio_slip0,2023-12-25,8929.18,4427.47,13356.65,1,33.148
portfolio_slip0,2023-12-26,8929.18,4353.72,13282.89,1,32.777
portfolio_slip0,2023-12-27,8929.18,4580.97,13510.15,1,33.908
portfolio_slip0,2023-12-28,8929.18,4580.97,13510.15,1,33.908
portfolio_slip0,2023-12-29,8929.18,4608.88,13538.06,1,34.044
portfolio_slip0,2024-01-02,8929.18,4584.96,13514.14,1,33.927
portfolio_slip0,2024-01-03,13379.9,0.0,13379.9,0,0.0
portfolio_slip0,2024-01-04,13379.9,0.0,13379.9,0,0.0
portfolio_slip0,2024-01-05,9084.94,4196.23,13281.17,1,31.595
portfolio_slip0,2024-01-08,9084.94,4044.73,13129.67,1,30.806
portfolio_slip0,2024-01-09,9084.94,4146.4,13231.33,1,31.338
portfolio_slip0,2024-01-10,13115.88,0.0,13115.88,0,0.0
portfolio_slip0,2024-01-11,13115.88,0.0,13115.88,0,0.0
portfolio_slip0,2024-01-12,13115.88,0.0,13115.88,0,0.0
portfolio_slip0,2024-01-15,13115.88,0.0,13115.88,0,0.0
portfolio_slip0,2024-01-16,13115.88,0.0,13115.88,0,0.0
portfolio_slip0,2024-01-17,13115.88,0.0,13115.88,0,0.0
portfolio_slip0,2024-01-18,13115.88,0.0,13115.88,0,0.0
portfolio_slip0,2024-01-19,13115.88,0.0,13115.88,0,0.0
portfolio_slip0,2024-01-22,13115.88,0.0,13115.88,0,0.0
portfolio_slip0,2024-01-23,13115.88,0.0,13115.88,0,0.0
portfolio_slip0,2024-01-24,13115.88,0.0,13115.88,0,0.0
portfolio_slip0,2024-01-25,13115.88,0.0,13115.88,0,0.0
portfolio_slip0,2024-01-26,13115.88,0.0,13115.88,0,0.0
portfolio_slip0,2024-01-29,13115.88,0.0,13115.88,0,0.0
portfolio_slip0,2024-01-30,13115.88,0.0,13115.88,0,0.0
portfolio_slip0,2024-01-31,13115.88,0.0,13115.88,0,0.0
portfolio_slip0,2024-02-01,13115.88,0.0,13115.88,0,0.0
portfolio_slip0,2024-02-02,13115.88,0.0,13115.88,0,0.0
portfolio_slip0,2024-02-05,13115.88,0.0,13115.88,0,0.0
portfolio_slip0,2024-02-06,13115.88,0.0,13115.88,0,0.0
portfolio_slip0,2024-02-07,13115.88,0.0,13115.88,0,0.0
portfolio_slip0,2024-02-08,13115.88,0.0,13115.88,0,0.0
portfolio_slip0,2024-02-19,13115.88,0.0,13115.88,0,0.0
portfolio_slip0,2024-02-20,13115.88,0.0,13115.88,0,0.0
portfolio_slip0,2024-02-21,13115.88,0.0,13115.88,0,0.0
portfolio_slip0,2024-02-22,13115.88,0.0,13115.88,0,0.0
portfolio_slip0,2024-02-23,13115.88,0.0,13115.88,0,0.0
portfolio_slip0,2024-02-26,13115.88,0.0,13115.88,0,0.0
portfolio_slip0,2024-02-27,13115.88,0.0,13115.88,0,0.0
portfolio_slip0,2024-02-28,13115.88,0.0,13115.88,0,0.0
portfolio_slip0,2024-02-29,13115.88,0.0,13115.88,0,0.0
portfolio_slip0,2024-03-01,13115.88,0.0,13115.88,0,0.0
portfolio_slip0,2024-03-04,13115.88,0.0,13115.88,0,0.0
portfolio_slip0,2024-03-05,13115.88,0.0,13115.88,0,0.0
portfolio_slip0,2024-03-06,13115.88,0.0,13115.88,0,0.0
portfolio_slip0,2024-03-07,13115.88,0.0,13115.88,0,0.0
portfolio_slip0,2024-03-08,13115.88,0.0,13115.88,0,0.0
portfolio_slip0,2024-03-11,13115.88,0.0,13115.88,0,0.0
portfolio_slip0,2024-03-12,13115.88,0.0,13115.88,0,0.0
portfolio_slip0,2024-03-13,13115.88,0.0,13115.88,0,0.0
portfolio_slip0,2024-03-14,10810.56,2280.51,13091.07,1,17.42
portfolio_slip0,2024-03-15,6546.53,6621.68,13168.21,2,50.285
portfolio_slip0,2024-03-18,6546.53,7053.01,13599.54,2,51.862
portfolio_slip0,2024-03-19,6546.53,7107.27,13653.79,2,52.053
portfolio_slip0,2024-03-20,6546.53,7035.49,13582.02,2,51.8
portfolio_slip0,2024-03-21,6546.53,6974.1,13520.63,2,51.581
portfolio_slip0,2024-03-22,11093.21,2257.77,13350.97,1,16.911
portfolio_slip0,2024-03-25,11093.21,2194.47,13287.68,1,16.515
portfolio_slip0,2024-03-26,13254.1,0.0,13254.1,0,0.0
portfolio_slip0,2024-03-27,5532.19,7477.39,13009.57,2,57.476
portfolio_slip0,2024-03-28,1277.53,12015.79,13293.32,3,90.39
portfolio_slip0,2024-03-29,1277.53,11917.54,13195.07,3,90.318
portfolio_slip0,2024-04-01,1277.53,12167.48,13445.01,3,90.498
portfolio_slip0,2024-04-02,1277.53,11911.11,13188.64,3,90.313
portfolio_slip0,2024-04-03,3029.82,9798.74,12828.56,3,76.382
portfolio_slip0,2024-04-08,3029.82,9675.85,12705.67,3,76.154
portfolio_slip0,2024-04-09,462.55,12233.43,12695.97,4,96.357
portfolio_slip0,2024-04-10,6411.51,5940.24,12351.75,2,48.092
portfolio_slip0,2024-04-11,2440.64,9969.94,12410.58,3,80.334
portfolio_slip0,2024-04-12,2440.64,10268.05,12708.69,3,80.795
portfolio_slip0,2024-04-15,2440.64,10424.45,12865.09,3,81.029
portfolio_slip0,2024-04-16,2440.64,10059.25,12499.9,3,80.475
portfolio_slip0,2024-04-17,2440.64,10408.67,12849.31,3,81.006
portfolio_slip0,2024-04-18,2440.64,10546.09,12986.73,3,81.207
portfolio_slip0,2024-04-19,8930.33,3775.75,12706.08,1,29.716
portfolio_slip0,2024-04-22,8978.84,3586.22,12565.06,1,28.541
portfolio_slip0,2024-04-23,5061.9,7390.38,12452.29,2,59.35
portfolio_slip0,2024-04-24,2475.36,10400.14,12875.5,3,80.775
portfolio_slip0,2024-04-25,2475.36,10379.57,12854.93,3,80.744
portfolio_slip0,2024-04-26,2475.36,11016.87,13492.23,3,81.653
portfolio_slip0,2024-04-29,2475.36,10928.37,13403.73,3,81.532
portfolio_slip0,2024-04-30,2475.36,10775.2,13250.56,3,81.319
portfolio_slip0,2024-05-06,5917.27,7344.1,13261.37,2,55.38
portfolio_slip0,2024-05-07,5917.27,7434.05,13351.32,2,55.68
portfolio_slip0,2024-05-08,5917.27,7212.3,13129.57,2,54.932
portfolio_slip0,2024-05-09,6931.27,6246.74,13178.01,2,47.403
portfolio_slip0,2024-05-10,6931.27,6335.48,13266.74,2,47.755
portfolio_slip0,2024-05-13,6931.27,6236.24,13167.5,2,47.361
portfolio_slip0,2024-05-14,6931.27,6284.47,13215.74,2,47.553
portfolio_slip0,2024-05-15,6931.27,6276.15,13207.42,2,47.52
portfolio_slip0,2024-05-16,6931.27,6204.95,13136.21,2,47.235
portfolio_slip0,2024-05-17,6931.27,6281.07,13212.33,2,47.539
portfolio_slip0,2024-05-20,6931.27,6702.99,13634.26,2,49.163
portfolio_slip0,2024-05-21,10540.42,2838.54,13378.96,1,21.216
portfolio_slip0,2024-05-22,13316.0,0.0,13316.0,0,0.0
portfolio_slip0,2024-05-23,4824.7,8464.35,13289.06,2,63.694
portfolio_slip0,2024-05-24,4824.7,8524.69,13349.39,2,63.858
portfolio_slip0,2024-05-27,4824.7,8870.84,13695.54,2,64.772
portfolio_slip0,2024-05-28,3105.17,10478.18,13583.35,3,77.14
portfolio_slip0,2024-05-29,7513.92,6220.26,13734.19,2,45.29
portfolio_slip0,2024-05-30,7513.92,6115.26,13629.18,2,44.869
portfolio_slip0,2024-05-31,7513.92,6094.96,13608.88,2,44.787
portfolio_slip0,2024-06-03,7513.92,6007.18,13521.1,2,44.428
portfolio_slip0,2024-06-04,6217.43,7470.91,13688.34,3,54.579
portfolio_slip0,2024-06-05,6217.43,7307.97,13525.4,3,54.031
portfolio_slip0,2024-06-06,6217.43,7412.2,13629.63,3,54.383
portfolio_slip0,2024-06-07,6217.43,7388.92,13606.35,3,54.305
portfolio_slip0,2024-06-11,5023.13,8380.98,13404.11,3,62.525
portfolio_slip0,2024-06-12,5023.13,8383.46,13406.59,3,62.532
portfolio_slip0,2024-06-13,5023.13,8283.76,13306.89,3,62.252
portfolio_slip0,2024-06-14,3635.35,9789.32,13424.67,4,72.92
portfolio_slip0,2024-06-17,3635.35,9837.32,13472.67,4,73.017
portfolio_slip0,2024-06-18,3635.35,9990.23,13625.58,4,73.32
portfolio_slip0,2024-06-19,3635.35,10066.19,13701.54,4,73.468
portfolio_slip0,2024-06-20,3635.35,10030.5,13665.85,4,73.398
portfolio_slip0,2024-06-21,3635.35,10141.85,13777.2,4,73.613
portfolio_slip0,2024-06-24,4848.73,8730.73,13579.46,3,64.294
portfolio_slip0,2024-06-25,2703.08,10845.18,13548.26,4,80.049
portfolio_slip0,2024-06-26,2703.08,11020.87,13723.95,4,80.304
portfolio_slip0,2024-06-27,7030.87,6386.08,13416.94,2,47.597
portfolio_slip0,2024-06-28,7030.87,6548.34,13579.21,2,48.223
portfolio_slip0,2024-07-01,7030.87,6656.65,13687.52,2,48.633
portfolio_slip0,2024-07-02,7030.87,6612.3,13643.17,2,48.466
portfolio_slip0,2024-07-03,7030.87,6643.2,13674.06,2,48.582
portfolio_slip0,2024-07-04,3128.12,10524.66,13652.78,3,77.088
portfolio_slip0,2024-07-05,3128.12,10642.84,13770.96,3,77.285
portfolio_slip0,2024-07-08,3128.12,10561.56,13689.69,3,77.15
portfolio_slip0,2024-07-09,3128.12,10720.38,13848.5,3,77.412
portfolio_slip0,2024-07-10,3128.12,10689.01,13817.14,3,77.361
portfolio_slip0,2024-07-11,3128.12,10847.05,13975.17,3,77.617
portfolio_slip0,2024-07-12,3128.12,10770.18,13898.31,3,77.493
portfolio_slip0,2024-07-15,3128.12,10750.08,13878.21,3,77.46
portfolio_slip0,2024-07-16,3128.12,10989.03,14117.16,3,77.842
portfolio_slip0,2024-07-17,3128.12,10920.2,14048.32,3,77.733
portfolio_slip0,2024-07-18,6019.84,8025.79,14045.63,3,57.141
portfolio_slip0,2024-07-19,6019.84,8139.11,14158.95,3,57.484
portfolio_slip0,2024-07-22,5682.13,8493.69,14175.82,4,59.917
portfolio_slip0,2024-07-23,4442.46,9425.79,13868.26,3,67.967
portfolio_slip0,2024-07-24,4442.46,9505.54,13948.01,3,68.15
portfolio_slip0,2024-07-25,8095.6,5657.64,13753.24,2,41.137
portfolio_slip0,2024-07-26,8095.6,5883.78,13979.38,2,42.089
portfolio_slip0,2024-07-29,5827.6,8014.7,13842.3,3,57.9
portfolio_slip0,2024-07-30,7334.83,6467.9,13802.73,2,46.86
portfolio_slip0,2024-07-31,7334.83,6559.36,13894.19,2,47.209
portfolio_slip0,2024-08-01,7334.83,6503.08,13837.91,2,46.995
portfolio_slip0,2024-08-02,5390.6,8360.74,13751.34,3,60.799
portfolio_slip0,2024-08-05,7516.51,6006.88,13523.4,2,44.418
portfolio_slip0,2024-08-06,9338.58,4196.62,13535.2,1,31.005
portfolio_slip0,2024-08-07,5160.4,8387.39,13547.79,2,61.91
portfolio_slip0,2024-08-08,9174.35,4159.2,13333.55,1,31.194
portfolio_slip0,2024-08-09,9174.35,4159.2,13333.55,1,31.194
portfolio_slip0,2024-08-12,5166.39,8003.12,13169.51,2,60.77
portfolio_slip0,2024-08-13,5166.39,8121.59,13287.98,2,61.12
portfolio_slip0,2024-08-14,5166.39,8085.21,13251.6,2,61.013
portfolio_slip0,2024-08-15,5166.39,8098.98,13265.37,2,61.054
portfolio_slip0,2024-08-16,9087.39,3933.1,13020.49,1,30.207
portfolio_slip0,2024-08-19,9087.39,3911.47,12998.86,1,30.091
portfolio_slip0,2024-08-20,5132.3,7771.45,12903.76,2,60.226
portfolio_slip0,2024-08-21,5132.3,7622.59,12754.89,2,59.762
portfolio_slip0,2024-08-22,8843.41,3892.79,12736.2,1,30.565
portfolio_slip0,2024-08-23,5255.56,7530.73,12786.29,2,58.897
portfolio_slip0,2024-08-26,5255.56,7429.37,12684.93,2,58.568
portfolio_slip0,2024-08-27,5255.56,7414.53,12670.09,2,58.52
portfolio_slip0,2024-08-28,5255.56,7478.35,12733.91,2,58.728
portfolio_slip0,2024-08-29,5255.56,7585.65,12841.21,2,59.073
portfolio_slip0,2024-08-30,5255.56,7480.18,12735.75,2,58.734
portfolio_slip0,2024-09-02,8620.84,3995.05,12615.9,1,31.667
portfolio_slip0,2024-09-03,8620.84,4059.95,12680.79,1,32.017
portfolio_slip0,2024-09-04,8620.84,4035.36,12656.21,1,31.884
portfolio_slip0,2024-09-05,8620.84,4042.25,12663.09,1,31.921
portfolio_slip0,2024-09-06,8620.84,4011.77,12632.61,1,31.757
portfolio_slip0,2024-09-09,8620.84,3964.57,12585.41,1,31.501
portfolio_slip0,2024-09-10,8620.84,3973.42,12594.26,1,31.549
portfolio_slip0,2024-09-11,8620.84,3982.27,12603.11,1,31.597
portfolio_slip0,2024-09-12,8620.84,3979.32,12600.16,1,31.581
portfolio_slip0,2024-09-13,8620.84,3980.3,12601.15,1,31.587
portfolio_slip0,2024-09-18,8620.84,3947.85,12568.7,1,31.41
portfolio_slip0,2024-09-19,8620.84,3855.43,12476.27,1,30.902
portfolio_slip0,2024-09-20,12381.92,0.0,12381.92,0,0.0
portfolio_slip0,2024-09-23,12381.92,0.0,12381.92,0,0.0
portfolio_slip0,2024-09-24,12381.92,0.0,12381.92,0,0.0
portfolio_slip0,2024-09-25,12381.92,0.0,12381.92,0,0.0
portfolio_slip0,2024-09-26,12381.92,0.0,12381.92,0,0.0
portfolio_slip0,2024-09-27,12381.92,0.0,12381.92,0,0.0
portfolio_slip0,2024-09-30,12381.92,0.0,12381.92,0,0.0
portfolio_slip0,2024-10-08,12381.92,0.0,12381.92,0,0.0
portfolio_slip0,2024-10-09,12381.92,0.0,12381.92,0,0.0
portfolio_slip0,2024-10-10,3207.63,9239.39,12447.02,3,74.23
portfolio_slip0,2024-10-11,2953.36,9307.51,12260.87,3,75.912
portfolio_slip0,2024-10-14,592.85,12186.46,12779.31,4,95.361
portfolio_slip0,2024-10-15,2549.29,9818.2,12367.5,4,79.387
portfolio_slip0,2024-10-16,1004.25,11197.25,12201.5,5,91.769
portfolio_slip0,2024-10-17,1004.25,11206.65,12210.9,5,91.776
portfolio_slip0,2024-10-18,1004.25,11555.72,12559.97,5,92.004
portfolio_slip0,2024-10-21,1004.25,11635.98,12640.23,5,92.055
portfolio_slip0,2024-10-22,1004.25,11834.21,12838.46,5,92.178
portfolio_slip0,2024-10-23,1004.25,11821.98,12826.23,5,92.17
portfolio_slip0,2024-10-24,1824.98,10975.92,12800.91,4,85.743
portfolio_slip0,2024-10-25,1824.98,11041.69,12866.67,4,85.816
portfolio_slip0,2024-10-28,1824.98,11032.88,12857.86,4,85.806
portfolio_slip0,2024-10-29,1824.98,11076.86,12901.84,4,85.855
portfolio_slip0,2024-10-30,4022.86,8701.36,12724.22,3,68.384
portfolio_slip0,2024-10-31,421.0,12351.54,12772.53,4,96.704
portfolio_slip0,2024-11-01,2880.74,9924.2,12804.94,3,77.503
portfolio_slip0,2024-11-04,2880.74,10100.45,12981.19,3,77.808
portfolio_slip0,2024-11-05,2880.74,10319.24,13199.98,3,78.176
portfolio_slip0,2024-11-06,2880.74,10323.55,13204.29,3,78.183
portfolio_slip0,2024-11-07,2880.74,10488.08,13368.82,3,78.452
portfolio_slip0,2024-11-08,2880.74,10464.98,13345.72,3,78.415
portfolio_slip0,2024-11-11,6683.8,6633.05,13316.85,2,49.809
portfolio_slip0,2024-11-12,9167.53,3935.77,13103.29,1,30.036
portfolio_slip0,2024-11-13,5041.12,8076.52,13117.64,2,61.57
portfolio_slip0,2024-11-14,5041.12,7931.33,12972.45,2,61.14
portfolio_slip0,2024-11-15,1944.0,10896.2,12840.19,4,84.86
portfolio_slip0,2024-11-18,1944.0,10797.37,12741.37,4,84.743
portfolio_slip0,2024-11-19,376.12,12480.06,12856.17,5,97.074
portfolio_slip0,2024-11-20,376.12,12482.88,12859.0,5,97.075
portfolio_slip0,2024-11-21,376.12,12414.93,12791.04,5,97.06
portfolio_slip0,2024-11-22,4915.81,7434.47,12350.28,4,60.197
portfolio_slip0,2024-11-25,7815.33,4471.22,12286.55,2,36.391
portfolio_slip0,2024-11-26,2951.99,9218.66,12170.66,4,75.745
portfolio_slip0,2024-11-27,5792.54,6482.93,12275.47,3,52.812
portfolio_slip0,2024-11-28,5792.54,6408.66,12201.2,3,52.525
portfolio_slip0,2024-11-29,4088.65,8225.62,12314.27,4,66.797
portfolio_slip0,2024-12-02,4088.65,8454.17,12542.82,4,67.402
portfolio_slip0,2024-12-03,4088.65,8433.3,12521.95,4,67.348
portfolio_slip0,2024-12-04,2783.62,9653.02,12436.64,5,77.618
portfolio_slip0,2024-12-05,4264.91,8092.25,12357.16,4,65.486
portfolio_slip0,2024-12-06,4264.91,8098.1,12363.01,4,65.503
portfolio_slip0,2024-12-09,4264.91,8012.46,12277.37,4,65.262
portfolio_slip0,2024-12-10,4264.91,8027.02,12291.93,4,65.303
portfolio_slip0,2024-12-11,4264.91,8118.73,12383.64,4,65.56
portfolio_slip0,2024-12-12,4264.91,8166.12,12431.03,4,65.691
portfolio_slip0,2024-12-13,4264.91,8000.2,12265.11,4,65.227
portfolio_slip0,2024-12-16,7121.45,5028.11,12149.56,3,41.385
portfolio_slip0,2024-12-17,7121.45,4961.3,12082.75,3,41.061
portfolio_slip0,2024-12-18,7121.45,5026.47,12147.92,3,41.377
portfolio_slip0,2024-12-19,8589.7,3719.14,12308.84,2,30.215
portfolio_slip0,2024-12-20,8589.7,3754.22,12343.92,2,30.414
portfolio_slip0,2024-12-23,8589.7,3746.11,12335.81,2,30.368
portfolio_slip0,2024-12-24,5686.9,6751.24,12438.14,3,54.279
portfolio_slip0,2024-12-25,9416.48,2934.66,12351.14,1,23.76
portfolio_slip0,2024-12-26,9416.48,3081.25,12497.72,1,24.654
portfolio_slip0,2024-12-27,9416.48,3071.27,12487.75,1,24.594
portfolio_slip0,2024-12-30,9416.48,3158.03,12574.5,1,25.115
portfolio_slip0,2024-12-31,12399.95,0.0,12399.95,0,0.0
portfolio_slip0,2025-01-02,4544.14,7554.95,12099.09,3,62.442
portfolio_slip0,2025-01-03,11910.37,0.0,11910.37,0,0.0
portfolio_slip0,2025-01-06,11910.37,0.0,11910.37,0,0.0
portfolio_slip0,2025-01-07,9658.72,2260.77,11919.49,1,18.967
portfolio_slip0,2025-01-08,9658.72,2221.18,11879.9,1,18.697
portfolio_slip0,2025-01-09,9658.72,2221.18,11879.9,1,18.697
portfolio_slip0,2025-01-10,9658.72,2185.35,11844.07,1,18.451
portfolio_slip0,2025-01-13,11769.64,0.0,11769.64,0,0.0
portfolio_slip0,2025-01-14,11769.64,0.0,11769.64,0,0.0
portfolio_slip0,2025-01-15,9530.24,2187.24,11717.48,1,18.666
portfolio_slip0,2025-01-16,9530.24,2167.44,11697.68,1,18.529
portfolio_slip0,2025-01-17,9530.24,2257.95,11788.19,1,19.154
portfolio_slip0,2025-01-20,9530.24,2323.94,11854.18,1,19.604
portfolio_slip0,2025-01-21,9530.24,2341.85,11872.09,1,19.726
portfolio_slip0,2025-01-22,9530.24,2361.65,11891.89,1,19.859
portfolio_slip0,2025-01-23,9530.24,2319.23,11849.47,1,19.572
portfolio_slip0,2025-01-24,6916.08,5065.3,11981.38,2,42.276
portfolio_slip0,2025-01-27,6916.08,4845.6,11761.68,2,41.198
portfolio_slip0,2025-02-05,6916.08,4924.38,11840.46,2,41.589
portfolio_slip0,2025-02-06,6916.08,5100.37,12016.45,2,42.445
portfolio_slip0,2025-02-07,6916.08,5339.48,12255.56,2,43.568
portfolio_slip0,2025-02-10,6916.08,5304.06,12220.14,2,43.404
portfolio_slip0,2025-02-11,6916.08,5320.09,12236.17,2,43.478
portfolio_slip0,2025-02-12,6916.08,5394.49,12310.57,2,43.82
portfolio_slip0,2025-02-13,9342.84,2842.89,12185.73,1,23.33
portfolio_slip0,2025-02-14,9342.84,3022.94,12365.77,1,24.446
portfolio_slip0,2025-02-17,9342.84,3082.62,12425.46,1,24.809
portfolio_slip0,2025-02-18,8532.77,3854.77,12387.54,1,31.118
portfolio_slip0,2025-02-19,8532.77,3886.3,12419.07,1,31.293
portfolio_slip0,2025-02-20,8532.77,3969.07,12501.84,1,31.748
portfolio_slip0,2025-02-21,8532.77,3835.06,12367.83,1,31.008
portfolio_slip0,2025-02-24,8532.77,3874.47,12407.24,1,31.228
portfolio_slip0,2025-02-25,8532.77,3827.18,12359.95,1,30.964
portfolio_slip0,2025-02-26,8532.77,3779.88,12312.65,1,30.699
portfolio_slip0,2025-02-27,8532.77,3699.08,12231.85,1,30.241
portfolio_slip0,2025-02-28,5023.31,6910.84,11934.15,3,57.908
portfolio_slip0,2025-03-03,5023.31,6890.3,11913.61,3,57.836
portfolio_slip0,2025-03-04,5023.31,6978.59,12001.89,3,58.146
portfolio_slip0,2025-03-05,2564.59,9547.31,12111.9,4,78.826
portfolio_slip0,2025-03-06,2564.59,9797.42,12362.02,4,79.254
portfolio_slip0,2025-03-07,2564.59,9726.6,12291.19,4,79.135
portfolio_slip0,2025-03-10,2564.59,9603.06,12167.65,4,78.923
portfolio_slip0,2025-03-11,2564.59,9557.05,12121.64,4,78.843
portfolio_slip0,2025-03-12,2564.59,9713.07,12277.67,4,79.112
portfolio_slip0,2025-03-13,5394.15,6641.54,12035.68,3,55.182
portfolio_slip0,2025-03-14,5394.15,6772.54,12166.69,3,55.665
portfolio_slip0,2025-03-17,5394.15,6714.69,12108.84,3,55.453
portfolio_slip0,2025-03-18,5394.15,6800.91,12195.06,3,55.768
portfolio_slip0,2025-03-19,5394.15,6689.06,12083.21,3,55.358
portfolio_slip0,2025-03-20,5394.15,6677.42,12071.57,3,55.315
portfolio_slip0,2025-03-21,5394.15,6571.55,11965.7,3,54.92
portfolio_slip0,2025-03-24,6923.36,5139.65,12063.02,2,42.607
portfolio_slip0,2025-03-25,6923.36,5132.69,12056.05,2,42.574
portfolio_slip0,2025-03-26,6923.36,5047.66,11971.02,2,42.166
portfolio_slip0,2025-03-27,9546.67,2333.37,11880.04,1,19.641
portfolio_slip0,2025-03-28,9546.67,2310.74,11857.41,1,19.488
portfolio_slip0,2025-03-31,11829.5,0.0,11829.5,0,0.0
portfolio_slip0,2025-04-01,8065.62,3770.45,11836.06,1,31.856
portfolio_slip0,2025-04-02,8065.62,3755.94,11821.56,1,31.772
portfolio_slip0,2025-04-03,8065.62,3692.14,11757.76,1,31.402
portfolio_slip0,2025-04-07,11388.51,0.0,11388.51,0,0.0
portfolio_slip0,2025-04-08,9326.04,2095.88,11421.92,1,18.35
portfolio_slip0,2025-04-09,9326.04,2179.64,11505.68,1,18.944
portfolio_slip0,2025-04-10,9326.04,2352.08,11678.12,1,20.141
portfolio_slip0,2025-04-11,9326.04,2532.4,11858.44,1,21.355
portfolio_slip0,2025-04-14,9326.04,2718.64,12044.68,1,22.571
portfolio_slip0,2025-04-15,9326.04,2730.46,12056.5,1,22.647
portfolio_slip0,2025-04-16,9326.04,2951.18,12277.22,1,24.038
portfolio_slip0,2025-04-17,12282.53,0.0,12282.53,0,0.0
portfolio_slip0,2025-04-18,12282.53,0.0,12282.53,0,0.0
portfolio_slip0,2025-04-21,12282.53,0.0,12282.53,0,0.0
portfolio_slip0,2025-04-22,12282.53,0.0,12282.53,0,0.0
portfolio_slip0,2025-04-23,12282.53,0.0,12282.53,0,0.0
portfolio_slip0,2025-04-24,9493.83,2724.55,12218.38,1,22.299
portfolio_slip0,2025-04-25,9493.83,2670.35,12164.18,1,21.953
portfolio_slip0,2025-04-28,12082.97,0.0,12082.97,0,0.0
portfolio_slip0,2025-04-29,12082.97,0.0,12082.97,0,0.0
portfolio_slip0,2025-04-30,12082.97,0.0,12082.97,0,0.0
portfolio_slip0,2025-05-06,12082.97,0.0,12082.97,0,0.0
portfolio_slip0,2025-05-07,12082.97,0.0,12082.97,0,0.0
portfolio_slip0,2025-05-08,9379.02,2627.0,12006.01,1,21.881
portfolio_slip0,2025-05-09,9379.02,2647.69,12026.71,1,22.015
portfolio_slip0,2025-05-12,11914.72,0.0,11914.72,0,0.0
portfolio_slip0,2025-05-13,11914.72,0.0,11914.72,0,0.0
portfolio_slip0,2025-05-14,9319.16,2594.48,11913.64,1,21.777
portfolio_slip0,2025-05-15,9319.16,2569.84,11889.0,1,21.615
portfolio_slip0,2025-05-16,9319.16,2565.9,11885.06,1,21.589
portfolio_slip0,2025-05-19,9319.16,2564.92,11884.08,1,21.583
portfolio_slip0,2025-05-20,9319.16,2595.46,11914.62,1,21.784
portfolio_slip0,2025-05-21,9319.16,2741.3,12060.46,1,22.73
portfolio_slip0,2025-05-22,9319.16,2708.78,12027.94,1,22.521
portfolio_slip0,2025-05-23,11983.15,0.0,11983.15,0,0.0
portfolio_slip0,2025-05-26,11983.15,0.0,11983.15,0,0.0
portfolio_slip0,2025-05-27,11983.15,0.0,11983.15,0,0.0
portfolio_slip0,2025-05-28,11983.15,0.0,11983.15,0,0.0
portfolio_slip0,2025-05-29,11983.15,0.0,11983.15,0,0.0
portfolio_slip0,2025-05-30,11983.15,0.0,11983.15,0,0.0
portfolio_slip0,2025-06-03,11983.15,0.0,11983.15,0,0.0
portfolio_slip0,2025-06-04,11983.15,0.0,11983.15,0,0.0
portfolio_slip0,2025-06-05,11983.15,0.0,11983.15,0,0.0
portfolio_slip0,2025-06-06,11983.15,0.0,11983.15,0,0.0
portfolio_slip0,2025-06-09,11983.15,0.0,11983.15,0,0.0
portfolio_slip0,2025-06-10,11983.15,0.0,11983.15,0,0.0
portfolio_slip0,2025-06-11,11983.15,0.0,11983.15,0,0.0
portfolio_slip0,2025-06-12,11983.15,0.0,11983.15,0,0.0
portfolio_slip0,2025-06-13,11983.15,0.0,11983.15,0,0.0
portfolio_slip0,2025-06-16,11983.15,0.0,11983.15,0,0.0
portfolio_slip0,2025-06-17,11983.15,0.0,11983.15,0,0.0
portfolio_slip0,2025-06-18,11983.15,0.0,11983.15,0,0.0
portfolio_slip0,2025-06-19,11983.15,0.0,11983.15,0,0.0
portfolio_slip0,2025-06-20,9304.81,2660.5,11965.31,1,22.235
portfolio_slip0,2025-06-23,9304.81,2641.78,11946.59,1,22.113
portfolio_slip0,2025-06-24,11816.53,0.0,11816.53,0,0.0
portfolio_slip0,2025-06-25,11816.53,0.0,11816.53,0,0.0
portfolio_slip0,2025-06-26,11816.53,0.0,11816.53,0,0.0
portfolio_slip0,2025-06-27,11816.53,0.0,11816.53,0,0.0
portfolio_slip0,2025-06-30,11816.53,0.0,11816.53,0,0.0
portfolio_slip0,2025-07-01,11816.53,0.0,11816.53,0,0.0
portfolio_slip0,2025-07-02,11816.53,0.0,11816.53,0,0.0
portfolio_slip0,2025-07-03,11816.53,0.0,11816.53,0,0.0
portfolio_slip0,2025-07-04,11816.53,0.0,11816.53,0,0.0
portfolio_slip0,2025-07-07,5276.17,6521.41,11797.58,2,55.278
portfolio_slip0,2025-07-08,5276.17,6596.55,11872.72,2,55.561
portfolio_slip0,2025-07-09,5276.17,6541.56,11817.73,2,55.354
portfolio_slip0,2025-07-10,5276.17,6563.38,11839.55,2,55.436
portfolio_slip0,2025-07-11,5276.17,6610.99,11887.16,2,55.615
portfolio_slip0,2025-07-14,5276.17,6628.58,11904.75,2,55.68
portfolio_slip0,2025-07-15,5276.17,6560.91,11837.08,2,55.427
portfolio_slip0,2025-07-16,5276.17,6512.7,11788.87,2,55.244
portfolio_slip0,2025-07-17,5276.17,6569.22,11845.39,2,55.458
portfolio_slip0,2025-07-18,5276.17,6577.66,11853.82,2,55.49
portfolio_slip0,2025-07-21,5276.17,6803.67,12079.84,2,56.323
portfolio_slip0,2025-07-22,5276.17,6938.74,12214.91,2,56.806
portfolio_slip0,2025-07-23,5276.17,6808.99,12085.16,2,56.342
portfolio_slip0,2025-07-24,5276.17,6949.89,12226.06,2,56.845
portfolio_slip0,2025-07-25,5276.17,6849.08,12125.25,2,56.486
portfolio_slip0,2025-07-28,5276.17,6850.14,12126.3,2,56.49
portfolio_slip0,2025-07-29,5276.17,6808.65,12084.82,2,56.341
portfolio_slip0,2025-07-30,5276.17,6767.21,12043.38,2,56.19
portfolio_slip0,2025-07-31,9176.5,2753.19,11929.69,1,23.078
portfolio_slip0,2025-08-01,5566.53,6373.67,11940.2,2,53.38
portfolio_slip0,2025-08-04,5566.53,6385.14,11951.67,2,53.425
portfolio_slip0,2025-08-05,5566.53,6501.53,12068.06,2,53.874
portfolio_slip0,2025-08-06,5566.53,6497.91,12064.44,2,53.86
portfolio_slip0,2025-08-07,5566.53,6498.28,12064.8,2,53.861
portfolio_slip0,2025-08-08,5566.53,6604.72,12171.25,2,54.265
portfolio_slip0,2025-08-11,5566.53,6639.33,12205.85,2,54.395
portfolio_slip0,2025-08-12,5566.53,6660.38,12226.91,2,54.473
portfolio_slip0,2025-08-13,5566.53,6726.7,12293.23,2,54.719
portfolio_slip0,2025-08-14,5566.53,6660.74,12227.27,2,54.474
portfolio_slip0,2025-08-15,5566.53,6889.17,12455.7,2,55.309
portfolio_slip0,2025-08-18,5566.53,6815.79,12382.32,2,55.045
portfolio_slip0,2025-08-19,5566.53,6803.14,12369.67,2,54.999
portfolio_slip0,2025-08-20,5566.53,6838.02,12404.55,2,55.125
portfolio_slip0,2025-08-21,5566.53,6788.33,12354.85,2,54.945
portfolio_slip0,2025-08-22,5566.53,6836.4,12402.93,2,55.119
portfolio_slip0,2025-08-25,5566.53,7056.87,12623.4,2,55.903
portfolio_slip0,2025-08-26,5566.53,7155.73,12722.25,2,56.246
portfolio_slip0,2025-08-27,5566.53,6984.22,12550.75,2,55.648
portfolio_slip0,2025-08-28,5566.53,7095.18,12661.71,2,56.037
portfolio_slip0,2025-08-29,9279.63,3228.29,12507.92,1,25.81
portfolio_slip0,2025-09-01,9279.63,3208.41,12488.04,1,25.692
portfolio_slip0,2025-09-02,6251.9,6121.77,12373.67,2,49.474
portfolio_slip0,2025-09-03,9323.33,2980.8,12304.13,1,24.226
portfolio_slip0,2025-09-04,9799.73,2251.18,12050.91,1,18.681
portfolio_slip0,2025-09-05,8948.49,3217.4,12165.88,1,26.446
portfolio_slip0,2025-09-08,5060.93,7225.7,12286.64,2,58.809
portfolio_slip0,2025-09-09,5060.93,7067.86,12128.79,2,58.273
portfolio_slip0,2025-09-10,5060.93,7207.54,12268.48,2,58.748
portfolio_slip0,2025-09-11,5060.93,7466.11,12527.04,2,59.6
portfolio_slip0,2025-09-12,5060.93,7409.27,12470.21,2,59.416
portfolio_slip0,2025-09-15,6675.64,5694.51,12370.15,2,46.034
portfolio_slip0,2025-09-16,3655.9,8769.55,12425.45,3,70.577
portfolio_slip0,2025-09-17,3655.9,8800.42,12456.32,3,70.65
portfolio_slip0,2025-09-18,7055.16,5423.24,12478.4,2,43.461
portfolio_slip0,2025-09-19,4309.3,8157.92,12467.23,3,65.435
portfolio_slip0,2025-09-22,4309.3,8372.11,12681.42,3,66.019
portfolio_slip0,2025-09-23,2834.11,9688.36,12522.47,4,77.368
portfolio_slip0,2025-09-24,2834.11,9897.6,12731.71,4,77.74
portfolio_slip0,2025-09-25,2834.11,9965.43,12799.54,4,77.858
portfolio_slip0,2025-09-26,2834.11,9825.23,12659.34,4,77.612
portfolio_slip0,2025-09-29,2834.11,9915.23,12749.34,4,77.771
portfolio_slip0,2025-09-30,2834.11,10112.77,12946.88,4,78.11
portfolio_slip0,2025-10-09,2834.11,10660.35,13494.46,4,78.998
portfolio_slip0,2025-10-10,11164.85,1931.95,13096.81,1,14.751
portfolio_slip0,2025-10-13,7217.25,5970.64,13187.89,2,45.274
portfolio_slip0,2025-10-14,3012.09,9753.87,12765.95,3,76.405
portfolio_slip0,2025-10-15,1208.32,11923.5,13131.82,4,90.799
portfolio_slip0,2025-10-16,1208.32,11615.12,12823.44,4,90.577
portfolio_slip0,2025-10-17,3584.89,8745.67,12330.55,3,70.927
portfolio_slip0,2025-10-20,3584.89,9066.01,12650.9,3,71.663
portfolio_slip0,2025-10-21,3584.89,9189.15,12774.04,3,71.936
portfolio_slip0,2025-10-22,2467.64,10102.74,12570.38,4,80.369
portfolio_slip0,2025-10-23,763.0,11722.69,12485.69,5,93.889
portfolio_slip0,2025-10-24,763.0,12048.17,12811.17,5,94.044
portfolio_slip0,2025-10-27,763.0,12169.4,12932.4,5,94.1
portfolio_slip0,2025-10-28,763.0,11985.02,12748.03,5,94.015
portfolio_slip0,2025-10-29,763.0,12171.3,12934.3,5,94.101
portfolio_slip0,2025-10-30,763.0,12083.28,12846.28,5,94.061
portfolio_slip0,2025-10-31,763.0,11926.99,12689.99,5,93.987
portfolio_slip0,2025-11-03,2608.23,10109.19,12717.42,4,79.491
portfolio_slip0,2025-11-04,2608.23,9819.79,12428.02,4,79.013
portfolio_slip0,2025-11-05,2118.74,10355.92,12474.66,4,83.016
portfolio_slip0,2025-11-06,2118.74,10725.53,12844.27,4,83.504
portfolio_slip0,2025-11-07,2118.74,10582.02,12700.75,4,83.318
portfolio_slip0,2025-11-10,4250.65,8517.06,12767.71,3,66.708
portfolio_slip0,2025-11-11,2534.08,10029.32,12563.4,4,79.83
portfolio_slip0,2025-11-12,2969.56,9571.91,12541.47,4,76.322
portfolio_slip0,2025-11-13,2969.56,9817.81,12787.37,4,76.777
portfolio_slip0,2025-11-14,2969.56,9603.27,12572.83,4,76.381
portfolio_slip0,2025-11-17,5921.05,6469.44,12390.49,3,52.213
portfolio_slip0,2025-11-18,5128.73,7121.65,12250.38,2,58.134
portfolio_slip0,2025-11-19,5128.73,7101.33,12230.06,2,58.065
portfolio_slip0,2025-11-20,5128.73,7022.71,12151.44,2,57.793
portfolio_slip0,2025-11-21,11860.29,0.0,11860.29,0,0.0
portfolio_slip0,2025-11-24,8328.57,3519.3,11847.87,1,29.704
portfolio_slip0,2025-11-25,8328.57,3504.55,11833.12,1,29.616
portfolio_slip0,2025-11-26,8328.57,3482.41,11810.98,1,29.485
portfolio_slip0,2025-11-27,8328.57,3489.79,11818.36,1,29.529
portfolio_slip0,2025-11-28,8328.57,3482.41,11810.98,1,29.485
portfolio_slip0,2025-12-01,8328.57,3548.81,11877.38,1,29.879
portfolio_slip0,2025-12-02,8328.57,3504.55,11833.12,1,29.616
portfolio_slip0,2025-12-03,8328.57,3644.73,11973.3,1,30.44
portfolio_slip0,2025-12-04,8328.57,3622.59,11951.16,1,30.312
portfolio_slip0,2025-12-05,8328.57,3932.47,12261.04,1,32.073
portfolio_slip0,2025-12-08,8328.57,3851.31,12179.88,1,31.62
portfolio_slip0,2025-12-09,12009.69,0.0,12009.69,0,0.0
portfolio_slip0,2025-12-10,12009.69,0.0,12009.69,0,0.0
portfolio_slip0,2025-12-11,8337.79,3644.73,11982.52,1,30.417
portfolio_slip0,2025-12-12,8337.79,3691.46,12029.25,1,30.687
portfolio_slip0,2025-12-15,8337.79,3605.79,11943.58,1,30.19
portfolio_slip0,2025-12-16,8337.79,3582.42,11920.22,1,30.053
portfolio_slip0,2025-12-17,8337.79,3644.73,11982.52,1,30.417
portfolio_slip0,2025-12-18,8337.79,3629.15,11966.94,1,30.326
portfolio_slip0,2025-12-19,8337.79,3730.39,12068.19,1,30.911
portfolio_slip0,2025-12-22,8337.79,3753.76,12091.55,1,31.044
portfolio_slip0,2025-12-23,8337.79,3909.52,12247.31,1,31.921
portfolio_slip0,2025-12-24,8337.79,3932.88,12270.67,1,32.051
portfolio_slip0,2025-12-25,8337.79,3901.73,12239.52,1,31.878
portfolio_slip0,2025-12-26,4706.89,7793.03,12499.92,2,62.345
portfolio_slip0,2025-12-29,4706.89,7671.1,12377.99,2,61.974
portfolio_slip0,2025-12-30,4706.89,7729.42,12436.31,2,62.152
portfolio_slip0,2025-12-31,4706.89,7791.89,12498.78,2,62.341
portfolio_slip0,2026-01-05,4706.89,7921.13,12628.02,2,62.727
portfolio_slip0,2026-01-06,4706.89,8045.57,12752.46,2,63.09
portfolio_slip0,2026-01-07,4706.89,8184.09,12890.98,2,63.487
portfolio_slip0,2026-01-08,2243.87,10544.14,12788.01,3,82.453
portfolio_slip0,2026-01-09,2243.87,10682.49,12926.36,3,82.641
portfolio_slip0,2026-01-12,2243.87,10683.13,12927.0,3,82.642
portfolio_slip0,2026-01-13,2243.87,10474.71,12718.58,3,82.358
portfolio_slip0,2026-01-14,2243.87,10681.64,12925.51,3,82.64
portfolio_slip0,2026-01-15,2243.87,10689.25,12933.12,3,82.65
portfolio_slip0,2026-01-16,2243.87,10881.84,13125.71,3,82.905
portfolio_slip0,2026-01-19,2243.87,11309.8,13553.67,3,83.445
portfolio_slip0,2026-01-20,2243.87,11727.93,13971.8,3,83.94
portfolio_slip0,2026-01-21,2243.87,11692.37,13936.24,3,83.899
portfolio_slip0,2026-01-22,4943.49,8807.42,13750.91,2,64.05
portfolio_slip0,2026-01-23,2786.59,11427.92,14214.51,3,80.396
portfolio_slip0,2026-01-26,2786.59,12172.55,14959.14,3,81.372
portfolio_slip0,2026-01-27,2786.59,12055.32,14841.92,3,81.225
portfolio_slip0,2026-01-28,2786.59,12711.97,15498.56,3,82.02
portfolio_slip0,2026-01-29,13063.34,2206.11,15269.46,1,14.448
portfolio_slip0,2026-01-30,8032.92,7392.54,15425.46,2,47.924
portfolio_slip0,2026-02-02,5672.65,9382.01,15054.67,3,62.32
portfolio_slip0,2026-02-03,3713.85,11708.02,15421.87,4,75.918
portfolio_slip0,2026-02-04,3713.85,11483.57,15197.42,4,75.563
portfolio_slip0,2026-02-05,5471.26,9380.71,14851.97,4,63.161
portfolio_slip0,2026-02-06,9464.94,5090.8,14555.74,2,34.974
portfolio_slip0,2026-02-09,9464.94,5328.64,14793.58,2,36.02
portfolio_slip0,2026-02-10,4608.33,10117.36,14725.69,3,68.706
portfolio_slip0,2026-02-11,5396.12,9231.29,14627.41,3,63.11
portfolio_slip0,2026-02-12,5396.12,9448.94,14845.06,3,63.65
portfolio_slip0,2026-02-13,4723.3,9965.62,14688.92,4,67.844
portfolio_slip0,2026-02-24,4723.3,10151.86,14875.16,4,68.247
portfolio_slip0,2026-02-25,4723.3,10376.55,15099.85,4,68.72
portfolio_slip0,2026-02-26,4723.3,10647.72,15371.02,4,69.271
portfolio_slip0,2026-02-27,6528.41,8802.11,15330.52,4,57.416
portfolio_slip0,2026-03-02,6528.41,8782.57,15310.98,4,57.361
portfolio_slip0,2026-03-03,14217.48,700.91,14918.39,1,4.698
portfolio_slip0,2026-03-04,9332.9,5569.03,14901.93,2,37.371
portfolio_slip0,2026-03-05,9332.9,5633.96,14966.86,2,37.643
portfolio_slip0,2026-03-06,7333.07,7509.02,14842.09,2,50.593
portfolio_slip0,2026-03-09,10618.87,4021.0,14639.87,1,27.466
portfolio_slip0,2026-03-10,10618.87,4051.74,14670.61,1,27.618
portfolio_slip0,2026-03-11,10618.87,4138.01,14756.89,1,28.041
portfolio_slip0,2026-03-12,10618.87,4199.49,14818.37,1,28.34
portfolio_slip0,2026-03-13,1463.3,13067.84,14531.14,3,89.93
portfolio_slip0,2026-03-16,7185.06,7207.75,14392.81,2,50.079
portfolio_slip0,2026-03-17,7185.06,6959.15,14144.21,2,49.201
portfolio_slip0,2026-03-18,4616.68,10002.33,14619.01,3,68.42
portfolio_slip0,2026-03-19,4616.68,9834.81,14451.49,3,68.054
portfolio_slip0,2026-03-20,7221.35,6983.44,14204.8,2,49.163
portfolio_slip0,2026-03-23,7329.37,6620.69,13950.06,2,47.46
portfolio_slip0,2026-03-24,7329.37,7020.35,14349.72,2,48.923
portfolio_slip0,2026-03-25,7329.37,7555.47,14884.84,2,50.759
portfolio_slip0,2026-03-26,7329.37,7437.09,14766.46,2,50.365
portfolio_slip0,2026-03-27,9932.11,4883.07,14815.18,1,32.96
portfolio_slip0,2026-03-30,9932.11,5371.88,15303.99,1,35.101
portfolio_slip0,2026-03-31,9932.11,5253.17,15185.28,1,34.594
portfolio_slip0,2026-04-01,14997.52,0.0,14997.52,0,0.0
portfolio_slip0,2026-04-02,14997.52,0.0,14997.52,0,0.0
portfolio_slip0,2026-04-03,14997.52,0.0,14997.52,0,0.0
portfolio_slip0,2026-04-07,14997.52,0.0,14997.52,0,0.0
portfolio_slip0,2026-04-08,14997.52,0.0,14997.52,0,0.0
portfolio_slip0,2026-04-09,14997.52,0.0,14997.52,0,0.0
portfolio_slip0,2026-04-10,14997.52,0.0,14997.52,0,0.0
portfolio_slip0,2026-04-13,14997.52,0.0,14997.52,0,0.0
portfolio_slip0,2026-04-14,14997.52,0.0,14997.52,0,0.0
portfolio_slip0,2026-04-15,14997.52,0.0,14997.52,0,0.0
portfolio_slip0,2026-04-16,14997.52,0.0,14997.52,0,0.0
portfolio_slip0,2026-04-17,14997.52,0.0,14997.52,0,0.0
portfolio_slip0,2026-04-20,14997.52,0.0,14997.52,0,0.0
portfolio_slip0,2026-04-21,14997.52,0.0,14997.52,0,0.0
portfolio_slip0,2026-04-22,14997.52,0.0,14997.52,0,0.0
portfolio_slip0,2026-04-23,14997.52,0.0,14997.52,0,0.0
portfolio_slip0,2026-04-24,14997.52,0.0,14997.52,0,0.0
portfolio_slip0,2026-04-27,14997.52,0.0,14997.52,0,0.0
portfolio_slip0,2026-04-28,14997.52,0.0,14997.52,0,0.0
portfolio_slip0,2026-04-29,14997.52,0.0,14997.52,0,0.0
portfolio_slip0,2026-04-30,14997.52,0.0,14997.52,0,0.0
portfolio_slip0,2026-05-06,14997.52,0.0,14997.52,0,0.0
portfolio_slip0,2026-05-07,14997.52,0.0,14997.52,0,0.0
portfolio_slip0,2026-05-08,14997.52,0.0,14997.52,0,0.0
portfolio_slip0,2026-05-11,14997.52,0.0,14997.52,0,0.0
portfolio_slip0,2026-05-12,14997.52,0.0,14997.52,0,0.0
portfolio_slip0,2026-05-13,14997.52,0.0,14997.52,0,0.0
portfolio_slip0,2026-05-14,14997.52,0.0,14997.52,0,0.0
portfolio_slip0,2026-05-15,14997.52,0.0,14997.52,0,0.0
portfolio_slip0,2026-05-18,14997.52,0.0,14997.52,0,0.0
portfolio_slip0,2026-05-19,14997.52,0.0,14997.52,0,0.0
portfolio_slip0,2026-05-20,14997.52,0.0,14997.52,0,0.0
portfolio_slip0,2026-05-21,14997.52,0.0,14997.52,0,0.0
portfolio_slip0,2026-05-22,12029.52,2978.93,15008.46,1,19.848
portfolio_slip0,2026-05-25,12029.52,3096.65,15126.18,1,20.472
portfolio_slip0,2026-05-26,8053.39,6834.6,14887.99,2,45.907
portfolio_slip0,2026-05-27,6881.04,7670.56,14551.6,2,52.713
portfolio_slip0,2026-05-28,10612.14,4027.41,14639.55,1,27.51
portfolio_slip0,2026-05-29,10612.14,4193.4,14805.54,1,28.323
portfolio_slip0,2026-06-01,5428.2,9066.35,14494.55,3,62.55
portfolio_slip0,2026-06-02,5428.2,9248.1,14676.3,3,63.014
portfolio_slip0,2026-06-03,5428.2,9206.73,14634.93,3,62.909
portfolio_slip0,2026-06-04,5428.2,9116.54,14544.74,3,62.679
portfolio_slip0,2026-06-05,8840.46,5518.82,14359.27,2,38.434
portfolio_slip0,2026-06-08,14075.08,0.0,14075.08,0,0.0
portfolio_slip0,2026-06-09,14075.08,0.0,14075.08,0,0.0
portfolio_slip0,2026-06-10,10658.29,3344.92,14003.21,1,23.887
portfolio_slip0,2026-06-11,10658.29,3310.0,13968.29,1,23.697
portfolio_slip0,2026-06-12,13863.65,0.0,13863.65,0,0.0
portfolio_slip0,2026-06-15,13863.65,0.0,13863.65,0,0.0
portfolio_slip0,2026-06-16,13863.65,0.0,13863.65,0,0.0
portfolio_slip0,2026-06-17,13863.65,0.0,13863.65,0,0.0
portfolio_slip0,2026-06-18,10139.61,4103.0,14242.61,1,28.808
portfolio_slip0,2026-06-22,10139.61,4513.0,14652.61,1,30.8
portfolio_slip0,2026-06-23,10139.61,4288.0,14427.61,1,29.721
portfolio_slip0,2026-06-24,14329.47,0.0,14329.47,0,0.0
portfolio_slip0,2026-06-25,14329.47,0.0,14329.47,0,0.0
portfolio_slip0,2026-06-26,14329.47,0.0,14329.47,0,0.0
portfolio_slip0,2026-06-29,14329.47,0.0,14329.47,0,0.0
portfolio_slip0,2026-06-30,14329.47,0.0,14329.47,0,0.0
portfolio_slip0,2026-07-01,14329.47,0.0,14329.47,0,0.0
portfolio_slip0,2026-07-02,14329.47,0.0,14329.47,0,0.0
portfolio_slip0,2026-07-03,9598.84,4713.61,14312.45,1,32.934
portfolio_slip0,2026-07-06,9598.84,4650.76,14249.61,1,32.638
portfolio_slip0,2026-07-07,9598.84,4717.6,14316.44,1,32.952
portfolio_slip0,2026-07-08,14038.57,0.0,14038.57,0,0.0
portfolio_slip0,2026-07-09,14038.57,0.0,14038.57,0,0.0
portfolio_slip0,2026-07-10,14038.57,0.0,14038.57,0,0.0
portfolio_slip0,2026-07-13,14038.57,0.0,14038.57,0,0.0
portfolio_slip0,2026-07-14,9908.5,4169.93,14078.42,1,29.619
portfolio_slip0,2026-07-15,13783.52,0.0,13783.52,0,0.0
portfolio_slip0,2026-07-16,9791.48,3872.0,13663.48,1,28.338
portfolio_slip0,2026-07-17,13536.56,0.0,13536.56,0,0.0
portfolio_slip0,2026-07-20,13536.56,0.0,13536.56,0,0.0
portfolio_slip0,2026-07-21,13536.56,0.0,13536.56,0,0.0
portfolio_slip0,2026-07-22,13536.56,0.0,13536.56,0,0.0
portfolio_slip0,2026-07-23,13536.56,0.0,13536.56,0,0.0
portfolio_slip0,2026-07-24,13536.56,0.0,13536.56,0,0.0
portfolio_slip0,2026-07-27,13536.56,0.0,13536.56,0,0.0
portfolio_slip0,2026-07-28,10558.53,2833.0,13391.53,1,21.155
portfolio_slip0,2026-07-29,13351.11,0.0,13351.11,0,0.0
portfolio_slip0,2026-07-30,9986.07,3360.0,13346.07,1,25.176
portfolio_slip0,2026-07-31,9986.07,3489.0,13475.07,1,25.892
portfolio_slip0,2026-08-03,9986.07,3310.0,13296.07,1,24.895
portfolio_slip0,2026-08-04,9986.07,3432.0,13418.07,1,25.577
portfolio_slip0,2026-08-05,13438.31,0.0,13438.31,0,0.0
portfolio_slip0,2026-08-06,13438.31,0.0,13438.31,0,0.0
portfolio_slip0,2026-08-07,6817.24,6760.0,13577.24,2,49.789
portfolio_slip0,2026-08-10,6817.24,6766.0,13583.24,2,49.811
portfolio_slip0,2026-08-11,6817.24,6734.0,13551.24,2,49.693
portfolio_slip0,2026-08-12,9752.74,3700.0,13452.74,1,27.504
portfolio_slip0,2026-08-13,9752.74,3960.0,13712.74,1,28.878
portfolio_slip0,2026-08-14,5869.7,7973.0,13842.7,2,57.597
portfolio_slip0,2026-08-17,5869.7,8181.0,14050.7,2,58.225
portfolio_slip0,2026-08-18,9740.73,4221.0,13961.73,1,30.233
portfolio_slip0,2026-08-19,6654.69,7220.0,13874.69,2,52.037
portfolio_slip0,2026-08-20,3091.66,11191.0,14282.66,3,78.354
portfolio_slip0,2026-08-21,3091.66,11904.0,14995.66,3,79.383
portfolio_slip0,2026-08-24,11088.57,3449.0,14537.57,1,23.725
portfolio_slip0,2026-08-25,11088.57,3510.0,14598.57,1,24.043
portfolio_slip0,2026-08-26,11088.57,3490.0,14578.57,1,23.939
portfolio_slip0,2026-08-27,11088.57,3643.0,14731.57,1,24.729
portfolio_slip0,2026-08-28,11088.57,3589.0,14677.57,1,24.452
portfolio_slip0,2026-08-31,11088.57,3895.0,14983.57,1,25.995
portfolio_slip0,2026-09-01,11088.57,3832.0,14920.57,1,25.683
portfolio_slip0,2026-09-02,6615.53,8376.0,14991.53,2,55.872
portfolio_slip0,2026-09-03,6615.53,8473.0,15088.53,2,56.155
portfolio_slip0,2026-09-04,10285.65,4569.0,14854.65,1,30.758
portfolio_slip0,2026-09-07,10285.65,4448.0,14733.65,1,30.189
portfolio_slip0,2026-09-08,10285.65,4420.0,14705.65,1,30.056
portfolio_slip0,2026-09-09,10285.65,4388.0,14673.65,1,29.904
portfolio_slip0,2026-09-10,10285.65,4430.0,14715.65,1,30.104
portfolio_slip0,2026-09-11,6765.62,7898.0,14663.62,2,53.861
portfolio_slip0,2026-09-14,5069.6,9613.0,14682.6,3,65.472
portfolio_slip2,2023-09-14,13822.47,0.0,13822.47,0,0.0
portfolio_slip2,2023-09-15,13822.47,0.0,13822.47,0,0.0
portfolio_slip2,2023-09-18,13822.47,0.0,13822.47,0,0.0
portfolio_slip2,2023-09-19,13822.47,0.0,13822.47,0,0.0
portfolio_slip2,2023-09-20,13822.47,0.0,13822.47,0,0.0
portfolio_slip2,2023-09-21,13822.47,0.0,13822.47,0,0.0
portfolio_slip2,2023-09-22,4965.94,8891.83,13857.77,2,64.165
portfolio_slip2,2023-09-25,4965.94,8902.4,13868.34,2,64.192
portfolio_slip2,2023-09-26,4965.94,8830.45,13796.39,2,64.006
portfolio_slip2,2023-09-27,4965.94,8780.34,13746.28,2,63.874
portfolio_slip2,2023-09-28,4965.94,8738.24,13704.18,2,63.763
portfolio_slip2,2023-10-09,9081.58,4407.1,13488.68,1,32.673
portfolio_slip2,2023-10-10,9081.58,4373.09,13454.66,1,32.502
portfolio_slip2,2023-10-11,9081.58,4350.41,13431.98,1,32.388
portfolio_slip2,2023-10-12,9081.58,4433.56,13515.14,1,32.804
portfolio_slip2,2023-10-13,9081.58,4305.05,13386.63,1,32.159
portfolio_slip2,2023-10-16,9081.58,4308.83,13390.41,1,32.178
portfolio_slip2,2023-10-17,9081.58,4320.17,13401.75,1,32.236
portfolio_slip2,2023-10-18,9081.58,4244.58,13326.15,1,31.851
portfolio_slip2,2023-10-19,9081.58,4203.0,13284.58,1,31.638
portfolio_slip2,2023-10-20,13257.72,0.0,13257.72,0,0.0
portfolio_slip2,2023-10-23,13257.72,0.0,13257.72,0,0.0
portfolio_slip2,2023-10-24,13257.72,0.0,13257.72,0,0.0
portfolio_slip2,2023-10-25,13257.72,0.0,13257.72,0,0.0
portfolio_slip2,2023-10-26,13257.72,0.0,13257.72,0,0.0
portfolio_slip2,2023-10-27,13257.72,0.0,13257.72,0,0.0
portfolio_slip2,2023-10-30,13257.72,0.0,13257.72,0,0.0
portfolio_slip2,2023-10-31,13257.72,0.0,13257.72,0,0.0
portfolio_slip2,2023-11-01,13257.72,0.0,13257.72,0,0.0
portfolio_slip2,2023-11-02,13257.72,0.0,13257.72,0,0.0
portfolio_slip2,2023-11-03,13257.72,0.0,13257.72,0,0.0
portfolio_slip2,2023-11-06,13257.72,0.0,13257.72,0,0.0
portfolio_slip2,2023-11-07,13257.72,0.0,13257.72,0,0.0
portfolio_slip2,2023-11-08,13257.72,0.0,13257.72,0,0.0
portfolio_slip2,2023-11-09,13257.72,0.0,13257.72,0,0.0
portfolio_slip2,2023-11-10,10940.95,2295.05,13235.99,1,17.339
portfolio_slip2,2023-11-13,10940.95,2328.52,13269.47,1,17.548
portfolio_slip2,2023-11-14,10940.95,2317.37,13258.31,1,17.479
portfolio_slip2,2023-11-15,10940.95,2310.86,13251.8,1,17.438
portfolio_slip2,2023-11-16,10940.95,2310.86,13251.8,1,17.438
portfolio_slip2,2023-11-17,10940.95,2285.75,13226.69,1,17.281
portfolio_slip2,2023-11-20,10940.95,2298.77,13239.71,1,17.363
portfolio_slip2,2023-11-21,10940.95,2321.09,13262.03,1,17.502
portfolio_slip2,2023-11-22,10940.95,2238.32,13179.27,1,16.984
portfolio_slip2,2023-11-23,10940.95,2320.16,13261.1,1,17.496
portfolio_slip2,2023-11-24,10940.95,2278.31,13219.25,1,17.235
portfolio_slip2,2023-11-27,10940.95,2262.5,13203.45,1,17.136
portfolio_slip2,2023-11-28,10940.95,2293.19,13234.13,1,17.328
portfolio_slip2,2023-11-29,10940.95,2297.84,13238.78,1,17.357
portfolio_slip2,2023-11-30,10940.95,2264.36,13205.31,1,17.147
portfolio_slip2,2023-12-01,10940.95,2276.45,13217.39,1,17.223
portfolio_slip2,2023-12-04,10940.95,2253.2,13194.15,1,17.077
portfolio_slip2,2023-12-05,10940.95,2189.97,13130.91,1,16.678
portfolio_slip2,2023-12-06,8755.71,4391.21,13146.92,2,33.401
portfolio_slip2,2023-12-07,8755.71,4402.57,13158.28,2,33.459
portfolio_slip2,2023-12-08,10923.25,2336.34,13259.58,1,17.62
portfolio_slip2,2023-12-11,10923.25,2330.35,13253.6,1,17.583
portfolio_slip2,2023-12-12,10923.25,2338.33,13261.57,1,17.632
portfolio_slip2,2023-12-13,10923.25,2293.48,13216.72,1,17.353
portfolio_slip2,2023-12-14,10923.25,2265.57,13188.81,1,17.178
portfolio_slip2,2023-12-15,13163.6,0.0,13163.6,0,0.0
portfolio_slip2,2023-12-18,13163.6,0.0,13163.6,0,0.0
portfolio_slip2,2023-12-19,13163.6,0.0,13163.6,0,0.0
portfolio_slip2,2023-12-20,13163.6,0.0,13163.6,0,0.0
portfolio_slip2,2023-12-21,13163.6,0.0,13163.6,0,0.0
portfolio_slip2,2023-12-22,13163.6,0.0,13163.6,0,0.0
portfolio_slip2,2023-12-25,8826.09,4427.47,13253.57,1,33.406
portfolio_slip2,2023-12-26,8826.09,4353.72,13179.81,1,33.033
portfolio_slip2,2023-12-27,8826.09,4580.97,13407.06,1,34.168
portfolio_slip2,2023-12-28,8826.09,4580.97,13407.06,1,34.168
portfolio_slip2,2023-12-29,8826.09,4608.88,13434.97,1,34.305
portfolio_slip2,2024-01-02,8826.09,4584.96,13411.05,1,34.188
portfolio_slip2,2024-01-03,8826.09,4325.81,13151.9,1,32.891
portfolio_slip2,2024-01-04,8826.09,4256.04,13082.13,1,32.533
portfolio_slip2,2024-01-05,8826.09,4196.23,13022.33,1,32.223
portfolio_slip2,2024-01-08,12888.86,0.0,12888.86,0,0.0
portfolio_slip2,2024-01-09,12888.86,0.0,12888.86,0,0.0
portfolio_slip2,2024-01-10,12888.86,0.0,12888.86,0,0.0
portfolio_slip2,2024-01-11,12888.86,0.0,12888.86,0,0.0
portfolio_slip2,2024-01-12,12888.86,0.0,12888.86,0,0.0
portfolio_slip2,2024-01-15,12888.86,0.0,12888.86,0,0.0
portfolio_slip2,2024-01-16,12888.86,0.0,12888.86,0,0.0
portfolio_slip2,2024-01-17,12888.86,0.0,12888.86,0,0.0
portfolio_slip2,2024-01-18,12888.86,0.0,12888.86,0,0.0
portfolio_slip2,2024-01-19,12888.86,0.0,12888.86,0,0.0
portfolio_slip2,2024-01-22,12888.86,0.0,12888.86,0,0.0
portfolio_slip2,2024-01-23,12888.86,0.0,12888.86,0,0.0
portfolio_slip2,2024-01-24,12888.86,0.0,12888.86,0,0.0
portfolio_slip2,2024-01-25,12888.86,0.0,12888.86,0,0.0
portfolio_slip2,2024-01-26,12888.86,0.0,12888.86,0,0.0
portfolio_slip2,2024-01-29,12888.86,0.0,12888.86,0,0.0
portfolio_slip2,2024-01-30,12888.86,0.0,12888.86,0,0.0
portfolio_slip2,2024-01-31,12888.86,0.0,12888.86,0,0.0
portfolio_slip2,2024-02-01,12888.86,0.0,12888.86,0,0.0
portfolio_slip2,2024-02-02,12888.86,0.0,12888.86,0,0.0
portfolio_slip2,2024-02-05,12888.86,0.0,12888.86,0,0.0
portfolio_slip2,2024-02-06,12888.86,0.0,12888.86,0,0.0
portfolio_slip2,2024-02-07,12888.86,0.0,12888.86,0,0.0
portfolio_slip2,2024-02-08,12888.86,0.0,12888.86,0,0.0
portfolio_slip2,2024-02-19,12888.86,0.0,12888.86,0,0.0
portfolio_slip2,2024-02-20,12888.86,0.0,12888.86,0,0.0
portfolio_slip2,2024-02-21,12888.86,0.0,12888.86,0,0.0
portfolio_slip2,2024-02-22,12888.86,0.0,12888.86,0,0.0
portfolio_slip2,2024-02-23,12888.86,0.0,12888.86,0,0.0
portfolio_slip2,2024-02-26,12888.86,0.0,12888.86,0,0.0
portfolio_slip2,2024-02-27,12888.86,0.0,12888.86,0,0.0
portfolio_slip2,2024-02-28,12888.86,0.0,12888.86,0,0.0
portfolio_slip2,2024-02-29,12888.86,0.0,12888.86,0,0.0
portfolio_slip2,2024-03-01,12888.86,0.0,12888.86,0,0.0
portfolio_slip2,2024-03-04,12888.86,0.0,12888.86,0,0.0
portfolio_slip2,2024-03-05,12888.86,0.0,12888.86,0,0.0
portfolio_slip2,2024-03-06,12888.86,0.0,12888.86,0,0.0
portfolio_slip2,2024-03-07,12888.86,0.0,12888.86,0,0.0
portfolio_slip2,2024-03-08,12888.86,0.0,12888.86,0,0.0
portfolio_slip2,2024-03-11,12888.86,0.0,12888.86,0,0.0
portfolio_slip2,2024-03-12,12888.86,0.0,12888.86,0,0.0
portfolio_slip2,2024-03-13,12888.86,0.0,12888.86,0,0.0
portfolio_slip2,2024-03-14,10578.95,2280.51,12859.46,1,17.734
portfolio_slip2,2024-03-15,8440.17,4456.53,12896.7,2,34.556
portfolio_slip2,2024-03-18,8440.17,4706.81,13146.98,2,35.801
portfolio_slip2,2024-03-19,8440.17,4714.16,13154.33,2,35.837
portfolio_slip2,2024-03-20,8440.17,4682.72,13122.89,2,35.684
portfolio_slip2,2024-03-21,8440.17,4629.78,13069.95,2,35.423
portfolio_slip2,2024-03-22,10706.46,2257.77,12964.22,1,17.415
portfolio_slip2,2024-03-25,10706.46,2194.47,12900.93,1,17.01
portfolio_slip2,2024-03-26,12867.01,0.0,12867.01,0,0.0
portfolio_slip2,2024-03-27,5129.67,7477.39,12607.06,2,59.311
portfolio_slip2,2024-03-28,2995.6,9815.93,12811.53,3,76.618
portfolio_slip2,2024-03-29,2995.6,9781.47,12777.07,3,76.555
portfolio_slip2,2024-04-01,2995.6,9980.76,12976.35,3,76.915
portfolio_slip2,2024-04-02,2995.6,9762.85,12758.44,3,76.521
portfolio_slip2,2024-04-03,4728.14,7742.42,12470.56,3,62.086
portfolio_slip2,2024-04-08,4728.14,7612.02,12340.16,3,61.685
portfolio_slip2,2024-04-09,2868.02,9414.24,12282.26,3,76.649
portfolio_slip2,2024-04-10,4837.05,7177.25,12014.3,2,59.739
portfolio_slip2,2024-04-11,858.26,11220.37,12078.63,3,92.894
portfolio_slip2,2024-04-12,858.26,11547.25,12405.51,3,93.082
portfolio_slip2,2024-04-15,858.26,11718.04,12576.29,3,93.176
portfolio_slip2,2024-04-16,858.26,11310.65,12168.9,3,92.947
portfolio_slip2,2024-04-17,858.26,11691.7,12549.96,3,93.161
portfolio_slip2,2024-04-18,858.26,11799.4,12657.66,3,93.219
portfolio_slip2,2024-04-19,8548.74,3775.75,12324.49,1,30.636
portfolio_slip2,2024-04-22,8588.39,3586.22,12174.62,1,29.457
portfolio_slip2,2024-04-23,4663.64,7390.38,12054.02,2,61.311
portfolio_slip2,2024-04-24,2071.93,10400.14,12472.07,3,83.387
portfolio_slip2,2024-04-25,2071.93,10379.57,12451.5,3,83.36
portfolio_slip2,2024-04-26,2071.93,11016.87,13088.8,3,84.17
portfolio_slip2,2024-04-29,2071.93,10928.37,13000.3,3,84.062
portfolio_slip2,2024-04-30,2071.93,10775.2,12847.13,3,83.872
portfolio_slip2,2024-05-06,5506.95,7344.1,12851.05,2,57.148
portfolio_slip2,2024-05-07,5506.95,7434.05,12940.99,2,57.446
portfolio_slip2,2024-05-08,5506.95,7212.3,12719.25,2,56.704
portfolio_slip2,2024-05-09,6504.87,6246.74,12751.61,2,48.988
portfolio_slip2,2024-05-10,6504.87,6335.48,12840.35,2,49.34
portfolio_slip2,2024-05-13,6504.87,6236.24,12741.11,2,48.946
portfolio_slip2,2024-05-14,6504.87,6284.47,12789.34,2,49.138
portfolio_slip2,2024-05-15,6504.87,6276.15,12781.02,2,49.105
portfolio_slip2,2024-05-16,6504.87,6204.95,12709.82,2,48.82
portfolio_slip2,2024-05-17,6504.87,6281.07,12785.94,2,49.125
portfolio_slip2,2024-05-20,6504.87,6702.99,13207.86,2,50.75
portfolio_slip2,2024-05-21,10114.78,2838.54,12953.32,1,21.914
portfolio_slip2,2024-05-22,12884.8,0.0,12884.8,0,0.0
portfolio_slip2,2024-05-23,4099.18,8727.34,12826.52,3,68.041
portfolio_slip2,2024-05-24,4099.18,8796.6,12895.78,3,68.213
portfolio_slip2,2024-05-27,4099.18,9085.4,13184.58,3,68.909
portfolio_slip2,2024-05-28,4099.18,8994.74,13093.92,3,68.694
portfolio_slip2,2024-05-29,4099.18,9194.92,13294.1,3,69.165
portfolio_slip2,2024-05-30,4099.18,9086.03,13185.21,3,68.911
portfolio_slip2,2024-05-31,4099.18,9007.32,13106.5,3,68.724
portfolio_slip2,2024-06-03,4099.18,8843.62,12942.8,3,68.328
portfolio_slip2,2024-06-04,4099.18,9089.02,13188.2,3,68.918
portfolio_slip2,2024-06-05,4099.18,8902.36,13001.54,3,68.472
portfolio_slip2,2024-06-06,4099.18,8979.47,13078.65,3,68.657
portfolio_slip2,2024-06-07,4099.18,8900.75,12999.93,3,68.468
portfolio_slip2,2024-06-11,4099.18,8758.14,12857.32,3,68.118
portfolio_slip2,2024-06-12,4099.18,8779.61,12878.79,3,68.171
portfolio_slip2,2024-06-13,4099.18,8668.59,12767.77,3,67.894
portfolio_slip2,2024-06-14,2708.63,10187.0,12895.64,4,78.996
portfolio_slip2,2024-06-17,2708.63,10228.52,12937.16,4,79.063
portfolio_slip2,2024-06-18,2708.63,10389.71,13098.35,4,79.321
portfolio_slip2,2024-06-19,2708.63,10455.97,13164.6,4,79.425
portfolio_slip2,2024-06-20,2708.63,10422.04,13130.67,4,79.372
portfolio_slip2,2024-06-21,2708.63,10572.76,13281.4,4,79.606
portfolio_slip2,2024-06-24,2708.63,10372.36,13080.99,4,79.293
portfolio_slip2,2024-06-25,3484.34,9509.94,12994.29,4,73.186
portfolio_slip2,2024-06-26,5080.32,8052.05,13132.37,3,61.315
portfolio_slip2,2024-06-27,6515.69,6386.08,12901.77,2,49.498
portfolio_slip2,2024-06-28,6515.69,6548.34,13064.03,2,50.125
portfolio_slip2,2024-07-01,6515.69,6656.65,13172.34,2,50.535
portfolio_slip2,2024-07-02,6515.69,6612.3,13127.99,2,50.368
portfolio_slip2,2024-07-03,6515.69,6643.2,13158.89,2,50.484
portfolio_slip2,2024-07-04,2605.15,10524.66,13129.81,3,80.158
portfolio_slip2,2024-07-05,2605.15,10642.84,13247.99,3,80.335
portfolio_slip2,2024-07-08,2605.15,10561.56,13166.72,3,80.214
portfolio_slip2,2024-07-09,2605.15,10720.38,13325.53,3,80.45
portfolio_slip2,2024-07-10,2605.15,10689.01,13294.17,3,80.404
portfolio_slip2,2024-07-11,2605.15,10847.05,13452.2,3,80.634
portfolio_slip2,2024-07-12,2605.15,10770.18,13375.34,3,80.523
portfolio_slip2,2024-07-15,2605.15,10750.08,13355.24,3,80.493
portfolio_slip2,2024-07-16,2605.15,10989.03,13594.19,3,80.836
portfolio_slip2,2024-07-17,2605.15,10920.2,13525.35,3,80.739
portfolio_slip2,2024-07-18,6957.19,6554.87,13512.07,2,48.511
portfolio_slip2,2024-07-19,6957.19,6660.33,13617.53,2,48.91
portfolio_slip2,2024-07-22,4618.59,8918.12,13536.71,3,65.881
portfolio_slip2,2024-07-23,5242.09,7912.62,13154.72,2,60.15
portfolio_slip2,2024-07-24,5242.09,7975.67,13217.76,2,60.341
portfolio_slip2,2024-07-25,12906.79,0.0,12906.79,0,0.0
portfolio_slip2,2024-07-26,12906.79,0.0,12906.79,0,0.0
portfolio_slip2,2024-07-29,10634.27,2233.13,12867.4,1,17.355
portfolio_slip2,2024-07-30,10634.27,2215.23,12849.49,1,17.24
portfolio_slip2,2024-07-31,10634.27,2302.76,12937.03,1,17.8
portfolio_slip2,2024-08-01,10634.27,2281.87,12916.14,1,17.667
portfolio_slip2,2024-08-02,6743.05,6125.01,12868.06,2,47.599
portfolio_slip2,2024-08-05,8868.7,3746.38,12615.07,1,29.698
portfolio_slip2,2024-08-06,12512.52,0.0,12512.52,0,0.0
portfolio_slip2,2024-08-07,10416.75,2083.58,12500.34,1,16.668
portfolio_slip2,2024-08-08,10416.75,2079.6,12496.35,1,16.642
portfolio_slip2,2024-08-09,6401.77,6072.68,12474.46,2,48.681
portfolio_slip2,2024-08-12,6401.77,5989.25,12391.02,2,48.335
portfolio_slip2,2024-08-13,6401.77,6088.8,12490.58,2,48.747
portfolio_slip2,2024-08-14,6401.77,6052.42,12454.2,2,48.597
portfolio_slip2,2024-08-15,6401.77,6066.19,12467.96,2,48.654
portfolio_slip2,2024-08-16,8361.83,3933.1,12294.94,1,31.99
portfolio_slip2,2024-08-19,8361.83,3911.47,12273.3,1,31.87
portfolio_slip2,2024-08-20,4398.85,7771.45,12170.3,2,63.856
portfolio_slip2,2024-08-21,4398.85,7622.59,12021.44,2,63.408
portfolio_slip2,2024-08-22,8110.5,3892.79,12003.29,1,32.431
portfolio_slip2,2024-08-23,4515.49,7530.73,12046.22,2,62.515
portfolio_slip2,2024-08-26,4515.49,7429.37,11944.86,2,62.197
portfolio_slip2,2024-08-27,4515.49,7414.53,11930.02,2,62.15
portfolio_slip2,2024-08-28,4515.49,7478.35,11993.84,2,62.352
portfolio_slip2,2024-08-29,4515.49,7585.65,12101.14,2,62.685
portfolio_slip2,2024-08-30,4515.49,7480.18,11995.67,2,62.357
portfolio_slip2,2024-09-02,7882.01,3995.05,11877.06,1,33.637
portfolio_slip2,2024-09-03,7882.01,4059.95,11941.96,1,33.997
portfolio_slip2,2024-09-04,7882.01,4035.36,11917.38,1,33.861
portfolio_slip2,2024-09-05,7882.01,4042.25,11924.26,1,33.899
portfolio_slip2,2024-09-06,7882.01,4011.77,11893.78,1,33.73
portfolio_slip2,2024-09-09,7882.01,3964.57,11846.58,1,33.466
portfolio_slip2,2024-09-10,7882.01,3973.42,11855.43,1,33.516
portfolio_slip2,2024-09-11,7882.01,3982.27,11864.28,1,33.565
portfolio_slip2,2024-09-12,7882.01,3979.32,11861.33,1,33.549
portfolio_slip2,2024-09-13,7882.01,3980.3,11862.31,1,33.554
portfolio_slip2,2024-09-18,7882.01,3947.85,11829.86,1,33.372
portfolio_slip2,2024-09-19,7882.01,3855.43,11737.44,1,32.847
portfolio_slip2,2024-09-20,11641.54,0.0,11641.54,0,0.0
portfolio_slip2,2024-09-23,11641.54,0.0,11641.54,0,0.0
portfolio_slip2,2024-09-24,11641.54,0.0,11641.54,0,0.0
portfolio_slip2,2024-09-25,11641.54,0.0,11641.54,0,0.0
portfolio_slip2,2024-09-26,11641.54,0.0,11641.54,0,0.0
portfolio_slip2,2024-09-27,11641.54,0.0,11641.54,0,0.0
portfolio_slip2,2024-09-30,11641.54,0.0,11641.54,0,0.0
portfolio_slip2,2024-10-08,11641.54,0.0,11641.54,0,0.0
portfolio_slip2,2024-10-09,11641.54,0.0,11641.54,0,0.0
portfolio_slip2,2024-10-10,2868.77,8798.53,11667.3,3,75.412
portfolio_slip2,2024-10-11,3767.85,7655.75,11423.6,3,67.017
portfolio_slip2,2024-10-14,1365.7,10486.9,11852.6,4,88.478
portfolio_slip2,2024-10-15,1267.63,10177.95,11445.58,5,88.925
portfolio_slip2,2024-10-16,1331.57,9914.33,11245.9,5,88.16
portfolio_slip2,2024-10-17,1331.57,9943.07,11274.64,5,88.19
portfolio_slip2,2024-10-18,1331.57,10271.83,11603.4,5,88.524
portfolio_slip2,2024-10-21,1331.57,10339.53,11671.1,5,88.591
portfolio_slip2,2024-10-22,1331.57,10526.15,11857.72,5,88.77
portfolio_slip2,2024-10-23,3034.27,8796.38,11830.65,4,74.352
portfolio_slip2,2024-10-24,2157.94,9670.77,11828.71,4,81.757
portfolio_slip2,2024-10-25,2157.94,9741.37,11899.3,4,81.865
portfolio_slip2,2024-10-28,2157.94,9729.66,11887.59,4,81.847
portfolio_slip2,2024-10-29,2157.94,9794.91,11952.85,4,81.946
portfolio_slip2,2024-10-30,2157.94,9639.08,11797.02,4,81.708
portfolio_slip2,2024-10-31,1071.72,10767.67,11839.38,5,90.948
portfolio_slip2,2024-11-01,3526.53,8118.92,11645.45,4,69.718
portfolio_slip2,2024-11-04,3526.53,8337.72,11864.25,4,70.276
portfolio_slip2,2024-11-05,3526.53,8487.52,12014.05,4,70.647
portfolio_slip2,2024-11-06,3526.53,8413.89,11940.42,4,70.466
portfolio_slip2,2024-11-07,3526.53,8515.06,12041.59,4,70.714
portfolio_slip2,2024-11-08,3526.53,8621.52,12148.05,4,70.97
portfolio_slip2,2024-11-11,4661.66,7623.56,12285.22,3,62.055
portfolio_slip2,2024-11-12,7145.4,4891.22,12036.62,2,40.636
portfolio_slip2,2024-11-13,5602.59,6388.17,11990.76,2,53.276
portfolio_slip2,2024-11-14,5602.59,6277.27,11879.86,2,52.84
portfolio_slip2,2024-11-15,1511.9,10183.32,11695.21,4,87.073
portfolio_slip2,2024-11-18,980.04,10421.26,11401.3,4,91.404
portfolio_slip2,2024-11-19,980.04,10651.07,11631.11,4,91.574
portfolio_slip2,2024-11-20,980.04,10686.68,11666.72,4,91.6
portfolio_slip2,2024-11-21,980.04,10686.88,11666.92,4,91.6
portfolio_slip2,2024-11-22,4099.75,7033.49,11133.24,3,63.176
portfolio_slip2,2024-11-25,7861.88,3075.12,10937.0,1,28.117
portfolio_slip2,2024-11-26,4043.24,6837.16,10880.4,3,62.839
portfolio_slip2,2024-11-27,4043.24,7050.76,11094.0,3,63.555
portfolio_slip2,2024-11-28,4043.24,6933.98,10977.22,3,63.167
portfolio_slip2,2024-11-29,4043.24,7014.1,11057.34,3,63.434
portfolio_slip2,2024-12-02,4043.24,7236.78,11280.02,3,64.156
portfolio_slip2,2024-12-03,4043.24,7300.42,11343.66,3,64.357
portfolio_slip2,2024-12-04,4043.24,7141.08,11184.31,3,63.849
portfolio_slip2,2024-12-05,4043.24,7078.5,11121.74,3,63.646
portfolio_slip2,2024-12-06,4043.24,7086.0,11129.24,3,63.67
portfolio_slip2,2024-12-09,4043.24,7076.58,11119.81,3,63.639
portfolio_slip2,2024-12-10,4043.24,7042.98,11086.21,3,63.529
portfolio_slip2,2024-12-11,5765.89,5327.41,11093.3,2,48.024
portfolio_slip2,2024-12-12,5765.89,5365.36,11131.25,2,48.201
portfolio_slip2,2024-12-13,5765.89,5269.75,11035.64,2,47.752
portfolio_slip2,2024-12-16,2916.25,8039.05,10955.3,3,73.38
portfolio_slip2,2024-12-17,2916.25,7967.28,10883.53,3,73.205
portfolio_slip2,2024-12-18,2916.25,8067.57,10983.82,3,73.45
portfolio_slip2,2024-12-19,2916.25,8192.12,11108.37,3,73.747
portfolio_slip2,2024-12-20,2916.25,8322.17,11238.42,3,74.051
portfolio_slip2,2024-12-23,2916.25,8184.1,11100.35,3,73.728
portfolio_slip2,2024-12-24,2916.25,8246.07,11162.32,3,73.874
portfolio_slip2,2024-12-25,8112.64,2934.66,11047.3,1,26.565
portfolio_slip2,2024-12-26,8112.64,3081.25,11193.88,1,27.526
portfolio_slip2,2024-12-27,8112.64,3071.27,11183.91,1,27.462
portfolio_slip2,2024-12-30,8112.64,3158.03,11270.66,1,28.02
portfolio_slip2,2024-12-31,11068.19,0.0,11068.19,0,0.0
portfolio_slip2,2025-01-02,3196.7,7554.95,10751.64,3,70.268
portfolio_slip2,2025-01-03,10561.14,0.0,10561.14,0,0.0
portfolio_slip2,2025-01-06,10561.14,0.0,10561.14,0,0.0
portfolio_slip2,2025-01-07,8304.99,2260.77,10565.76,1,21.397
portfolio_slip2,2025-01-08,8304.99,2221.18,10526.17,1,21.101
portfolio_slip2,2025-01-09,8304.99,2221.18,10526.17,1,21.101
portfolio_slip2,2025-01-10,8304.99,2185.35,10490.34,1,20.832
portfolio_slip2,2025-01-13,10415.67,0.0,10415.67,0,0.0
portfolio_slip2,2025-01-14,10415.67,0.0,10415.67,0,0.0
portfolio_slip2,2025-01-15,8171.8,2187.24,10359.04,1,21.114
portfolio_slip2,2025-01-16,8171.8,2167.44,10339.24,1,20.963
portfolio_slip2,2025-01-17,8171.8,2257.95,10429.74,1,21.649
portfolio_slip2,2025-01-20,8171.8,2323.94,10495.74,1,22.142
portfolio_slip2,2025-01-21,8171.8,2341.85,10513.65,1,22.274
portfolio_slip2,2025-01-22,8171.8,2361.65,10533.45,1,22.42
portfolio_slip2,2025-01-23,8171.8,2319.23,10491.02,1,22.107
portfolio_slip2,2025-01-24,5552.42,5065.3,10617.72,2,47.706
portfolio_slip2,2025-01-27,5552.42,4845.6,10398.02,2,46.601
portfolio_slip2,2025-02-05,5552.42,4924.38,10476.8,2,47.003
portfolio_slip2,2025-02-06,5552.42,5100.37,10652.79,2,47.878
portfolio_slip2,2025-02-07,5552.42,5339.48,10891.9,2,49.022
portfolio_slip2,2025-02-10,5552.42,5304.06,10856.48,2,48.856
portfolio_slip2,2025-02-11,5552.42,5320.09,10872.51,2,48.932
portfolio_slip2,2025-02-12,5552.42,5394.49,10946.9,2,49.279
portfolio_slip2,2025-02-13,7974.31,2842.89,10817.21,1,26.281
portfolio_slip2,2025-02-14,7974.31,3022.94,10997.25,1,27.488
portfolio_slip2,2025-02-17,7974.31,3082.62,11056.93,1,27.88
portfolio_slip2,2025-02-18,9057.2,1927.38,10984.58,1,17.546
portfolio_slip2,2025-02-19,9057.2,1943.15,11000.35,1,17.664
portfolio_slip2,2025-02-20,9057.2,1984.54,11041.73,1,17.973
portfolio_slip2,2025-02-21,9057.2,1917.53,10974.73,1,17.472
portfolio_slip2,2025-02-24,9057.2,1937.24,10994.43,1,17.62
portfolio_slip2,2025-02-25,9057.2,1913.59,10970.78,1,17.443
portfolio_slip2,2025-02-26,9057.2,1889.94,10947.14,1,17.264
portfolio_slip2,2025-02-27,9057.2,1849.54,10906.74,1,16.958
portfolio_slip2,2025-02-28,3745.91,6910.84,10656.75,3,64.849
portfolio_slip2,2025-03-03,6575.78,3985.74,10561.52,2,37.738
portfolio_slip2,2025-03-04,6575.78,4055.12,10630.91,2,38.145
portfolio_slip2,2025-03-05,4112.16,6612.9,10725.06,3,61.658
portfolio_slip2,2025-03-06,4112.16,6741.66,10853.82,3,62.113
portfolio_slip2,2025-03-07,4112.16,6759.36,10871.53,3,62.175
portfolio_slip2,2025-03-10,4112.16,6682.58,10794.74,3,61.906
portfolio_slip2,2025-03-11,4112.16,6657.46,10769.62,3,61.817
portfolio_slip2,2025-03-12,4112.16,6765.74,10877.9,3,62.197
portfolio_slip2,2025-03-13,4112.16,6641.54,10753.7,3,61.76
portfolio_slip2,2025-03-14,4112.16,6772.54,10884.7,3,62.221
portfolio_slip2,2025-03-17,4112.16,6714.69,10826.85,3,62.019
portfolio_slip2,2025-03-18,4112.16,6800.91,10913.07,3,62.319
portfolio_slip2,2025-03-19,4112.16,6689.06,10801.23,3,61.929
portfolio_slip2,2025-03-20,4112.16,6677.42,10789.59,3,61.888
portfolio_slip2,2025-03-21,4112.16,6571.55,10683.71,3,61.51
portfolio_slip2,2025-03-24,5641.3,5139.65,10780.96,2,47.673
portfolio_slip2,2025-03-25,5641.3,5132.69,10773.99,2,47.64
portfolio_slip2,2025-03-26,5641.3,5047.66,10688.96,2,47.223
portfolio_slip2,2025-03-27,8259.35,2333.37,10592.72,1,22.028
portfolio_slip2,2025-03-28,8259.35,2310.74,10570.09,1,21.861
portfolio_slip2,2025-03-31,10541.6,0.0,10541.6,0,0.0
portfolio_slip2,2025-04-01,8025.66,2513.63,10539.29,1,23.85
portfolio_slip2,2025-04-02,8025.66,2503.96,10529.63,1,23.78
portfolio_slip2,2025-04-03,8025.66,2461.42,10487.09,1,23.471
portfolio_slip2,2025-04-07,10234.82,0.0,10234.82,0,0.0
portfolio_slip2,2025-04-08,8168.24,2095.88,10264.12,1,20.42
portfolio_slip2,2025-04-09,8168.24,2179.64,10347.87,1,21.064
portfolio_slip2,2025-04-10,8168.24,2352.08,10520.31,1,22.357
portfolio_slip2,2025-04-11,8168.24,2532.4,10700.64,1,23.666
portfolio_slip2,2025-04-14,8168.24,2718.64,10886.87,1,24.972
portfolio_slip2,2025-04-15,8168.24,2730.46,10898.7,1,25.053
portfolio_slip2,2025-04-16,8168.24,2951.18,11119.42,1,26.541
portfolio_slip2,2025-04-17,11118.8,0.0,11118.8,0,0.0
portfolio_slip2,2025-04-18,11118.8,0.0,11118.8,0,0.0
portfolio_slip2,2025-04-21,11118.8,0.0,11118.8,0,0.0
portfolio_slip2,2025-04-22,11118.8,0.0,11118.8,0,0.0
portfolio_slip2,2025-04-23,11118.8,0.0,11118.8,0,0.0
portfolio_slip2,2025-04-24,8324.54,2724.55,11049.08,1,24.659
portfolio_slip2,2025-04-25,8324.54,2670.35,10994.89,1,24.287
portfolio_slip2,2025-04-28,10908.49,0.0,10908.49,0,0.0
portfolio_slip2,2025-04-29,10908.49,0.0,10908.49,0,0.0
portfolio_slip2,2025-04-30,10908.49,0.0,10908.49,0,0.0
portfolio_slip2,2025-05-06,10908.49,0.0,10908.49,0,0.0
portfolio_slip2,2025-05-07,10908.49,0.0,10908.49,0,0.0
portfolio_slip2,2025-05-08,8199.14,2627.0,10826.13,1,24.265
portfolio_slip2,2025-05-09,8199.14,2647.69,10846.82,1,24.41
portfolio_slip2,2025-05-12,10734.74,0.0,10734.74,0,0.0
portfolio_slip2,2025-05-13,10734.74,0.0,10734.74,0,0.0
portfolio_slip2,2025-05-14,8134.0,2594.48,10728.48,1,24.183
portfolio_slip2,2025-05-15,8134.0,2569.84,10703.85,1,24.009
portfolio_slip2,2025-05-16,8134.0,2565.9,10699.9,1,23.981
portfolio_slip2,2025-05-19,8134.0,2564.92,10698.92,1,23.974
portfolio_slip2,2025-05-20,8134.0,2595.46,10729.46,1,24.19
portfolio_slip2,2025-05-21,8134.0,2741.3,10875.3,1,25.207
portfolio_slip2,2025-05-22,8134.0,2708.78,10842.78,1,24.982
portfolio_slip2,2025-05-23,8134.0,2794.51,10928.51,1,25.571
portfolio_slip2,2025-05-26,8134.0,2750.17,10884.17,1,25.268
portfolio_slip2,2025-05-27,10801.28,0.0,10801.28,0,0.0
portfolio_slip2,2025-05-28,10801.28,0.0,10801.28,0,0.0
portfolio_slip2,2025-05-29,10801.28,0.0,10801.28,0,0.0
portfolio_slip2,2025-05-30,10801.28,0.0,10801.28,0,0.0
portfolio_slip2,2025-06-03,10801.28,0.0,10801.28,0,0.0
portfolio_slip2,2025-06-04,10801.28,0.0,10801.28,0,0.0
portfolio_slip2,2025-06-05,10801.28,0.0,10801.28,0,0.0
portfolio_slip2,2025-06-06,10801.28,0.0,10801.28,0,0.0
portfolio_slip2,2025-06-09,10801.28,0.0,10801.28,0,0.0
portfolio_slip2,2025-06-10,10801.28,0.0,10801.28,0,0.0
portfolio_slip2,2025-06-11,10801.28,0.0,10801.28,0,0.0
portfolio_slip2,2025-06-12,10801.28,0.0,10801.28,0,0.0
portfolio_slip2,2025-06-13,10801.28,0.0,10801.28,0,0.0
portfolio_slip2,2025-06-16,10801.28,0.0,10801.28,0,0.0
portfolio_slip2,2025-06-17,10801.28,0.0,10801.28,0,0.0
portfolio_slip2,2025-06-18,10801.28,0.0,10801.28,0,0.0
portfolio_slip2,2025-06-19,10801.28,0.0,10801.28,0,0.0
portfolio_slip2,2025-06-20,8117.6,2660.5,10778.1,1,24.684
portfolio_slip2,2025-06-23,8117.6,2641.78,10759.37,1,24.553
portfolio_slip2,2025-06-24,10629.27,0.0,10629.27,0,0.0
portfolio_slip2,2025-06-25,10629.27,0.0,10629.27,0,0.0
portfolio_slip2,2025-06-26,10629.27,0.0,10629.27,0,0.0
portfolio_slip2,2025-06-27,10629.27,0.0,10629.27,0,0.0
portfolio_slip2,2025-06-30,10629.27,0.0,10629.27,0,0.0
portfolio_slip2,2025-07-01,10629.27,0.0,10629.27,0,0.0
portfolio_slip2,2025-07-02,10629.27,0.0,10629.27,0,0.0
portfolio_slip2,2025-07-03,10629.27,0.0,10629.27,0,0.0
portfolio_slip2,2025-07-04,10629.27,0.0,10629.27,0,0.0
portfolio_slip2,2025-07-07,5342.35,5260.41,10602.76,2,49.614
portfolio_slip2,2025-07-08,5342.35,5330.61,10672.96,2,49.945
portfolio_slip2,2025-07-09,5342.35,5287.47,10629.82,2,49.742
portfolio_slip2,2025-07-10,5342.35,5299.42,10641.77,2,49.798
portfolio_slip2,2025-07-11,5342.35,5325.32,10667.67,2,49.92
portfolio_slip2,2025-07-14,5342.35,5340.94,10683.29,2,49.993
portfolio_slip2,2025-07-15,5342.35,5286.09,10628.44,2,49.735
portfolio_slip2,2025-07-16,5342.35,5250.71,10593.06,2,49.567
portfolio_slip2,2025-07-17,5342.35,5305.26,10647.61,2,49.826
portfolio_slip2,2025-07-18,5342.35,5297.91,10640.26,2,49.791
portfolio_slip2,2025-07-21,5342.35,5470.64,10812.99,2,50.593
portfolio_slip2,2025-07-22,5342.35,5563.29,10905.63,2,51.013
portfolio_slip2,2025-07-23,5342.35,5465.1,10807.45,2,50.568
portfolio_slip2,2025-07-24,5342.35,5563.58,10905.93,2,51.014
portfolio_slip2,2025-07-25,5342.35,5488.42,10830.77,2,50.674
portfolio_slip2,2025-07-28,5342.35,5492.44,10834.79,2,50.693
portfolio_slip2,2025-07-29,5342.35,5462.79,10805.14,2,50.557
portfolio_slip2,2025-07-30,5342.35,5435.17,10777.51,2,50.431
portfolio_slip2,2025-07-31,7935.69,2753.19,10688.89,1,25.758
portfolio_slip2,2025-08-01,4679.73,6015.0,10694.73,2,56.243
portfolio_slip2,2025-08-04,4679.73,6023.74,10703.47,2,56.278
portfolio_slip2,2025-08-05,4679.73,6134.64,10814.38,2,56.727
portfolio_slip2,2025-08-06,4679.73,6129.21,10808.94,2,56.705
portfolio_slip2,2025-08-07,4679.73,6127.74,10807.47,2,56.699
portfolio_slip2,2025-08-08,4679.73,6228.71,10908.44,2,57.1
portfolio_slip2,2025-08-11,4679.73,6264.23,10943.96,2,57.239
portfolio_slip2,2025-08-12,4679.73,6284.37,10964.1,2,57.318
portfolio_slip2,2025-08-13,4679.73,6347.04,11026.77,2,57.56
portfolio_slip2,2025-08-14,4679.73,6282.91,10962.64,2,57.312
portfolio_slip2,2025-08-15,4679.73,6502.21,11181.94,2,58.149
portfolio_slip2,2025-08-18,4679.73,6437.96,11117.69,2,57.907
portfolio_slip2,2025-08-19,4679.73,6428.96,11108.69,2,57.873
portfolio_slip2,2025-08-20,4679.73,6458.36,11138.09,2,57.984
portfolio_slip2,2025-08-21,4679.73,6408.67,11088.4,2,57.796
portfolio_slip2,2025-08-22,4679.73,6454.91,11134.64,2,57.971
portfolio_slip2,2025-08-25,4679.73,6666.26,11345.99,2,58.754
portfolio_slip2,2025-08-26,4679.73,6757.81,11437.54,2,59.084
portfolio_slip2,2025-08-27,4679.73,6599.09,11278.82,2,58.509
portfolio_slip2,2025-08-28,4679.73,6711.87,11391.6,2,58.919
portfolio_slip2,2025-08-29,8023.31,3228.29,11251.6,1,28.692
portfolio_slip2,2025-09-01,8023.31,3208.41,11231.72,1,28.566
portfolio_slip2,2025-09-02,4989.53,6121.77,11111.31,2,55.095
portfolio_slip2,2025-09-03,8054.81,2980.8,11035.61,1,27.011
portfolio_slip2,2025-09-04,8526.79,2251.18,10777.97,1,20.887
portfolio_slip2,2025-09-05,7664.8,3217.4,10882.2,1,29.566
portfolio_slip2,2025-09-08,5714.64,5259.51,10974.15,2,47.926
portfolio_slip2,2025-09-09,5714.64,5092.68,10807.32,2,47.123
portfolio_slip2,2025-09-10,5714.64,5173.51,10888.15,2,47.515
portfolio_slip2,2025-09-11,5714.64,5376.21,11090.85,2,48.474
portfolio_slip2,2025-09-12,5714.64,5358.28,11072.92,2,48.391
portfolio_slip2,2025-09-15,5326.6,5694.51,11021.11,2,51.669
portfolio_slip2,2025-09-16,2300.82,8769.55,11070.37,3,79.216
portfolio_slip2,2025-09-17,2300.82,8800.42,11101.24,3,79.274
portfolio_slip2,2025-09-18,5693.28,5423.24,11116.52,2,48.785
portfolio_slip2,2025-09-19,5693.28,5422.06,11115.33,2,48.78
portfolio_slip2,2025-09-22,4190.42,7033.8,11224.22,3,62.666
portfolio_slip2,2025-09-23,4190.42,6817.63,11008.06,3,61.933
portfolio_slip2,2025-09-24,4190.42,7003.07,11193.5,3,62.564
portfolio_slip2,2025-09-25,4190.42,7164.12,11354.54,3,63.095
portfolio_slip2,2025-09-26,4190.42,7038.79,11229.21,3,62.683
portfolio_slip2,2025-09-29,4190.42,7039.55,11229.97,3,62.685
portfolio_slip2,2025-09-30,4190.42,7179.57,11370.0,3,63.145
portfolio_slip2,2025-10-09,4190.42,7477.26,11667.68,3,64.085
portfolio_slip2,2025-10-10,9527.97,1931.95,11459.93,1,16.858
portfolio_slip2,2025-10-13,5565.1,5970.64,11535.74,2,51.758
portfolio_slip2,2025-10-14,5565.1,5646.14,11211.24,2,50.361
portfolio_slip2,2025-10-15,2757.11,8647.74,11404.85,3,75.825
portfolio_slip2,2025-10-16,2757.11,8494.47,11251.58,3,75.496
portfolio_slip2,2025-10-17,3319.32,7447.67,10766.99,3,69.171
portfolio_slip2,2025-10-20,3319.32,7745.82,11065.14,3,70.002
portfolio_slip2,2025-10-21,3319.32,7850.3,11169.62,3,70.283
portfolio_slip2,2025-10-22,2571.34,8372.21,10943.55,4,76.504
portfolio_slip2,2025-10-23,2556.03,8260.32,10816.35,4,76.369
portfolio_slip2,2025-10-24,2556.03,8456.15,11012.18,4,76.789
portfolio_slip2,2025-10-27,2556.03,8618.44,11174.47,4,77.126
portfolio_slip2,2025-10-28,2556.03,8505.64,11061.67,4,76.893
portfolio_slip2,2025-10-29,2556.03,8672.76,11228.79,4,77.237
portfolio_slip2,2025-10-30,2556.03,8639.27,11195.3,4,77.169
portfolio_slip2,2025-10-31,739.77,10196.93,10936.7,5,93.236
portfolio_slip2,2025-11-03,3145.36,7701.12,10846.48,4,71.001
portfolio_slip2,2025-11-04,3145.36,7417.14,10562.5,4,70.221
portfolio_slip2,2025-11-05,3045.85,7586.84,10632.7,4,71.354
portfolio_slip2,2025-11-06,3045.85,7839.24,10885.09,4,72.018
portfolio_slip2,2025-11-07,3045.85,7807.77,10853.63,4,71.937
portfolio_slip2,2025-11-10,3045.85,7882.6,10928.46,4,72.129
portfolio_slip2,2025-11-11,1340.8,9472.7,10813.5,5,87.601
portfolio_slip2,2025-11-12,3384.65,7370.41,10755.05,4,68.53
portfolio_slip2,2025-11-13,3384.65,7550.32,10934.97,4,69.047
portfolio_slip2,2025-11-14,3384.65,7384.09,10768.73,4,68.57
portfolio_slip2,2025-11-17,6336.21,4283.36,10619.57,3,40.335
portfolio_slip2,2025-11-18,7264.86,3296.53,10561.39,2,31.213
portfolio_slip2,2025-11-19,8858.84,1687.25,10546.1,1,15.999
portfolio_slip2,2025-11-20,8858.84,1675.41,10534.25,1,15.904
portfolio_slip2,2025-11-21,10431.87,0.0,10431.87,0,0.0
portfolio_slip2,2025-11-24,7334.82,3079.39,10414.21,1,29.569
portfolio_slip2,2025-11-25,7334.82,3066.48,10401.3,1,29.482
portfolio_slip2,2025-11-26,7334.82,3047.11,10381.94,1,29.35
portfolio_slip2,2025-11-27,7334.82,3053.57,10388.39,1,29.394
portfolio_slip2,2025-11-28,7334.82,3047.11,10381.94,1,29.35
portfolio_slip2,2025-12-01,7334.82,3105.21,10440.04,1,29.743
portfolio_slip2,2025-12-02,7334.82,3066.48,10401.3,1,29.482
portfolio_slip2,2025-12-03,7334.82,3189.14,10523.96,1,30.304
portfolio_slip2,2025-12-04,7334.82,3169.77,10504.59,1,30.175
portfolio_slip2,2025-12-05,7334.82,3440.91,10775.74,1,31.932
portfolio_slip2,2025-12-08,7334.82,3369.9,10704.72,1,31.48
portfolio_slip2,2025-12-09,10548.73,0.0,10548.73,0,0.0
portfolio_slip2,2025-12-10,10548.73,0.0,10548.73,0,0.0
portfolio_slip2,2025-12-11,7328.77,3189.14,10517.91,1,30.321
portfolio_slip2,2025-12-12,7328.77,3230.02,10558.8,1,30.591
portfolio_slip2,2025-12-15,7328.77,3155.06,10483.84,1,30.095
portfolio_slip2,2025-12-16,7328.77,3134.62,10463.4,1,29.958
portfolio_slip2,2025-12-17,7328.77,3189.14,10517.91,1,30.321
portfolio_slip2,2025-12-18,7328.77,3175.51,10504.28,1,30.231
portfolio_slip2,2025-12-19,7328.77,3264.1,10592.87,1,30.814
portfolio_slip2,2025-12-22,7328.77,3284.54,10613.31,1,30.947
portfolio_slip2,2025-12-23,7328.77,3420.83,10749.6,1,31.823
portfolio_slip2,2025-12-24,7328.77,3441.27,10770.04,1,31.952
portfolio_slip2,2025-12-25,7328.77,3414.01,10742.79,1,31.78
portfolio_slip2,2025-12-26,5507.2,5447.28,10954.48,2,49.727
portfolio_slip2,2025-12-29,5507.2,5362.95,10870.14,2,49.336
portfolio_slip2,2025-12-30,5507.2,5415.47,10922.67,2,49.58
portfolio_slip2,2025-12-31,5507.2,5467.15,10974.35,2,49.818
portfolio_slip2,2026-01-05,3041.26,8040.77,11082.03,3,72.557
portfolio_slip2,2026-01-06,3041.26,8131.69,11172.95,3,72.78
portfolio_slip2,2026-01-07,3041.26,8280.6,11321.86,3,73.138
portfolio_slip2,2026-01-08,3041.26,8174.42,11215.68,3,72.884
portfolio_slip2,2026-01-09,3041.26,8276.21,11317.48,3,73.128
portfolio_slip2,2026-01-12,3041.26,8272.7,11313.96,3,73.119
portfolio_slip2,2026-01-13,3041.26,8124.95,11166.21,3,72.764
portfolio_slip2,2026-01-14,3041.26,8311.27,11352.53,3,73.211
portfolio_slip2,2026-01-15,3041.26,8318.92,11360.18,3,73.229
portfolio_slip2,2026-01-16,3041.26,8459.89,11501.15,3,73.557
portfolio_slip2,2026-01-19,3041.26,8798.76,11840.02,3,74.314
portfolio_slip2,2026-01-20,3041.26,9177.08,12218.34,3,75.109
portfolio_slip2,2026-01-21,3041.26,9148.33,12189.6,3,75.05
portfolio_slip2,2026-01-22,3565.85,8453.25,12019.11,3,70.332
portfolio_slip2,2026-01-23,3565.85,8800.9,12366.75,3,71.166
portfolio_slip2,2026-01-26,3565.85,9375.72,12941.57,3,72.447
portfolio_slip2,2026-01-27,3565.85,9259.08,12824.93,3,72.196
portfolio_slip2,2026-01-28,3565.85,9776.04,13341.89,3,73.273
portfolio_slip2,2026-01-29,10975.19,2206.11,13181.3,1,16.737
portfolio_slip2,2026-01-30,6677.8,6476.14,13153.94,2,49.233
portfolio_slip2,2026-02-02,4984.83,7561.09,12545.92,3,60.267
portfolio_slip2,2026-02-03,3022.12,9717.25,12739.36,4,76.277
portfolio_slip2,2026-02-04,3022.12,9616.73,12638.85,4,76.089
portfolio_slip2,2026-02-05,5988.45,6276.21,12264.66,3,51.173
portfolio_slip2,2026-02-06,9974.12,2080.07,12054.19,1,17.256
portfolio_slip2,2026-02-09,9974.12,2173.26,12147.39,1,17.891
portfolio_slip2,2026-02-10,6808.4,5306.75,12115.15,2,43.803
portfolio_slip2,2026-02-11,4538.34,7508.27,12046.61,3,62.327
portfolio_slip2,2026-02-12,4538.34,7773.64,12311.98,3,63.139
portfolio_slip2,2026-02-13,4538.34,7636.16,12174.5,3,62.723
portfolio_slip2,2026-02-24,4538.34,7772.7,12311.04,3,63.136
portfolio_slip2,2026-02-25,4538.34,7885.06,12423.4,3,63.469
portfolio_slip2,2026-02-26,4538.34,7989.37,12527.7,3,63.774
portfolio_slip2,2026-02-27,4538.34,8112.88,12651.22,3,64.127
portfolio_slip2,2026-03-02,4538.34,8061.22,12599.55,3,63.98
portfolio_slip2,2026-03-03,12193.04,0.0,12193.04,0,0.0
portfolio_slip2,2026-03-04,12193.04,0.0,12193.04,0,0.0
portfolio_slip2,2026-03-05,12193.04,0.0,12193.04,0,0.0
portfolio_slip2,2026-03-06,5835.51,6342.75,12178.26,2,52.083
portfolio_slip2,2026-03-09,4548.73,7647.23,12195.96,2,62.703
portfolio_slip2,2026-03-10,4548.73,7619.57,12168.29,2,62.618
portfolio_slip2,2026-03-11,4548.73,7715.57,12264.3,2,62.911
portfolio_slip2,2026-03-12,4548.73,7918.21,12466.93,2,63.514
portfolio_slip2,2026-03-13,4548.73,7643.99,12192.72,2,62.693
portfolio_slip2,2026-03-16,9382.07,2532.99,11915.06,1,21.259
portfolio_slip2,2026-03-17,6688.06,5035.36,11723.42,2,42.951
portfolio_slip2,2026-03-18,6688.06,5267.63,11955.7,2,44.06
portfolio_slip2,2026-03-19,6688.06,5244.95,11933.01,2,43.953
portfolio_slip2,2026-03-20,9292.5,2554.41,11846.9,1,21.562
portfolio_slip2,2026-03-23,11726.44,0.0,11726.44,0,0.0
portfolio_slip2,2026-03-24,11726.44,0.0,11726.44,0,0.0
portfolio_slip2,2026-03-25,11726.44,0.0,11726.44,0,0.0
portfolio_slip2,2026-03-26,11726.44,0.0,11726.44,0,0.0
portfolio_slip2,2026-03-27,9104.13,2688.59,11792.72,1,22.799
portfolio_slip2,2026-03-30,9104.13,2881.41,11985.54,1,24.041
portfolio_slip2,2026-03-31,9104.13,2990.74,12094.87,1,24.727
portfolio_slip2,2026-04-01,11965.92,0.0,11965.92,0,0.0
portfolio_slip2,2026-04-02,11965.92,0.0,11965.92,0,0.0
portfolio_slip2,2026-04-03,11965.92,0.0,11965.92,0,0.0
portfolio_slip2,2026-04-07,11965.92,0.0,11965.92,0,0.0
portfolio_slip2,2026-04-08,11965.92,0.0,11965.92,0,0.0
portfolio_slip2,2026-04-09,11965.92,0.0,11965.92,0,0.0
portfolio_slip2,2026-04-10,11965.92,0.0,11965.92,0,0.0
portfolio_slip2,2026-04-13,11965.92,0.0,11965.92,0,0.0
portfolio_slip2,2026-04-14,11965.92,0.0,11965.92,0,0.0
portfolio_slip2,2026-04-15,11965.92,0.0,11965.92,0,0.0
portfolio_slip2,2026-04-16,11965.92,0.0,11965.92,0,0.0
portfolio_slip2,2026-04-17,11965.92,0.0,11965.92,0,0.0
portfolio_slip2,2026-04-20,11965.92,0.0,11965.92,0,0.0
portfolio_slip2,2026-04-21,11965.92,0.0,11965.92,0,0.0
portfolio_slip2,2026-04-22,11965.92,0.0,11965.92,0,0.0
portfolio_slip2,2026-04-23,11965.92,0.0,11965.92,0,0.0
portfolio_slip2,2026-04-24,11965.92,0.0,11965.92,0,0.0
portfolio_slip2,2026-04-27,11965.92,0.0,11965.92,0,0.0
portfolio_slip2,2026-04-28,11965.92,0.0,11965.92,0,0.0
portfolio_slip2,2026-04-29,11965.92,0.0,11965.92,0,0.0
portfolio_slip2,2026-04-30,11965.92,0.0,11965.92,0,0.0
portfolio_slip2,2026-05-06,11965.92,0.0,11965.92,0,0.0
portfolio_slip2,2026-05-07,11965.92,0.0,11965.92,0,0.0
portfolio_slip2,2026-05-08,11965.92,0.0,11965.92,0,0.0
portfolio_slip2,2026-05-11,11965.92,0.0,11965.92,0,0.0
portfolio_slip2,2026-05-12,11965.92,0.0,11965.92,0,0.0
portfolio_slip2,2026-05-13,11965.92,0.0,11965.92,0,0.0
portfolio_slip2,2026-05-14,11965.92,0.0,11965.92,0,0.0
portfolio_slip2,2026-05-15,11965.92,0.0,11965.92,0,0.0
portfolio_slip2,2026-05-18,11965.92,0.0,11965.92,0,0.0
portfolio_slip2,2026-05-19,11965.92,0.0,11965.92,0,0.0
portfolio_slip2,2026-05-20,11965.92,0.0,11965.92,0,0.0
portfolio_slip2,2026-05-21,11965.92,0.0,11965.92,0,0.0
portfolio_slip2,2026-05-22,8992.0,2978.93,11970.93,1,24.885
portfolio_slip2,2026-05-25,8992.0,3096.65,12088.65,1,25.616
portfolio_slip2,2026-05-26,8992.0,2883.16,11875.16,1,24.279
portfolio_slip2,2026-05-27,7882.5,3789.25,11671.75,1,32.465
portfolio_slip2,2026-05-28,7728.82,4027.41,11756.24,1,34.258
portfolio_slip2,2026-05-29,7728.82,4193.4,11922.22,1,35.173
portfolio_slip2,2026-06-01,2471.38,9066.35,11537.73,3,78.58
portfolio_slip2,2026-06-02,2471.38,9248.1,11719.48,3,78.912
portfolio_slip2,2026-06-03,2471.38,9206.73,11678.12,3,78.837
portfolio_slip2,2026-06-04,2471.38,9116.54,11587.92,3,78.673
portfolio_slip2,2026-06-05,5883.79,5518.82,11402.61,2,48.4
portfolio_slip2,2026-06-08,11107.92,0.0,11107.92,0,0.0
portfolio_slip2,2026-06-09,11107.92,0.0,11107.92,0,0.0
portfolio_slip2,2026-06-10,7684.31,3344.92,11029.23,1,30.328
portfolio_slip2,2026-06-11,7684.31,3310.0,10994.31,1,30.107
portfolio_slip2,2026-06-12,10889.23,0.0,10889.23,0,0.0
portfolio_slip2,2026-06-15,10889.23,0.0,10889.23,0,0.0
portfolio_slip2,2026-06-16,10889.23,0.0,10889.23,0,0.0
portfolio_slip2,2026-06-17,10889.23,0.0,10889.23,0,0.0
portfolio_slip2,2026-06-18,10889.23,0.0,10889.23,0,0.0
portfolio_slip2,2026-06-22,10889.23,0.0,10889.23,0,0.0
portfolio_slip2,2026-06-23,10889.23,0.0,10889.23,0,0.0
portfolio_slip2,2026-06-24,10889.23,0.0,10889.23,0,0.0
portfolio_slip2,2026-06-25,10889.23,0.0,10889.23,0,0.0
portfolio_slip2,2026-06-26,10889.23,0.0,10889.23,0,0.0
portfolio_slip2,2026-06-29,10889.23,0.0,10889.23,0,0.0
portfolio_slip2,2026-06-30,10889.23,0.0,10889.23,0,0.0
portfolio_slip2,2026-07-01,10889.23,0.0,10889.23,0,0.0
portfolio_slip2,2026-07-02,10889.23,0.0,10889.23,0,0.0
portfolio_slip2,2026-07-03,10889.23,0.0,10889.23,0,0.0
portfolio_slip2,2026-07-06,10889.23,0.0,10889.23,0,0.0
portfolio_slip2,2026-07-07,10889.23,0.0,10889.23,0,0.0
portfolio_slip2,2026-07-08,10889.23,0.0,10889.23,0,0.0
portfolio_slip2,2026-07-09,10889.23,0.0,10889.23,0,0.0
portfolio_slip2,2026-07-10,10889.23,0.0,10889.23,0,0.0
portfolio_slip2,2026-07-13,10889.23,0.0,10889.23,0,0.0
portfolio_slip2,2026-07-14,10889.23,0.0,10889.23,0,0.0
portfolio_slip2,2026-07-15,10889.23,0.0,10889.23,0,0.0
portfolio_slip2,2026-07-16,10889.23,0.0,10889.23,0,0.0
portfolio_slip2,2026-07-17,10889.23,0.0,10889.23,0,0.0
portfolio_slip2,2026-07-20,10889.23,0.0,10889.23,0,0.0
portfolio_slip2,2026-07-21,10889.23,0.0,10889.23,0,0.0
portfolio_slip2,2026-07-22,10889.23,0.0,10889.23,0,0.0
portfolio_slip2,2026-07-23,10889.23,0.0,10889.23,0,0.0
portfolio_slip2,2026-07-24,10889.23,0.0,10889.23,0,0.0
portfolio_slip2,2026-07-27,10889.23,0.0,10889.23,0,0.0
portfolio_slip2,2026-07-28,7905.26,2833.0,10738.26,1,26.382
portfolio_slip2,2026-07-29,10698.22,0.0,10698.22,0,0.0
portfolio_slip2,2026-07-30,7326.47,3360.0,10686.47,1,31.442
portfolio_slip2,2026-07-31,7326.47,3489.0,10815.47,1,32.259
portfolio_slip2,2026-08-03,7326.47,3310.0,10636.47,1,31.119
portfolio_slip2,2026-08-04,7326.47,3432.0,10758.47,1,31.9
portfolio_slip2,2026-08-05,10771.79,0.0,10771.79,0,0.0
portfolio_slip2,2026-08-06,10771.79,0.0,10771.79,0,0.0
portfolio_slip2,2026-08-07,7910.06,2960.0,10870.06,1,27.231
portfolio_slip2,2026-08-10,7910.06,3003.0,10913.06,1,27.517
portfolio_slip2,2026-08-11,7910.06,2995.0,10905.06,1,27.464
portfolio_slip2,2026-08-12,10845.66,0.0,10845.66,0,0.0
portfolio_slip2,2026-08-13,10845.66,0.0,10845.66,0,0.0
portfolio_slip2,2026-08-14,10845.66,0.0,10845.66,0,0.0
portfolio_slip2,2026-08-17,10845.66,0.0,10845.66,0,0.0
portfolio_slip2,2026-08-18,10845.66,0.0,10845.66,0,0.0
portfolio_slip2,2026-08-19,7753.47,2948.0,10701.47,1,27.548
portfolio_slip2,2026-08-20,4207.36,6581.0,10788.36,2,61.001
portfolio_slip2,2026-08-21,4207.36,6961.0,11168.36,2,62.328
portfolio_slip2,2026-08-24,7379.37,3449.0,10828.37,1,31.852
portfolio_slip2,2026-08-25,7379.37,3510.0,10889.37,1,32.233
portfolio_slip2,2026-08-26,7379.37,3490.0,10869.37,1,32.109
portfolio_slip2,2026-08-27,7379.37,3643.0,11022.37,1,33.051
portfolio_slip2,2026-08-28,7379.37,3589.0,10968.37,1,32.721
portfolio_slip2,2026-08-31,7379.37,3895.0,11274.37,1,34.547
portfolio_slip2,2026-09-01,7379.37,3832.0,11211.37,1,34.18
portfolio_slip2,2026-09-02,7379.37,3799.0,11178.37,1,33.985
portfolio_slip2,2026-09-03,7379.37,3813.0,11192.37,1,34.068
portfolio_slip2,2026-09-04,11042.15,0.0,11042.15,0,0.0
portfolio_slip2,2026-09-07,11042.15,0.0,11042.15,0,0.0
portfolio_slip2,2026-09-08,11042.15,0.0,11042.15,0,0.0
portfolio_slip2,2026-09-09,11042.15,0.0,11042.15,0,0.0
portfolio_slip2,2026-09-10,11042.15,0.0,11042.15,0,0.0
portfolio_slip2,2026-09-11,7515.08,3459.0,10974.08,1,31.52
portfolio_slip2,2026-09-14,4121.28,6848.0,10969.28,2,62.429
portfolio_intra_OLHC,2023-09-14,13822.47,0.0,13822.47,0,0.0
portfolio_intra_OLHC,2023-09-15,13822.47,0.0,13822.47,0,0.0
portfolio_intra_OLHC,2023-09-18,13822.47,0.0,13822.47,0,0.0
portfolio_intra_OLHC,2023-09-19,13822.47,0.0,13822.47,0,0.0
portfolio_intra_OLHC,2023-09-20,13822.47,0.0,13822.47,0,0.0
portfolio_intra_OLHC,2023-09-21,13822.47,0.0,13822.47,0,0.0
portfolio_intra_OLHC,2023-09-22,4974.77,8891.83,13866.59,2,64.124
portfolio_intra_OLHC,2023-09-25,4974.77,8902.4,13877.17,2,64.151
portfolio_intra_OLHC,2023-09-26,4974.77,8830.45,13805.22,2,63.965
portfolio_intra_OLHC,2023-09-27,4974.77,8780.34,13755.11,2,63.833
portfolio_intra_OLHC,2023-09-28,4974.77,8738.24,13713.01,2,63.722
portfolio_intra_OLHC,2023-10-09,9088.54,4407.1,13495.64,1,32.656
portfolio_intra_OLHC,2023-10-10,9088.54,4373.09,13461.63,1,32.486
portfolio_intra_OLHC,2023-10-11,9088.54,4350.41,13438.95,1,32.372
portfolio_intra_OLHC,2023-10-12,9088.54,4433.56,13522.1,1,32.788
portfolio_intra_OLHC,2023-10-13,9088.54,4305.05,13393.59,1,32.143
portfolio_intra_OLHC,2023-10-16,9088.54,4308.83,13397.37,1,32.162
portfolio_intra_OLHC,2023-10-17,9088.54,4320.17,13408.71,1,32.219
portfolio_intra_OLHC,2023-10-18,9088.54,4244.58,13333.12,1,31.835
portfolio_intra_OLHC,2023-10-19,9088.54,4203.0,13291.54,1,31.622
portfolio_intra_OLHC,2023-10-20,13268.88,0.0,13268.88,0,0.0
portfolio_intra_OLHC,2023-10-23,13268.88,0.0,13268.88,0,0.0
portfolio_intra_OLHC,2023-10-24,13268.88,0.0,13268.88,0,0.0
portfolio_intra_OLHC,2023-10-25,13268.88,0.0,13268.88,0,0.0
portfolio_intra_OLHC,2023-10-26,13268.88,0.0,13268.88,0,0.0
portfolio_intra_OLHC,2023-10-27,13268.88,0.0,13268.88,0,0.0
portfolio_intra_OLHC,2023-10-30,13268.88,0.0,13268.88,0,0.0
portfolio_intra_OLHC,2023-10-31,13268.88,0.0,13268.88,0,0.0
portfolio_intra_OLHC,2023-11-01,13268.88,0.0,13268.88,0,0.0
portfolio_intra_OLHC,2023-11-02,13268.88,0.0,13268.88,0,0.0
portfolio_intra_OLHC,2023-11-03,13268.88,0.0,13268.88,0,0.0
portfolio_intra_OLHC,2023-11-06,13268.88,0.0,13268.88,0,0.0
portfolio_intra_OLHC,2023-11-07,13268.88,0.0,13268.88,0,0.0
portfolio_intra_OLHC,2023-11-08,13268.88,0.0,13268.88,0,0.0
portfolio_intra_OLHC,2023-11-09,13268.88,0.0,13268.88,0,0.0
portfolio_intra_OLHC,2023-11-10,10954.41,2295.05,13249.46,1,17.322
portfolio_intra_OLHC,2023-11-13,10954.41,2328.52,13282.93,1,17.53
portfolio_intra_OLHC,2023-11-14,10954.41,2317.37,13271.77,1,17.461
portfolio_intra_OLHC,2023-11-15,10954.41,2310.86,13265.27,1,17.42
portfolio_intra_OLHC,2023-11-16,10954.41,2310.86,13265.27,1,17.42
portfolio_intra_OLHC,2023-11-17,10954.41,2285.75,13240.16,1,17.264
portfolio_intra_OLHC,2023-11-20,10954.41,2298.77,13253.18,1,17.345
portfolio_intra_OLHC,2023-11-21,10954.41,2321.09,13275.49,1,17.484
portfolio_intra_OLHC,2023-11-22,10954.41,2238.32,13192.73,1,16.966
portfolio_intra_OLHC,2023-11-23,10954.41,2320.16,13274.56,1,17.478
portfolio_intra_OLHC,2023-11-24,10954.41,2278.31,13232.72,1,17.217
portfolio_intra_OLHC,2023-11-27,10954.41,2262.5,13216.91,1,17.118
portfolio_intra_OLHC,2023-11-28,10954.41,2293.19,13247.6,1,17.31
portfolio_intra_OLHC,2023-11-29,10954.41,2297.84,13252.25,1,17.339
portfolio_intra_OLHC,2023-11-30,10954.41,2264.36,13218.77,1,17.13
portfolio_intra_OLHC,2023-12-01,10954.41,2276.45,13230.86,1,17.206
portfolio_intra_OLHC,2023-12-04,10954.41,2253.2,13207.61,1,17.06
portfolio_intra_OLHC,2023-12-05,10954.41,2189.97,13144.38,1,16.661
portfolio_intra_OLHC,2023-12-06,8771.35,4391.21,13162.56,2,33.361
portfolio_intra_OLHC,2023-12-07,8771.35,4402.57,13173.92,2,33.419
portfolio_intra_OLHC,2023-12-08,10939.06,2336.34,13275.4,1,17.599
portfolio_intra_OLHC,2023-12-11,10939.06,2330.35,13269.42,1,17.562
portfolio_intra_OLHC,2023-12-12,10939.06,2338.33,13277.39,1,17.611
portfolio_intra_OLHC,2023-12-13,10939.06,2293.48,13232.54,1,17.332
portfolio_intra_OLHC,2023-12-14,10939.06,2265.57,13204.63,1,17.157
portfolio_intra_OLHC,2023-12-15,13179.67,0.0,13179.67,0,0.0
portfolio_intra_OLHC,2023-12-18,13179.67,0.0,13179.67,0,0.0
portfolio_intra_OLHC,2023-12-19,13179.67,0.0,13179.67,0,0.0
portfolio_intra_OLHC,2023-12-20,13179.67,0.0,13179.67,0,0.0
portfolio_intra_OLHC,2023-12-21,13179.67,0.0,13179.67,0,0.0
portfolio_intra_OLHC,2023-12-22,13179.67,0.0,13179.67,0,0.0
portfolio_intra_OLHC,2023-12-25,8846.49,4427.47,13273.96,1,33.355
portfolio_intra_OLHC,2023-12-26,8846.49,4353.72,13200.2,1,32.982
portfolio_intra_OLHC,2023-12-27,8846.49,4580.97,13427.46,1,34.116
portfolio_intra_OLHC,2023-12-28,8846.49,4580.97,13427.46,1,34.116
portfolio_intra_OLHC,2023-12-29,8846.49,4608.88,13455.37,1,34.253
portfolio_intra_OLHC,2024-01-02,8846.49,4584.96,13431.45,1,34.136
portfolio_intra_OLHC,2024-01-03,8846.49,4325.81,13172.3,1,32.84
portfolio_intra_OLHC,2024-01-04,8846.49,4256.04,13102.53,1,32.483
portfolio_intra_OLHC,2024-01-05,8846.49,4196.23,13042.72,1,32.173
portfolio_intra_OLHC,2024-01-08,12909.34,0.0,12909.34,0,0.0
portfolio_intra_OLHC,2024-01-09,12909.34,0.0,12909.34,0,0.0
portfolio_intra_OLHC,2024-01-10,12909.34,0.0,12909.34,0,0.0
portfolio_intra_OLHC,2024-01-11,12909.34,0.0,12909.34,0,0.0
portfolio_intra_OLHC,2024-01-12,12909.34,0.0,12909.34,0,0.0
portfolio_intra_OLHC,2024-01-15,12909.34,0.0,12909.34,0,0.0
portfolio_intra_OLHC,2024-01-16,12909.34,0.0,12909.34,0,0.0
portfolio_intra_OLHC,2024-01-17,12909.34,0.0,12909.34,0,0.0
portfolio_intra_OLHC,2024-01-18,12909.34,0.0,12909.34,0,0.0
portfolio_intra_OLHC,2024-01-19,12909.34,0.0,12909.34,0,0.0
portfolio_intra_OLHC,2024-01-22,12909.34,0.0,12909.34,0,0.0
portfolio_intra_OLHC,2024-01-23,12909.34,0.0,12909.34,0,0.0
portfolio_intra_OLHC,2024-01-24,12909.34,0.0,12909.34,0,0.0
portfolio_intra_OLHC,2024-01-25,12909.34,0.0,12909.34,0,0.0
portfolio_intra_OLHC,2024-01-26,12909.34,0.0,12909.34,0,0.0
portfolio_intra_OLHC,2024-01-29,12909.34,0.0,12909.34,0,0.0
portfolio_intra_OLHC,2024-01-30,12909.34,0.0,12909.34,0,0.0
portfolio_intra_OLHC,2024-01-31,12909.34,0.0,12909.34,0,0.0
portfolio_intra_OLHC,2024-02-01,12909.34,0.0,12909.34,0,0.0
portfolio_intra_OLHC,2024-02-02,12909.34,0.0,12909.34,0,0.0
portfolio_intra_OLHC,2024-02-05,12909.34,0.0,12909.34,0,0.0
portfolio_intra_OLHC,2024-02-06,12909.34,0.0,12909.34,0,0.0
portfolio_intra_OLHC,2024-02-07,12909.34,0.0,12909.34,0,0.0
portfolio_intra_OLHC,2024-02-08,12909.34,0.0,12909.34,0,0.0
portfolio_intra_OLHC,2024-02-19,12909.34,0.0,12909.34,0,0.0
portfolio_intra_OLHC,2024-02-20,12909.34,0.0,12909.34,0,0.0
portfolio_intra_OLHC,2024-02-21,12909.34,0.0,12909.34,0,0.0
portfolio_intra_OLHC,2024-02-22,12909.34,0.0,12909.34,0,0.0
portfolio_intra_OLHC,2024-02-23,12909.34,0.0,12909.34,0,0.0
portfolio_intra_OLHC,2024-02-26,12909.34,0.0,12909.34,0,0.0
portfolio_intra_OLHC,2024-02-27,12909.34,0.0,12909.34,0,0.0
portfolio_intra_OLHC,2024-02-28,12909.34,0.0,12909.34,0,0.0
portfolio_intra_OLHC,2024-02-29,12909.34,0.0,12909.34,0,0.0
portfolio_intra_OLHC,2024-03-01,12909.34,0.0,12909.34,0,0.0
portfolio_intra_OLHC,2024-03-04,12909.34,0.0,12909.34,0,0.0
portfolio_intra_OLHC,2024-03-05,12909.34,0.0,12909.34,0,0.0
portfolio_intra_OLHC,2024-03-06,12909.34,0.0,12909.34,0,0.0
portfolio_intra_OLHC,2024-03-07,12909.34,0.0,12909.34,0,0.0
portfolio_intra_OLHC,2024-03-08,12909.34,0.0,12909.34,0,0.0
portfolio_intra_OLHC,2024-03-11,12909.34,0.0,12909.34,0,0.0
portfolio_intra_OLHC,2024-03-12,12909.34,0.0,12909.34,0,0.0
portfolio_intra_OLHC,2024-03-13,12909.34,0.0,12909.34,0,0.0
portfolio_intra_OLHC,2024-03-14,10601.72,2280.51,12882.24,1,17.703
portfolio_intra_OLHC,2024-03-15,8465.08,4456.53,12921.61,2,34.489
portfolio_intra_OLHC,2024-03-18,8465.08,4706.81,13171.89,2,35.734
portfolio_intra_OLHC,2024-03-19,8465.08,4714.16,13179.24,2,35.77
portfolio_intra_OLHC,2024-03-20,8465.08,4682.72,13147.8,2,35.616
portfolio_intra_OLHC,2024-03-21,8465.08,4629.78,13094.86,2,35.356
portfolio_intra_OLHC,2024-03-22,10733.64,2257.77,12991.41,1,17.379
portfolio_intra_OLHC,2024-03-25,10733.64,2194.47,12928.11,1,16.974
portfolio_intra_OLHC,2024-03-26,12894.37,0.0,12894.37,0,0.0
portfolio_intra_OLHC,2024-03-27,5164.74,7477.39,12642.13,2,59.147
portfolio_intra_OLHC,2024-03-28,3032.79,9815.93,12848.72,3,76.396
portfolio_intra_OLHC,2024-03-29,3032.79,9781.47,12814.26,3,76.333
portfolio_intra_OLHC,2024-04-01,3032.79,9980.76,13013.54,3,76.695
portfolio_intra_OLHC,2024-04-02,3032.79,9762.85,12795.64,3,76.298
portfolio_intra_OLHC,2024-04-03,4768.28,7742.42,12510.7,3,61.886
portfolio_intra_OLHC,2024-04-08,4768.28,7612.02,12380.3,3,61.485
portfolio_intra_OLHC,2024-04-09,2912.01,9414.24,12326.25,3,76.376
portfolio_intra_OLHC,2024-04-10,4881.03,7177.25,12058.28,2,59.521
portfolio_intra_OLHC,2024-04-11,2229.48,9888.04,12117.51,3,81.601
portfolio_intra_OLHC,2024-04-12,2229.48,10195.07,12424.55,3,82.056
portfolio_intra_OLHC,2024-04-15,2229.48,10356.41,12585.88,3,82.286
portfolio_intra_OLHC,2024-04-16,2229.48,10040.68,12270.15,3,81.83
portfolio_intra_OLHC,2024-04-17,2229.48,10356.53,12586.01,3,82.286
portfolio_intra_OLHC,2024-04-18,2229.48,10413.21,12642.68,3,82.365
portfolio_intra_OLHC,2024-04-19,8562.89,3775.75,12338.64,1,30.601
portfolio_intra_OLHC,2024-04-22,8606.97,3586.22,12193.19,1,29.412
portfolio_intra_OLHC,2024-04-23,4686.13,7390.38,12076.51,2,61.196
portfolio_intra_OLHC,2024-04-24,2097.0,10400.14,12497.14,3,83.22
portfolio_intra_OLHC,2024-04-25,2097.0,10379.57,12476.57,3,83.193
portfolio_intra_OLHC,2024-04-26,2097.0,11016.87,13113.87,3,84.009
portfolio_intra_OLHC,2024-04-29,2097.0,10928.37,13025.37,3,83.901
portfolio_intra_OLHC,2024-04-30,2097.0,10775.2,12872.2,3,83.709
portfolio_intra_OLHC,2024-05-06,5535.46,7344.1,12879.56,2,57.021
portfolio_intra_OLHC,2024-05-07,5535.46,7434.05,12969.51,2,57.319
portfolio_intra_OLHC,2024-05-08,5535.46,7212.3,12747.76,2,56.577
portfolio_intra_OLHC,2024-05-09,6541.43,6246.74,12788.17,2,48.848
portfolio_intra_OLHC,2024-05-10,6541.43,6335.48,12876.9,2,49.2
portfolio_intra_OLHC,2024-05-13,6541.43,6236.24,12777.66,2,48.806
portfolio_intra_OLHC,2024-05-14,6541.43,6284.47,12825.9,2,48.998
portfolio_intra_OLHC,2024-05-15,6541.43,6276.15,12817.58,2,48.965
portfolio_intra_OLHC,2024-05-16,6541.43,6204.95,12746.37,2,48.68
portfolio_intra_OLHC,2024-05-17,6541.43,6281.07,12822.49,2,48.985
portfolio_intra_OLHC,2024-05-20,6541.43,6702.99,13244.42,2,50.61
portfolio_intra_OLHC,2024-05-21,10150.96,2838.54,12989.5,1,21.853
portfolio_intra_OLHC,2024-05-22,12923.76,0.0,12923.76,0,0.0
portfolio_intra_OLHC,2024-05-23,4470.32,8405.99,12876.31,3,65.283
portfolio_intra_OLHC,2024-05-24,4470.32,8472.63,12942.95,3,65.461
portfolio_intra_OLHC,2024-05-27,4470.32,8750.08,13220.4,3,66.186
portfolio_intra_OLHC,2024-05-28,4470.32,8662.04,13132.36,3,65.96
portfolio_intra_OLHC,2024-05-29,4470.32,8851.74,13322.06,3,66.444
portfolio_intra_OLHC,2024-05-30,4470.32,8745.46,13215.78,3,66.174
portfolio_intra_OLHC,2024-05-31,4470.32,8671.12,13141.44,3,65.983
portfolio_intra_OLHC,2024-06-03,4470.32,8510.91,12981.23,3,65.563
portfolio_intra_OLHC,2024-06-04,4470.32,8749.33,13219.65,3,66.184
portfolio_intra_OLHC,2024-06-05,4470.32,8571.41,13041.72,3,65.723
portfolio_intra_OLHC,2024-06-06,4470.32,8645.02,13115.34,3,65.915
portfolio_intra_OLHC,2024-06-07,4470.32,8567.17,13037.49,3,65.712
portfolio_intra_OLHC,2024-06-11,3096.51,9825.99,12922.5,4,76.038
portfolio_intra_OLHC,2024-06-12,3096.51,9840.83,12937.35,4,76.065
portfolio_intra_OLHC,2024-06-13,3096.51,9750.31,12846.82,4,75.897
portfolio_intra_OLHC,2024-06-14,3096.51,9860.41,12956.92,4,76.101
portfolio_intra_OLHC,2024-06-17,3096.51,9904.55,13001.06,4,76.183
portfolio_intra_OLHC,2024-06-18,3096.51,10059.63,13156.14,4,76.463
portfolio_intra_OLHC,2024-06-19,3096.51,10125.89,13222.4,4,76.581
portfolio_intra_OLHC,2024-06-20,3096.51,10090.2,13186.72,4,76.518
portfolio_intra_OLHC,2024-06-21,3096.51,10240.06,13336.57,4,76.782
portfolio_intra_OLHC,2024-06-24,3096.51,10048.39,13144.9,4,76.443
portfolio_intra_OLHC,2024-06-25,3875.33,9179.86,13055.18,4,70.316
portfolio_intra_OLHC,2024-06-26,5470.91,7717.6,13188.51,3,58.518
portfolio_intra_OLHC,2024-06-27,6907.73,6062.1,12969.83,2,46.74
portfolio_intra_OLHC,2024-06-28,6907.73,6215.63,13123.36,2,47.363
portfolio_intra_OLHC,2024-07-01,6907.73,6317.83,13225.56,2,47.77
portfolio_intra_OLHC,2024-07-02,6907.73,6272.61,13180.34,2,47.591
portfolio_intra_OLHC,2024-07-03,6907.73,6299.14,13206.87,2,47.696
portfolio_intra_OLHC,2024-07-04,3001.09,10182.35,13183.43,3,77.236
portfolio_intra_OLHC,2024-07-05,3001.09,10294.41,13295.5,3,77.428
portfolio_intra_OLHC,2024-07-08,3001.09,10211.4,13212.48,3,77.286
portfolio_intra_OLHC,2024-07-09,3001.09,10364.97,13366.06,3,77.547
portfolio_intra_OLHC,2024-07-10,3001.09,10339.72,13340.8,3,77.504
portfolio_intra_OLHC,2024-07-11,3001.09,10490.77,13491.85,3,77.756
portfolio_intra_OLHC,2024-07-12,3001.09,10414.77,13415.86,3,77.63
portfolio_intra_OLHC,2024-07-15,3001.09,10395.55,13396.63,3,77.598
portfolio_intra_OLHC,2024-07-16,3001.09,10635.37,13636.46,3,77.992
portfolio_intra_OLHC,2024-07-17,3001.09,10577.01,13578.1,3,77.898
portfolio_intra_OLHC,2024-07-18,7022.0,6554.87,13576.87,2,48.28
portfolio_intra_OLHC,2024-07-19,7022.0,6660.33,13682.33,2,48.678
portfolio_intra_OLHC,2024-07-22,4685.72,8918.12,13603.84,3,65.556
portfolio_intra_OLHC,2024-07-23,5317.66,7912.62,13230.28,2,59.807
portfolio_intra_OLHC,2024-07-24,5317.66,7975.67,13293.33,2,59.998
portfolio_intra_OLHC,2024-07-25,8971.13,4096.33,13067.46,1,31.348
portfolio_intra_OLHC,2024-07-26,8971.13,4297.9,13269.03,1,32.39
portfolio_intra_OLHC,2024-07-29,6700.87,6491.7,13192.57,2,49.207
portfolio_intra_OLHC,2024-07-30,6700.87,6467.9,13168.77,2,49.115
portfolio_intra_OLHC,2024-07-31,6700.87,6559.36,13260.23,2,49.466
portfolio_intra_OLHC,2024-08-01,6700.87,6503.08,13203.95,2,49.251
portfolio_intra_OLHC,2024-08-02,4754.7,8360.74,13115.44,3,63.747
portfolio_intra_OLHC,2024-08-05,6880.48,6006.88,12887.36,2,46.611
portfolio_intra_OLHC,2024-08-06,8701.72,4196.62,12898.34,1,32.536
portfolio_intra_OLHC,2024-08-07,4519.36,8387.39,12906.75,2,64.985
portfolio_intra_OLHC,2024-08-08,8532.29,4159.2,12691.49,1,32.772
portfolio_intra_OLHC,2024-08-09,8532.29,4159.2,12691.49,1,32.772
portfolio_intra_OLHC,2024-08-12,4520.33,8003.12,12523.44,2,63.905
portfolio_intra_OLHC,2024-08-13,4520.33,8121.59,12641.92,2,64.243
portfolio_intra_OLHC,2024-08-14,4520.33,8085.21,12605.54,2,64.14
portfolio_intra_OLHC,2024-08-15,4520.33,8098.98,12619.3,2,64.179
portfolio_intra_OLHC,2024-08-16,8441.39,3933.1,12374.5,1,31.784
portfolio_intra_OLHC,2024-08-19,8441.39,3911.47,12352.86,1,31.664
portfolio_intra_OLHC,2024-08-20,4482.36,7771.45,12253.81,2,63.421
portfolio_intra_OLHC,2024-08-21,4482.36,7622.59,12104.95,2,62.971
portfolio_intra_OLHC,2024-08-22,8193.74,3892.79,12086.53,1,32.208
portfolio_intra_OLHC,2024-08-23,4602.32,7530.73,12133.05,2,62.068
portfolio_intra_OLHC,2024-08-26,4602.32,7429.37,12031.68,2,61.748
portfolio_intra_OLHC,2024-08-27,4602.32,7414.53,12016.84,2,61.701
portfolio_intra_OLHC,2024-08-28,4602.32,7478.35,12080.66,2,61.903
portfolio_intra_OLHC,2024-08-29,4602.32,7585.65,12187.96,2,62.239
portfolio_intra_OLHC,2024-08-30,4602.32,7480.18,12082.5,2,61.909
portfolio_intra_OLHC,2024-09-02,7968.22,3995.05,11963.27,1,33.394
portfolio_intra_OLHC,2024-09-03,7968.22,4059.95,12028.17,1,33.754
portfolio_intra_OLHC,2024-09-04,7968.22,4035.36,12003.58,1,33.618
portfolio_intra_OLHC,2024-09-05,7968.22,4042.25,12010.47,1,33.656
portfolio_intra_OLHC,2024-09-06,7968.22,4011.77,11979.99,1,33.487
portfolio_intra_OLHC,2024-09-09,7968.22,3964.57,11932.79,1,33.224
portfolio_intra_OLHC,2024-09-10,7968.22,3973.42,11941.64,1,33.274
portfolio_intra_OLHC,2024-09-11,7968.22,3982.27,11950.49,1,33.323
portfolio_intra_OLHC,2024-09-12,7968.22,3979.32,11947.54,1,33.307
portfolio_intra_OLHC,2024-09-13,7968.22,3980.3,11948.52,1,33.312
portfolio_intra_OLHC,2024-09-18,7968.22,3947.85,11916.07,1,33.13
portfolio_intra_OLHC,2024-09-19,7968.22,3855.43,11823.64,1,32.608
portfolio_intra_OLHC,2024-09-20,11728.53,0.0,11728.53,0,0.0
portfolio_intra_OLHC,2024-09-23,11728.53,0.0,11728.53,0,0.0
portfolio_intra_OLHC,2024-09-24,11728.53,0.0,11728.53,0,0.0
portfolio_intra_OLHC,2024-09-25,11728.53,0.0,11728.53,0,0.0
portfolio_intra_OLHC,2024-09-26,11728.53,0.0,11728.53,0,0.0
portfolio_intra_OLHC,2024-09-27,11728.53,0.0,11728.53,0,0.0
portfolio_intra_OLHC,2024-09-30,11728.53,0.0,11728.53,0,0.0
portfolio_intra_OLHC,2024-10-08,11728.53,0.0,11728.53,0,0.0
portfolio_intra_OLHC,2024-10-09,11728.53,0.0,11728.53,0,0.0
portfolio_intra_OLHC,2024-10-10,2964.49,8798.53,11763.03,3,74.798
portfolio_intra_OLHC,2024-10-11,3865.38,7655.75,11521.13,3,66.45
portfolio_intra_OLHC,2024-10-14,1465.63,10486.9,11952.53,4,87.738
portfolio_intra_OLHC,2024-10-15,1365.12,10177.95,11543.07,5,88.174
portfolio_intra_OLHC,2024-10-16,1433.77,9914.33,11348.1,5,87.366
portfolio_intra_OLHC,2024-10-17,1433.77,9943.07,11376.84,5,87.397
portfolio_intra_OLHC,2024-10-18,1433.77,10271.83,11705.6,5,87.751
portfolio_intra_OLHC,2024-10-21,1433.77,10339.53,11773.3,5,87.822
portfolio_intra_OLHC,2024-10-22,1433.77,10526.15,11959.92,5,88.012
portfolio_intra_OLHC,2024-10-23,3136.19,8796.38,11932.57,4,73.717
portfolio_intra_OLHC,2024-10-24,2263.82,9670.77,11934.59,4,81.031
portfolio_intra_OLHC,2024-10-25,2263.82,9741.37,12005.19,4,81.143
portfolio_intra_OLHC,2024-10-28,2263.82,9729.66,11993.48,4,81.125
portfolio_intra_OLHC,2024-10-29,2263.82,9794.91,12058.73,4,81.227
portfolio_intra_OLHC,2024-10-30,2263.82,9639.08,11902.9,4,80.981
portfolio_intra_OLHC,2024-10-31,1178.68,10767.67,11946.35,5,90.134
portfolio_intra_OLHC,2024-11-01,3635.96,8118.92,11754.88,4,69.069
portfolio_intra_OLHC,2024-11-04,3635.96,8337.72,11973.68,4,69.634
portfolio_intra_OLHC,2024-11-05,3635.96,8487.52,12123.48,4,70.009
portfolio_intra_OLHC,2024-11-06,3635.96,8413.89,12049.84,4,69.826
portfolio_intra_OLHC,2024-11-07,3635.96,8515.06,12151.02,4,70.077
portfolio_intra_OLHC,2024-11-08,3635.96,8621.52,12257.48,4,70.337
portfolio_intra_OLHC,2024-11-11,4772.23,7623.56,12395.79,3,61.501
portfolio_intra_OLHC,2024-11-12,7256.47,4891.22,12147.69,2,40.265
portfolio_intra_OLHC,2024-11-13,3500.99,8664.03,12165.02,3,71.221
portfolio_intra_OLHC,2024-11-14,5716.64,6277.27,11993.9,2,52.337
portfolio_intra_OLHC,2024-11-15,1630.01,10183.32,11813.33,4,86.202
portfolio_intra_OLHC,2024-11-18,1101.77,10421.26,11523.03,4,90.439
portfolio_intra_OLHC,2024-11-19,1101.77,10651.07,11752.84,4,90.626
portfolio_intra_OLHC,2024-11-20,1101.77,10686.68,11788.45,4,90.654
portfolio_intra_OLHC,2024-11-21,1101.77,10686.88,11788.65,4,90.654
portfolio_intra_OLHC,2024-11-22,4228.33,7033.49,11261.82,3,62.454
portfolio_intra_OLHC,2024-11-25,7993.39,3075.12,11068.51,1,27.783
portfolio_intra_OLHC,2024-11-26,4178.55,6837.16,11015.72,3,62.067
portfolio_intra_OLHC,2024-11-27,4178.55,7050.76,11229.31,3,62.789
portfolio_intra_OLHC,2024-11-28,4178.55,6933.98,11112.54,3,62.398
portfolio_intra_OLHC,2024-11-29,4178.55,7014.1,11192.65,3,62.667
portfolio_intra_OLHC,2024-12-02,4178.55,7236.78,11415.34,3,63.395
portfolio_intra_OLHC,2024-12-03,4178.55,7300.42,11478.98,3,63.598
portfolio_intra_OLHC,2024-12-04,4711.04,6535.69,11246.74,3,58.112
portfolio_intra_OLHC,2024-12-05,4711.04,6574.22,11285.26,3,58.255
portfolio_intra_OLHC,2024-12-06,3161.09,8164.48,11325.56,4,72.089
portfolio_intra_OLHC,2024-12-09,3161.09,8141.82,11302.91,4,72.033
portfolio_intra_OLHC,2024-12-10,3161.09,8150.6,11311.68,4,72.055
portfolio_intra_OLHC,2024-12-11,4885.47,6504.5,11389.97,3,57.107
portfolio_intra_OLHC,2024-12-12,4885.47,6567.22,11452.69,3,57.342
portfolio_intra_OLHC,2024-12-13,4885.47,6437.21,11322.68,3,56.852
portfolio_intra_OLHC,2024-12-16,4885.47,6363.57,11249.04,3,56.57
portfolio_intra_OLHC,2024-12-17,4885.47,6281.68,11167.15,3,56.251
portfolio_intra_OLHC,2024-12-18,4885.47,6369.47,11254.94,3,56.593
portfolio_intra_OLHC,2024-12-19,4885.47,6708.62,11594.09,3,57.862
portfolio_intra_OLHC,2024-12-20,4885.47,6691.62,11577.09,3,57.801
portfolio_intra_OLHC,2024-12-23,4885.47,6642.35,11527.82,3,57.62
portfolio_intra_OLHC,2024-12-24,1979.78,9664.72,11644.5,4,82.998
portfolio_intra_OLHC,2024-12-25,6240.32,5379.28,11619.6,2,46.295
portfolio_intra_OLHC,2024-12-26,6240.32,5606.0,11846.32,2,47.323
portfolio_intra_OLHC,2024-12-27,6240.32,5570.57,11810.89,2,47.165
portfolio_intra_OLHC,2024-12-30,6240.32,5580.96,11821.28,2,47.211
portfolio_intra_OLHC,2024-12-31,11598.21,0.0,11598.21,0,0.0
portfolio_intra_OLHC,2025-01-02,6050.74,5306.43,11357.17,2,46.723
portfolio_intra_OLHC,2025-01-03,11247.87,0.0,11247.87,0,0.0
portfolio_intra_OLHC,2025-01-06,9014.73,2208.92,11223.65,1,19.681
portfolio_intra_OLHC,2025-01-07,9014.73,2260.77,11275.5,1,20.05
portfolio_intra_OLHC,2025-01-08,9014.73,2221.18,11235.91,1,19.769
portfolio_intra_OLHC,2025-01-09,9014.73,2221.18,11235.91,1,19.769
portfolio_intra_OLHC,2025-01-10,9014.73,2185.35,11200.08,1,19.512
portfolio_intra_OLHC,2025-01-13,9014.73,2152.36,11167.09,1,19.274
portfolio_intra_OLHC,2025-01-14,9014.73,2244.75,11259.48,1,19.937
portfolio_intra_OLHC,2025-01-15,9014.73,2187.24,11201.97,1,19.525
portfolio_intra_OLHC,2025-01-16,9014.73,2167.44,11182.17,1,19.383
portfolio_intra_OLHC,2025-01-17,9014.73,2257.95,11272.68,1,20.03
portfolio_intra_OLHC,2025-01-20,9014.73,2323.94,11338.67,1,20.496
portfolio_intra_OLHC,2025-01-21,9014.73,2341.85,11356.58,1,20.621
portfolio_intra_OLHC,2025-01-22,9014.73,2361.65,11376.38,1,20.759
portfolio_intra_OLHC,2025-01-23,9014.73,2319.23,11333.96,1,20.463
portfolio_intra_OLHC,2025-01-24,6397.96,5065.3,11463.26,2,44.187
portfolio_intra_OLHC,2025-01-27,6397.96,4845.6,11243.56,2,43.097
portfolio_intra_OLHC,2025-02-05,6397.96,4924.38,11322.34,2,43.493
portfolio_intra_OLHC,2025-02-06,6397.96,5100.37,11498.33,2,44.357
portfolio_intra_OLHC,2025-02-07,6397.96,5339.48,11737.44,2,45.491
portfolio_intra_OLHC,2025-02-10,6397.96,5304.06,11702.02,2,45.326
portfolio_intra_OLHC,2025-02-11,6397.96,5320.09,11718.05,2,45.401
portfolio_intra_OLHC,2025-02-12,6397.96,5394.49,11792.45,2,45.745
portfolio_intra_OLHC,2025-02-13,8822.29,2842.89,11665.18,1,24.371
portfolio_intra_OLHC,2025-02-14,8822.29,3022.94,11845.22,1,25.52
portfolio_intra_OLHC,2025-02-17,8822.29,3082.62,11904.91,1,25.894
portfolio_intra_OLHC,2025-02-18,8005.41,3854.77,11860.17,1,32.502
portfolio_intra_OLHC,2025-02-19,8005.41,3886.3,11891.71,1,32.681
portfolio_intra_OLHC,2025-02-20,8005.41,3969.07,11974.48,1,33.146
portfolio_intra_OLHC,2025-02-21,8005.41,3835.06,11840.47,1,32.389
portfolio_intra_OLHC,2025-02-24,8005.41,3874.47,11879.88,1,32.614
portfolio_intra_OLHC,2025-02-25,8005.41,3827.18,11832.58,1,32.344
portfolio_intra_OLHC,2025-02-26,8005.41,3779.88,11785.29,1,32.073
portfolio_intra_OLHC,2025-02-27,8005.41,3699.08,11704.48,1,31.604
portfolio_intra_OLHC,2025-02-28,4489.29,6910.84,11400.13,3,60.621
portfolio_intra_OLHC,2025-03-03,7319.0,3985.74,11304.74,2,35.257
portfolio_intra_OLHC,2025-03-04,7319.0,4055.12,11374.13,2,35.652
portfolio_intra_OLHC,2025-03-05,4857.84,6612.9,11470.74,3,57.65
portfolio_intra_OLHC,2025-03-06,4857.84,6741.66,11599.5,3,58.12
portfolio_intra_OLHC,2025-03-07,4857.84,6759.36,11617.2,3,58.184
portfolio_intra_OLHC,2025-03-10,4857.84,6682.58,11540.41,3,57.906
portfolio_intra_OLHC,2025-03-11,4857.84,6657.46,11515.29,3,57.814
portfolio_intra_OLHC,2025-03-12,4857.84,6765.74,11623.57,3,58.207
portfolio_intra_OLHC,2025-03-13,4857.84,6641.54,11499.37,3,57.756
portfolio_intra_OLHC,2025-03-14,2023.0,9710.93,11733.93,4,82.759
portfolio_intra_OLHC,2025-03-17,2023.0,9632.19,11655.19,4,82.643
portfolio_intra_OLHC,2025-03-18,2023.0,9735.32,11758.32,4,82.795
portfolio_intra_OLHC,2025-03-19,2023.0,9572.74,11595.74,4,82.554
portfolio_intra_OLHC,2025-03-20,2023.0,9531.26,11554.26,4,82.491
portfolio_intra_OLHC,2025-03-21,2023.0,9310.0,11333.0,4,82.149
portfolio_intra_OLHC,2025-03-24,3552.68,7901.97,11454.66,3,68.985
portfolio_intra_OLHC,2025-03-25,3552.68,7835.32,11388.01,3,68.803
portfolio_intra_OLHC,2025-03-26,3552.68,7747.31,11299.99,3,68.56
portfolio_intra_OLHC,2025-03-27,6173.36,5042.97,11216.33,2,44.961
portfolio_intra_OLHC,2025-03-28,6173.36,5044.22,11217.57,2,44.967
portfolio_intra_OLHC,2025-03-31,11111.88,0.0,11111.88,0,0.0
portfolio_intra_OLHC,2025-04-01,8598.45,2513.63,11112.08,1,22.621
portfolio_intra_OLHC,2025-04-02,8598.45,2503.96,11102.41,1,22.553
portfolio_intra_OLHC,2025-04-03,8598.45,2461.42,11059.87,1,22.255
portfolio_intra_OLHC,2025-04-07,10809.83,0.0,10809.83,0,0.0
portfolio_intra_OLHC,2025-04-08,8745.3,2095.88,10841.18,1,19.333
portfolio_intra_OLHC,2025-04-09,8745.3,2179.64,10924.94,1,19.951
portfolio_intra_OLHC,2025-04-10,8745.3,2352.08,11097.38,1,21.195
portfolio_intra_OLHC,2025-04-11,8745.3,2532.4,11277.7,1,22.455
portfolio_intra_OLHC,2025-04-14,8745.3,2718.64,11463.93,1,23.715
portfolio_intra_OLHC,2025-04-15,8745.3,2730.46,11475.76,1,23.793
portfolio_intra_OLHC,2025-04-16,8745.3,2951.18,11696.48,1,25.231
portfolio_intra_OLHC,2025-04-17,11698.83,0.0,11698.83,0,0.0
portfolio_intra_OLHC,2025-04-18,11698.83,0.0,11698.83,0,0.0
portfolio_intra_OLHC,2025-04-21,11698.83,0.0,11698.83,0,0.0
portfolio_intra_OLHC,2025-04-22,11698.83,0.0,11698.83,0,0.0
portfolio_intra_OLHC,2025-04-23,11698.83,0.0,11698.83,0,0.0
portfolio_intra_OLHC,2025-04-24,8907.34,2724.55,11631.89,1,23.423
portfolio_intra_OLHC,2025-04-25,8907.34,2670.35,11577.7,1,23.065
portfolio_intra_OLHC,2025-04-28,11493.89,0.0,11493.89,0,0.0
portfolio_intra_OLHC,2025-04-29,11493.89,0.0,11493.89,0,0.0
portfolio_intra_OLHC,2025-04-30,11493.89,0.0,11493.89,0,0.0
portfolio_intra_OLHC,2025-05-06,11493.89,0.0,11493.89,0,0.0
portfolio_intra_OLHC,2025-05-07,11493.89,0.0,11493.89,0,0.0
portfolio_intra_OLHC,2025-05-08,8787.24,2627.0,11414.23,1,23.015
portfolio_intra_OLHC,2025-05-09,8787.24,2647.69,11434.93,1,23.154
portfolio_intra_OLHC,2025-05-12,11322.4,0.0,11322.4,0,0.0
portfolio_intra_OLHC,2025-05-13,11322.4,0.0,11322.4,0,0.0
portfolio_intra_OLHC,2025-05-14,8724.24,2594.48,11318.72,1,22.922
portfolio_intra_OLHC,2025-05-15,8724.24,2569.84,11294.09,1,22.754
portfolio_intra_OLHC,2025-05-16,8724.24,2565.9,11290.15,1,22.727
portfolio_intra_OLHC,2025-05-19,8724.24,2564.92,11289.16,1,22.72
portfolio_intra_OLHC,2025-05-20,8724.24,2595.46,11319.71,1,22.929
portfolio_intra_OLHC,2025-05-21,8724.24,2741.3,11465.54,1,23.909
portfolio_intra_OLHC,2025-05-22,8724.24,2708.78,11433.02,1,23.693
portfolio_intra_OLHC,2025-05-23,11385.56,0.0,11385.56,0,0.0
portfolio_intra_OLHC,2025-05-26,11385.56,0.0,11385.56,0,0.0
portfolio_intra_OLHC,2025-05-27,11385.56,0.0,11385.56,0,0.0
portfolio_intra_OLHC,2025-05-28,11385.56,0.0,11385.56,0,0.0
portfolio_intra_OLHC,2025-05-29,11385.56,0.0,11385.56,0,0.0
portfolio_intra_OLHC,2025-05-30,11385.56,0.0,11385.56,0,0.0
portfolio_intra_OLHC,2025-06-03,11385.56,0.0,11385.56,0,0.0
portfolio_intra_OLHC,2025-06-04,11385.56,0.0,11385.56,0,0.0
portfolio_intra_OLHC,2025-06-05,11385.56,0.0,11385.56,0,0.0
portfolio_intra_OLHC,2025-06-06,11385.56,0.0,11385.56,0,0.0
portfolio_intra_OLHC,2025-06-09,11385.56,0.0,11385.56,0,0.0
portfolio_intra_OLHC,2025-06-10,11385.56,0.0,11385.56,0,0.0
portfolio_intra_OLHC,2025-06-11,11385.56,0.0,11385.56,0,0.0
portfolio_intra_OLHC,2025-06-12,11385.56,0.0,11385.56,0,0.0
portfolio_intra_OLHC,2025-06-13,11385.56,0.0,11385.56,0,0.0
portfolio_intra_OLHC,2025-06-16,11385.56,0.0,11385.56,0,0.0
portfolio_intra_OLHC,2025-06-17,11385.56,0.0,11385.56,0,0.0
portfolio_intra_OLHC,2025-06-18,11385.56,0.0,11385.56,0,0.0
portfolio_intra_OLHC,2025-06-19,11385.56,0.0,11385.56,0,0.0
portfolio_intra_OLHC,2025-06-20,8704.55,2660.5,11365.05,1,23.409
portfolio_intra_OLHC,2025-06-23,8704.55,2641.78,11346.33,1,23.283
portfolio_intra_OLHC,2025-06-24,11215.75,0.0,11215.75,0,0.0
portfolio_intra_OLHC,2025-06-25,11215.75,0.0,11215.75,0,0.0
portfolio_intra_OLHC,2025-06-26,11215.75,0.0,11215.75,0,0.0
portfolio_intra_OLHC,2025-06-27,11215.75,0.0,11215.75,0,0.0
portfolio_intra_OLHC,2025-06-30,11215.75,0.0,11215.75,0,0.0
portfolio_intra_OLHC,2025-07-01,11215.75,0.0,11215.75,0,0.0
portfolio_intra_OLHC,2025-07-02,11215.75,0.0,11215.75,0,0.0
portfolio_intra_OLHC,2025-07-03,11215.75,0.0,11215.75,0,0.0
portfolio_intra_OLHC,2025-07-04,11215.75,0.0,11215.75,0,0.0
portfolio_intra_OLHC,2025-07-07,5934.1,5260.41,11194.51,2,46.991
portfolio_intra_OLHC,2025-07-08,5934.1,5330.61,11264.71,2,47.321
portfolio_intra_OLHC,2025-07-09,5934.1,5287.47,11221.57,2,47.119
portfolio_intra_OLHC,2025-07-10,5934.1,5299.42,11233.52,2,47.175
portfolio_intra_OLHC,2025-07-11,5934.1,5325.32,11259.42,2,47.297
portfolio_intra_OLHC,2025-07-14,5934.1,5340.94,11275.04,2,47.37
portfolio_intra_OLHC,2025-07-15,5934.1,5286.09,11220.19,2,47.112
portfolio_intra_OLHC,2025-07-16,5934.1,5250.71,11184.81,2,46.945
portfolio_intra_OLHC,2025-07-17,5934.1,5305.26,11239.36,2,47.203
portfolio_intra_OLHC,2025-07-18,5934.1,5297.91,11232.01,2,47.168
portfolio_intra_OLHC,2025-07-21,5934.1,5470.64,11404.74,2,47.968
portfolio_intra_OLHC,2025-07-22,5934.1,5563.29,11497.38,2,48.387
portfolio_intra_OLHC,2025-07-23,5934.1,5465.1,11399.2,2,47.943
portfolio_intra_OLHC,2025-07-24,5934.1,5563.58,11497.68,2,48.389
portfolio_intra_OLHC,2025-07-25,5934.1,5488.42,11422.52,2,48.049
portfolio_intra_OLHC,2025-07-28,3157.35,8299.73,11457.08,3,72.442
portfolio_intra_OLHC,2025-07-29,3157.35,8358.55,11515.9,3,72.583
portfolio_intra_OLHC,2025-07-30,6110.87,5435.17,11546.04,2,47.074
portfolio_intra_OLHC,2025-07-31,8706.82,2753.19,11460.02,1,24.024
portfolio_intra_OLHC,2025-08-01,5093.25,6373.67,11466.92,2,55.583
portfolio_intra_OLHC,2025-08-04,5093.25,6385.14,11478.39,2,55.628
portfolio_intra_OLHC,2025-08-05,5093.25,6501.53,11594.77,2,56.073
portfolio_intra_OLHC,2025-08-06,5093.25,6497.91,11591.16,2,56.059
portfolio_intra_OLHC,2025-08-07,5093.25,6498.28,11591.52,2,56.061
portfolio_intra_OLHC,2025-08-08,5093.25,6604.72,11697.97,2,56.46
portfolio_intra_OLHC,2025-08-11,5093.25,6639.33,11732.57,2,56.589
portfolio_intra_OLHC,2025-08-12,5093.25,6660.38,11753.63,2,56.667
portfolio_intra_OLHC,2025-08-13,5093.25,6726.7,11819.95,2,56.91
portfolio_intra_OLHC,2025-08-14,5093.25,6660.74,11753.99,2,56.668
portfolio_intra_OLHC,2025-08-15,5093.25,6889.17,11982.41,2,57.494
portfolio_intra_OLHC,2025-08-18,5093.25,6815.79,11909.04,2,57.232
portfolio_intra_OLHC,2025-08-19,5093.25,6803.14,11896.39,2,57.187
portfolio_intra_OLHC,2025-08-20,5093.25,6838.02,11931.27,2,57.312
portfolio_intra_OLHC,2025-08-21,5093.25,6788.33,11881.57,2,57.133
portfolio_intra_OLHC,2025-08-22,5093.25,6836.4,11929.64,2,57.306
portfolio_intra_OLHC,2025-08-25,5093.25,7056.87,12150.12,2,58.081
portfolio_intra_OLHC,2025-08-26,5093.25,7155.73,12248.97,2,58.419
portfolio_intra_OLHC,2025-08-27,5093.25,6984.22,12077.47,2,57.829
portfolio_intra_OLHC,2025-08-28,5093.25,7095.18,12188.43,2,58.212
portfolio_intra_OLHC,2025-08-29,8802.63,3228.29,12030.92,1,26.833
portfolio_intra_OLHC,2025-09-01,8802.63,3208.41,12011.04,1,26.712
portfolio_intra_OLHC,2025-09-02,5771.88,6121.77,11893.65,2,51.471
portfolio_intra_OLHC,2025-09-03,8840.23,2980.8,11821.03,1,25.216
portfolio_intra_OLHC,2025-09-04,9314.43,2251.18,11565.61,1,19.464
portfolio_intra_OLHC,2025-09-05,8457.81,3217.4,11675.2,1,27.558
portfolio_intra_OLHC,2025-09-08,6509.59,5259.51,11769.1,2,44.689
portfolio_intra_OLHC,2025-09-09,6509.59,5092.68,11602.27,2,43.894
portfolio_intra_OLHC,2025-09-10,6509.59,5173.51,11683.1,2,44.282
portfolio_intra_OLHC,2025-09-11,6509.59,5376.21,11885.8,2,45.232
portfolio_intra_OLHC,2025-09-12,6509.59,5358.28,11867.87,2,45.149
portfolio_intra_OLHC,2025-09-15,6123.94,5694.51,11818.44,2,48.183
portfolio_intra_OLHC,2025-09-16,3101.17,8769.55,11870.72,3,73.875
portfolio_intra_OLHC,2025-09-17,3101.17,8800.42,11901.6,3,73.943
portfolio_intra_OLHC,2025-09-18,6497.03,5423.24,11920.27,2,45.496
portfolio_intra_OLHC,2025-09-19,6497.03,5422.06,11919.09,2,45.491
portfolio_intra_OLHC,2025-09-22,4995.68,7033.8,12029.47,3,58.471
portfolio_intra_OLHC,2025-09-23,4995.68,6817.63,11813.31,3,57.711
portfolio_intra_OLHC,2025-09-24,4995.68,7003.07,11998.75,3,58.365
portfolio_intra_OLHC,2025-09-25,4995.68,7164.12,12159.79,3,58.916
portfolio_intra_OLHC,2025-09-26,4995.68,7038.79,12034.46,3,58.489
portfolio_intra_OLHC,2025-09-29,4995.68,7039.55,12035.22,3,58.491
portfolio_intra_OLHC,2025-09-30,4995.68,7179.57,12175.25,3,58.969
portfolio_intra_OLHC,2025-10-09,4995.68,7477.26,12472.93,3,59.948
portfolio_intra_OLHC,2025-10-10,10332.59,1931.95,12264.55,1,15.752
portfolio_intra_OLHC,2025-10-13,6377.35,5970.64,12347.99,2,48.353
portfolio_intra_OLHC,2025-10-14,6377.35,5646.14,12023.49,2,46.959
portfolio_intra_OLHC,2025-10-15,1780.43,10479.05,12259.47,4,85.477
portfolio_intra_OLHC,2025-10-16,1780.43,10304.07,12084.5,4,85.267
portfolio_intra_OLHC,2025-10-17,4155.48,7447.67,11603.15,3,64.187
portfolio_intra_OLHC,2025-10-20,4155.48,7745.82,11901.3,3,65.084
portfolio_intra_OLHC,2025-10-21,4155.48,7850.3,12005.78,3,65.388
portfolio_intra_OLHC,2025-10-22,3408.25,8372.21,11780.46,4,71.069
portfolio_intra_OLHC,2025-10-23,1701.91,10027.5,11729.41,5,85.49
portfolio_intra_OLHC,2025-10-24,1701.91,10290.42,11992.32,5,85.808
portfolio_intra_OLHC,2025-10-27,1701.91,10457.65,12159.55,5,86.004
portfolio_intra_OLHC,2025-10-28,1701.91,10241.24,11943.15,5,85.75
portfolio_intra_OLHC,2025-10-29,1701.91,10499.14,12201.04,5,86.051
portfolio_intra_OLHC,2025-10-30,1701.91,10471.56,12173.47,5,86.02
portfolio_intra_OLHC,2025-10-31,1701.91,10196.93,11898.84,5,85.697
portfolio_intra_OLHC,2025-11-03,4090.09,7701.12,11791.2,4,65.312
portfolio_intra_OLHC,2025-11-04,4090.09,7417.14,11507.22,4,64.456
portfolio_intra_OLHC,2025-11-05,3993.85,7586.84,11580.69,4,65.513
portfolio_intra_OLHC,2025-11-06,3993.85,7839.24,11833.08,4,66.248
portfolio_intra_OLHC,2025-11-07,3993.85,7807.77,11801.62,4,66.158
portfolio_intra_OLHC,2025-11-10,3993.85,7882.6,11876.45,4,66.372
portfolio_intra_OLHC,2025-11-11,2278.55,9472.7,11751.25,5,80.61
portfolio_intra_OLHC,2025-11-12,4322.45,7370.41,11692.86,4,63.033
portfolio_intra_OLHC,2025-11-13,4322.45,7550.32,11872.78,4,63.594
portfolio_intra_OLHC,2025-11-14,4322.45,7384.09,11706.54,4,63.077
portfolio_intra_OLHC,2025-11-17,3476.4,8034.15,11510.56,4,69.798
portfolio_intra_OLHC,2025-11-18,4405.99,7071.3,11477.29,3,61.611
portfolio_intra_OLHC,2025-11-19,6010.56,5414.08,11424.63,2,47.39
portfolio_intra_OLHC,2025-11-20,6010.56,5347.3,11357.85,2,47.08
portfolio_intra_OLHC,2025-11-21,11142.78,0.0,11142.78,0,0.0
portfolio_intra_OLHC,2025-11-24,7607.54,3519.3,11126.84,1,31.629
portfolio_intra_OLHC,2025-11-25,7607.54,3504.55,11112.09,1,31.538
portfolio_intra_OLHC,2025-11-26,7607.54,3482.41,11089.95,1,31.402
portfolio_intra_OLHC,2025-11-27,7607.54,3489.79,11097.33,1,31.447
portfolio_intra_OLHC,2025-11-28,7607.54,3482.41,11089.95,1,31.402
portfolio_intra_OLHC,2025-12-01,7607.54,3548.81,11156.35,1,31.81
portfolio_intra_OLHC,2025-12-02,7607.54,3504.55,11112.09,1,31.538
portfolio_intra_OLHC,2025-12-03,7607.54,3644.73,11252.27,1,32.391
portfolio_intra_OLHC,2025-12-04,7607.54,3622.59,11230.13,1,32.258
portfolio_intra_OLHC,2025-12-05,7607.54,3932.47,11540.01,1,34.077
portfolio_intra_OLHC,2025-12-08,7607.54,3851.31,11458.85,1,33.61
portfolio_intra_OLHC,2025-12-09,11284.97,0.0,11284.97,0,0.0
portfolio_intra_OLHC,2025-12-10,11284.97,0.0,11284.97,0,0.0
portfolio_intra_OLHC,2025-12-11,7609.41,3644.73,11254.13,1,32.386
portfolio_intra_OLHC,2025-12-12,7609.41,3691.46,11300.86,1,32.665
portfolio_intra_OLHC,2025-12-15,7609.41,3605.79,11215.2,1,32.151
portfolio_intra_OLHC,2025-12-16,7609.41,3582.42,11191.83,1,32.009
portfolio_intra_OLHC,2025-12-17,7609.41,3644.73,11254.13,1,32.386
portfolio_intra_OLHC,2025-12-18,7609.41,3629.15,11238.56,1,32.292
portfolio_intra_OLHC,2025-12-19,7609.41,3730.39,11339.8,1,32.896
portfolio_intra_OLHC,2025-12-22,7609.41,3753.76,11363.16,1,33.034
portfolio_intra_OLHC,2025-12-23,7609.41,3909.52,11518.92,1,33.94
portfolio_intra_OLHC,2025-12-24,7609.41,3932.88,11542.29,1,34.074
portfolio_intra_OLHC,2025-12-25,7609.41,3901.73,11511.13,1,33.895
portfolio_intra_OLHC,2025-12-26,5789.64,5964.2,11753.84,2,50.743
portfolio_intra_OLHC,2025-12-29,5789.64,5872.08,11661.72,2,50.353
portfolio_intra_OLHC,2025-12-30,3342.14,8372.43,11714.57,3,71.47
portfolio_intra_OLHC,2025-12-31,3342.14,8457.86,11800.0,3,71.677
portfolio_intra_OLHC,2026-01-05,3342.14,8576.19,11918.33,3,71.958
portfolio_intra_OLHC,2026-01-06,3342.14,8683.66,12025.8,3,72.209
portfolio_intra_OLHC,2026-01-07,3342.14,8848.14,12190.28,3,72.584
portfolio_intra_OLHC,2026-01-08,3342.14,8733.2,12075.34,3,72.323
portfolio_intra_OLHC,2026-01-09,3342.14,8845.7,12187.84,3,72.578
portfolio_intra_OLHC,2026-01-12,3342.14,8833.42,12175.56,3,72.55
portfolio_intra_OLHC,2026-01-13,3342.14,8687.62,12029.76,3,72.218
portfolio_intra_OLHC,2026-01-14,3342.14,8886.6,12228.74,3,72.67
portfolio_intra_OLHC,2026-01-15,3342.14,8896.2,12238.34,3,72.691
portfolio_intra_OLHC,2026-01-16,3342.14,9040.09,12382.23,3,73.009
portfolio_intra_OLHC,2026-01-19,3342.14,9396.48,12738.62,3,73.764
portfolio_intra_OLHC,2026-01-20,3342.14,9819.58,13161.72,3,74.607
portfolio_intra_OLHC,2026-01-21,3342.14,9784.02,13126.16,3,74.538
portfolio_intra_OLHC,2026-01-22,3871.6,9085.04,12956.64,3,70.119
portfolio_intra_OLHC,2026-01-23,3871.6,9460.92,13332.52,3,70.961
portfolio_intra_OLHC,2026-01-26,3871.6,10090.26,13961.85,3,72.27
portfolio_intra_OLHC,2026-01-27,3871.6,9954.15,13825.74,3,71.997
portfolio_intra_OLHC,2026-01-28,3871.6,10540.23,14411.82,3,73.136
portfolio_intra_OLHC,2026-01-29,12051.21,2206.11,14257.33,1,15.474
portfolio_intra_OLHC,2026-01-30,7758.11,6476.14,14234.25,2,45.497
portfolio_intra_OLHC,2026-02-02,5448.87,8202.24,13651.11,3,60.085
portfolio_intra_OLHC,2026-02-03,3488.11,10411.02,13899.13,4,74.904
portfolio_intra_OLHC,2026-02-04,3488.11,10265.19,13753.3,4,74.638
portfolio_intra_OLHC,2026-02-05,505.29,13018.59,13523.89,5,96.264
portfolio_intra_OLHC,2026-02-06,4494.98,8736.54,13231.52,3,66.028
portfolio_intra_OLHC,2026-02-09,4494.98,9054.99,13549.96,3,66.827
portfolio_intra_OLHC,2026-02-10,4494.98,9081.26,13576.23,3,66.891
portfolio_intra_OLHC,2026-02-11,4494.98,9029.15,13524.13,3,66.763
portfolio_intra_OLHC,2026-02-12,4494.98,9328.87,13823.85,3,67.484
portfolio_intra_OLHC,2026-02-13,4494.98,9225.05,13720.02,3,67.238
portfolio_intra_OLHC,2026-02-24,4494.98,9290.41,13785.38,3,67.393
portfolio_intra_OLHC,2026-02-25,4494.98,9313.95,13808.92,3,67.449
portfolio_intra_OLHC,2026-02-26,4494.98,9538.26,14033.24,3,67.969
portfolio_intra_OLHC,2026-02-27,4494.98,9437.13,13932.11,3,67.737
portfolio_intra_OLHC,2026-03-02,4494.98,9158.0,13652.97,3,67.077
portfolio_intra_OLHC,2026-03-03,9781.97,3604.46,13386.43,1,26.926
portfolio_intra_OLHC,2026-03-04,10951.23,2371.04,13322.27,1,17.798
portfolio_intra_OLHC,2026-03-05,10951.23,2357.22,13308.45,1,17.712
portfolio_intra_OLHC,2026-03-06,4600.04,8651.62,13251.66,3,65.287
portfolio_intra_OLHC,2026-03-09,5530.4,7647.23,13177.63,2,58.032
portfolio_intra_OLHC,2026-03-10,5530.4,7619.57,13149.96,2,57.944
portfolio_intra_OLHC,2026-03-11,5530.4,7715.57,13245.97,2,58.248
portfolio_intra_OLHC,2026-03-12,5530.4,7918.21,13448.61,2,58.878
portfolio_intra_OLHC,2026-03-13,5530.4,7643.99,13174.39,2,58.022
portfolio_intra_OLHC,2026-03-16,10368.68,2532.99,12901.67,1,19.633
portfolio_intra_OLHC,2026-03-17,7677.35,5035.36,12712.72,2,39.609
portfolio_intra_OLHC,2026-03-18,3715.78,9315.41,13031.19,3,71.485
portfolio_intra_OLHC,2026-03-19,3715.78,9292.72,13008.5,3,71.436
portfolio_intra_OLHC,2026-03-20,6320.83,6602.18,12923.02,2,51.089
portfolio_intra_OLHC,2026-03-23,12389.91,0.0,12389.91,0,0.0
portfolio_intra_OLHC,2026-03-24,12389.91,0.0,12389.91,0,0.0
portfolio_intra_OLHC,2026-03-25,12389.91,0.0,12389.91,0,0.0
portfolio_intra_OLHC,2026-03-26,12389.91,0.0,12389.91,0,0.0
portfolio_intra_OLHC,2026-03-27,9770.22,2688.59,12458.81,1,21.58
portfolio_intra_OLHC,2026-03-30,9770.22,2881.41,12651.63,1,22.775
portfolio_intra_OLHC,2026-03-31,9770.22,2990.74,12760.96,1,23.437
portfolio_intra_OLHC,2026-04-01,12634.88,0.0,12634.88,0,0.0
portfolio_intra_OLHC,2026-04-02,12634.88,0.0,12634.88,0,0.0
portfolio_intra_OLHC,2026-04-03,12634.88,0.0,12634.88,0,0.0
portfolio_intra_OLHC,2026-04-07,12634.88,0.0,12634.88,0,0.0
portfolio_intra_OLHC,2026-04-08,12634.88,0.0,12634.88,0,0.0
portfolio_intra_OLHC,2026-04-09,12634.88,0.0,12634.88,0,0.0
portfolio_intra_OLHC,2026-04-10,12634.88,0.0,12634.88,0,0.0
portfolio_intra_OLHC,2026-04-13,12634.88,0.0,12634.88,0,0.0
portfolio_intra_OLHC,2026-04-14,12634.88,0.0,12634.88,0,0.0
portfolio_intra_OLHC,2026-04-15,12634.88,0.0,12634.88,0,0.0
portfolio_intra_OLHC,2026-04-16,12634.88,0.0,12634.88,0,0.0
portfolio_intra_OLHC,2026-04-17,12634.88,0.0,12634.88,0,0.0
portfolio_intra_OLHC,2026-04-20,12634.88,0.0,12634.88,0,0.0
portfolio_intra_OLHC,2026-04-21,12634.88,0.0,12634.88,0,0.0
portfolio_intra_OLHC,2026-04-22,12634.88,0.0,12634.88,0,0.0
portfolio_intra_OLHC,2026-04-23,12634.88,0.0,12634.88,0,0.0
portfolio_intra_OLHC,2026-04-24,12634.88,0.0,12634.88,0,0.0
portfolio_intra_OLHC,2026-04-27,12634.88,0.0,12634.88,0,0.0
portfolio_intra_OLHC,2026-04-28,12634.88,0.0,12634.88,0,0.0
portfolio_intra_OLHC,2026-04-29,12634.88,0.0,12634.88,0,0.0
portfolio_intra_OLHC,2026-04-30,12634.88,0.0,12634.88,0,0.0
portfolio_intra_OLHC,2026-05-06,12634.88,0.0,12634.88,0,0.0
portfolio_intra_OLHC,2026-05-07,12634.88,0.0,12634.88,0,0.0
portfolio_intra_OLHC,2026-05-08,12634.88,0.0,12634.88,0,0.0
portfolio_intra_OLHC,2026-05-11,12634.88,0.0,12634.88,0,0.0
portfolio_intra_OLHC,2026-05-12,12634.88,0.0,12634.88,0,0.0
portfolio_intra_OLHC,2026-05-13,12634.88,0.0,12634.88,0,0.0
portfolio_intra_OLHC,2026-05-14,12634.88,0.0,12634.88,0,0.0
portfolio_intra_OLHC,2026-05-15,12634.88,0.0,12634.88,0,0.0
portfolio_intra_OLHC,2026-05-18,12634.88,0.0,12634.88,0,0.0
portfolio_intra_OLHC,2026-05-19,12634.88,0.0,12634.88,0,0.0
portfolio_intra_OLHC,2026-05-20,12634.88,0.0,12634.88,0,0.0
portfolio_intra_OLHC,2026-05-21,12634.88,0.0,12634.88,0,0.0
portfolio_intra_OLHC,2026-05-22,9663.92,2978.93,12642.85,1,23.562
portfolio_intra_OLHC,2026-05-25,9663.92,3096.65,12760.57,1,24.267
portfolio_intra_OLHC,2026-05-26,5683.81,6834.6,12518.41,2,54.596
portfolio_intra_OLHC,2026-05-27,4507.73,7670.56,12178.28,2,62.986
portfolio_intra_OLHC,2026-05-28,8238.08,4027.41,12265.49,1,32.835
portfolio_intra_OLHC,2026-05-29,8238.08,4193.4,12431.48,1,33.732
portfolio_intra_OLHC,2026-06-01,3044.82,9066.35,12111.17,3,74.859
portfolio_intra_OLHC,2026-06-02,3044.82,9248.1,12292.93,3,75.231
portfolio_intra_OLHC,2026-06-03,3044.82,9206.73,12251.56,3,75.147
portfolio_intra_OLHC,2026-06-04,3044.82,9116.54,12161.36,3,74.963
portfolio_intra_OLHC,2026-06-05,6456.66,5518.82,11975.48,2,46.084
portfolio_intra_OLHC,2026-06-08,11686.04,0.0,11686.04,0,0.0
portfolio_intra_OLHC,2026-06-09,11686.04,0.0,11686.04,0,0.0
portfolio_intra_OLHC,2026-06-10,8265.84,3344.92,11610.75,1,28.809
portfolio_intra_OLHC,2026-06-11,8265.84,3310.0,11575.84,1,28.594
portfolio_intra_OLHC,2026-06-12,11470.98,0.0,11470.98,0,0.0
portfolio_intra_OLHC,2026-06-15,11470.98,0.0,11470.98,0,0.0
portfolio_intra_OLHC,2026-06-16,11470.98,0.0,11470.98,0,0.0
portfolio_intra_OLHC,2026-06-17,11470.98,0.0,11470.98,0,0.0
portfolio_intra_OLHC,2026-06-18,7743.23,4103.0,11846.23,1,34.636
portfolio_intra_OLHC,2026-06-22,7743.23,4513.0,12256.23,1,36.822
portfolio_intra_OLHC,2026-06-23,7743.23,4288.0,12031.23,1,35.641
portfolio_intra_OLHC,2026-06-24,11928.89,0.0,11928.89,0,0.0
portfolio_intra_OLHC,2026-06-25,11928.89,0.0,11928.89,0,0.0
portfolio_intra_OLHC,2026-06-26,11928.89,0.0,11928.89,0,0.0
portfolio_intra_OLHC,2026-06-29,11928.89,0.0,11928.89,0,0.0
portfolio_intra_OLHC,2026-06-30,11928.89,0.0,11928.89,0,0.0
portfolio_intra_OLHC,2026-07-01,11928.89,0.0,11928.89,0,0.0
portfolio_intra_OLHC,2026-07-02,11928.89,0.0,11928.89,0,0.0
portfolio_intra_OLHC,2026-07-03,11928.89,0.0,11928.89,0,0.0
portfolio_intra_OLHC,2026-07-06,11928.89,0.0,11928.89,0,0.0
portfolio_intra_OLHC,2026-07-07,11928.89,0.0,11928.89,0,0.0
portfolio_intra_OLHC,2026-07-08,11928.89,0.0,11928.89,0,0.0
portfolio_intra_OLHC,2026-07-09,11928.89,0.0,11928.89,0,0.0
portfolio_intra_OLHC,2026-07-10,11928.89,0.0,11928.89,0,0.0
portfolio_intra_OLHC,2026-07-13,11928.89,0.0,11928.89,0,0.0
portfolio_intra_OLHC,2026-07-14,11928.89,0.0,11928.89,0,0.0
portfolio_intra_OLHC,2026-07-15,11928.89,0.0,11928.89,0,0.0
portfolio_intra_OLHC,2026-07-16,8006.94,3872.0,11878.94,1,32.596
portfolio_intra_OLHC,2026-07-17,11683.37,0.0,11683.37,0,0.0
portfolio_intra_OLHC,2026-07-20,11683.37,0.0,11683.37,0,0.0
portfolio_intra_OLHC,2026-07-21,11683.37,0.0,11683.37,0,0.0
portfolio_intra_OLHC,2026-07-22,11683.37,0.0,11683.37,0,0.0
portfolio_intra_OLHC,2026-07-23,11683.37,0.0,11683.37,0,0.0
portfolio_intra_OLHC,2026-07-24,11683.37,0.0,11683.37,0,0.0
portfolio_intra_OLHC,2026-07-27,11683.37,0.0,11683.37,0,0.0
portfolio_intra_OLHC,2026-07-28,8702.37,2833.0,11535.37,1,24.559
portfolio_intra_OLHC,2026-07-29,11495.14,0.0,11495.14,0,0.0
portfolio_intra_OLHC,2026-07-30,8126.75,3360.0,11486.75,1,29.251
portfolio_intra_OLHC,2026-07-31,8126.75,3489.0,11615.75,1,30.037
portfolio_intra_OLHC,2026-08-03,8126.75,3310.0,11436.75,1,28.942
portfolio_intra_OLHC,2026-08-04,8126.75,3432.0,11558.75,1,29.692
portfolio_intra_OLHC,2026-08-05,8126.75,3694.0,11820.75,1,31.25
portfolio_intra_OLHC,2026-08-06,8126.75,3794.0,11920.75,1,31.827
portfolio_intra_OLHC,2026-08-07,5267.87,6760.0,12027.87,2,56.203
portfolio_intra_OLHC,2026-08-10,5267.87,6766.0,12033.87,2,56.225
portfolio_intra_OLHC,2026-08-11,5267.87,6734.0,12001.87,2,56.108
portfolio_intra_OLHC,2026-08-12,8203.42,3700.0,11903.42,1,31.083
portfolio_intra_OLHC,2026-08-13,8203.42,3960.0,12163.42,1,32.557
portfolio_intra_OLHC,2026-08-14,4316.51,7973.0,12289.51,2,64.876
portfolio_intra_OLHC,2026-08-17,4316.51,8181.0,12497.51,2,65.461
portfolio_intra_OLHC,2026-08-18,8177.66,4221.0,12398.66,1,34.044
portfolio_intra_OLHC,2026-08-19,5088.55,7220.0,12308.55,2,58.658
portfolio_intra_OLHC,2026-08-20,1546.98,11191.0,12737.98,3,87.855
portfolio_intra_OLHC,2026-08-21,1546.98,11904.0,13450.98,3,88.499
portfolio_intra_OLHC,2026-08-24,9538.88,3449.0,12987.88,1,26.556
portfolio_intra_OLHC,2026-08-25,9538.88,3510.0,13048.88,1,26.899
portfolio_intra_OLHC,2026-08-26,9538.88,3490.0,13028.88,1,26.787
portfolio_intra_OLHC,2026-08-27,9538.88,3643.0,13181.88,1,27.636
portfolio_intra_OLHC,2026-08-28,9538.88,3589.0,13127.88,1,27.339
portfolio_intra_OLHC,2026-08-31,9538.88,3895.0,13433.88,1,28.994
portfolio_intra_OLHC,2026-09-01,9538.88,3832.0,13370.88,1,28.659
portfolio_intra_OLHC,2026-09-02,9538.88,3799.0,13337.88,1,28.483
portfolio_intra_OLHC,2026-09-03,9538.88,3813.0,13351.88,1,28.558
portfolio_intra_OLHC,2026-09-04,13205.33,0.0,13205.33,0,0.0
portfolio_intra_OLHC,2026-09-07,13205.33,0.0,13205.33,0,0.0
portfolio_intra_OLHC,2026-09-08,13205.33,0.0,13205.33,0,0.0
portfolio_intra_OLHC,2026-09-09,8864.96,4388.0,13252.96,1,33.11
portfolio_intra_OLHC,2026-09-10,8864.96,4430.0,13294.96,1,33.321
portfolio_intra_OLHC,2026-09-11,5341.41,7898.0,13239.41,2,59.655
portfolio_intra_OLHC,2026-09-14,5341.41,7930.0,13271.41,2,59.753
nb_atr2,2023-09-14,13822.47,0.0,13822.47,0,0.0
nb_atr2,2023-09-15,13822.47,0.0,13822.47,0,0.0
nb_atr2,2023-09-18,13822.47,0.0,13822.47,0,0.0
nb_atr2,2023-09-19,13822.47,0.0,13822.47,0,0.0
nb_atr2,2023-09-20,13822.47,0.0,13822.47,0,0.0
nb_atr2,2023-09-21,5971.62,7803.58,13775.2,2,56.649
nb_atr2,2023-09-22,5971.62,7768.32,13739.94,2,56.538
nb_atr2,2023-09-25,5971.62,7783.62,13755.24,2,56.587
nb_atr2,2023-09-26,3289.85,10365.15,13655.0,3,75.907
nb_atr2,2023-09-27,3289.85,10306.6,13596.46,3,75.804
nb_atr2,2023-09-28,3289.85,10273.89,13563.74,3,75.745
nb_atr2,2023-10-09,7475.52,5954.09,13429.6,2,44.336
nb_atr2,2023-10-10,7475.52,5928.57,13404.09,2,44.23
nb_atr2,2023-10-11,7475.52,5877.82,13353.34,2,44.018
nb_atr2,2023-10-12,7475.52,5990.8,13466.32,2,44.487
nb_atr2,2023-10-13,7475.52,5869.11,13344.63,2,43.981
nb_atr2,2023-10-16,7475.52,5855.08,13330.59,2,43.922
nb_atr2,2023-10-17,7475.52,5846.71,13322.23,2,43.887
nb_atr2,2023-10-18,10648.71,2581.28,13229.99,1,19.511
nb_atr2,2023-10-19,10648.71,2539.1,13187.81,1,19.253
nb_atr2,2023-10-20,13159.91,0.0,13159.91,0,0.0
nb_atr2,2023-10-23,13159.91,0.0,13159.91,0,0.0
nb_atr2,2023-10-24,13159.91,0.0,13159.91,0,0.0
nb_atr2,2023-10-25,13159.91,0.0,13159.91,0,0.0
nb_atr2,2023-10-26,13159.91,0.0,13159.91,0,0.0
nb_atr2,2023-10-27,13159.91,0.0,13159.91,0,0.0
nb_atr2,2023-10-30,13159.91,0.0,13159.91,0,0.0
nb_atr2,2023-10-31,13159.91,0.0,13159.91,0,0.0
nb_atr2,2023-11-01,13159.91,0.0,13159.91,0,0.0
nb_atr2,2023-11-02,13159.91,0.0,13159.91,0,0.0
nb_atr2,2023-11-03,13159.91,0.0,13159.91,0,0.0
nb_atr2,2023-11-06,13159.91,0.0,13159.91,0,0.0
nb_atr2,2023-11-07,13159.91,0.0,13159.91,0,0.0
nb_atr2,2023-11-08,13159.91,0.0,13159.91,0,0.0
nb_atr2,2023-11-09,13159.91,0.0,13159.91,0,0.0
nb_atr2,2023-11-10,10845.44,2295.05,13140.49,1,17.465
nb_atr2,2023-11-13,10845.44,2328.52,13173.97,1,17.675
nb_atr2,2023-11-14,10845.44,2317.37,13162.81,1,17.605
nb_atr2,2023-11-15,10845.44,2310.86,13156.3,1,17.565
nb_atr2,2023-11-16,10845.44,2310.86,13156.3,1,17.565
nb_atr2,2023-11-17,10845.44,2285.75,13131.19,1,17.407
nb_atr2,2023-11-20,10845.44,2298.77,13144.21,1,17.489
nb_atr2,2023-11-21,10845.44,2321.09,13166.53,1,17.629
nb_atr2,2023-11-22,10845.44,2238.32,13083.77,1,17.108
nb_atr2,2023-11-23,10845.44,2320.16,13165.6,1,17.623
nb_atr2,2023-11-24,10845.44,2278.31,13123.75,1,17.36
nb_atr2,2023-11-27,10845.44,2262.5,13107.94,1,17.261
nb_atr2,2023-11-28,10845.44,2293.19,13138.63,1,17.454
nb_atr2,2023-11-29,10845.44,2297.84,13143.28,1,17.483
nb_atr2,2023-11-30,10845.44,2264.36,13109.8,1,17.272
nb_atr2,2023-12-01,10845.44,2276.45,13121.89,1,17.348
nb_atr2,2023-12-04,10845.44,2253.2,13098.64,1,17.202
nb_atr2,2023-12-05,10845.44,2189.97,13035.41,1,16.8
nb_atr2,2023-12-06,8627.46,4391.21,13018.68,2,33.73
nb_atr2,2023-12-07,8627.46,4402.57,13030.04,2,33.788
nb_atr2,2023-12-08,10795.18,2336.34,13131.51,1,17.792
nb_atr2,2023-12-11,13071.73,0.0,13071.73,0,0.0
nb_atr2,2023-12-12,13071.73,0.0,13071.73,0,0.0
nb_atr2,2023-12-13,13071.73,0.0,13071.73,0,0.0
nb_atr2,2023-12-14,13071.73,0.0,13071.73,0,0.0
nb_atr2,2023-12-15,13071.73,0.0,13071.73,0,0.0
nb_atr2,2023-12-18,10833.79,2242.64,13076.44,1,17.15
nb_atr2,2023-12-19,10833.79,2261.58,13095.37,1,17.27
nb_atr2,2023-12-20,10833.79,2243.64,13077.43,1,17.157
nb_atr2,2023-12-21,10833.79,2229.69,13063.48,1,17.068
nb_atr2,2023-12-22,10833.79,2169.88,13003.68,1,16.687
nb_atr2,2023-12-25,10833.79,2213.74,13047.53,1,16.967
nb_atr2,2023-12-26,10833.79,2176.86,13010.65,1,16.731
nb_atr2,2023-12-27,10833.79,2290.49,13124.28,1,17.452
nb_atr2,2023-12-28,10833.79,2290.49,13124.28,1,17.452
nb_atr2,2023-12-29,10833.79,2304.44,13138.23,1,17.54
nb_atr2,2024-01-02,10833.79,2292.48,13126.27,1,17.465
nb_atr2,2024-01-03,10833.79,2162.9,12996.7,1,16.642
nb_atr2,2024-01-04,10833.79,2128.02,12961.81,1,16.418
nb_atr2,2024-01-05,12929.62,0.0,12929.62,0,0.0
nb_atr2,2024-01-08,12929.62,0.0,12929.62,0,0.0
nb_atr2,2024-01-09,12929.62,0.0,12929.62,0,0.0
nb_atr2,2024-01-10,8728.92,4203.25,12932.18,1,32.502
nb_atr2,2024-01-11,8728.92,4156.09,12885.01,1,32.255
nb_atr2,2024-01-12,8728.92,4167.88,12896.8,1,32.317
nb_atr2,2024-01-15,8728.92,4150.19,12879.12,1,32.224
nb_atr2,2024-01-16,8728.92,4108.93,12837.85,1,32.006
nb_atr2,2024-01-17,12665.97,0.0,12665.97,0,0.0
nb_atr2,2024-01-18,12665.97,0.0,12665.97,0,0.0
nb_atr2,2024-01-19,12665.97,0.0,12665.97,0,0.0
nb_atr2,2024-01-22,12665.97,0.0,12665.97,0,0.0
nb_atr2,2024-01-23,12665.97,0.0,12665.97,0,0.0
nb_atr2,2024-01-24,12665.97,0.0,12665.97,0,0.0
nb_atr2,2024-01-25,12665.97,0.0,12665.97,0,0.0
nb_atr2,2024-01-26,12665.97,0.0,12665.97,0,0.0
nb_atr2,2024-01-29,12665.97,0.0,12665.97,0,0.0
nb_atr2,2024-01-30,12665.97,0.0,12665.97,0,0.0
nb_atr2,2024-01-31,12665.97,0.0,12665.97,0,0.0
nb_atr2,2024-02-01,12665.97,0.0,12665.97,0,0.0
nb_atr2,2024-02-02,12665.97,0.0,12665.97,0,0.0
nb_atr2,2024-02-05,12665.97,0.0,12665.97,0,0.0
nb_atr2,2024-02-06,12665.97,0.0,12665.97,0,0.0
nb_atr2,2024-02-07,12665.97,0.0,12665.97,0,0.0
nb_atr2,2024-02-08,12665.97,0.0,12665.97,0,0.0
nb_atr2,2024-02-19,12665.97,0.0,12665.97,0,0.0
nb_atr2,2024-02-20,12665.97,0.0,12665.97,0,0.0
nb_atr2,2024-02-21,12665.97,0.0,12665.97,0,0.0
nb_atr2,2024-02-22,12665.97,0.0,12665.97,0,0.0
nb_atr2,2024-02-23,12665.97,0.0,12665.97,0,0.0
nb_atr2,2024-02-26,12665.97,0.0,12665.97,0,0.0
nb_atr2,2024-02-27,12665.97,0.0,12665.97,0,0.0
nb_atr2,2024-02-28,12665.97,0.0,12665.97,0,0.0
nb_atr2,2024-02-29,12665.97,0.0,12665.97,0,0.0
nb_atr2,2024-03-01,12665.97,0.0,12665.97,0,0.0
nb_atr2,2024-03-04,12665.97,0.0,12665.97,0,0.0
nb_atr2,2024-03-05,12665.97,0.0,12665.97,0,0.0
nb_atr2,2024-03-06,12665.97,0.0,12665.97,0,0.0
nb_atr2,2024-03-07,12665.97,0.0,12665.97,0,0.0
nb_atr2,2024-03-08,12665.97,0.0,12665.97,0,0.0
nb_atr2,2024-03-11,12665.97,0.0,12665.97,0,0.0
nb_atr2,2024-03-12,12665.97,0.0,12665.97,0,0.0
nb_atr2,2024-03-13,12665.97,0.0,12665.97,0,0.0
nb_atr2,2024-03-14,10358.35,2280.51,12638.86,1,18.044
nb_atr2,2024-03-15,5732.34,6998.2,12730.54,3,54.972
nb_atr2,2024-03-18,5732.34,7318.25,13050.59,3,56.076
nb_atr2,2024-03-19,5732.34,7259.81,12992.15,3,55.878
nb_atr2,2024-03-20,5732.34,7190.5,12922.84,3,55.642
nb_atr2,2024-03-21,5732.34,7122.6,12854.94,3,55.407
nb_atr2,2024-03-22,8000.9,4729.66,12730.56,2,37.152
nb_atr2,2024-03-25,10332.37,2194.47,12526.84,1,17.518
nb_atr2,2024-03-26,6591.44,5865.95,12457.39,2,47.088
nb_atr2,2024-03-27,4747.0,7413.92,12160.92,3,60.965
nb_atr2,2024-03-28,4747.0,7569.29,12316.29,3,61.458
nb_atr2,2024-03-29,4747.0,7664.07,12411.07,3,61.752
nb_atr2,2024-04-01,4747.0,7708.98,12455.98,3,61.89
nb_atr2,2024-04-02,4747.0,7673.22,12420.22,3,61.78
nb_atr2,2024-04-03,5217.29,7288.24,12505.53,3,58.28
nb_atr2,2024-04-08,7210.65,5270.06,12480.71,3,42.226
nb_atr2,2024-04-09,3358.41,9108.27,12466.68,4,73.061
nb_atr2,2024-04-10,4557.6,7629.38,12186.98,3,62.603
nb_atr2,2024-04-11,4557.6,7573.33,12130.93,3,62.43
nb_atr2,2024-04-12,4557.6,7759.67,12317.27,3,62.998
nb_atr2,2024-04-15,4557.6,7854.82,12412.42,3,63.282
nb_atr2,2024-04-16,5042.98,7049.04,12092.02,3,58.295
nb_atr2,2024-04-17,5042.98,7238.88,12281.86,3,58.94
nb_atr2,2024-04-18,5042.98,7201.82,12244.8,3,58.815
nb_atr2,2024-04-19,9898.4,2068.52,11966.92,1,17.285
nb_atr2,2024-04-22,8113.1,3586.22,11699.33,1,30.653
nb_atr2,2024-04-23,8113.1,3527.27,11640.38,1,30.302
nb_atr2,2024-04-24,4336.91,7533.33,11870.24,2,63.464
nb_atr2,2024-04-25,3171.07,8702.19,11873.26,3,73.292
nb_atr2,2024-04-26,3171.07,8977.58,12148.65,3,73.898
nb_atr2,2024-04-29,3171.07,8832.65,12003.72,3,73.583
nb_atr2,2024-04-30,3171.07,8757.52,11928.6,3,73.416
nb_atr2,2024-05-06,10486.67,1253.97,11740.64,1,10.681
nb_atr2,2024-05-07,10486.67,1274.93,11761.6,1,10.84
nb_atr2,2024-05-08,7861.6,3877.07,11738.67,2,33.028
nb_atr2,2024-05-09,4347.4,7528.65,11876.06,3,63.394
nb_atr2,2024-05-10,4347.4,7645.34,11992.74,3,63.75
nb_atr2,2024-05-13,4347.4,7532.12,11879.53,3,63.404
nb_atr2,2024-05-14,4347.4,7587.34,11934.75,3,63.574
nb_atr2,2024-05-15,4347.4,7561.56,11908.96,3,63.495
nb_atr2,2024-05-16,4347.4,7504.33,11851.73,3,63.318
nb_atr2,2024-05-17,4347.4,7604.9,11952.3,3,63.627
nb_atr2,2024-05-20,4347.4,8051.27,12398.67,3,64.937
nb_atr2,2024-05-21,7956.94,4165.86,12122.8,2,34.364
nb_atr2,2024-05-22,5036.31,6991.42,12027.73,3,58.127
nb_atr2,2024-05-23,4597.38,7338.31,11935.69,3,61.482
nb_atr2,2024-05-24,4597.38,7388.86,11986.24,3,61.645
nb_atr2,2024-05-27,4597.38,7668.17,12265.55,3,62.518
nb_atr2,2024-05-28,4597.38,7590.47,12187.85,3,62.279
nb_atr2,2024-05-29,3235.88,9057.66,12293.54,4,73.678
nb_atr2,2024-05-30,3235.88,8926.84,12162.71,4,73.395
nb_atr2,2024-05-31,3235.88,8837.73,12073.61,4,73.199
nb_atr2,2024-06-03,5168.91,6707.0,11875.92,3,56.476
nb_atr2,2024-06-04,2941.18,9070.59,12011.77,4,75.514
nb_atr2,2024-06-05,2941.18,8990.99,11932.17,4,75.351
nb_atr2,2024-06-06,2941.18,9320.18,12261.36,4,76.013
nb_atr2,2024-06-07,5227.71,6830.91,12058.63,3,56.648
nb_atr2,2024-06-11,3853.91,8186.23,12040.13,4,67.991
nb_atr2,2024-06-12,3521.11,8493.1,12014.21,5,70.692
nb_atr2,2024-06-13,3521.11,8514.32,12035.43,5,70.744
nb_atr2,2024-06-14,3521.11,8549.41,12070.52,5,70.829
nb_atr2,2024-06-17,3521.11,8578.85,12099.96,5,70.9
nb_atr2,2024-06-18,3521.11,8817.01,12338.12,5,71.462
nb_atr2,2024-06-19,3521.11,8861.38,12382.49,5,71.564
nb_atr2,2024-06-20,3521.11,8732.88,12253.99,5,71.266
nb_atr2,2024-06-21,3521.11,8894.02,12415.13,5,71.639
nb_atr2,2024-06-24,5780.69,6484.7,12265.39,4,52.87
nb_atr2,2024-06-25,5780.69,6370.46,12151.15,4,52.427
nb_atr2,2024-06-26,3579.07,8617.93,12197.01,4,70.656
nb_atr2,2024-06-27,5015.9,7062.81,12078.7,3,58.473
nb_atr2,2024-06-28,5015.9,7345.69,12361.59,3,59.424
nb_atr2,2024-07-01,5015.9,7379.06,12394.95,3,59.533
nb_atr2,2024-07-02,5015.9,7269.95,12285.84,3,59.173
nb_atr2,2024-07-03,5015.9,7217.46,12233.36,3,58.998
nb_atr2,2024-07-04,5015.9,7257.94,12273.83,3,59.133
nb_atr2,2024-07-05,5015.9,7294.3,12310.19,3,59.254
nb_atr2,2024-07-08,5015.9,7292.72,12308.61,3,59.249
nb_atr2,2024-07-09,5015.9,7447.7,12463.59,3,59.756
nb_atr2,2024-07-10,5015.9,7459.66,12475.56,3,59.794
nb_atr2,2024-07-11,5015.9,7518.6,12534.5,3,59.983
nb_atr2,2024-07-12,5015.9,7488.41,12504.3,3,59.887
nb_atr2,2024-07-15,5015.9,7428.95,12444.85,3,59.695
nb_atr2,2024-07-16,8000.38,4338.88,12339.26,2,35.163
nb_atr2,2024-07-17,8337.86,4006.85,12344.71,1,32.458
nb_atr2,2024-07-18,8337.86,4129.76,12467.62,1,33.124
nb_atr2,2024-07-19,5368.38,7170.89,12539.27,2,57.187
nb_atr2,2024-07-22,5368.38,7286.83,12655.21,2,57.58
nb_atr2,2024-07-23,3385.72,9041.14,12426.85,3,72.755
nb_atr2,2024-07-24,3385.72,9110.0,12495.72,3,72.905
nb_atr2,2024-07-25,2988.57,9472.98,12461.55,3,76.018
nb_atr2,2024-07-26,2988.57,9731.64,12720.21,3,76.505
nb_atr2,2024-07-29,6036.95,6491.7,12528.66,2,51.815
nb_atr2,2024-07-30,2073.93,10798.4,12872.34,3,83.888
nb_atr2,2024-07-31,2073.93,10852.03,12925.96,3,83.955
nb_atr2,2024-08-01,2073.93,11136.36,13210.3,3,84.301
nb_atr2,2024-08-02,2073.93,11028.19,13102.12,3,84.171
nb_atr2,2024-08-05,7130.07,5590.85,12720.92,2,43.95
nb_atr2,2024-08-06,8538.93,4196.62,12735.55,1,32.952
nb_atr2,2024-08-07,4356.57,8387.39,12743.96,2,65.815
nb_atr2,2024-08-08,8366.5,4159.2,12525.7,1,33.205
nb_atr2,2024-08-09,8366.5,4159.2,12525.7,1,33.205
nb_atr2,2024-08-12,4354.54,8003.12,12357.66,2,64.762
nb_atr2,2024-08-13,4354.54,8121.59,12476.14,2,65.097
nb_atr2,2024-08-14,4354.54,8085.21,12439.76,2,64.995
nb_atr2,2024-08-15,4354.54,8098.98,12453.52,2,65.034
nb_atr2,2024-08-16,8275.61,3933.1,12208.71,1,32.216
nb_atr2,2024-08-19,8275.61,3911.47,12187.08,1,32.095
nb_atr2,2024-08-20,4316.58,7771.45,12088.03,2,64.29
nb_atr2,2024-08-21,4316.58,7622.59,11939.17,2,63.845
nb_atr2,2024-08-22,4349.73,7558.37,11908.1,2,63.472
nb_atr2,2024-08-23,4349.73,7530.73,11880.46,2,63.388
nb_atr2,2024-08-26,4349.73,7429.37,11779.1,2,63.072
nb_atr2,2024-08-27,4349.73,7414.53,11764.26,2,63.026
nb_atr2,2024-08-28,4349.73,7478.35,11828.08,2,63.225
nb_atr2,2024-08-29,7797.51,4038.31,11835.83,1,34.119
nb_atr2,2024-08-30,7797.51,4053.06,11850.58,1,34.201
nb_atr2,2024-09-02,7797.51,3995.05,11792.56,1,33.878
nb_atr2,2024-09-03,7797.51,4059.95,11857.46,1,34.24
nb_atr2,2024-09-04,7797.51,4035.36,11832.88,1,34.103
nb_atr2,2024-09-05,7797.51,4042.25,11839.76,1,34.141
nb_atr2,2024-09-06,7797.51,4011.77,11809.28,1,33.971
nb_atr2,2024-09-09,7797.51,3964.57,11762.08,1,33.706
nb_atr2,2024-09-10,7797.51,3973.42,11770.93,1,33.756
nb_atr2,2024-09-11,7797.51,3982.27,11779.78,1,33.806
nb_atr2,2024-09-12,7797.51,3979.32,11776.83,1,33.789
nb_atr2,2024-09-13,7797.51,3980.3,11777.81,1,33.795
nb_atr2,2024-09-18,7797.51,3947.85,11745.37,1,33.612
nb_atr2,2024-09-19,7797.51,3855.43,11652.94,1,33.085
nb_atr2,2024-09-20,11557.82,0.0,11557.82,0,0.0
nb_atr2,2024-09-23,11557.82,0.0,11557.82,0,0.0
nb_atr2,2024-09-24,11557.82,0.0,11557.82,0,0.0
nb_atr2,2024-09-25,11557.82,0.0,11557.82,0,0.0
nb_atr2,2024-09-26,11557.82,0.0,11557.82,0,0.0
nb_atr2,2024-09-27,11557.82,0.0,11557.82,0,0.0
nb_atr2,2024-09-30,11557.82,0.0,11557.82,0,0.0
nb_atr2,2024-10-08,11557.82,0.0,11557.82,0,0.0
nb_atr2,2024-10-09,11557.82,0.0,11557.82,0,0.0
nb_atr2,2024-10-10,2718.23,8796.83,11515.06,4,76.394
nb_atr2,2024-10-11,4071.08,7141.21,11212.29,4,63.691
nb_atr2,2024-10-14,4071.08,7347.57,11418.65,4,64.347
nb_atr2,2024-10-15,3317.91,7747.69,11065.6,4,70.016
nb_atr2,2024-10-16,2196.37,8743.43,10939.79,4,79.923
nb_atr2,2024-10-17,107.62,10772.72,10880.34,5,99.011
nb_atr2,2024-10-18,107.62,11291.12,11398.74,5,99.056
nb_atr2,2024-10-21,107.62,11402.05,11509.67,5,99.065
nb_atr2,2024-10-22,2709.13,8858.21,11567.35,4,76.579
nb_atr2,2024-10-23,2709.13,8792.28,11501.41,4,76.445
nb_atr2,2024-10-24,1979.47,9533.24,11512.72,4,82.806
nb_atr2,2024-10-25,1979.47,9601.91,11581.38,4,82.908
nb_atr2,2024-10-28,1979.47,9596.16,11575.63,4,82.9
nb_atr2,2024-10-29,1979.47,9598.71,11578.18,4,82.903
nb_atr2,2024-10-30,1979.47,9581.45,11560.92,4,82.878
nb_atr2,2024-10-31,100.42,11663.24,11763.66,6,99.146
nb_atr2,2024-11-01,2249.16,9786.61,12035.77,5,81.313
nb_atr2,2024-11-04,3371.9,8634.34,12006.24,5,71.915
nb_atr2,2024-11-05,3371.9,8851.22,12223.12,5,72.414
nb_atr2,2024-11-06,3371.9,8930.48,12302.39,5,72.591
nb_atr2,2024-11-07,3371.9,9057.61,12429.51,5,72.872
nb_atr2,2024-11-08,3371.9,9116.84,12488.74,5,73.0
nb_atr2,2024-11-11,3747.33,8853.42,12600.75,4,70.261
nb_atr2,2024-11-12,6233.56,6120.46,12354.02,3,49.542
nb_atr2,2024-11-13,3199.94,9136.74,12336.68,4,74.062
nb_atr2,2024-11-14,2388.6,9647.47,12036.07,4,80.155
nb_atr2,2024-11-15,179.99,11630.61,11810.6,5,98.476
nb_atr2,2024-11-18,302.31,11142.88,11445.19,5,97.359
nb_atr2,2024-11-19,62.32,11690.56,11752.88,5,99.47
nb_atr2,2024-11-20,62.32,11779.36,11841.68,5,99.474
nb_atr2,2024-11-21,62.32,11761.36,11823.68,5,99.473
nb_atr2,2024-11-22,2519.6,8837.15,11356.75,4,77.814
nb_atr2,2024-11-25,7505.05,3681.43,11186.48,2,32.91
nb_atr2,2024-11-26,3225.28,7887.48,11112.76,4,70.977
nb_atr2,2024-11-27,5293.15,5919.92,11213.07,3,52.795
nb_atr2,2024-11-28,5293.15,5782.66,11075.8,3,52.21
nb_atr2,2024-11-29,5293.15,5859.5,11152.64,3,52.539
nb_atr2,2024-12-02,5293.15,6068.35,11361.5,3,53.412
nb_atr2,2024-12-03,5293.15,6086.73,11379.88,3,53.487
nb_atr2,2024-12-04,3127.01,8124.83,11251.84,4,72.209
nb_atr2,2024-12-05,3127.01,8126.38,11253.39,4,72.213
nb_atr2,2024-12-06,3127.01,8164.48,11291.49,4,72.306
nb_atr2,2024-12-09,3127.01,8141.82,11268.83,4,72.251
nb_atr2,2024-12-10,3127.01,8150.6,11277.61,4,72.272
nb_atr2,2024-12-11,4851.4,6504.5,11355.9,3,57.279
nb_atr2,2024-12-12,4851.4,6567.22,11418.62,3,57.513
nb_atr2,2024-12-13,4851.4,6437.21,11288.61,3,57.024
nb_atr2,2024-12-16,4851.4,6363.57,11214.97,3,56.742
nb_atr2,2024-12-17,4851.4,6281.68,11133.07,3,56.424
nb_atr2,2024-12-18,4851.4,6369.47,11220.86,3,56.764
nb_atr2,2024-12-19,4851.4,6708.62,11560.02,3,58.033
nb_atr2,2024-12-20,4851.4,6691.62,11543.02,3,57.971
nb_atr2,2024-12-23,4851.4,6642.35,11493.75,3,57.791
nb_atr2,2024-12-24,1941.71,9664.72,11606.43,4,83.27
nb_atr2,2024-12-25,8523.22,2934.66,11457.88,1,25.613
nb_atr2,2024-12-26,8523.22,3081.25,11604.47,1,26.552
nb_atr2,2024-12-27,8523.22,3071.27,11594.5,1,26.489
nb_atr2,2024-12-30,8523.22,3158.03,11681.25,1,27.035
nb_atr2,2024-12-31,3380.36,7998.61,11378.97,3,70.293
nb_atr2,2025-01-02,8781.18,2248.52,11029.7,1,20.386
nb_atr2,2025-01-03,10995.82,0.0,10995.82,0,0.0
nb_atr2,2025-01-06,10995.82,0.0,10995.82,0,0.0
nb_atr2,2025-01-07,8741.92,2260.77,11002.7,1,20.547
nb_atr2,2025-01-08,8741.92,2221.18,10963.1,1,20.26
nb_atr2,2025-01-09,8741.92,2221.18,10963.1,1,20.26
nb_atr2,2025-01-10,8741.92,2185.35,10927.27,1,19.999
nb_atr2,2025-01-13,10852.72,0.0,10852.72,0,0.0
nb_atr2,2025-01-14,10852.72,0.0,10852.72,0,0.0
nb_atr2,2025-01-15,8611.09,2187.24,10798.33,1,20.255
nb_atr2,2025-01-16,8611.09,2167.44,10778.53,1,20.109
nb_atr2,2025-01-17,8611.09,2257.95,10869.03,1,20.774
nb_atr2,2025-01-20,8611.09,2323.94,10935.03,1,21.252
nb_atr2,2025-01-21,8611.09,2341.85,10952.94,1,21.381
nb_atr2,2025-01-22,8611.09,2361.65,10972.74,1,21.523
nb_atr2,2025-01-23,8611.09,2319.23,10930.32,1,21.218
nb_atr2,2025-01-24,5994.32,5065.3,11059.62,2,45.8
nb_atr2,2025-01-27,5994.32,4845.6,10839.92,2,44.701
nb_atr2,2025-02-05,5994.32,4924.38,10918.7,2,45.1
nb_atr2,2025-02-06,5994.32,5100.37,11094.69,2,45.971
nb_atr2,2025-02-07,5994.32,5339.48,11333.8,2,47.111
nb_atr2,2025-02-10,5994.32,5304.06,11298.38,2,46.945
nb_atr2,2025-02-11,5994.32,5320.09,11314.41,2,47.02
nb_atr2,2025-02-12,4043.22,7352.42,11395.64,3,64.52
nb_atr2,2025-02-13,6467.55,4800.82,11268.37,2,42.604
nb_atr2,2025-02-14,6467.55,4988.75,11456.3,2,43.546
nb_atr2,2025-02-17,4031.51,7429.98,11461.49,3,64.826
nb_atr2,2025-02-18,7028.97,4406.88,11435.85,2,38.536
nb_atr2,2025-02-19,7028.97,4426.42,11455.39,2,38.641
nb_atr2,2025-02-20,7028.97,4509.29,11538.25,2,39.081
nb_atr2,2025-02-21,7028.97,4498.85,11527.82,2,39.026
nb_atr2,2025-02-24,7028.97,4549.67,11578.63,2,39.294
nb_atr2,2025-02-25,7028.97,4465.68,11494.65,2,38.85
nb_atr2,2025-02-26,7028.97,4453.34,11482.31,2,38.784
nb_atr2,2025-02-27,6528.66,4878.93,11407.59,2,42.769
nb_atr2,2025-02-28,2017.41,8966.98,10984.39,3,81.634
nb_atr2,2025-03-03,5536.37,5314.3,10850.67,2,48.977
nb_atr2,2025-03-04,5536.37,5370.91,10907.28,2,49.241
nb_atr2,2025-03-05,3075.21,7904.19,10979.39,3,71.991
nb_atr2,2025-03-06,3075.21,8123.39,11198.59,3,72.539
nb_atr2,2025-03-07,3075.21,8069.15,11144.36,3,72.406
nb_atr2,2025-03-10,3075.21,7967.48,11042.68,3,72.152
nb_atr2,2025-03-11,3075.21,7941.08,11016.28,3,72.085
nb_atr2,2025-03-12,3075.21,8029.24,11104.44,3,72.307
nb_atr2,2025-03-13,5900.93,5007.47,10908.39,2,45.905
nb_atr2,2025-03-14,2651.66,8436.02,11087.68,3,76.085
nb_atr2,2025-03-17,2651.66,8369.12,11020.78,3,75.939
nb_atr2,2025-03-18,2651.66,8481.73,11133.39,3,76.183
nb_atr2,2025-03-19,2651.66,8296.74,10948.4,3,75.78
nb_atr2,2025-03-20,2651.66,8279.07,10930.73,3,75.741
nb_atr2,2025-03-21,2651.66,8135.49,10787.15,3,75.418
nb_atr2,2025-03-24,5696.05,5139.65,10835.7,2,47.433
nb_atr2,2025-03-25,3648.29,7189.15,10837.44,3,66.336
nb_atr2,2025-03-26,3648.29,7077.52,10725.81,3,65.986
nb_atr2,2025-03-27,6268.96,4386.88,10655.84,2,41.169
nb_atr2,2025-03-28,6268.96,4443.08,10712.04,2,41.477
nb_atr2,2025-03-31,8518.55,2256.5,10775.05,1,20.942
nb_atr2,2025-04-01,6005.13,4755.35,10760.47,2,44.193
nb_atr2,2025-04-02,6005.13,4661.92,10667.05,2,43.704
nb_atr2,2025-04-03,6005.13,4657.81,10662.94,2,43.682
nb_atr2,2025-04-07,10189.11,0.0,10189.11,0,0.0
nb_atr2,2025-04-08,10189.11,0.0,10189.11,0,0.0
nb_atr2,2025-04-09,8136.41,2179.64,10316.05,1,21.129
nb_atr2,2025-04-10,8136.41,2352.08,10488.49,1,22.425
nb_atr2,2025-04-11,8136.41,2532.4,10668.82,1,23.736
nb_atr2,2025-04-14,8136.41,2718.64,10855.05,1,25.045
nb_atr2,2025-04-15,8136.41,2730.46,10866.87,1,25.126
nb_atr2,2025-04-16,8136.41,2951.18,11087.6,1,26.617
nb_atr2,2025-04-17,11089.94,0.0,11089.94,0,0.0
nb_atr2,2025-04-18,11089.94,0.0,11089.94,0,0.0
nb_atr2,2025-04-21,11089.94,0.0,11089.94,0,0.0
nb_atr2,2025-04-22,11089.94,0.0,11089.94,0,0.0
nb_atr2,2025-04-23,11089.94,0.0,11089.94,0,0.0
nb_atr2,2025-04-24,8265.91,2724.55,10990.46,1,24.79
nb_atr2,2025-04-25,10911.9,0.0,10911.9,0,0.0
nb_atr2,2025-04-28,10911.9,0.0,10911.9,0,0.0
nb_atr2,2025-04-29,10911.9,0.0,10911.9,0,0.0
nb_atr2,2025-04-30,10911.9,0.0,10911.9,0,0.0
nb_atr2,2025-05-06,10911.9,0.0,10911.9,0,0.0
nb_atr2,2025-05-07,10911.9,0.0,10911.9,0,0.0
nb_atr2,2025-05-08,8205.25,2627.0,10832.24,1,24.252
nb_atr2,2025-05-09,8205.25,2647.69,10852.94,1,24.396
nb_atr2,2025-05-12,10740.41,0.0,10740.41,0,0.0
nb_atr2,2025-05-13,10740.41,0.0,10740.41,0,0.0
nb_atr2,2025-05-14,8142.25,2594.48,10736.73,1,24.165
nb_atr2,2025-05-15,8142.25,2569.84,10712.1,1,23.99
nb_atr2,2025-05-16,8142.25,2565.9,10708.16,1,23.962
nb_atr2,2025-05-19,8142.25,2564.92,10707.17,1,23.955
nb_atr2,2025-05-20,8142.25,2595.46,10737.72,1,24.171
nb_atr2,2025-05-21,8142.25,2741.3,10883.55,1,25.188
nb_atr2,2025-05-22,8142.25,2708.78,10851.04,1,24.963
nb_atr2,2025-05-23,10803.58,0.0,10803.58,0,0.0
nb_atr2,2025-05-26,10803.58,0.0,10803.58,0,0.0
nb_atr2,2025-05-27,10803.58,0.0,10803.58,0,0.0
nb_atr2,2025-05-28,10803.58,0.0,10803.58,0,0.0
nb_atr2,2025-05-29,8209.37,2615.17,10824.54,1,24.16
nb_atr2,2025-05-30,8209.37,2587.58,10796.95,1,23.966
nb_atr2,2025-06-03,8209.37,2703.86,10913.22,1,24.776
nb_atr2,2025-06-04,8209.37,2703.86,10913.22,1,24.776
nb_atr2,2025-06-05,8209.37,2662.47,10871.84,1,24.49
nb_atr2,2025-06-06,8209.37,2692.03,10901.4,1,24.694
nb_atr2,2025-06-09,8209.37,2643.75,10853.11,1,24.359
nb_atr2,2025-06-10,8209.37,2650.65,10860.01,1,24.407
nb_atr2,2025-06-11,8209.37,2655.57,10864.94,1,24.442
nb_atr2,2025-06-12,8209.37,2737.36,10946.72,1,25.006
nb_atr2,2025-06-13,8209.37,2881.22,11090.59,1,25.979
nb_atr2,2025-06-16,8209.37,2792.54,11001.91,1,25.382
nb_atr2,2025-06-17,8209.37,2777.76,10987.12,1,25.282
nb_atr2,2025-06-18,8209.37,2774.8,10984.17,1,25.262
nb_atr2,2025-06-19,10932.24,0.0,10932.24,0,0.0
nb_atr2,2025-06-20,10932.24,0.0,10932.24,0,0.0
nb_atr2,2025-06-23,10932.24,0.0,10932.24,0,0.0
nb_atr2,2025-06-24,10932.24,0.0,10932.24,0,0.0
nb_atr2,2025-06-25,10932.24,0.0,10932.24,0,0.0
nb_atr2,2025-06-26,10932.24,0.0,10932.24,0,0.0
nb_atr2,2025-06-27,10932.24,0.0,10932.24,0,0.0
nb_atr2,2025-06-30,10932.24,0.0,10932.24,0,0.0
nb_atr2,2025-07-01,10932.24,0.0,10932.24,0,0.0
nb_atr2,2025-07-02,7596.38,3298.47,10894.85,1,30.276
nb_atr2,2025-07-03,7596.38,3385.56,10981.94,1,30.828
nb_atr2,2025-07-04,7596.38,3376.39,10972.77,1,30.771
nb_atr2,2025-07-07,5060.91,5886.17,10947.08,2,53.769
nb_atr2,2025-07-08,5060.91,6045.76,11106.66,2,54.434
nb_atr2,2025-07-09,5060.91,5967.08,11027.98,2,54.108
nb_atr2,2025-07-10,5060.91,6008.2,11069.11,2,54.279
nb_atr2,2025-07-11,3668.76,7624.16,11292.92,3,67.513
nb_atr2,2025-07-14,3668.76,7704.22,11372.98,3,67.741
nb_atr2,2025-07-15,3668.76,7775.5,11444.26,3,67.942
nb_atr2,2025-07-16,3668.76,7715.95,11384.71,3,67.775
nb_atr2,2025-07-17,3668.76,7842.98,11511.74,3,68.13
nb_atr2,2025-07-18,3668.76,7855.09,11523.85,3,68.164
nb_atr2,2025-07-21,3668.76,8017.66,11686.42,3,68.607
nb_atr2,2025-07-22,3668.76,8031.54,11700.3,3,68.644
nb_atr2,2025-07-23,3668.76,8025.74,11694.5,3,68.628
nb_atr2,2025-07-24,3668.76,8120.46,11789.22,3,68.88
nb_atr2,2025-07-25,3668.76,8055.7,11724.46,3,68.709
nb_atr2,2025-07-28,3668.76,8135.72,11804.48,3,68.921
nb_atr2,2025-07-29,2187.44,9650.77,11838.21,4,81.522
nb_atr2,2025-07-30,2187.44,9560.17,11747.61,4,81.38
nb_atr2,2025-07-31,4783.39,6872.1,11655.49,3,58.96
nb_atr2,2025-08-01,4783.39,6934.83,11718.22,3,59.18
nb_atr2,2025-08-04,4783.39,7035.61,11819.0,3,59.528
nb_atr2,2025-08-05,4783.39,7053.19,11836.58,3,59.588
nb_atr2,2025-08-06,4783.39,7151.92,11935.31,3,59.922
nb_atr2,2025-08-07,3460.81,8505.96,11966.77,4,71.08
nb_atr2,2025-08-08,3460.81,8620.45,12081.26,4,71.354
nb_atr2,2025-08-11,3460.81,8644.05,12104.85,4,71.41
nb_atr2,2025-08-12,3460.81,8944.04,12404.84,4,72.101
nb_atr2,2025-08-13,3460.81,8979.44,12440.24,4,72.181
nb_atr2,2025-08-14,3460.81,8754.19,12214.99,4,71.668
nb_atr2,2025-08-15,3460.81,8874.39,12335.2,4,71.944
nb_atr2,2025-08-18,3460.81,9167.25,12628.06,4,72.594
nb_atr2,2025-08-19,3460.81,9121.2,12582.0,4,72.494
nb_atr2,2025-08-20,3460.81,9280.97,12741.78,4,72.839
nb_atr2,2025-08-21,3460.81,9183.71,12644.52,4,72.63
nb_atr2,2025-08-22,3460.81,9604.83,13065.64,4,73.512
nb_atr2,2025-08-25,3460.81,9772.02,13232.83,4,73.847
nb_atr2,2025-08-26,3460.81,9709.34,13170.14,4,73.722
nb_atr2,2025-08-27,3460.81,9474.42,12935.22,4,73.245
nb_atr2,2025-08-28,8538.94,4463.32,13002.26,2,34.327
nb_atr2,2025-08-29,8538.94,4397.54,12936.48,2,33.993
nb_atr2,2025-09-01,8538.94,4506.32,13045.26,2,34.544
nb_atr2,2025-09-02,8233.05,4571.24,12804.29,2,35.701
nb_atr2,2025-09-03,5709.53,7150.61,12860.14,2,55.603
nb_atr2,2025-09-04,10065.84,2251.18,12317.02,1,18.277
nb_atr2,2025-09-05,6304.35,6203.14,12507.49,2,49.595
nb_atr2,2025-09-08,6304.35,6235.64,12539.99,2,49.726
nb_atr2,2025-09-09,6304.35,6107.2,12411.55,2,49.206
nb_atr2,2025-09-10,6304.35,6123.26,12427.61,2,49.271
nb_atr2,2025-09-11,6304.35,6315.48,12619.83,2,50.044
nb_atr2,2025-09-12,6304.35,6600.89,12905.24,2,51.149
nb_atr2,2025-09-15,3919.73,8928.9,12848.63,3,69.493
nb_atr2,2025-09-16,5013.9,7749.96,12763.86,3,60.718
nb_atr2,2025-09-17,3458.79,9374.19,12832.98,4,73.048
nb_atr2,2025-09-18,6854.65,6290.89,13145.54,3,47.856
nb_atr2,2025-09-19,5340.45,7871.93,13212.37,4,59.58
nb_atr2,2025-09-22,4530.34,8741.37,13271.71,4,65.865
nb_atr2,2025-09-23,4530.34,8531.17,13061.51,4,65.315
nb_atr2,2025-09-24,4530.34,8807.06,13337.39,4,66.033
nb_atr2,2025-09-25,4530.34,8973.07,13503.41,4,66.45
nb_atr2,2025-09-26,6078.02,7274.0,13352.03,3,54.479
nb_atr2,2025-09-29,6078.02,7274.95,13352.98,3,54.482
nb_atr2,2025-09-30,6078.02,7335.35,13413.37,3,54.687
nb_atr2,2025-10-09,6078.02,7567.7,13645.73,3,55.458
nb_atr2,2025-10-10,13268.13,0.0,13268.13,0,0.0
nb_atr2,2025-10-13,6018.29,7313.34,13331.63,2,54.857
nb_atr2,2025-10-14,4193.56,8720.36,12913.92,3,67.527
nb_atr2,2025-10-15,2365.27,10827.86,13193.14,4,82.072
nb_atr2,2025-10-16,1230.3,11799.05,13029.35,5,90.557
nb_atr2,2025-10-17,76.16,12443.63,12519.79,5,99.392
nb_atr2,2025-10-20,76.16,12777.89,12854.05,5,99.407
nb_atr2,2025-10-21,3159.02,9770.92,12929.94,4,75.568
nb_atr2,2025-10-22,3116.25,9654.63,12770.87,4,75.599
nb_atr2,2025-10-23,3023.78,9713.41,12737.19,4,76.26
nb_atr2,2025-10-24,3023.78,9978.98,13002.76,4,76.745
nb_atr2,2025-10-27,3023.78,10280.53,13304.31,4,77.272
nb_atr2,2025-10-28,5872.47,7251.91,13124.38,3,55.255
nb_atr2,2025-10-29,4099.49,9276.23,13375.72,4,69.351
nb_atr2,2025-10-30,4099.49,9300.18,13399.67,4,69.406
nb_atr2,2025-10-31,8392.0,4741.18,13133.18,3,36.101
nb_atr2,2025-11-03,3533.8,9582.16,13115.96,4,73.057
nb_atr2,2025-11-04,3533.8,9247.82,12781.62,4,72.352
nb_atr2,2025-11-05,3533.8,9328.21,12862.01,4,72.525
nb_atr2,2025-11-06,3533.8,9566.95,13100.75,4,73.026
nb_atr2,2025-11-07,3533.8,9520.38,13054.18,4,72.93
nb_atr2,2025-11-10,3533.8,9640.09,13173.9,4,73.176
nb_atr2,2025-11-11,1807.56,11177.47,12985.03,5,86.08
nb_atr2,2025-11-12,3368.14,9571.91,12940.05,4,73.971
nb_atr2,2025-11-13,3368.14,9817.81,13185.95,4,74.457
nb_atr2,2025-11-14,3368.14,9603.27,12971.4,4,74.034
nb_atr2,2025-11-17,4137.63,8595.16,12732.8,3,67.504
nb_atr2,2025-11-18,5534.52,7121.65,12656.17,2,56.27
nb_atr2,2025-11-19,5534.52,7101.33,12635.85,2,56.2
nb_atr2,2025-11-20,5534.52,7022.71,12557.23,2,55.926
nb_atr2,2025-11-21,12262.33,0.0,12262.33,0,0.0
nb_atr2,2025-11-24,8285.81,3959.21,12245.02,1,32.333
nb_atr2,2025-11-25,8285.81,3942.61,12228.42,1,32.241
nb_atr2,2025-11-26,8285.81,3917.71,12203.52,1,32.103
nb_atr2,2025-11-27,8285.81,3926.01,12211.82,1,32.149
nb_atr2,2025-11-28,8285.81,3917.71,12203.52,1,32.103
nb_atr2,2025-12-01,8285.81,3992.42,12278.22,1,32.516
nb_atr2,2025-12-02,8285.81,3942.61,12228.42,1,32.241
nb_atr2,2025-12-03,8285.81,4100.32,12386.13,1,33.104
nb_atr2,2025-12-04,8285.81,4075.42,12361.23,1,32.969
nb_atr2,2025-12-05,5253.32,7502.0,12755.33,2,58.815
nb_atr2,2025-12-08,5253.32,7380.95,12634.28,2,58.42
nb_atr2,2025-12-09,9391.06,2956.01,12347.07,1,23.941
nb_atr2,2025-12-10,9391.06,3006.58,12397.64,1,24.251
nb_atr2,2025-12-11,3948.07,8390.97,12339.04,3,68.003
nb_atr2,2025-12-12,3948.07,8526.82,12474.88,3,68.352
nb_atr2,2025-12-15,3948.07,8560.29,12508.35,3,68.437
nb_atr2,2025-12-16,3948.07,8303.2,12251.26,3,67.774
nb_atr2,2025-12-17,3948.07,8520.94,12469.01,3,68.337
nb_atr2,2025-12-18,3948.07,8532.13,12480.2,3,68.365
nb_atr2,2025-12-19,3948.07,8651.97,12600.04,3,68.666
nb_atr2,2025-12-22,3948.07,8820.94,12769.01,3,69.081
nb_atr2,2025-12-23,3948.07,9003.47,12951.54,3,69.517
nb_atr2,2025-12-24,3948.07,8978.13,12926.19,3,69.457
nb_atr2,2025-12-25,7096.3,5708.37,12804.67,2,44.58
nb_atr2,2025-12-26,5254.65,7908.98,13163.63,3,60.082
nb_atr2,2025-12-29,2759.21,10265.32,13024.54,4,78.815
nb_atr2,2025-12-30,4576.85,8372.43,12949.28,3,64.656
nb_atr2,2025-12-31,4576.85,8457.86,13034.71,3,64.887
nb_atr2,2026-01-05,4576.85,8576.19,13153.03,3,65.203
nb_atr2,2026-01-06,4576.85,8683.66,13260.5,3,65.485
nb_atr2,2026-01-07,4576.85,8848.14,13424.99,3,65.908
nb_atr2,2026-01-08,4576.85,8733.2,13310.04,3,65.614
nb_atr2,2026-01-09,4576.85,8845.7,13422.55,3,65.902
nb_atr2,2026-01-12,4576.85,8833.42,13410.27,3,65.871
nb_atr2,2026-01-13,4576.85,8687.62,13264.47,3,65.495
nb_atr2,2026-01-14,4576.85,8886.6,13463.45,3,66.005
nb_atr2,2026-01-15,4576.85,8896.2,13473.04,3,66.03
nb_atr2,2026-01-16,4576.85,9040.09,13616.93,3,66.389
nb_atr2,2026-01-19,4576.85,9396.48,13973.33,3,67.246
nb_atr2,2026-01-20,4576.85,9819.58,14396.43,3,68.208
nb_atr2,2026-01-21,4576.85,9784.02,14360.87,3,68.13
nb_atr2,2026-01-22,5100.95,9085.04,14186.0,3,64.042
nb_atr2,2026-01-23,5100.95,9460.92,14561.87,3,64.971
nb_atr2,2026-01-26,5100.95,10090.26,15191.21,3,66.422
nb_atr2,2026-01-27,5100.95,9954.15,15055.1,3,66.118
nb_atr2,2026-01-28,5100.95,10540.23,15641.18,3,67.388
nb_atr2,2026-01-29,6119.79,9259.07,15378.86,3,60.206
nb_atr2,2026-01-30,9836.16,5684.83,15520.99,2,36.627
nb_atr2,2026-02-02,5115.91,10331.24,15447.15,3,66.881
nb_atr2,2026-02-03,2503.23,13344.92,15848.15,4,84.205
nb_atr2,2026-02-04,2503.23,13389.22,15892.45,4,84.249
nb_atr2,2026-02-05,1364.42,13954.78,15319.2,4,91.093
nb_atr2,2026-02-06,5090.25,9775.55,14865.8,3,65.759
nb_atr2,2026-02-09,5090.25,10207.18,15297.43,3,66.725
nb_atr2,2026-02-10,5090.25,10117.36,15207.61,3,66.528
nb_atr2,2026-02-11,5090.25,10023.35,15113.6,3,66.32
nb_atr2,2026-02-12,5090.25,10397.77,15488.02,3,67.134
nb_atr2,2026-02-13,5090.25,10273.5,15363.75,3,66.868
nb_atr2,2026-02-24,5090.25,10367.42,15457.67,3,67.07
nb_atr2,2026-02-25,5090.25,10521.89,15612.14,3,67.396
nb_atr2,2026-02-26,5090.25,10825.67,15915.92,3,68.018
nb_atr2,2026-02-27,5090.25,10782.12,15872.37,3,67.93
nb_atr2,2026-03-02,8202.99,7406.53,15609.52,2,47.449
nb_atr2,2026-03-03,15340.19,0.0,15340.19,0,0.0
nb_atr2,2026-03-04,10576.48,4742.07,15318.55,1,30.956
nb_atr2,2026-03-05,7744.86,7578.96,15323.82,2,49.459
nb_atr2,2026-03-06,2180.31,12851.04,15031.36,4,85.495
nb_atr2,2026-03-09,9942.34,4746.25,14688.59,2,32.312
nb_atr2,2026-03-10,9942.34,4765.31,14707.65,2,32.4
nb_atr2,2026-03-11,5159.87,9557.26,14717.12,3,64.94
nb_atr2,2026-03-12,5159.87,9571.05,14730.92,3,64.973
nb_atr2,2026-03-13,2876.26,11570.16,14446.42,4,80.09
nb_atr2,2026-03-16,4286.05,9914.94,14200.99,3,69.819
nb_atr2,2026-03-17,11154.65,2439.21,13593.86,1,17.943
nb_atr2,2026-03-18,6873.77,7063.93,13937.7,2,50.682
nb_atr2,2026-03-19,6873.77,6971.16,13844.92,2,50.352
nb_atr2,2026-03-20,9478.82,4287.53,13766.35,1,31.145
nb_atr2,2026-03-23,6935.74,6620.69,13556.43,2,48.838
nb_atr2,2026-03-24,6935.74,7020.35,13956.09,2,50.303
nb_atr2,2026-03-25,6935.74,7555.47,14491.21,2,52.138
nb_atr2,2026-03-26,4375.22,9971.08,14346.29,3,69.503
nb_atr2,2026-03-27,6975.35,7391.12,14366.47,2,51.447
nb_atr2,2026-03-30,5314.87,9629.88,14944.74,2,64.437
nb_atr2,2026-03-31,5314.87,9531.99,14846.86,2,64.202
nb_atr2,2026-04-01,10375.21,4496.98,14872.19,1,30.238
nb_atr2,2026-04-02,10375.21,4462.27,14837.48,1,30.074
nb_atr2,2026-04-03,10375.21,4487.06,14862.27,1,30.191
nb_atr2,2026-04-07,10375.21,4332.37,14707.58,1,29.457
nb_atr2,2026-04-08,10375.21,4696.29,15071.5,1,31.16
nb_atr2,2026-04-09,10375.21,4546.56,14921.77,1,30.469
nb_atr2,2026-04-10,10375.21,4470.2,14845.42,1,30.112
nb_atr2,2026-04-13,14741.6,0.0,14741.6,0,0.0
nb_atr2,2026-04-14,11912.97,2815.81,14728.78,1,19.118
nb_atr2,2026-04-15,11912.97,2763.13,14676.11,1,18.827
nb_atr2,2026-04-16,7656.59,7156.04,14812.63,2,48.31
nb_atr2,2026-04-17,7656.59,7102.52,14759.11,2,48.123
nb_atr2,2026-04-20,7656.59,7463.13,15119.72,2,49.36
nb_atr2,2026-04-21,7656.59,7620.15,15276.74,2,49.881
nb_atr2,2026-04-22,7656.59,7746.64,15403.23,2,50.292
nb_atr2,2026-04-23,7656.59,7468.81,15125.4,2,49.379
nb_atr2,2026-04-24,11646.55,3300.85,14947.4,1,22.083
nb_atr2,2026-04-27,11646.55,3556.29,15202.84,1,23.392
nb_atr2,2026-04-28,11646.55,3478.76,15125.32,1,23.0
nb_atr2,2026-04-29,15013.46,0.0,15013.46,0,0.0
nb_atr2,2026-04-30,15013.46,0.0,15013.46,0,0.0
nb_atr2,2026-05-06,15013.46,0.0,15013.46,0,0.0
nb_atr2,2026-05-07,15013.46,0.0,15013.46,0,0.0
nb_atr2,2026-05-08,15013.46,0.0,15013.46,0,0.0
nb_atr2,2026-05-11,15013.46,0.0,15013.46,0,0.0
nb_atr2,2026-05-12,15013.46,0.0,15013.46,0,0.0
nb_atr2,2026-05-13,11948.62,3283.21,15231.83,1,21.555
nb_atr2,2026-05-14,15130.8,0.0,15130.8,0,0.0
nb_atr2,2026-05-15,15130.8,0.0,15130.8,0,0.0
nb_atr2,2026-05-18,15130.8,0.0,15130.8,0,0.0
nb_atr2,2026-05-19,12098.06,3227.2,15325.26,1,21.058
nb_atr2,2026-05-20,12098.06,3251.15,15349.2,1,21.181
nb_atr2,2026-05-21,15212.34,0.0,15212.34,0,0.0
nb_atr2,2026-05-22,12241.38,2978.93,15220.31,1,19.572
nb_atr2,2026-05-25,12241.38,3096.65,15338.03,1,20.189
nb_atr2,2026-05-26,8261.27,6834.6,15095.87,2,45.275
nb_atr2,2026-05-27,4806.89,10025.56,14832.45,3,67.592
nb_atr2,2026-05-28,10884.69,4027.41,14912.1,1,27.008
nb_atr2,2026-05-29,10884.69,4193.4,15078.08,1,27.811
nb_atr2,2026-06-01,3341.25,11244.35,14585.6,3,77.092
nb_atr2,2026-06-02,3341.25,11516.1,14857.35,3,77.511
nb_atr2,2026-06-03,3341.25,11441.73,14782.98,3,77.398
nb_atr2,2026-06-04,11029.61,3523.49,14553.1,1,24.211
nb_atr2,2026-06-05,11029.61,3386.82,14416.43,1,23.493
nb_atr2,2026-06-08,14207.1,0.0,14207.1,0,0.0
nb_atr2,2026-06-09,14207.1,0.0,14207.1,0,0.0
nb_atr2,2026-06-10,10786.89,3344.92,14131.81,1,23.669
nb_atr2,2026-06-11,10786.89,3310.0,14096.9,1,23.48
nb_atr2,2026-06-12,13992.04,0.0,13992.04,0,0.0
nb_atr2,2026-06-15,13992.04,0.0,13992.04,0,0.0
nb_atr2,2026-06-16,13992.04,0.0,13992.04,0,0.0
nb_atr2,2026-06-17,13992.04,0.0,13992.04,0,0.0
nb_atr2,2026-06-18,10264.28,4103.0,14367.28,1,28.558
nb_atr2,2026-06-22,10264.28,4513.0,14777.28,1,30.54
nb_atr2,2026-06-23,10264.28,4288.0,14552.28,1,29.466
nb_atr2,2026-06-24,14449.95,0.0,14449.95,0,0.0
nb_atr2,2026-06-25,14449.95,0.0,14449.95,0,0.0
nb_atr2,2026-06-26,14449.95,0.0,14449.95,0,0.0
nb_atr2,2026-06-29,10204.67,4271.0,14475.67,1,29.505
nb_atr2,2026-06-30,10204.67,4509.0,14713.67,1,30.645
nb_atr2,2026-07-01,10204.67,4600.0,14804.67,1,31.071
nb_atr2,2026-07-02,14642.95,0.0,14642.95,0,0.0
nb_atr2,2026-07-03,9844.68,4713.61,14558.3,1,32.377
nb_atr2,2026-07-06,9844.68,4650.76,14495.45,1,32.084
nb_atr2,2026-07-07,5050.06,9415.92,14465.98,2,65.09
nb_atr2,2026-07-08,14043.45,0.0,14043.45,0,0.0
nb_atr2,2026-07-09,14043.45,0.0,14043.45,0,0.0
nb_atr2,2026-07-10,14043.45,0.0,14043.45,0,0.0
nb_atr2,2026-07-13,14043.45,0.0,14043.45,0,0.0
nb_atr2,2026-07-14,5779.09,8389.93,14169.02,2,59.213
nb_atr2,2026-07-15,6128.67,7656.0,13784.67,2,55.54
nb_atr2,2026-07-16,9999.81,3859.0,13858.81,1,27.845
nb_atr2,2026-07-17,13623.33,0.0,13623.33,0,0.0
nb_atr2,2026-07-20,13623.33,0.0,13623.33,0,0.0
nb_atr2,2026-07-21,13623.33,0.0,13623.33,0,0.0
nb_atr2,2026-07-22,13623.33,0.0,13623.33,0,0.0
nb_atr2,2026-07-23,13623.33,0.0,13623.33,0,0.0
nb_atr2,2026-07-24,13623.33,0.0,13623.33,0,0.0
nb_atr2,2026-07-27,10518.2,3130.0,13648.2,1,22.933
nb_atr2,2026-07-28,9512.85,4148.0,13660.85,1,30.364
nb_atr2,2026-07-29,13587.68,0.0,13587.68,0,0.0
nb_atr2,2026-07-30,10994.07,2443.0,13437.07,1,18.181
nb_atr2,2026-07-31,13579.15,0.0,13579.15,0,0.0
nb_atr2,2026-08-03,10073.62,3310.0,13383.62,1,24.732
nb_atr2,2026-08-04,13424.55,0.0,13424.55,0,0.0
nb_atr2,2026-08-05,13424.55,0.0,13424.55,0,0.0
nb_atr2,2026-08-06,13424.55,0.0,13424.55,0,0.0
nb_atr2,2026-08-07,6796.87,6760.0,13556.87,2,49.864
nb_atr2,2026-08-10,6796.87,6766.0,13562.87,2,49.886
nb_atr2,2026-08-11,6796.87,6734.0,13530.87,2,49.768
nb_atr2,2026-08-12,9732.42,3700.0,13432.42,1,27.545
nb_atr2,2026-08-13,5686.35,7826.0,13512.35,2,57.917
nb_atr2,2026-08-14,9442.66,3995.0,13437.66,1,29.73
nb_atr2,2026-08-17,9442.66,4103.0,13545.66,1,30.29
nb_atr2,2026-08-18,13313.8,0.0,13313.8,0,0.0
nb_atr2,2026-08-19,10156.62,2948.0,13104.62,1,22.496
nb_atr2,2026-08-20,9601.53,3566.0,13167.53,1,27.082
nb_atr2,2026-08-21,9601.53,3644.0,13245.53,1,27.511
nb_atr2,2026-08-24,9601.53,3449.0,13050.53,1,26.428
nb_atr2,2026-08-25,9601.53,3510.0,13111.53,1,26.77
nb_atr2,2026-08-26,6613.52,6522.0,13135.52,2,49.652
nb_atr2,2026-08-27,6613.52,6978.0,13591.52,2,51.341
nb_atr2,2026-08-28,9975.43,3589.0,13564.43,1,26.459
nb_atr2,2026-08-31,9975.43,3895.0,13870.43,1,28.081
nb_atr2,2026-09-01,9975.43,3832.0,13807.43,1,27.753
nb_atr2,2026-09-02,5497.91,8376.0,13873.91,2,60.372
nb_atr2,2026-09-03,5497.91,8473.0,13970.91,2,60.647
nb_atr2,2026-09-04,9164.36,4569.0,13733.36,1,33.269
nb_atr2,2026-09-07,9164.36,4448.0,13612.36,1,32.676
nb_atr2,2026-09-08,9164.36,4420.0,13584.36,1,32.537
nb_atr2,2026-09-09,9164.36,4388.0,13552.36,1,32.378
nb_atr2,2026-09-10,5560.73,8029.0,13589.73,2,59.081
nb_atr2,2026-09-11,8937.62,4439.0,13376.62,1,33.185
nb_atr2,2026-09-14,4599.25,8777.0,13376.25,2,65.616
nb_atr3,2023-09-14,13822.47,0.0,13822.47,0,0.0
nb_atr3,2023-09-15,13822.47,0.0,13822.47,0,0.0
nb_atr3,2023-09-18,13822.47,0.0,13822.47,0,0.0
nb_atr3,2023-09-19,13822.47,0.0,13822.47,0,0.0
nb_atr3,2023-09-20,13822.47,0.0,13822.47,0,0.0
nb_atr3,2023-09-21,13822.47,0.0,13822.47,0,0.0
nb_atr3,2023-09-22,13822.47,0.0,13822.47,0,0.0
nb_atr3,2023-09-25,13822.47,0.0,13822.47,0,0.0
nb_atr3,2023-09-26,13822.47,0.0,13822.47,0,0.0
nb_atr3,2023-09-27,13822.47,0.0,13822.47,0,0.0
nb_atr3,2023-09-28,13822.47,0.0,13822.47,0,0.0
nb_atr3,2023-10-09,13822.47,0.0,13822.47,0,0.0
nb_atr3,2023-10-10,13822.47,0.0,13822.47,0,0.0
nb_atr3,2023-10-11,13822.47,0.0,13822.47,0,0.0
nb_atr3,2023-10-12,13822.47,0.0,13822.47,0,0.0
nb_atr3,2023-10-13,13822.47,0.0,13822.47,0,0.0
nb_atr3,2023-10-16,13822.47,0.0,13822.47,0,0.0
nb_atr3,2023-10-17,13822.47,0.0,13822.47,0,0.0
nb_atr3,2023-10-18,13822.47,0.0,13822.47,0,0.0
nb_atr3,2023-10-19,13822.47,0.0,13822.47,0,0.0
nb_atr3,2023-10-20,13822.47,0.0,13822.47,0,0.0
nb_atr3,2023-10-23,13822.47,0.0,13822.47,0,0.0
nb_atr3,2023-10-24,13822.47,0.0,13822.47,0,0.0
nb_atr3,2023-10-25,13822.47,0.0,13822.47,0,0.0
nb_atr3,2023-10-26,13822.47,0.0,13822.47,0,0.0
nb_atr3,2023-10-27,13822.47,0.0,13822.47,0,0.0
nb_atr3,2023-10-30,13822.47,0.0,13822.47,0,0.0
nb_atr3,2023-10-31,13822.47,0.0,13822.47,0,0.0
nb_atr3,2023-11-01,13822.47,0.0,13822.47,0,0.0
nb_atr3,2023-11-02,13822.47,0.0,13822.47,0,0.0
nb_atr3,2023-11-03,13822.47,0.0,13822.47,0,0.0
nb_atr3,2023-11-06,13822.47,0.0,13822.47,0,0.0
nb_atr3,2023-11-07,13822.47,0.0,13822.47,0,0.0
nb_atr3,2023-11-08,13822.47,0.0,13822.47,0,0.0
nb_atr3,2023-11-09,13822.47,0.0,13822.47,0,0.0
nb_atr3,2023-11-10,11508.0,2295.05,13803.05,1,16.627
nb_atr3,2023-11-13,11508.0,2328.52,13836.53,1,16.829
nb_atr3,2023-11-14,11508.0,2317.37,13825.37,1,16.762
nb_atr3,2023-11-15,11508.0,2310.86,13818.86,1,16.722
nb_atr3,2023-11-16,11508.0,2310.86,13818.86,1,16.722
nb_atr3,2023-11-17,11508.0,2285.75,13793.75,1,16.571
nb_atr3,2023-11-20,11508.0,2298.77,13806.77,1,16.65
nb_atr3,2023-11-21,11508.0,2321.09,13829.09,1,16.784
nb_atr3,2023-11-22,11508.0,2238.32,13746.33,1,16.283
nb_atr3,2023-11-23,11508.0,2320.16,13828.16,1,16.778
nb_atr3,2023-11-24,11508.0,2278.31,13786.31,1,16.526
nb_atr3,2023-11-27,11508.0,2262.5,13770.5,1,16.43
nb_atr3,2023-11-28,11508.0,2293.19,13801.19,1,16.616
nb_atr3,2023-11-29,11508.0,2297.84,13805.84,1,16.644
nb_atr3,2023-11-30,11508.0,2264.36,13772.36,1,16.441
nb_atr3,2023-12-01,11508.0,2276.45,13784.45,1,16.515
nb_atr3,2023-12-04,11508.0,2253.2,13761.2,1,16.374
nb_atr3,2023-12-05,11508.0,2189.97,13697.97,1,15.988
nb_atr3,2023-12-06,11508.0,2183.46,13691.46,1,15.948
nb_atr3,2023-12-07,11508.0,2191.83,13699.83,1,15.999
nb_atr3,2023-12-08,13675.72,0.0,13675.72,0,0.0
nb_atr3,2023-12-11,13675.72,0.0,13675.72,0,0.0
nb_atr3,2023-12-12,13675.72,0.0,13675.72,0,0.0
nb_atr3,2023-12-13,13675.72,0.0,13675.72,0,0.0
nb_atr3,2023-12-14,13675.72,0.0,13675.72,0,0.0
nb_atr3,2023-12-15,13675.72,0.0,13675.72,0,0.0
nb_atr3,2023-12-18,13675.72,0.0,13675.72,0,0.0
nb_atr3,2023-12-19,13675.72,0.0,13675.72,0,0.0
nb_atr3,2023-12-20,13675.72,0.0,13675.72,0,0.0
nb_atr3,2023-12-21,13675.72,0.0,13675.72,0,0.0
nb_atr3,2023-12-22,13675.72,0.0,13675.72,0,0.0
nb_atr3,2023-12-25,9342.54,4427.47,13770.01,1,32.153
nb_atr3,2023-12-26,9342.54,4353.72,13696.25,1,31.788
nb_atr3,2023-12-27,9342.54,4580.97,13923.51,1,32.901
nb_atr3,2023-12-28,9342.54,4580.97,13923.51,1,32.901
nb_atr3,2023-12-29,9342.54,4608.88,13951.42,1,33.035
nb_atr3,2024-01-02,9342.54,4584.96,13927.49,1,32.92
nb_atr3,2024-01-03,9342.54,4325.81,13668.35,1,31.648
nb_atr3,2024-01-04,9342.54,4256.04,13598.57,1,31.298
nb_atr3,2024-01-05,9342.54,4196.23,13538.77,1,30.994
nb_atr3,2024-01-08,13405.39,0.0,13405.39,0,0.0
nb_atr3,2024-01-09,13405.39,0.0,13405.39,0,0.0
nb_atr3,2024-01-10,13405.39,0.0,13405.39,0,0.0
nb_atr3,2024-01-11,13405.39,0.0,13405.39,0,0.0
nb_atr3,2024-01-12,13405.39,0.0,13405.39,0,0.0
nb_atr3,2024-01-15,13405.39,0.0,13405.39,0,0.0
nb_atr3,2024-01-16,13405.39,0.0,13405.39,0,0.0
nb_atr3,2024-01-17,13405.39,0.0,13405.39,0,0.0
nb_atr3,2024-01-18,13405.39,0.0,13405.39,0,0.0
nb_atr3,2024-01-19,13405.39,0.0,13405.39,0,0.0
nb_atr3,2024-01-22,13405.39,0.0,13405.39,0,0.0
nb_atr3,2024-01-23,13405.39,0.0,13405.39,0,0.0
nb_atr3,2024-01-24,13405.39,0.0,13405.39,0,0.0
nb_atr3,2024-01-25,13405.39,0.0,13405.39,0,0.0
nb_atr3,2024-01-26,13405.39,0.0,13405.39,0,0.0
nb_atr3,2024-01-29,13405.39,0.0,13405.39,0,0.0
nb_atr3,2024-01-30,13405.39,0.0,13405.39,0,0.0
nb_atr3,2024-01-31,13405.39,0.0,13405.39,0,0.0
nb_atr3,2024-02-01,13405.39,0.0,13405.39,0,0.0
nb_atr3,2024-02-02,13405.39,0.0,13405.39,0,0.0
nb_atr3,2024-02-05,13405.39,0.0,13405.39,0,0.0
nb_atr3,2024-02-06,13405.39,0.0,13405.39,0,0.0
nb_atr3,2024-02-07,13405.39,0.0,13405.39,0,0.0
nb_atr3,2024-02-08,13405.39,0.0,13405.39,0,0.0
nb_atr3,2024-02-19,13405.39,0.0,13405.39,0,0.0
nb_atr3,2024-02-20,13405.39,0.0,13405.39,0,0.0
nb_atr3,2024-02-21,13405.39,0.0,13405.39,0,0.0
nb_atr3,2024-02-22,13405.39,0.0,13405.39,0,0.0
nb_atr3,2024-02-23,13405.39,0.0,13405.39,0,0.0
nb_atr3,2024-02-26,13405.39,0.0,13405.39,0,0.0
nb_atr3,2024-02-27,13405.39,0.0,13405.39,0,0.0
nb_atr3,2024-02-28,13405.39,0.0,13405.39,0,0.0
nb_atr3,2024-02-29,13405.39,0.0,13405.39,0,0.0
nb_atr3,2024-03-01,13405.39,0.0,13405.39,0,0.0
nb_atr3,2024-03-04,13405.39,0.0,13405.39,0,0.0
nb_atr3,2024-03-05,13405.39,0.0,13405.39,0,0.0
nb_atr3,2024-03-06,13405.39,0.0,13405.39,0,0.0
nb_atr3,2024-03-07,13405.39,0.0,13405.39,0,0.0
nb_atr3,2024-03-08,13405.39,0.0,13405.39,0,0.0
nb_atr3,2024-03-11,13405.39,0.0,13405.39,0,0.0
nb_atr3,2024-03-12,13405.39,0.0,13405.39,0,0.0
nb_atr3,2024-03-13,13405.39,0.0,13405.39,0,0.0
nb_atr3,2024-03-14,11157.17,2280.51,13437.68,1,16.971
nb_atr3,2024-03-15,11157.17,2291.39,13448.56,1,17.038
nb_atr3,2024-03-18,11157.17,2360.62,13517.79,1,17.463
nb_atr3,2024-03-19,11157.17,2321.06,13478.23,1,17.221
nb_atr3,2024-03-20,11157.17,2329.96,13487.13,1,17.275
nb_atr3,2024-03-21,11157.17,2285.46,13442.63,1,17.002
nb_atr3,2024-03-22,11157.17,2257.77,13414.94,1,16.83
nb_atr3,2024-03-25,11157.17,2194.47,13351.64,1,16.436
nb_atr3,2024-03-26,11157.17,2134.15,13291.32,1,16.057
nb_atr3,2024-03-27,4695.86,8334.62,13030.48,3,63.962
nb_atr3,2024-03-28,4695.86,8477.58,13173.45,3,64.354
nb_atr3,2024-03-29,2587.39,10677.75,13265.14,4,80.495
nb_atr3,2024-04-01,2587.39,10890.25,13477.64,4,80.802
nb_atr3,2024-04-02,2587.39,10659.99,13247.37,4,80.469
nb_atr3,2024-04-03,2587.39,10434.93,13022.32,4,80.131
nb_atr3,2024-04-08,3015.79,9729.08,12744.86,4,76.337
nb_atr3,2024-04-09,5111.61,7604.25,12715.86,3,59.801
nb_atr3,2024-04-10,9046.65,3466.22,12512.86,1,27.701
nb_atr3,2024-04-11,9046.65,3472.06,12518.71,1,27.735
nb_atr3,2024-04-12,9046.65,3653.11,12699.75,1,28.765
nb_atr3,2024-04-15,9046.65,3752.39,12799.04,1,29.318
nb_atr3,2024-04-16,7012.36,5792.56,12804.91,2,45.237
nb_atr3,2024-04-17,7012.36,5947.81,12960.17,2,45.893
nb_atr3,2024-04-18,7012.36,6029.14,13041.49,2,46.23
nb_atr3,2024-04-19,9099.2,3775.75,12874.95,1,29.326
nb_atr3,2024-04-22,12832.54,0.0,12832.54,0,0.0
nb_atr3,2024-04-23,8911.7,3863.11,12774.81,1,30.24
nb_atr3,2024-04-24,5862.27,7286.41,13148.68,3,55.416
nb_atr3,2024-04-25,5862.27,7271.44,13133.71,3,55.365
nb_atr3,2024-04-26,5862.27,7798.35,13660.62,3,57.086
nb_atr3,2024-04-29,5862.27,7764.42,13626.69,3,56.979
nb_atr3,2024-04-30,5862.27,7685.95,13548.22,3,56.73
nb_atr3,2024-05-06,7149.32,6425.3,13574.61,2,47.333
nb_atr3,2024-05-07,7149.32,6537.24,13686.56,2,47.764
nb_atr3,2024-05-08,7149.32,6347.93,13497.25,2,47.031
nb_atr3,2024-05-09,11669.48,1788.2,13457.68,1,13.288
nb_atr3,2024-05-10,11669.48,1811.78,13481.26,1,13.439
nb_atr3,2024-05-13,11669.48,1774.44,13443.92,1,13.199
nb_atr3,2024-05-14,11669.48,1762.65,13432.13,1,13.123
nb_atr3,2024-05-15,11669.48,1777.39,13446.87,1,13.218
nb_atr3,2024-05-16,11669.48,1760.69,13430.16,1,13.11
nb_atr3,2024-05-17,11669.48,1767.57,13437.04,1,13.154
nb_atr3,2024-05-20,11669.48,1872.7,13542.17,1,13.829
nb_atr3,2024-05-21,11669.48,1758.72,13428.2,1,13.097
nb_atr3,2024-05-22,11669.48,1748.9,13418.37,1,13.034
nb_atr3,2024-05-23,13333.23,0.0,13333.23,0,0.0
nb_atr3,2024-05-24,13333.23,0.0,13333.23,0,0.0
nb_atr3,2024-05-27,9362.99,4004.65,13367.63,1,29.958
nb_atr3,2024-05-28,9362.99,4033.58,13396.57,1,30.109
nb_atr3,2024-05-29,9362.99,4146.43,13509.42,1,30.693
nb_atr3,2024-05-30,9362.99,3955.46,13318.44,1,29.699
nb_atr3,2024-05-31,9362.99,3938.09,13301.08,1,29.607
nb_atr3,2024-06-03,9362.99,3865.76,13228.74,1,29.222
nb_atr3,2024-06-04,5966.86,7417.75,13384.61,2,55.42
nb_atr3,2024-06-05,5966.86,7280.33,13247.19,2,54.958
nb_atr3,2024-06-06,5966.86,7411.49,13378.36,2,55.399
nb_atr3,2024-06-07,4586.34,8779.06,13365.4,3,65.685
nb_atr3,2024-06-11,4099.29,8951.62,13050.91,3,68.59
nb_atr3,2024-06-12,4099.29,8976.81,13076.1,3,68.651
nb_atr3,2024-06-13,4099.29,8927.11,13026.4,3,68.531
nb_atr3,2024-06-14,4099.29,9032.46,13131.76,3,68.783
nb_atr3,2024-06-17,4099.29,9098.89,13198.18,3,68.94
nb_atr3,2024-06-18,4099.29,9222.79,13322.08,3,69.229
nb_atr3,2024-06-19,4099.29,9324.05,13423.34,3,69.461
nb_atr3,2024-06-20,4099.29,9232.28,13331.57,3,69.251
nb_atr3,2024-06-21,4099.29,9450.95,13550.24,3,69.747
nb_atr3,2024-06-24,2203.71,11170.86,13374.57,4,83.523
nb_atr3,2024-06-25,1801.36,11271.58,13072.94,4,86.221
nb_atr3,2024-06-26,1183.2,12003.01,13186.21,4,91.027
nb_atr3,2024-06-27,6952.46,5958.09,12910.55,2,46.149
nb_atr3,2024-06-28,6952.46,6166.12,13118.59,2,47.003
nb_atr3,2024-07-01,6952.46,6194.97,13147.43,2,47.119
nb_atr3,2024-07-02,6952.46,6140.25,13092.71,2,46.898
nb_atr3,2024-07-03,6952.46,6075.05,13027.52,2,46.632
nb_atr3,2024-07-04,6952.46,6074.63,13027.09,2,46.631
nb_atr3,2024-07-05,6952.46,6113.35,13065.81,2,46.789
nb_atr3,2024-07-08,6952.46,6009.37,12961.83,2,46.362
nb_atr3,2024-07-09,6952.46,6100.07,13052.53,2,46.735
nb_atr3,2024-07-10,6952.46,6148.17,13100.63,2,46.93
nb_atr3,2024-07-11,6952.46,6215.39,13167.85,2,47.201
nb_atr3,2024-07-12,6952.46,6149.88,13102.34,2,46.937
nb_atr3,2024-07-15,6952.46,6141.13,13093.59,2,46.902
nb_atr3,2024-07-16,6952.46,6391.43,13343.89,2,47.898
nb_atr3,2024-07-17,6952.46,6458.82,13411.28,2,48.16
nb_atr3,2024-07-18,6952.46,6554.87,13507.33,2,48.528
nb_atr3,2024-07-19,6952.46,6660.33,13612.8,2,48.927
nb_atr3,2024-07-22,6952.46,6619.76,13572.22,2,48.774
nb_atr3,2024-07-23,5471.66,7912.62,13384.28,2,59.119
nb_atr3,2024-07-24,5471.66,7975.67,13447.33,2,59.31
nb_atr3,2024-07-25,5471.66,7779.64,13251.3,2,58.709
nb_atr3,2024-07-26,5471.66,8026.54,13498.2,2,59.464
nb_atr3,2024-07-29,3224.3,10216.4,13440.7,3,76.011
nb_atr3,2024-07-30,3224.3,10212.3,13436.6,3,76.004
nb_atr3,2024-07-31,3224.3,10420.04,13644.34,3,76.369
nb_atr3,2024-08-01,3224.3,10371.64,13595.94,3,76.285
nb_atr3,2024-08-02,3224.3,10324.58,13548.88,3,76.202
nb_atr3,2024-08-05,5329.11,7880.07,13209.18,2,59.656
nb_atr3,2024-08-06,5329.11,7852.34,13181.45,2,59.571
nb_atr3,2024-08-07,5329.11,7866.09,13195.2,2,59.613
nb_atr3,2024-08-08,8849.92,4159.2,13009.12,1,31.971
nb_atr3,2024-08-09,8849.92,4159.2,13009.12,1,31.971
nb_atr3,2024-08-12,8849.92,4027.73,12877.65,1,31.277
nb_atr3,2024-08-13,8849.92,4065.58,12915.5,1,31.478
nb_atr3,2024-08-14,8849.92,4065.58,12915.5,1,31.478
nb_atr3,2024-08-15,8849.92,4065.58,12915.5,1,31.478
nb_atr3,2024-08-16,8849.92,3900.25,12750.16,1,30.59
nb_atr3,2024-08-19,8849.92,3963.99,12813.91,1,30.935
nb_atr3,2024-08-20,8849.92,3904.23,12754.15,1,30.611
nb_atr3,2024-08-21,12663.15,0.0,12663.15,0,0.0
nb_atr3,2024-08-22,12663.15,0.0,12663.15,0,0.0
nb_atr3,2024-08-23,12663.15,0.0,12663.15,0,0.0
nb_atr3,2024-08-26,12663.15,0.0,12663.15,0,0.0
nb_atr3,2024-08-27,12663.15,0.0,12663.15,0,0.0
nb_atr3,2024-08-28,12663.15,0.0,12663.15,0,0.0
nb_atr3,2024-08-29,12663.15,0.0,12663.15,0,0.0
nb_atr3,2024-08-30,12663.15,0.0,12663.15,0,0.0
nb_atr3,2024-09-02,12663.15,0.0,12663.15,0,0.0
nb_atr3,2024-09-03,12663.15,0.0,12663.15,0,0.0
nb_atr3,2024-09-04,12663.15,0.0,12663.15,0,0.0
nb_atr3,2024-09-05,12663.15,0.0,12663.15,0,0.0
nb_atr3,2024-09-06,12663.15,0.0,12663.15,0,0.0
nb_atr3,2024-09-09,12663.15,0.0,12663.15,0,0.0
nb_atr3,2024-09-10,12663.15,0.0,12663.15,0,0.0
nb_atr3,2024-09-11,12663.15,0.0,12663.15,0,0.0
nb_atr3,2024-09-12,12663.15,0.0,12663.15,0,0.0
nb_atr3,2024-09-13,12663.15,0.0,12663.15,0,0.0
nb_atr3,2024-09-18,12663.15,0.0,12663.15,0,0.0
nb_atr3,2024-09-19,12663.15,0.0,12663.15,0,0.0
nb_atr3,2024-09-20,12663.15,0.0,12663.15,0,0.0
nb_atr3,2024-09-23,12663.15,0.0,12663.15,0,0.0
nb_atr3,2024-09-24,12663.15,0.0,12663.15,0,0.0
nb_atr3,2024-09-25,12663.15,0.0,12663.15,0,0.0
nb_atr3,2024-09-26,12663.15,0.0,12663.15,0,0.0
nb_atr3,2024-09-27,12663.15,0.0,12663.15,0,0.0
nb_atr3,2024-09-30,12663.15,0.0,12663.15,0,0.0
nb_atr3,2024-10-08,12663.15,0.0,12663.15,0,0.0
nb_atr3,2024-10-09,12663.15,0.0,12663.15,0,0.0
nb_atr3,2024-10-10,2256.11,10479.84,12735.94,3,82.286
nb_atr3,2024-10-11,3149.5,9307.51,12457.01,3,74.717
nb_atr3,2024-10-14,1309.86,11559.76,12869.61,4,89.822
nb_atr3,2024-10-15,3242.13,9127.55,12369.68,4,73.79
nb_atr3,2024-10-16,941.01,11518.12,12459.13,5,92.447
nb_atr3,2024-10-17,941.01,11474.36,12415.37,5,92.421
nb_atr3,2024-10-18,941.01,11815.7,12756.7,5,92.623
nb_atr3,2024-10-21,941.01,11944.32,12885.33,5,92.697
nb_atr3,2024-10-22,941.01,12073.74,13014.74,5,92.77
nb_atr3,2024-10-23,941.01,12085.03,13026.04,5,92.776
nb_atr3,2024-10-24,4397.31,8531.52,12928.83,3,65.988
nb_atr3,2024-10-25,4397.31,8567.39,12964.7,3,66.082
nb_atr3,2024-10-28,4397.31,8597.15,12994.46,3,66.16
nb_atr3,2024-10-29,4397.31,8661.38,13058.69,3,66.327
nb_atr3,2024-10-30,4397.31,8510.34,12907.65,3,65.933
nb_atr3,2024-10-31,2592.08,10417.11,13009.19,4,80.075
nb_atr3,2024-11-01,5049.36,7893.51,12942.87,3,60.987
nb_atr3,2024-11-04,5049.36,8082.78,13132.14,3,61.55
nb_atr3,2024-11-05,5049.36,8237.41,13286.77,3,61.997
nb_atr3,2024-11-06,5049.36,8225.57,13274.93,3,61.963
nb_atr3,2024-11-07,5049.36,8309.51,13358.87,3,62.202
nb_atr3,2024-11-08,5049.36,8251.27,13300.63,3,62.037
nb_atr3,2024-11-11,6946.48,6361.94,13308.43,2,47.804
nb_atr3,2024-11-12,6946.48,6203.14,13149.62,2,47.174
nb_atr3,2024-11-13,6946.48,6211.62,13158.11,2,47.208
nb_atr3,2024-11-14,9162.13,3848.76,13010.88,1,29.581
nb_atr3,2024-11-15,5080.14,7828.73,12908.87,2,60.646
nb_atr3,2024-11-18,1080.57,11730.82,12811.39,3,91.566
nb_atr3,2024-11-19,1080.57,11876.81,12957.38,3,91.661
nb_atr3,2024-11-20,1080.57,11917.5,12998.07,3,91.687
nb_atr3,2024-11-21,1080.57,11843.52,12924.09,3,91.639
nb_atr3,2024-11-22,1740.52,10754.03,12494.54,3,86.07
nb_atr3,2024-11-25,2499.13,9888.47,12387.61,3,79.826
nb_atr3,2024-11-26,846.65,11480.36,12327.02,4,93.132
nb_atr3,2024-11-27,3687.35,8816.17,12503.53,3,70.509
nb_atr3,2024-11-28,3687.35,8607.03,12294.38,3,70.008
nb_atr3,2024-11-29,3687.35,8694.3,12381.65,3,70.219
nb_atr3,2024-12-02,3687.35,8972.02,12659.37,3,70.873
nb_atr3,2024-12-03,3687.35,9032.27,12719.62,3,71.011
nb_atr3,2024-12-04,6839.58,5659.41,12498.99,2,45.279
nb_atr3,2024-12-05,931.74,11527.54,12459.28,4,92.522
nb_atr3,2024-12-06,931.74,11569.48,12501.22,4,92.547
nb_atr3,2024-12-09,931.74,11389.06,12320.8,4,92.438
nb_atr3,2024-12-10,931.74,11415.95,12347.68,4,92.454
nb_atr3,2024-12-11,2656.12,9836.26,12492.38,3,78.738
nb_atr3,2024-12-12,2656.12,9867.28,12523.41,3,78.791
nb_atr3,2024-12-13,5547.75,6831.95,12379.69,2,55.187
nb_atr3,2024-12-16,5547.75,6731.37,12279.11,2,54.82
nb_atr3,2024-12-17,5547.75,6668.2,12215.94,2,54.586
nb_atr3,2024-12-18,5547.75,6777.89,12325.64,2,54.99
nb_atr3,2024-12-19,5547.75,7232.36,12780.1,2,56.591
nb_atr3,2024-12-20,5547.75,7200.65,12748.39,2,56.483
nb_atr3,2024-12-23,5547.75,7086.85,12634.6,2,56.091
nb_atr3,2024-12-24,5547.75,7170.67,12718.41,2,56.38
nb_atr3,2024-12-25,9766.36,2799.69,12566.05,1,22.28
nb_atr3,2024-12-26,9766.36,2840.53,12606.89,1,22.532
nb_atr3,2024-12-27,9766.36,2804.67,12571.03,1,22.311
nb_atr3,2024-12-30,9766.36,2724.99,12491.35,1,21.815
nb_atr3,2024-12-31,12409.36,0.0,12409.36,0,0.0
nb_atr3,2025-01-02,4626.34,7554.95,12181.29,3,62.021
nb_atr3,2025-01-03,9785.53,2168.38,11953.91,1,18.14
nb_atr3,2025-01-06,11916.3,0.0,11916.3,0,0.0
nb_atr3,2025-01-07,11916.3,0.0,11916.3,0,0.0
nb_atr3,2025-01-08,9685.99,2221.18,11907.17,1,18.654
nb_atr3,2025-01-09,9685.99,2221.18,11907.17,1,18.654
nb_atr3,2025-01-10,9685.99,2185.35,11871.34,1,18.409
nb_atr3,2025-01-13,9685.99,2152.36,11838.34,1,18.181
nb_atr3,2025-01-14,9685.99,2244.75,11930.73,1,18.815
nb_atr3,2025-01-15,9685.99,2187.24,11873.23,1,18.422
nb_atr3,2025-01-16,9685.99,2167.44,11853.43,1,18.285
nb_atr3,2025-01-17,9685.99,2257.95,11943.93,1,18.905
nb_atr3,2025-01-20,9685.99,2323.94,12009.93,1,19.35
nb_atr3,2025-01-21,9685.99,2341.85,12027.84,1,19.47
nb_atr3,2025-01-22,9685.99,2361.65,12047.64,1,19.603
nb_atr3,2025-01-23,9685.99,2319.23,12005.21,1,19.318
nb_atr3,2025-01-24,7069.22,5065.3,12134.52,2,41.743
nb_atr3,2025-01-27,7069.22,4845.6,11914.82,2,40.669
nb_atr3,2025-02-05,7069.22,4924.38,11993.6,2,41.058
nb_atr3,2025-02-06,7069.22,5100.37,12169.58,2,41.911
nb_atr3,2025-02-07,7069.22,5339.48,12408.7,2,43.03
nb_atr3,2025-02-10,7069.22,5304.06,12373.28,2,42.867
nb_atr3,2025-02-11,7069.22,5320.09,12389.31,2,42.941
nb_atr3,2025-02-12,7069.22,5394.49,12463.7,2,43.282
nb_atr3,2025-02-13,9493.54,2842.89,12336.44,1,23.045
nb_atr3,2025-02-14,9493.54,3022.94,12516.48,1,24.152
nb_atr3,2025-02-17,9493.54,3082.62,12576.16,1,24.512
nb_atr3,2025-02-18,12491.01,0.0,12491.01,0,0.0
nb_atr3,2025-02-19,12491.01,0.0,12491.01,0,0.0
nb_atr3,2025-02-20,12491.01,0.0,12491.01,0,0.0
nb_atr3,2025-02-21,12491.01,0.0,12491.01,0,0.0
nb_atr3,2025-02-24,12491.01,0.0,12491.01,0,0.0
nb_atr3,2025-02-25,12491.01,0.0,12491.01,0,0.0
nb_atr3,2025-02-26,12491.01,0.0,12491.01,0,0.0
nb_atr3,2025-02-27,8722.04,3699.08,12421.12,1,29.781
nb_atr3,2025-02-28,8722.04,3590.69,12312.72,1,29.162
nb_atr3,2025-03-03,2654.8,9635.44,12290.24,3,78.399
nb_atr3,2025-03-04,2654.8,9816.22,12471.02,3,78.712
nb_atr3,2025-03-05,2654.8,10018.26,12673.06,3,79.052
nb_atr3,2025-03-06,2654.8,10193.57,12848.37,3,79.337
nb_atr3,2025-03-07,2654.8,10081.71,12736.51,3,79.156
nb_atr3,2025-03-10,2654.8,9951.81,12606.61,3,78.941
nb_atr3,2025-03-11,2654.8,9844.41,12499.21,3,78.76
nb_atr3,2025-03-12,2654.8,10035.77,12690.57,3,79.081
nb_atr3,2025-03-13,5899.46,6578.35,12477.8,2,52.72
nb_atr3,2025-03-14,5899.46,6822.71,12722.17,2,53.629
nb_atr3,2025-03-17,5899.46,6746.64,12646.1,2,53.35
nb_atr3,2025-03-18,5899.46,7057.19,12956.65,2,54.468
nb_atr3,2025-03-19,5899.46,7077.41,12976.87,2,54.539
nb_atr3,2025-03-20,4291.95,8696.51,12988.46,3,66.956
nb_atr3,2025-03-21,7013.83,5753.73,12767.56,2,45.065
nb_atr3,2025-03-24,7013.83,5682.5,12696.32,2,44.757
nb_atr3,2025-03-25,8517.54,4112.93,12630.48,1,32.564
nb_atr3,2025-03-26,12564.42,0.0,12564.42,0,0.0
nb_atr3,2025-03-27,12564.42,0.0,12564.42,0,0.0
nb_atr3,2025-03-28,8706.78,3825.55,12532.33,1,30.525
nb_atr3,2025-03-31,8706.78,3750.14,12456.92,1,30.105
nb_atr3,2025-04-01,8706.78,3770.45,12477.22,1,30.219
nb_atr3,2025-04-02,8706.78,3755.94,12462.72,1,30.137
nb_atr3,2025-04-03,8706.78,3692.14,12398.91,1,29.778
nb_atr3,2025-04-07,12026.34,0.0,12026.34,0,0.0
nb_atr3,2025-04-08,12026.34,0.0,12026.34,0,0.0
nb_atr3,2025-04-09,12026.34,0.0,12026.34,0,0.0
nb_atr3,2025-04-10,12026.34,0.0,12026.34,0,0.0
nb_atr3,2025-04-11,12026.34,0.0,12026.34,0,0.0
nb_atr3,2025-04-14,12026.34,0.0,12026.34,0,0.0
nb_atr3,2025-04-15,12026.34,0.0,12026.34,0,0.0
nb_atr3,2025-04-16,12026.34,0.0,12026.34,0,0.0
nb_atr3,2025-04-17,12026.34,0.0,12026.34,0,0.0
nb_atr3,2025-04-18,12026.34,0.0,12026.34,0,0.0
nb_atr3,2025-04-21,12026.34,0.0,12026.34,0,0.0
nb_atr3,2025-04-22,12026.34,0.0,12026.34,0,0.0
nb_atr3,2025-04-23,12026.34,0.0,12026.34,0,0.0
nb_atr3,2025-04-24,12026.34,0.0,12026.34,0,0.0
nb_atr3,2025-04-25,9348.29,2670.35,12018.65,1,22.218
nb_atr3,2025-04-28,9348.29,2628.97,11977.26,1,21.95
nb_atr3,2025-04-29,9348.29,2614.19,11962.48,1,21.853
nb_atr3,2025-04-30,9348.29,2588.57,11936.86,1,21.685
nb_atr3,2025-05-06,9348.29,2684.15,12032.44,1,22.308
nb_atr3,2025-05-07,9348.29,2703.86,12052.15,1,22.435
nb_atr3,2025-05-08,9348.29,2627.0,11975.29,1,21.937
nb_atr3,2025-05-09,9348.29,2647.69,11995.98,1,22.071
nb_atr3,2025-05-12,11856.5,0.0,11856.5,0,0.0
nb_atr3,2025-05-13,11856.5,0.0,11856.5,0,0.0
nb_atr3,2025-05-14,9258.34,2594.48,11852.82,1,21.889
nb_atr3,2025-05-15,9258.34,2569.84,11828.19,1,21.726
nb_atr3,2025-05-16,9258.34,2565.9,11824.24,1,21.7
nb_atr3,2025-05-19,9258.34,2564.92,11823.26,1,21.694
nb_atr3,2025-05-20,9258.34,2595.46,11853.81,1,21.896
nb_atr3,2025-05-21,9258.34,2741.3,11999.64,1,22.845
nb_atr3,2025-05-22,9258.34,2708.78,11967.12,1,22.635
nb_atr3,2025-05-23,11919.66,0.0,11919.66,0,0.0
nb_atr3,2025-05-26,11919.66,0.0,11919.66,0,0.0
nb_atr3,2025-05-27,11919.66,0.0,11919.66,0,0.0
nb_atr3,2025-05-28,11919.66,0.0,11919.66,0,0.0
nb_atr3,2025-05-29,11919.66,0.0,11919.66,0,0.0
nb_atr3,2025-05-30,11919.66,0.0,11919.66,0,0.0
nb_atr3,2025-06-03,11919.66,0.0,11919.66,0,0.0
nb_atr3,2025-06-04,11919.66,0.0,11919.66,0,0.0
nb_atr3,2025-06-05,11919.66,0.0,11919.66,0,0.0
nb_atr3,2025-06-06,11919.66,0.0,11919.66,0,0.0
nb_atr3,2025-06-09,11919.66,0.0,11919.66,0,0.0
nb_atr3,2025-06-10,11919.66,0.0,11919.66,0,0.0
nb_atr3,2025-06-11,11919.66,0.0,11919.66,0,0.0
nb_atr3,2025-06-12,11919.66,0.0,11919.66,0,0.0
nb_atr3,2025-06-13,11919.66,0.0,11919.66,0,0.0
nb_atr3,2025-06-16,11919.66,0.0,11919.66,0,0.0
nb_atr3,2025-06-17,11919.66,0.0,11919.66,0,0.0
nb_atr3,2025-06-18,11919.66,0.0,11919.66,0,0.0
nb_atr3,2025-06-19,11919.66,0.0,11919.66,0,0.0
nb_atr3,2025-06-20,11919.66,0.0,11919.66,0,0.0
nb_atr3,2025-06-23,11919.66,0.0,11919.66,0,0.0
nb_atr3,2025-06-24,11919.66,0.0,11919.66,0,0.0
nb_atr3,2025-06-25,11919.66,0.0,11919.66,0,0.0
nb_atr3,2025-06-26,11919.66,0.0,11919.66,0,0.0
nb_atr3,2025-06-27,11919.66,0.0,11919.66,0,0.0
nb_atr3,2025-06-30,11919.66,0.0,11919.66,0,0.0
nb_atr3,2025-07-01,11919.66,0.0,11919.66,0,0.0
nb_atr3,2025-07-02,11919.66,0.0,11919.66,0,0.0
nb_atr3,2025-07-03,11919.66,0.0,11919.66,0,0.0
nb_atr3,2025-07-04,11919.66,0.0,11919.66,0,0.0
nb_atr3,2025-07-07,9171.54,2738.41,11909.95,1,22.993
nb_atr3,2025-07-08,9171.54,2798.75,11970.28,1,23.381
nb_atr3,2025-07-09,9171.54,2779.28,11950.82,1,23.256
nb_atr3,2025-07-10,5397.49,6563.38,11960.87,2,54.874
nb_atr3,2025-07-11,5397.49,6610.99,12008.48,2,55.053
nb_atr3,2025-07-14,5397.49,6628.58,12026.08,2,55.118
nb_atr3,2025-07-15,5397.49,6560.91,11958.4,2,54.864
nb_atr3,2025-07-16,5397.49,6512.7,11910.19,2,54.682
nb_atr3,2025-07-17,5397.49,6569.22,11966.71,2,54.896
nb_atr3,2025-07-18,5397.49,6577.66,11975.15,2,54.928
nb_atr3,2025-07-21,5397.49,6803.67,12201.17,2,55.762
nb_atr3,2025-07-22,5397.49,6938.74,12336.24,2,56.247
nb_atr3,2025-07-23,5397.49,6808.99,12206.48,2,55.782
nb_atr3,2025-07-24,5397.49,6949.89,12347.39,2,56.286
nb_atr3,2025-07-25,5397.49,6849.08,12246.57,2,55.926
nb_atr3,2025-07-28,5397.49,6850.14,12247.63,2,55.93
nb_atr3,2025-07-29,5397.49,6808.65,12206.14,2,55.781
nb_atr3,2025-07-30,5397.49,6767.21,12164.7,2,55.63
nb_atr3,2025-07-31,9274.62,2753.19,12027.82,1,22.89
nb_atr3,2025-08-01,5300.19,6732.34,12032.53,2,55.951
nb_atr3,2025-08-04,5300.19,6746.55,12046.74,2,56.003
nb_atr3,2025-08-05,5300.19,6868.41,12168.6,2,56.444
nb_atr3,2025-08-06,5300.19,6866.62,12166.81,2,56.437
nb_atr3,2025-08-07,5300.19,6868.81,12169.0,2,56.445
nb_atr3,2025-08-08,5300.19,6980.73,12280.92,2,56.842
nb_atr3,2025-08-11,5300.19,7014.42,12314.61,2,56.96
nb_atr3,2025-08-12,5300.19,7036.39,12336.58,2,57.037
nb_atr3,2025-08-13,5300.19,7106.36,12406.55,2,57.279
nb_atr3,2025-08-14,5300.19,7038.57,12338.76,2,57.044
nb_atr3,2025-08-15,5300.19,7276.13,12576.32,2,57.856
nb_atr3,2025-08-18,5300.19,7193.63,12493.82,2,57.578
nb_atr3,2025-08-19,5300.19,7177.33,12477.52,2,57.522
nb_atr3,2025-08-20,5300.19,7217.68,12517.87,2,57.659
nb_atr3,2025-08-21,5300.19,7167.99,12468.17,2,57.49
nb_atr3,2025-08-22,5300.19,7217.88,12518.07,2,57.66
nb_atr3,2025-08-25,5300.19,7447.48,12747.67,2,58.422
nb_atr3,2025-08-26,5300.19,7553.64,12853.83,2,58.766
nb_atr3,2025-08-27,5300.19,7369.36,12669.55,2,58.166
nb_atr3,2025-08-28,5300.19,7478.49,12778.68,2,58.523
nb_atr3,2025-08-29,9381.01,3228.29,12609.3,1,25.602
nb_atr3,2025-09-01,9381.01,3208.41,12589.43,1,25.485
nb_atr3,2025-09-02,9381.01,3101.07,12482.08,1,24.844
nb_atr3,2025-09-03,9460.56,2980.8,12441.36,1,23.959
nb_atr3,2025-09-04,9894.81,2251.18,12145.99,1,18.534
nb_atr3,2025-09-05,9038.19,3217.4,12255.59,1,26.252
nb_atr3,2025-09-08,9038.19,3293.31,12331.5,1,26.706
nb_atr3,2025-09-09,4148.2,7956.2,12104.4,3,65.73
nb_atr3,2025-09-10,4148.2,8000.25,12148.45,3,65.854
nb_atr3,2025-09-11,4148.2,8513.82,12662.03,3,67.239
nb_atr3,2025-09-12,4148.2,8634.61,12782.82,3,67.549
nb_atr3,2025-09-15,4148.2,8563.7,12711.9,3,67.368
nb_atr3,2025-09-16,4148.2,8697.85,12846.05,3,67.708
nb_atr3,2025-09-17,1147.41,11734.46,12881.87,4,91.093
nb_atr3,2025-09-18,4543.27,8509.92,13053.19,3,65.194
nb_atr3,2025-09-19,4543.27,8429.92,12973.19,3,64.98
nb_atr3,2025-09-22,4543.27,8556.05,13099.31,3,65.317
nb_atr3,2025-09-23,6867.78,5982.68,12850.46,2,46.556
nb_atr3,2025-09-24,6867.78,6130.09,12997.86,2,47.162
nb_atr3,2025-09-25,6867.78,6262.39,13130.17,2,47.695
nb_atr3,2025-09-26,6867.78,6274.88,13142.66,2,47.744
nb_atr3,2025-09-29,4519.09,8644.91,13164.0,3,65.671
nb_atr3,2025-09-30,4519.09,8904.32,13423.42,3,66.334
nb_atr3,2025-10-09,4519.09,9374.68,13893.77,3,67.474
nb_atr3,2025-10-10,11.59,13666.82,13678.41,4,99.915
nb_atr3,2025-10-13,12991.88,0.0,12991.88,0,0.0
nb_atr3,2025-10-14,12991.88,0.0,12991.88,0,0.0
nb_atr3,2025-10-15,12991.88,0.0,12991.88,0,0.0
nb_atr3,2025-10-16,8753.98,4128.37,12882.35,1,32.047
nb_atr3,2025-10-17,392.52,12097.69,12490.21,4,96.857
nb_atr3,2025-10-20,392.52,12279.2,12671.71,4,96.902
nb_atr3,2025-10-21,392.52,12560.9,12953.42,4,96.97
nb_atr3,2025-10-22,392.52,12442.68,12835.2,4,96.942
nb_atr3,2025-10-23,392.52,12374.84,12767.36,4,96.926
nb_atr3,2025-10-24,392.52,12678.92,13071.44,4,96.997
nb_atr3,2025-10-27,392.52,12769.72,13162.24,4,97.018
nb_atr3,2025-10-28,392.52,12549.7,12942.22,4,96.967
nb_atr3,2025-10-29,392.52,12642.59,13035.11,4,96.989
nb_atr3,2025-10-30,4365.5,8432.21,12797.72,3,65.888
nb_atr3,2025-10-31,2563.89,10083.56,12647.45,4,79.728
nb_atr3,2025-11-03,5611.53,6883.89,12495.42,2,55.091
nb_atr3,2025-11-04,2763.67,9576.16,12339.83,3,77.604
nb_atr3,2025-11-05,685.64,11715.43,12401.07,4,94.471
nb_atr3,2025-11-06,685.64,11981.71,12667.35,4,94.587
nb_atr3,2025-11-07,685.64,11766.09,12451.73,4,94.494
nb_atr3,2025-11-10,2817.41,9714.32,12531.73,3,77.518
nb_atr3,2025-11-11,2817.41,9513.84,12331.25,3,77.152
nb_atr3,2025-11-12,9213.44,3023.44,12236.87,1,24.708
nb_atr3,2025-11-13,9213.44,3117.64,12331.08,1,25.283
nb_atr3,2025-11-14,5361.86,6810.1,12171.96,2,55.949
nb_atr3,2025-11-17,8288.43,3750.8,12039.23,1,31.155
nb_atr3,2025-11-18,8288.43,3774.77,12063.2,1,31.292
nb_atr3,2025-11-19,4945.02,7101.33,12046.35,2,58.95
nb_atr3,2025-11-20,4945.02,7022.71,11967.73,2,58.68
nb_atr3,2025-11-21,4943.62,6652.11,11595.74,2,57.367
nb_atr3,2025-11-24,8075.88,3519.3,11595.18,1,30.351
nb_atr3,2025-11-25,8075.88,3504.55,11580.43,1,30.263
nb_atr3,2025-11-26,8075.88,3482.41,11558.29,1,30.129
nb_atr3,2025-11-27,8075.88,3489.79,11565.67,1,30.174
nb_atr3,2025-11-28,8075.88,3482.41,11558.29,1,30.129
nb_atr3,2025-12-01,8075.88,3548.81,11624.69,1,30.528
nb_atr3,2025-12-02,8075.88,3504.55,11580.43,1,30.263
nb_atr3,2025-12-03,8075.88,3644.73,11720.61,1,31.097
nb_atr3,2025-12-04,8075.88,3622.59,11698.47,1,30.966
nb_atr3,2025-12-05,8075.88,3932.47,12008.35,1,32.748
nb_atr3,2025-12-08,8075.88,3851.31,11927.19,1,32.29
nb_atr3,2025-12-09,11761.3,0.0,11761.3,0,0.0
nb_atr3,2025-12-10,11761.3,0.0,11761.3,0,0.0
nb_atr3,2025-12-11,11761.3,0.0,11761.3,0,0.0
nb_atr3,2025-12-12,11761.3,0.0,11761.3,0,0.0
nb_atr3,2025-12-15,11761.3,0.0,11761.3,0,0.0
nb_atr3,2025-12-16,8185.85,3582.42,11768.27,1,30.441
nb_atr3,2025-12-17,8185.85,3644.73,11830.58,1,30.808
nb_atr3,2025-12-18,8185.85,3629.15,11815.0,1,30.716
nb_atr3,2025-12-19,8185.85,3730.39,11916.24,1,31.305
nb_atr3,2025-12-22,8185.85,3753.76,11939.61,1,31.44
nb_atr3,2025-12-23,8185.85,3909.52,12095.37,1,32.322
nb_atr3,2025-12-24,8185.85,3932.88,12118.73,1,32.453
nb_atr3,2025-12-25,8185.85,3901.73,12087.58,1,32.279
nb_atr3,2025-12-26,8185.85,4135.36,12321.21,1,33.563
nb_atr3,2025-12-29,8185.85,4073.06,12258.91,1,33.225
nb_atr3,2025-12-30,8185.85,4135.36,12321.21,1,33.563
nb_atr3,2025-12-31,6382.01,5990.88,12372.89,2,48.419
nb_atr3,2026-01-05,6382.01,6102.23,12484.23,2,48.879
nb_atr3,2026-01-06,6382.01,6230.65,12612.65,2,49.4
nb_atr3,2026-01-07,6382.01,6362.21,12744.22,2,49.922
nb_atr3,2026-01-08,6382.01,6281.19,12663.19,2,49.602
nb_atr3,2026-01-09,3950.48,8845.7,12796.18,3,69.128
nb_atr3,2026-01-12,3950.48,8833.42,12783.9,3,69.098
nb_atr3,2026-01-13,3950.48,8687.62,12638.1,3,68.742
nb_atr3,2026-01-14,3950.48,8886.6,12837.08,3,69.226
nb_atr3,2026-01-15,3950.48,8896.2,12846.67,3,69.249
nb_atr3,2026-01-16,3950.48,9040.09,12990.57,3,69.59
nb_atr3,2026-01-19,3950.48,9396.48,13346.96,3,70.402
nb_atr3,2026-01-20,3950.48,9819.58,13770.06,3,71.311
nb_atr3,2026-01-21,1786.84,11946.59,13733.43,4,86.989
nb_atr3,2026-01-22,6333.95,7208.5,13542.45,2,53.229
nb_atr3,2026-01-23,6333.95,7493.93,13827.89,2,54.194
nb_atr3,2026-01-26,6333.95,8007.97,14341.92,2,55.836
nb_atr3,2026-01-27,6333.95,7852.98,14186.93,2,55.354
nb_atr3,2026-01-28,6333.95,8368.49,14702.44,2,56.919
nb_atr3,2026-01-29,12431.73,2206.11,14637.84,1,15.071
nb_atr3,2026-01-30,8138.62,6476.14,14614.76,2,44.312
nb_atr3,2026-02-02,5829.38,8202.24,14031.62,3,58.455
nb_atr3,2026-02-03,3868.63,10411.02,14279.65,4,72.908
nb_atr3,2026-02-04,3868.63,10265.19,14133.81,4,72.629
nb_atr3,2026-02-05,885.81,13018.59,13904.4,5,93.629
nb_atr3,2026-02-06,4875.49,8736.54,13612.03,3,64.182
nb_atr3,2026-02-09,4875.49,9054.99,13930.47,3,65.001
nb_atr3,2026-02-10,4875.49,9081.26,13956.74,3,65.067
nb_atr3,2026-02-11,4875.49,9029.15,13904.64,3,64.936
nb_atr3,2026-02-12,4875.49,9328.87,14204.36,3,65.676
nb_atr3,2026-02-13,4202.0,9877.28,14079.28,4,70.155
nb_atr3,2026-02-24,4202.0,9953.35,14155.35,4,70.315
nb_atr3,2026-02-25,6422.64,7765.88,14188.52,3,54.734
nb_atr3,2026-02-26,6422.64,7865.26,14287.9,3,55.048
nb_atr3,2026-02-27,6422.64,7750.67,14173.3,3,54.685
nb_atr3,2026-03-02,6422.64,7557.13,13979.77,3,54.058
nb_atr3,2026-03-03,9485.0,4305.37,13790.37,2,31.22
nb_atr3,2026-03-04,10654.27,3126.46,13780.73,2,22.687
nb_atr3,2026-03-05,10654.27,3112.65,13766.91,2,22.61
nb_atr3,2026-03-06,11372.17,2308.87,13681.05,1,16.876
nb_atr3,2026-03-09,9773.25,4021.0,13794.25,1,29.15
nb_atr3,2026-03-10,9773.25,4051.74,13824.99,1,29.307
nb_atr3,2026-03-11,9773.25,4138.01,13911.26,1,29.746
nb_atr3,2026-03-12,9773.25,4199.49,13972.74,1,30.055
nb_atr3,2026-03-13,5211.03,8486.98,13698.0,2,61.958
nb_atr3,2026-03-16,13463.54,0.0,13463.54,0,0.0
nb_atr3,2026-03-17,13463.54,0.0,13463.54,0,0.0
nb_atr3,2026-03-18,6600.77,7084.01,13684.78,2,51.766
nb_atr3,2026-03-19,6600.77,6874.78,13475.55,2,51.017
nb_atr3,2026-03-20,6600.77,6841.93,13442.7,2,50.897
nb_atr3,2026-03-23,6600.77,6620.69,13221.46,2,50.075
nb_atr3,2026-03-24,6600.77,7020.35,13621.12,2,51.54
nb_atr3,2026-03-25,6600.77,7555.47,14156.24,2,53.372
nb_atr3,2026-03-26,9250.53,4776.33,14026.86,1,34.051
nb_atr3,2026-03-27,9250.53,4883.07,14133.6,1,34.549
nb_atr3,2026-03-30,9250.53,5371.88,14622.4,1,36.737
nb_atr3,2026-03-31,9250.53,5253.17,14503.69,1,36.22
nb_atr3,2026-04-01,14310.87,0.0,14310.87,0,0.0
nb_atr3,2026-04-02,14310.87,0.0,14310.87,0,0.0
nb_atr3,2026-04-03,14310.87,0.0,14310.87,0,0.0
nb_atr3,2026-04-07,14310.87,0.0,14310.87,0,0.0
nb_atr3,2026-04-08,14310.87,0.0,14310.87,0,0.0
nb_atr3,2026-04-09,14310.87,0.0,14310.87,0,0.0
nb_atr3,2026-04-10,14310.87,0.0,14310.87,0,0.0
nb_atr3,2026-04-13,14310.87,0.0,14310.87,0,0.0
nb_atr3,2026-04-14,14310.87,0.0,14310.87,0,0.0
nb_atr3,2026-04-15,14310.87,0.0,14310.87,0,0.0
nb_atr3,2026-04-16,14310.87,0.0,14310.87,0,0.0
nb_atr3,2026-04-17,14310.87,0.0,14310.87,0,0.0
nb_atr3,2026-04-20,14310.87,0.0,14310.87,0,0.0
nb_atr3,2026-04-21,14310.87,0.0,14310.87,0,0.0
nb_atr3,2026-04-22,14310.87,0.0,14310.87,0,0.0
nb_atr3,2026-04-23,14310.87,0.0,14310.87,0,0.0
nb_atr3,2026-04-24,14310.87,0.0,14310.87,0,0.0
nb_atr3,2026-04-27,14310.87,0.0,14310.87,0,0.0
nb_atr3,2026-04-28,14310.87,0.0,14310.87,0,0.0
nb_atr3,2026-04-29,14310.87,0.0,14310.87,0,0.0
nb_atr3,2026-04-30,14310.87,0.0,14310.87,0,0.0
nb_atr3,2026-05-06,14310.87,0.0,14310.87,0,0.0
nb_atr3,2026-05-07,14310.87,0.0,14310.87,0,0.0
nb_atr3,2026-05-08,14310.87,0.0,14310.87,0,0.0
nb_atr3,2026-05-11,14310.87,0.0,14310.87,0,0.0
nb_atr3,2026-05-12,14310.87,0.0,14310.87,0,0.0
nb_atr3,2026-05-13,14310.87,0.0,14310.87,0,0.0
nb_atr3,2026-05-14,14310.87,0.0,14310.87,0,0.0
nb_atr3,2026-05-15,14310.87,0.0,14310.87,0,0.0
nb_atr3,2026-05-18,14310.87,0.0,14310.87,0,0.0
nb_atr3,2026-05-19,14310.87,0.0,14310.87,0,0.0
nb_atr3,2026-05-20,14310.87,0.0,14310.87,0,0.0
nb_atr3,2026-05-21,14310.87,0.0,14310.87,0,0.0
nb_atr3,2026-05-22,14310.87,0.0,14310.87,0,0.0
nb_atr3,2026-05-25,14310.87,0.0,14310.87,0,0.0
nb_atr3,2026-05-26,14310.87,0.0,14310.87,0,0.0
nb_atr3,2026-05-27,3676.67,10465.93,14142.59,3,74.003
nb_atr3,2026-05-28,3676.67,10823.71,14500.37,3,74.644
nb_atr3,2026-05-29,7307.17,7050.62,14357.79,2,49.107
nb_atr3,2026-06-01,7970.79,6049.51,14020.3,2,43.148
nb_atr3,2026-06-02,7970.79,6109.36,14080.15,2,43.39
nb_atr3,2026-06-03,7970.79,6276.96,14247.75,2,44.056
nb_atr3,2026-06-04,7970.79,6288.93,14259.72,2,44.103
nb_atr3,2026-06-05,10665.71,3386.82,14052.53,1,24.101
nb_atr3,2026-06-08,10665.71,3205.26,13870.97,1,23.108
nb_atr3,2026-06-09,10665.71,3463.63,14129.34,1,24.514
nb_atr3,2026-06-10,10665.71,3344.92,14010.63,1,23.874
nb_atr3,2026-06-11,10665.71,3310.0,13975.71,1,23.684
nb_atr3,2026-06-12,10665.71,3207.25,13872.96,1,23.119
nb_atr3,2026-06-15,10665.71,3528.48,14194.19,1,24.859
nb_atr3,2026-06-16,10665.71,3818.77,14484.48,1,26.365
nb_atr3,2026-06-17,10665.71,4073.16,14738.87,1,27.635
nb_atr3,2026-06-18,6937.95,8275.92,15213.87,2,54.397
nb_atr3,2026-06-22,6937.95,8982.2,15920.16,2,56.42
nb_atr3,2026-06-23,6937.95,8980.66,15918.62,2,56.416
nb_atr3,2026-06-24,11123.62,4988.95,16112.57,1,30.963
nb_atr3,2026-06-25,11123.62,4973.98,16097.6,1,30.899
nb_atr3,2026-06-26,16074.13,0.0,16074.13,0,0.0
nb_atr3,2026-06-29,16074.13,0.0,16074.13,0,0.0
nb_atr3,2026-06-30,16074.13,0.0,16074.13,0,0.0
nb_atr3,2026-07-01,16074.13,0.0,16074.13,0,0.0
nb_atr3,2026-07-02,10786.02,5126.7,15912.72,1,32.218
nb_atr3,2026-07-03,10786.02,4991.53,15777.54,1,31.637
nb_atr3,2026-07-06,11056.09,4650.76,15706.85,1,29.61
nb_atr3,2026-07-07,11056.09,4717.6,15773.69,1,29.908
nb_atr3,2026-07-08,15451.44,0.0,15451.44,0,0.0
nb_atr3,2026-07-09,15451.44,0.0,15451.44,0,0.0
nb_atr3,2026-07-10,15451.44,0.0,15451.44,0,0.0
nb_atr3,2026-07-13,15451.44,0.0,15451.44,0,0.0
nb_atr3,2026-07-14,11317.24,4169.93,15487.16,1,26.925
nb_atr3,2026-07-15,15192.37,0.0,15192.37,0,0.0
nb_atr3,2026-07-16,15192.37,0.0,15192.37,0,0.0
nb_atr3,2026-07-17,15192.37,0.0,15192.37,0,0.0
nb_atr3,2026-07-20,15192.37,0.0,15192.37,0,0.0
nb_atr3,2026-07-21,15192.37,0.0,15192.37,0,0.0
nb_atr3,2026-07-22,15192.37,0.0,15192.37,0,0.0
nb_atr3,2026-07-23,15192.37,0.0,15192.37,0,0.0
nb_atr3,2026-07-24,15192.37,0.0,15192.37,0,0.0
nb_atr3,2026-07-27,15192.37,0.0,15192.37,0,0.0
nb_atr3,2026-07-28,12355.51,2833.0,15188.51,1,18.652
nb_atr3,2026-07-29,15013.49,0.0,15013.49,0,0.0
nb_atr3,2026-07-30,11645.09,3360.0,15005.09,1,22.392
nb_atr3,2026-07-31,11645.09,3489.0,15134.09,1,23.054
nb_atr3,2026-08-03,11645.09,3310.0,14955.09,1,22.133
nb_atr3,2026-08-04,11645.09,3432.0,15077.09,1,22.763
nb_atr3,2026-08-05,15093.87,0.0,15093.87,0,0.0
nb_atr3,2026-08-06,15093.87,0.0,15093.87,0,0.0
nb_atr3,2026-08-07,12234.99,2960.0,15194.99,1,19.48
nb_atr3,2026-08-10,12234.99,3003.0,15237.99,1,19.707
nb_atr3,2026-08-11,8530.26,6734.0,15264.26,2,44.116
nb_atr3,2026-08-12,11465.82,3700.0,15165.82,1,24.397
nb_atr3,2026-08-13,11465.82,3960.0,15425.82,1,25.671
nb_atr3,2026-08-14,11465.82,3995.0,15460.82,1,25.84
nb_atr3,2026-08-17,11465.82,4103.0,15568.82,1,26.354
nb_atr3,2026-08-18,15326.97,0.0,15326.97,0,0.0
nb_atr3,2026-08-19,12350.97,2948.0,15298.97,1,19.269
nb_atr3,2026-08-20,8808.4,6581.0,15389.4,2,42.763
nb_atr3,2026-08-21,8808.4,6961.0,15769.4,2,44.142
nb_atr3,2026-08-24,8808.4,6657.0,15465.4,2,43.044
nb_atr3,2026-08-25,11887.74,3510.0,15397.74,1,22.796
nb_atr3,2026-08-26,11887.74,3490.0,15377.74,1,22.695
nb_atr3,2026-08-27,11887.74,3643.0,15530.74,1,23.457
nb_atr3,2026-08-28,11887.74,3589.0,15476.74,1,23.19
nb_atr3,2026-08-31,11887.74,3895.0,15782.74,1,24.679
nb_atr3,2026-09-01,11887.74,3832.0,15719.74,1,24.377
nb_atr3,2026-09-02,11887.74,3799.0,15686.74,1,24.218
nb_atr3,2026-09-03,11887.74,3813.0,15700.74,1,24.285
nb_atr3,2026-09-04,15554.19,0.0,15554.19,0,0.0
nb_atr3,2026-09-07,15554.19,0.0,15554.19,0,0.0
nb_atr3,2026-09-08,11156.76,4420.0,15576.76,1,28.376
nb_atr3,2026-09-09,11156.76,4388.0,15544.76,1,28.228
nb_atr3,2026-09-10,11156.76,4430.0,15586.76,1,28.422
nb_atr3,2026-09-11,7737.31,7898.0,15635.31,2,50.514
nb_atr3,2026-09-14,7737.31,7930.0,15667.31,2,50.615
nb_vol07,2023-09-14,13822.47,0.0,13822.47,0,0.0
nb_vol07,2023-09-15,13822.47,0.0,13822.47,0,0.0
nb_vol07,2023-09-18,13822.47,0.0,13822.47,0,0.0
nb_vol07,2023-09-19,13822.47,0.0,13822.47,0,0.0
nb_vol07,2023-09-20,13822.47,0.0,13822.47,0,0.0
nb_vol07,2023-09-21,13822.47,0.0,13822.47,0,0.0
nb_vol07,2023-09-22,13822.47,0.0,13822.47,0,0.0
nb_vol07,2023-09-25,13822.47,0.0,13822.47,0,0.0
nb_vol07,2023-09-26,4956.68,8830.45,13787.13,2,64.048
nb_vol07,2023-09-27,4956.68,8780.34,13737.02,2,63.917
nb_vol07,2023-09-28,4956.68,8738.24,13694.93,2,63.806
nb_vol07,2023-10-09,9073.45,4407.1,13480.56,1,32.692
nb_vol07,2023-10-10,9073.45,4373.09,13446.54,1,32.522
nb_vol07,2023-10-11,9073.45,4350.41,13423.86,1,32.408
nb_vol07,2023-10-12,9073.45,4433.56,13507.01,1,32.824
nb_vol07,2023-10-13,9073.45,4305.05,13378.5,1,32.179
nb_vol07,2023-10-16,9073.45,4308.83,13382.28,1,32.198
nb_vol07,2023-10-17,9073.45,4320.17,13393.62,1,32.255
nb_vol07,2023-10-18,9073.45,4244.58,13318.03,1,31.871
nb_vol07,2023-10-19,13266.11,0.0,13266.11,0,0.0
nb_vol07,2023-10-20,13266.11,0.0,13266.11,0,0.0
nb_vol07,2023-10-23,13266.11,0.0,13266.11,0,0.0
nb_vol07,2023-10-24,13266.11,0.0,13266.11,0,0.0
nb_vol07,2023-10-25,13266.11,0.0,13266.11,0,0.0
nb_vol07,2023-10-26,13266.11,0.0,13266.11,0,0.0
nb_vol07,2023-10-27,13266.11,0.0,13266.11,0,0.0
nb_vol07,2023-10-30,13266.11,0.0,13266.11,0,0.0
nb_vol07,2023-10-31,13266.11,0.0,13266.11,0,0.0
nb_vol07,2023-11-01,13266.11,0.0,13266.11,0,0.0
nb_vol07,2023-11-02,13266.11,0.0,13266.11,0,0.0
nb_vol07,2023-11-03,13266.11,0.0,13266.11,0,0.0
nb_vol07,2023-11-06,13266.11,0.0,13266.11,0,0.0
nb_vol07,2023-11-07,13266.11,0.0,13266.11,0,0.0
nb_vol07,2023-11-08,13266.11,0.0,13266.11,0,0.0
nb_vol07,2023-11-09,13266.11,0.0,13266.11,0,0.0
nb_vol07,2023-11-10,10951.64,2295.05,13246.69,1,17.325
nb_vol07,2023-11-13,10951.64,2328.52,13280.17,1,17.534
nb_vol07,2023-11-14,10951.64,2317.37,13269.01,1,17.465
nb_vol07,2023-11-15,10951.64,2310.86,13262.5,1,17.424
nb_vol07,2023-11-16,10951.64,2310.86,13262.5,1,17.424
nb_vol07,2023-11-17,10951.64,2285.75,13237.39,1,17.267
nb_vol07,2023-11-20,10951.64,2298.77,13250.41,1,17.349
nb_vol07,2023-11-21,10951.64,2321.09,13272.73,1,17.488
nb_vol07,2023-11-22,10951.64,2238.32,13189.96,1,16.97
nb_vol07,2023-11-23,10951.64,2320.16,13271.8,1,17.482
nb_vol07,2023-11-24,10951.64,2278.31,13229.95,1,17.221
nb_vol07,2023-11-27,10951.64,2262.5,13214.14,1,17.122
nb_vol07,2023-11-28,10951.64,2293.19,13244.83,1,17.314
nb_vol07,2023-11-29,10951.64,2297.84,13249.48,1,17.343
nb_vol07,2023-11-30,10951.64,2264.36,13216.0,1,17.133
nb_vol07,2023-12-01,10951.64,2276.45,13228.09,1,17.209
nb_vol07,2023-12-04,10951.64,2253.2,13204.84,1,17.063
nb_vol07,2023-12-05,10951.64,2189.97,13141.61,1,16.664
nb_vol07,2023-12-06,8768.58,4391.21,13159.8,2,33.368
nb_vol07,2023-12-07,8768.58,4402.57,13171.15,2,33.426
nb_vol07,2023-12-08,10936.3,2336.34,13272.63,1,17.603
nb_vol07,2023-12-11,10936.3,2330.35,13266.65,1,17.566
nb_vol07,2023-12-12,10936.3,2338.33,13274.63,1,17.615
nb_vol07,2023-12-13,10936.3,2293.48,13229.77,1,17.336
nb_vol07,2023-12-14,10936.3,2265.57,13201.86,1,17.161
nb_vol07,2023-12-15,13176.9,0.0,13176.9,0,0.0
nb_vol07,2023-12-18,13176.9,0.0,13176.9,0,0.0
nb_vol07,2023-12-19,13176.9,0.0,13176.9,0,0.0
nb_vol07,2023-12-20,13176.9,0.0,13176.9,0,0.0
nb_vol07,2023-12-21,13176.9,0.0,13176.9,0,0.0
nb_vol07,2023-12-22,13176.9,0.0,13176.9,0,0.0
nb_vol07,2023-12-25,8811.79,4427.47,13239.27,1,33.442
nb_vol07,2023-12-26,8811.79,4353.72,13165.51,1,33.069
nb_vol07,2023-12-27,8811.79,4580.97,13392.76,1,34.205
nb_vol07,2023-12-28,8811.79,4580.97,13392.76,1,34.205
nb_vol07,2023-12-29,8811.79,4608.88,13420.67,1,34.342
nb_vol07,2024-01-02,8811.79,4584.96,13396.75,1,34.224
nb_vol07,2024-01-03,8811.79,4325.81,13137.6,1,32.927
nb_vol07,2024-01-04,8811.79,4256.04,13067.83,1,32.569
nb_vol07,2024-01-05,8811.79,4196.23,13008.03,1,32.259
nb_vol07,2024-01-08,12904.6,0.0,12904.6,0,0.0
nb_vol07,2024-01-09,12904.6,0.0,12904.6,0,0.0
nb_vol07,2024-01-10,12904.6,0.0,12904.6,0,0.0
nb_vol07,2024-01-11,12904.6,0.0,12904.6,0,0.0
nb_vol07,2024-01-12,12904.6,0.0,12904.6,0,0.0
nb_vol07,2024-01-15,12904.6,0.0,12904.6,0,0.0
nb_vol07,2024-01-16,12904.6,0.0,12904.6,0,0.0
nb_vol07,2024-01-17,12904.6,0.0,12904.6,0,0.0
nb_vol07,2024-01-18,12904.6,0.0,12904.6,0,0.0
nb_vol07,2024-01-19,12904.6,0.0,12904.6,0,0.0
nb_vol07,2024-01-22,12904.6,0.0,12904.6,0,0.0
nb_vol07,2024-01-23,12904.6,0.0,12904.6,0,0.0
nb_vol07,2024-01-24,12904.6,0.0,12904.6,0,0.0
nb_vol07,2024-01-25,12904.6,0.0,12904.6,0,0.0
nb_vol07,2024-01-26,12904.6,0.0,12904.6,0,0.0
nb_vol07,2024-01-29,12904.6,0.0,12904.6,0,0.0
nb_vol07,2024-01-30,12904.6,0.0,12904.6,0,0.0
nb_vol07,2024-01-31,12904.6,0.0,12904.6,0,0.0
nb_vol07,2024-02-01,12904.6,0.0,12904.6,0,0.0
nb_vol07,2024-02-02,12904.6,0.0,12904.6,0,0.0
nb_vol07,2024-02-05,12904.6,0.0,12904.6,0,0.0
nb_vol07,2024-02-06,12904.6,0.0,12904.6,0,0.0
nb_vol07,2024-02-07,12904.6,0.0,12904.6,0,0.0
nb_vol07,2024-02-08,12904.6,0.0,12904.6,0,0.0
nb_vol07,2024-02-19,12904.6,0.0,12904.6,0,0.0
nb_vol07,2024-02-20,12904.6,0.0,12904.6,0,0.0
nb_vol07,2024-02-21,12904.6,0.0,12904.6,0,0.0
nb_vol07,2024-02-22,12904.6,0.0,12904.6,0,0.0
nb_vol07,2024-02-23,12904.6,0.0,12904.6,0,0.0
nb_vol07,2024-02-26,12904.6,0.0,12904.6,0,0.0
nb_vol07,2024-02-27,12904.6,0.0,12904.6,0,0.0
nb_vol07,2024-02-28,12904.6,0.0,12904.6,0,0.0
nb_vol07,2024-02-29,12904.6,0.0,12904.6,0,0.0
nb_vol07,2024-03-01,12904.6,0.0,12904.6,0,0.0
nb_vol07,2024-03-04,12904.6,0.0,12904.6,0,0.0
nb_vol07,2024-03-05,12904.6,0.0,12904.6,0,0.0
nb_vol07,2024-03-06,12904.6,0.0,12904.6,0,0.0
nb_vol07,2024-03-07,12904.6,0.0,12904.6,0,0.0
nb_vol07,2024-03-08,12904.6,0.0,12904.6,0,0.0
nb_vol07,2024-03-11,12904.6,0.0,12904.6,0,0.0
nb_vol07,2024-03-12,12904.6,0.0,12904.6,0,0.0
nb_vol07,2024-03-13,12904.6,0.0,12904.6,0,0.0
nb_vol07,2024-03-14,10596.98,2280.51,12877.5,1,17.709
nb_vol07,2024-03-15,8460.34,4456.53,12916.87,2,34.502
nb_vol07,2024-03-18,8460.34,4706.81,13167.15,2,35.747
nb_vol07,2024-03-19,8460.34,4714.16,13174.5,2,35.782
nb_vol07,2024-03-20,8460.34,4682.72,13143.06,2,35.629
nb_vol07,2024-03-21,8460.34,4629.78,13090.11,2,35.369
nb_vol07,2024-03-22,10728.9,2257.77,12986.67,1,17.385
nb_vol07,2024-03-25,10728.9,2194.47,12923.37,1,16.981
nb_vol07,2024-03-26,12889.63,0.0,12889.63,0,0.0
nb_vol07,2024-03-27,5160.0,7477.39,12637.39,2,59.169
nb_vol07,2024-03-28,5160.0,7616.08,12776.08,2,59.612
nb_vol07,2024-03-29,3033.68,9781.47,12815.16,3,76.327
nb_vol07,2024-04-01,3033.68,9980.76,13014.44,3,76.69
nb_vol07,2024-04-02,3033.68,9762.85,12796.53,3,76.293
nb_vol07,2024-04-03,4769.18,7742.42,12511.59,3,61.882
nb_vol07,2024-04-08,4769.18,7612.02,12381.2,3,61.48
nb_vol07,2024-04-09,916.93,11467.75,12384.68,4,92.596
nb_vol07,2024-04-10,4876.93,7177.25,12054.18,2,59.542
nb_vol07,2024-04-11,893.59,11220.37,12113.96,3,92.623
nb_vol07,2024-04-12,893.59,11547.25,12440.84,3,92.817
nb_vol07,2024-04-15,893.59,11718.04,12611.62,3,92.915
nb_vol07,2024-04-16,893.59,11310.65,12204.23,3,92.678
nb_vol07,2024-04-17,893.59,11691.7,12585.29,3,92.9
nb_vol07,2024-04-18,893.59,11799.4,12692.99,3,92.96
nb_vol07,2024-04-19,8596.93,3775.75,12372.68,1,30.517
nb_vol07,2024-04-22,12330.27,0.0,12330.27,0,0.0
nb_vol07,2024-04-23,8424.45,3863.11,12287.57,1,31.439
nb_vol07,2024-04-24,4040.4,8592.29,12632.69,3,68.016
nb_vol07,2024-04-25,4040.4,8569.76,12610.16,3,67.959
nb_vol07,2024-04-26,4040.4,9137.3,13177.7,3,69.339
nb_vol07,2024-04-29,4040.4,9092.03,13132.43,3,69.233
nb_vol07,2024-04-30,4040.4,9014.51,13054.91,3,69.051
nb_vol07,2024-05-06,4040.4,9112.65,13153.04,3,69.282
nb_vol07,2024-05-07,4040.4,9209.47,13249.87,3,69.506
nb_vol07,2024-05-08,4040.4,8971.02,13011.42,3,68.947
nb_vol07,2024-05-09,8560.56,4458.54,13019.1,2,34.246
nb_vol07,2024-05-10,8560.56,4523.7,13084.25,2,34.574
nb_vol07,2024-05-13,8560.56,4461.79,13022.35,2,34.263
nb_vol07,2024-05-14,8560.56,4521.82,13082.37,2,34.564
nb_vol07,2024-05-15,8560.56,4498.76,13059.32,2,34.449
nb_vol07,2024-05-16,8560.56,4444.26,13004.82,2,34.174
nb_vol07,2024-05-17,8560.56,4513.5,13074.06,2,34.523
nb_vol07,2024-05-20,8560.56,4830.29,13390.85,2,36.072
nb_vol07,2024-05-21,8560.56,4597.26,13157.82,2,34.939
nb_vol07,2024-05-22,11333.36,1748.9,13082.26,1,13.368
nb_vol07,2024-05-23,10135.27,2857.85,12993.12,1,21.995
nb_vol07,2024-05-24,5161.06,7814.32,12975.38,3,60.224
nb_vol07,2024-05-27,5161.06,8018.37,13179.43,3,60.84
nb_vol07,2024-05-28,5161.06,7998.56,13159.63,3,60.781
nb_vol07,2024-05-29,5161.06,8150.64,13311.7,3,61.229
nb_vol07,2024-05-30,5161.06,7947.91,13108.97,3,60.63
nb_vol07,2024-05-31,5161.06,7859.05,13020.11,3,60.361
nb_vol07,2024-06-03,5161.06,7700.31,12861.37,3,59.872
nb_vol07,2024-06-04,5161.06,7868.69,13029.75,3,60.39
nb_vol07,2024-06-05,5161.06,7664.45,12825.51,3,59.759
nb_vol07,2024-06-06,5161.06,7701.81,12862.88,3,59.876
nb_vol07,2024-06-07,3766.14,9049.65,12815.79,4,70.613
nb_vol07,2024-06-11,7511.47,5229.32,12740.8,3,41.044
nb_vol07,2024-06-12,7511.47,5204.78,12716.25,3,40.93
nb_vol07,2024-06-13,7511.47,5202.77,12714.24,3,40.921
nb_vol07,2024-06-14,7511.47,5266.65,12778.12,3,41.216
nb_vol07,2024-06-17,7511.47,5366.89,12878.36,3,41.674
nb_vol07,2024-06-18,7511.47,5440.35,12951.82,3,42.005
nb_vol07,2024-06-19,7511.47,5509.56,13021.03,3,42.313
nb_vol07,2024-06-20,7511.47,5466.04,12977.51,3,42.119
nb_vol07,2024-06-21,7511.47,5570.59,13082.06,3,42.582
nb_vol07,2024-06-24,5574.0,7352.72,12926.72,4,56.88
nb_vol07,2024-06-25,10325.8,2455.49,12781.29,2,19.212
nb_vol07,2024-06-26,10325.8,2472.42,12798.23,2,19.318
nb_vol07,2024-06-27,11762.62,971.92,12734.54,1,7.632
nb_vol07,2024-06-28,11762.62,998.11,12760.74,1,7.822
nb_vol07,2024-07-01,9544.14,3268.48,12812.62,2,25.51
nb_vol07,2024-07-02,9544.14,3215.4,12759.54,2,25.2
nb_vol07,2024-07-03,5638.48,7107.22,12745.71,3,55.762
nb_vol07,2024-07-04,5638.48,7101.56,12740.04,3,55.742
nb_vol07,2024-07-05,5638.48,7158.61,12797.1,3,55.939
nb_vol07,2024-07-08,5638.48,7059.88,12698.36,3,55.597
nb_vol07,2024-07-09,7715.34,4958.03,12673.37,2,39.122
nb_vol07,2024-07-10,7715.34,4994.76,12710.09,2,39.298
nb_vol07,2024-07-11,7715.34,5052.1,12767.43,2,39.57
nb_vol07,2024-07-12,7715.34,5037.68,12753.01,2,39.502
nb_vol07,2024-07-15,5539.67,7204.73,12744.4,3,56.533
nb_vol07,2024-07-16,5539.67,7452.42,12992.09,3,57.361
nb_vol07,2024-07-17,5539.67,7488.37,13028.04,3,57.479
nb_vol07,2024-07-18,6541.15,6554.87,13096.02,2,50.052
nb_vol07,2024-07-19,6541.15,6660.33,13201.48,2,50.451
nb_vol07,2024-07-22,6541.15,6619.76,13160.9,2,50.299
nb_vol07,2024-07-23,4983.41,7912.62,12896.03,2,61.357
nb_vol07,2024-07-24,4983.41,7975.67,12959.08,2,61.545
nb_vol07,2024-07-25,8636.88,4096.33,12733.2,1,32.17
nb_vol07,2024-07-26,8636.88,4297.9,12934.78,1,33.227
nb_vol07,2024-07-29,6366.62,6491.7,12858.32,2,50.486
nb_vol07,2024-07-30,6366.62,6467.9,12834.51,2,50.395
nb_vol07,2024-07-31,6366.62,6559.36,12925.98,2,50.746
nb_vol07,2024-08-01,6366.62,6503.08,12869.69,2,50.53
nb_vol07,2024-08-02,6366.62,6396.9,12763.51,2,50.119
nb_vol07,2024-08-05,8492.39,4133.69,12626.09,1,32.739
nb_vol07,2024-08-06,8492.39,4196.62,12689.02,1,33.073
nb_vol07,2024-08-07,4310.04,8387.39,12697.42,2,66.056
nb_vol07,2024-08-08,8321.96,4159.2,12481.16,1,33.324
nb_vol07,2024-08-09,8321.96,4159.2,12481.16,1,33.324
nb_vol07,2024-08-12,4310.0,8003.12,12313.12,2,64.997
nb_vol07,2024-08-13,4310.0,8121.59,12431.6,2,65.33
nb_vol07,2024-08-14,4310.0,8085.21,12395.21,2,65.228
nb_vol07,2024-08-15,4310.0,8098.98,12408.98,2,65.267
nb_vol07,2024-08-16,8231.07,3933.1,12164.17,1,32.334
nb_vol07,2024-08-19,8231.07,3911.47,12142.54,1,32.213
nb_vol07,2024-08-20,4272.03,7771.45,12043.49,2,64.528
nb_vol07,2024-08-21,4272.03,7622.59,11894.63,2,64.084
nb_vol07,2024-08-22,7983.42,3892.79,11876.21,1,32.778
nb_vol07,2024-08-23,4391.99,7530.73,11922.72,2,63.163
nb_vol07,2024-08-26,4391.99,7429.37,11821.36,2,62.847
nb_vol07,2024-08-27,4391.99,7414.53,11806.52,2,62.8
nb_vol07,2024-08-28,4391.99,7478.35,11870.34,2,63.0
nb_vol07,2024-08-29,4391.99,7585.65,11977.64,2,63.332
nb_vol07,2024-08-30,4391.99,7480.18,11872.17,2,63.006
nb_vol07,2024-09-02,7757.9,3995.05,11752.95,1,33.992
nb_vol07,2024-09-03,7757.9,4059.95,11817.84,1,34.354
nb_vol07,2024-09-04,7757.9,4035.36,11793.26,1,34.218
nb_vol07,2024-09-05,7757.9,4042.25,11800.14,1,34.256
nb_vol07,2024-09-06,7757.9,4011.77,11769.66,1,34.086
nb_vol07,2024-09-09,7757.9,3964.57,11722.46,1,33.82
nb_vol07,2024-09-10,7757.9,3973.42,11731.31,1,33.87
nb_vol07,2024-09-11,7757.9,3982.27,11740.16,1,33.92
nb_vol07,2024-09-12,7757.9,3979.32,11737.21,1,33.903
nb_vol07,2024-09-13,7757.9,3980.3,11738.2,1,33.909
nb_vol07,2024-09-18,7757.9,3947.85,11705.75,1,33.726
nb_vol07,2024-09-19,7757.9,3855.43,11613.32,1,33.198
nb_vol07,2024-09-20,11518.2,0.0,11518.2,0,0.0
nb_vol07,2024-09-23,11518.2,0.0,11518.2,0,0.0
nb_vol07,2024-09-24,11518.2,0.0,11518.2,0,0.0
nb_vol07,2024-09-25,11518.2,0.0,11518.2,0,0.0
nb_vol07,2024-09-26,11518.2,0.0,11518.2,0,0.0
nb_vol07,2024-09-27,11518.2,0.0,11518.2,0,0.0
nb_vol07,2024-09-30,11518.2,0.0,11518.2,0,0.0
nb_vol07,2024-10-08,11518.2,0.0,11518.2,0,0.0
nb_vol07,2024-10-09,11518.2,0.0,11518.2,0,0.0
nb_vol07,2024-10-10,5124.25,6345.18,11469.43,2,55.323
nb_vol07,2024-10-11,101.27,10994.83,11096.1,6,99.087
nb_vol07,2024-10-14,2181.12,8976.54,11157.66,5,80.452
nb_vol07,2024-10-15,2181.12,8762.11,10943.23,5,80.069
nb_vol07,2024-10-16,3128.4,7652.49,10780.89,4,70.982
nb_vol07,2024-10-17,3128.4,7608.5,10736.91,4,70.863
nb_vol07,2024-10-18,3128.4,8009.36,11137.76,4,71.912
nb_vol07,2024-10-21,3128.4,8087.67,11216.07,4,72.108
nb_vol07,2024-10-22,5729.92,5446.61,11176.53,3,48.733
nb_vol07,2024-10-23,3298.89,7879.65,11178.54,4,70.489
nb_vol07,2024-10-24,3298.89,7907.44,11206.33,4,70.562
nb_vol07,2024-10-25,3298.89,7989.35,11288.24,4,70.776
nb_vol07,2024-10-28,3298.89,8046.58,11345.46,4,70.923
nb_vol07,2024-10-29,3298.89,8015.79,11314.68,4,70.844
nb_vol07,2024-10-30,3649.35,7650.24,11299.59,3,67.704
nb_vol07,2024-10-31,3649.35,7788.71,11438.06,3,68.095
nb_vol07,2024-11-01,4595.64,6709.61,11305.24,3,59.35
nb_vol07,2024-11-04,4595.64,6872.15,11467.79,3,59.926
nb_vol07,2024-11-05,4595.64,7026.55,11622.19,3,60.458
nb_vol07,2024-11-06,4595.64,7034.32,11629.95,3,60.484
nb_vol07,2024-11-07,4595.64,7096.79,11692.42,3,60.696
nb_vol07,2024-11-08,4595.64,7096.85,11692.48,3,60.696
nb_vol07,2024-11-11,4595.64,7182.03,11777.66,3,60.98
nb_vol07,2024-11-12,2345.64,9477.99,11823.63,4,80.161
nb_vol07,2024-11-13,2345.64,9397.23,11742.88,4,80.025
nb_vol07,2024-11-14,6718.02,4792.7,11510.71,2,41.637
nb_vol07,2024-11-15,2267.61,9068.68,11336.29,4,79.997
nb_vol07,2024-11-18,1739.37,9364.41,11103.77,4,84.335
nb_vol07,2024-11-19,170.9,11135.14,11306.04,5,98.488
nb_vol07,2024-11-20,170.9,11163.83,11334.73,5,98.492
nb_vol07,2024-11-21,170.9,11162.77,11333.67,5,98.492
nb_vol07,2024-11-22,4735.98,6125.4,10861.39,3,56.396
nb_vol07,2024-11-25,9238.16,1537.56,10775.72,1,14.269
nb_vol07,2024-11-26,4378.52,6327.88,10706.4,3,59.104
nb_vol07,2024-11-27,4378.52,6482.93,10861.45,3,59.688
nb_vol07,2024-11-28,4378.52,6408.66,10787.18,3,59.41
nb_vol07,2024-11-29,4378.52,6490.39,10868.91,3,59.715
nb_vol07,2024-12-02,4378.52,6609.88,10988.4,3,60.153
nb_vol07,2024-12-03,4378.52,6605.71,10984.23,3,60.138
nb_vol07,2024-12-04,3078.23,7852.94,10931.17,4,71.84
nb_vol07,2024-12-05,5855.03,5047.9,10902.92,3,46.299
nb_vol07,2024-12-06,5855.03,5069.71,10924.73,3,46.406
nb_vol07,2024-12-09,5855.03,5071.82,10926.84,3,46.416
nb_vol07,2024-12-10,5855.03,5086.38,10941.4,3,46.487
nb_vol07,2024-12-11,5855.03,5147.18,11002.2,3,46.783
nb_vol07,2024-12-12,5855.03,5195.56,11050.59,3,47.016
nb_vol07,2024-12-13,5855.03,5093.46,10948.48,3,46.522
nb_vol07,2024-12-16,5855.03,5028.11,10883.14,3,46.201
nb_vol07,2024-12-17,5855.03,4961.3,10816.33,3,45.869
nb_vol07,2024-12-18,5855.03,5026.47,10881.49,3,46.193
nb_vol07,2024-12-19,8651.0,2241.92,10892.92,1,20.581
nb_vol07,2024-12-20,8651.0,2315.46,10966.45,1,21.114
nb_vol07,2024-12-23,8651.0,2316.4,10967.39,1,21.121
nb_vol07,2024-12-24,8651.0,2328.65,10979.65,1,21.209
nb_vol07,2024-12-25,10973.96,0.0,10973.96,0,0.0
nb_vol07,2024-12-26,10973.96,0.0,10973.96,0,0.0
nb_vol07,2024-12-27,10973.96,0.0,10973.96,0,0.0
nb_vol07,2024-12-30,10973.96,0.0,10973.96,0,0.0
nb_vol07,2024-12-31,10973.96,0.0,10973.96,0,0.0
nb_vol07,2025-01-02,3110.31,7554.95,10665.25,3,70.837
nb_vol07,2025-01-03,10476.15,0.0,10476.15,0,0.0
nb_vol07,2025-01-06,10476.15,0.0,10476.15,0,0.0
nb_vol07,2025-01-07,8227.91,2260.77,10488.68,1,21.554
nb_vol07,2025-01-08,8227.91,2221.18,10449.09,1,21.257
nb_vol07,2025-01-09,8227.91,2221.18,10449.09,1,21.257
nb_vol07,2025-01-10,8227.91,2185.35,10413.26,1,20.986
nb_vol07,2025-01-13,8227.91,2152.36,10380.27,1,20.735
nb_vol07,2025-01-14,8227.91,2244.75,10472.66,1,21.434
nb_vol07,2025-01-15,8227.91,2187.24,10415.15,1,21.001
nb_vol07,2025-01-16,8227.91,2167.44,10395.35,1,20.85
nb_vol07,2025-01-17,8227.91,2257.95,10485.86,1,21.533
nb_vol07,2025-01-20,8227.91,2323.94,10551.85,1,22.024
nb_vol07,2025-01-21,8227.91,2341.85,10569.76,1,22.156
nb_vol07,2025-01-22,8227.91,2361.65,10589.56,1,22.302
nb_vol07,2025-01-23,8227.91,2319.23,10547.14,1,21.989
nb_vol07,2025-01-24,5611.14,5065.3,10676.44,2,47.444
nb_vol07,2025-01-27,5611.14,4845.6,10456.74,2,46.339
nb_vol07,2025-02-05,5611.14,4924.38,10535.52,2,46.741
nb_vol07,2025-02-06,5611.14,5100.37,10711.51,2,47.616
nb_vol07,2025-02-07,5611.14,5339.48,10950.62,2,48.76
nb_vol07,2025-02-10,5611.14,5304.06,10915.2,2,48.593
nb_vol07,2025-02-11,5611.14,5320.09,10931.23,2,48.669
nb_vol07,2025-02-12,5611.14,5394.49,11005.63,2,49.016
nb_vol07,2025-02-13,8035.47,2842.89,10878.36,1,26.133
nb_vol07,2025-02-14,8035.47,3022.94,11058.4,1,27.336
nb_vol07,2025-02-17,8035.47,3082.62,11118.09,1,27.726
nb_vol07,2025-02-18,9123.26,1927.38,11050.64,1,17.441
nb_vol07,2025-02-19,9123.26,1943.15,11066.41,1,17.559
nb_vol07,2025-02-20,9123.26,1984.54,11107.79,1,17.866
nb_vol07,2025-02-21,9123.26,1917.53,11040.79,1,17.368
nb_vol07,2025-02-24,9123.26,1937.24,11060.49,1,17.515
nb_vol07,2025-02-25,9123.26,1913.59,11036.85,1,17.338
nb_vol07,2025-02-26,9123.26,1889.94,11013.2,1,17.161
nb_vol07,2025-02-27,9123.26,1849.54,10972.8,1,16.856
nb_vol07,2025-02-28,4624.16,6124.06,10748.22,2,56.977
nb_vol07,2025-03-03,7455.87,3152.01,10607.88,1,29.714
nb_vol07,2025-03-04,5033.04,5662.8,10695.84,2,52.944
nb_vol07,2025-03-05,3799.96,7013.71,10813.66,3,64.86
nb_vol07,2025-03-06,3799.96,7139.55,10939.5,3,65.264
nb_vol07,2025-03-07,3799.96,7114.56,10914.51,3,65.184
nb_vol07,2025-03-10,3799.96,7020.73,10820.69,3,64.883
nb_vol07,2025-03-11,3799.96,6973.11,10773.06,3,64.727
nb_vol07,2025-03-12,3799.96,7132.82,10932.77,3,65.243
nb_vol07,2025-03-13,3799.96,6957.88,10757.84,3,64.677
nb_vol07,2025-03-14,3799.96,7103.8,10903.75,3,65.15
nb_vol07,2025-03-17,3799.96,7051.4,10851.35,3,64.982
nb_vol07,2025-03-18,3799.96,7155.31,10955.27,3,65.314
nb_vol07,2025-03-19,3799.96,6971.29,10771.24,3,64.721
nb_vol07,2025-03-20,3799.96,6952.64,10752.6,3,64.66
nb_vol07,2025-03-21,3799.96,6814.87,10614.83,3,64.201
nb_vol07,2025-03-24,6858.32,3761.02,10619.35,2,35.417
nb_vol07,2025-03-25,6858.32,3742.45,10600.78,2,35.304
nb_vol07,2025-03-26,6858.32,3699.0,10557.32,2,35.037
nb_vol07,2025-03-27,8166.16,2333.37,10499.53,1,22.224
nb_vol07,2025-03-28,8166.16,2310.74,10476.9,1,22.056
nb_vol07,2025-03-31,10434.72,0.0,10434.72,0,0.0
nb_vol07,2025-04-01,7921.3,2513.63,10434.93,1,24.089
nb_vol07,2025-04-02,7921.3,2503.96,10425.26,1,24.018
nb_vol07,2025-04-03,7921.3,2461.42,10382.72,1,23.707
nb_vol07,2025-04-07,10132.68,0.0,10132.68,0,0.0
nb_vol07,2025-04-08,8068.15,2095.88,10164.03,1,20.621
nb_vol07,2025-04-09,8068.15,2179.64,10247.78,1,21.269
nb_vol07,2025-04-10,8068.15,2352.08,10420.22,1,22.572
nb_vol07,2025-04-11,8068.15,2532.4,10600.55,1,23.889
nb_vol07,2025-04-14,8068.15,2718.64,10786.78,1,25.203
nb_vol07,2025-04-15,8068.15,2730.46,10798.61,1,25.285
nb_vol07,2025-04-16,8068.15,2951.18,11019.33,1,26.782
nb_vol07,2025-04-17,11021.67,0.0,11021.67,0,0.0
nb_vol07,2025-04-18,11021.67,0.0,11021.67,0,0.0
nb_vol07,2025-04-21,11021.67,0.0,11021.67,0,0.0
nb_vol07,2025-04-22,11021.67,0.0,11021.67,0,0.0
nb_vol07,2025-04-23,11021.67,0.0,11021.67,0,0.0
nb_vol07,2025-04-24,8237.1,2724.55,10961.64,1,24.855
nb_vol07,2025-04-25,8237.1,2670.35,10907.45,1,24.482
nb_vol07,2025-04-28,10823.64,0.0,10823.64,0,0.0
nb_vol07,2025-04-29,10823.64,0.0,10823.64,0,0.0
nb_vol07,2025-04-30,10823.64,0.0,10823.64,0,0.0
nb_vol07,2025-05-06,10823.64,0.0,10823.64,0,0.0
nb_vol07,2025-05-07,10823.64,0.0,10823.64,0,0.0
nb_vol07,2025-05-08,8116.99,2627.0,10743.98,1,24.451
nb_vol07,2025-05-09,8116.99,2647.69,10764.68,1,24.596
nb_vol07,2025-05-12,10652.15,0.0,10652.15,0,0.0
nb_vol07,2025-05-13,10652.15,0.0,10652.15,0,0.0
nb_vol07,2025-05-14,8053.99,2594.48,10648.47,1,24.365
nb_vol07,2025-05-15,8053.99,2569.84,10623.84,1,24.189
nb_vol07,2025-05-16,8053.99,2565.9,10619.9,1,24.161
nb_vol07,2025-05-19,8053.99,2564.92,10618.91,1,24.154
nb_vol07,2025-05-20,8053.99,2595.46,10649.46,1,24.372
nb_vol07,2025-05-21,8053.99,2741.3,10795.29,1,25.393
nb_vol07,2025-05-22,8053.99,2708.78,10762.78,1,25.168
nb_vol07,2025-05-23,10715.32,0.0,10715.32,0,0.0
nb_vol07,2025-05-26,10715.32,0.0,10715.32,0,0.0
nb_vol07,2025-05-27,10715.32,0.0,10715.32,0,0.0
nb_vol07,2025-05-28,10715.32,0.0,10715.32,0,0.0
nb_vol07,2025-05-29,10715.32,0.0,10715.32,0,0.0
nb_vol07,2025-05-30,10715.32,0.0,10715.32,0,0.0
nb_vol07,2025-06-03,10715.32,0.0,10715.32,0,0.0
nb_vol07,2025-06-04,10715.32,0.0,10715.32,0,0.0
nb_vol07,2025-06-05,10715.32,0.0,10715.32,0,0.0
nb_vol07,2025-06-06,10715.32,0.0,10715.32,0,0.0
nb_vol07,2025-06-09,10715.32,0.0,10715.32,0,0.0
nb_vol07,2025-06-10,10715.32,0.0,10715.32,0,0.0
nb_vol07,2025-06-11,10715.32,0.0,10715.32,0,0.0
nb_vol07,2025-06-12,10715.32,0.0,10715.32,0,0.0
nb_vol07,2025-06-13,10715.32,0.0,10715.32,0,0.0
nb_vol07,2025-06-16,10715.32,0.0,10715.32,0,0.0
nb_vol07,2025-06-17,10715.32,0.0,10715.32,0,0.0
nb_vol07,2025-06-18,10715.32,0.0,10715.32,0,0.0
nb_vol07,2025-06-19,10715.32,0.0,10715.32,0,0.0
nb_vol07,2025-06-20,8034.31,2660.5,10694.81,1,24.877
nb_vol07,2025-06-23,8034.31,2641.78,10676.08,1,24.745
nb_vol07,2025-06-24,10545.5,0.0,10545.5,0,0.0
nb_vol07,2025-06-25,10545.5,0.0,10545.5,0,0.0
nb_vol07,2025-06-26,10545.5,0.0,10545.5,0,0.0
nb_vol07,2025-06-27,10545.5,0.0,10545.5,0,0.0
nb_vol07,2025-06-30,10545.5,0.0,10545.5,0,0.0
nb_vol07,2025-07-01,10545.5,0.0,10545.5,0,0.0
nb_vol07,2025-07-02,10545.5,0.0,10545.5,0,0.0
nb_vol07,2025-07-03,10545.5,0.0,10545.5,0,0.0
nb_vol07,2025-07-04,10545.5,0.0,10545.5,0,0.0
nb_vol07,2025-07-07,5263.85,5260.41,10524.26,2,49.984
nb_vol07,2025-07-08,5263.85,5330.61,10594.46,2,50.315
nb_vol07,2025-07-09,5263.85,5287.47,10551.32,2,50.112
nb_vol07,2025-07-10,5263.85,5299.42,10563.27,2,50.168
nb_vol07,2025-07-11,5263.85,5325.32,10589.17,2,50.29
nb_vol07,2025-07-14,5263.85,5340.94,10604.79,2,50.363
nb_vol07,2025-07-15,5263.85,5286.09,10549.94,2,50.105
nb_vol07,2025-07-16,5263.85,5250.71,10514.56,2,49.938
nb_vol07,2025-07-17,5263.85,5305.26,10569.11,2,50.196
nb_vol07,2025-07-18,5263.85,5297.91,10561.76,2,50.161
nb_vol07,2025-07-21,5263.85,5470.64,10734.49,2,50.963
nb_vol07,2025-07-22,5263.85,5563.29,10827.14,2,51.383
nb_vol07,2025-07-23,5263.85,5465.1,10728.95,2,50.938
nb_vol07,2025-07-24,5263.85,5563.58,10827.43,2,51.384
nb_vol07,2025-07-25,5263.85,5488.42,10752.27,2,51.044
nb_vol07,2025-07-28,5263.85,5492.44,10756.29,2,51.063
nb_vol07,2025-07-29,5263.85,5462.79,10726.64,2,50.927
nb_vol07,2025-07-30,5263.85,5435.17,10699.02,2,50.801
nb_vol07,2025-07-31,7859.8,2753.19,10612.99,1,25.942
nb_vol07,2025-08-01,4607.08,6015.0,10622.08,2,56.627
nb_vol07,2025-08-04,4607.08,6023.74,10630.82,2,56.663
nb_vol07,2025-08-05,4607.08,6134.64,10741.73,2,57.11
nb_vol07,2025-08-06,4607.08,6129.21,10736.29,2,57.089
nb_vol07,2025-08-07,4607.08,6127.74,10734.82,2,57.083
nb_vol07,2025-08-08,4607.08,6228.71,10835.79,2,57.483
nb_vol07,2025-08-11,4607.08,6264.23,10871.31,2,57.622
nb_vol07,2025-08-12,4607.08,6284.37,10891.45,2,57.7
nb_vol07,2025-08-13,4607.08,6347.04,10954.12,2,57.942
nb_vol07,2025-08-14,4607.08,6282.91,10889.99,2,57.694
nb_vol07,2025-08-15,4607.08,6502.21,11109.29,2,58.529
nb_vol07,2025-08-18,4607.08,6437.96,11045.04,2,58.288
nb_vol07,2025-08-19,4607.08,6428.96,11036.04,2,58.254
nb_vol07,2025-08-20,4607.08,6458.36,11065.44,2,58.365
nb_vol07,2025-08-21,4607.08,6408.67,11015.75,2,58.177
nb_vol07,2025-08-22,4607.08,6454.91,11061.99,2,58.352
nb_vol07,2025-08-25,4607.08,6666.26,11273.34,2,59.133
nb_vol07,2025-08-26,4607.08,6757.81,11364.9,2,59.462
nb_vol07,2025-08-27,4607.08,6599.09,11206.17,2,58.888
nb_vol07,2025-08-28,4607.08,6711.87,11318.95,2,59.298
nb_vol07,2025-08-29,7945.03,3228.29,11173.32,1,28.893
nb_vol07,2025-09-01,7945.03,3208.41,11153.44,1,28.766
nb_vol07,2025-09-02,4895.3,6121.77,11017.07,2,55.566
nb_vol07,2025-09-03,7963.66,2980.8,10944.46,1,27.236
nb_vol07,2025-09-04,8455.82,2251.18,10707.0,1,21.025
nb_vol07,2025-09-05,7599.2,3217.4,10816.6,1,29.745
nb_vol07,2025-09-08,5650.98,5259.51,10910.49,2,48.206
nb_vol07,2025-09-09,5650.98,5092.68,10743.67,2,47.402
nb_vol07,2025-09-10,5650.98,5173.51,10824.5,2,47.794
nb_vol07,2025-09-11,5650.98,5376.21,11027.2,2,48.754
nb_vol07,2025-09-12,5650.98,5358.28,11009.27,2,48.671
nb_vol07,2025-09-15,5255.39,5694.51,10949.9,2,52.005
nb_vol07,2025-09-16,5255.39,5740.87,10996.26,2,52.207
nb_vol07,2025-09-17,5255.39,5789.7,11045.09,2,52.419
nb_vol07,2025-09-18,8651.25,2395.56,11046.81,1,21.686
nb_vol07,2025-09-19,5925.48,5122.26,11047.74,2,46.365
nb_vol07,2025-09-22,4424.13,6817.08,11241.2,3,60.644
nb_vol07,2025-09-23,7222.89,3804.91,11027.8,2,34.503
nb_vol07,2025-09-24,7222.89,3864.65,11087.54,2,34.856
nb_vol07,2025-09-25,7222.89,4017.72,11240.61,2,35.743
nb_vol07,2025-09-26,7222.89,3923.31,11146.2,2,35.199
nb_vol07,2025-09-29,4453.45,6814.72,11268.17,3,60.478
nb_vol07,2025-09-30,4453.45,6976.35,11429.8,3,61.037
nb_vol07,2025-10-09,4453.45,7414.19,11867.64,3,62.474
nb_vol07,2025-10-10,9687.52,1931.95,11619.48,1,16.627
nb_vol07,2025-10-13,9362.83,2209.6,11572.43,1,19.094
nb_vol07,2025-10-14,9362.83,2077.92,11440.75,1,18.162
nb_vol07,2025-10-15,2951.51,8668.59,11620.1,3,74.6
nb_vol07,2025-10-16,2951.51,8569.31,11520.82,3,74.381
nb_vol07,2025-10-17,1961.66,9205.96,11167.63,3,82.434
nb_vol07,2025-10-20,1961.66,9515.95,11477.62,3,82.909
nb_vol07,2025-10-21,5044.52,6387.97,11432.49,2,55.876
nb_vol07,2025-10-22,1563.22,9734.08,11297.29,3,86.163
nb_vol07,2025-10-23,1563.22,9765.5,11328.72,3,86.201
nb_vol07,2025-10-24,1563.22,10029.18,11592.4,3,86.515
nb_vol07,2025-10-27,1563.22,10089.9,11653.12,3,86.585
nb_vol07,2025-10-28,1563.22,9686.81,11250.02,3,86.105
nb_vol07,2025-10-29,1563.22,9957.88,11521.1,3,86.432
nb_vol07,2025-10-30,1563.22,9849.3,11412.52,3,86.303
nb_vol07,2025-10-31,1563.22,9633.01,11196.23,3,86.038
nb_vol07,2025-11-03,2554.31,8502.16,11056.47,3,76.898
nb_vol07,2025-11-04,2782.62,7969.58,10752.2,3,74.12
nb_vol07,2025-11-05,2782.62,8049.97,10832.59,3,74.313
nb_vol07,2025-11-06,2782.62,8161.44,10944.06,3,74.574
nb_vol07,2025-11-07,2782.62,8081.67,10864.29,3,74.387
nb_vol07,2025-11-10,2782.62,8198.62,10981.24,3,74.66
nb_vol07,2025-11-11,1073.3,9749.83,10823.13,4,90.083
nb_vol07,2025-11-12,3112.21,7556.38,10668.59,3,70.828
nb_vol07,2025-11-13,3112.21,7730.33,10842.54,3,71.296
nb_vol07,2025-11-14,3112.21,7560.31,10672.52,3,70.839
nb_vol07,2025-11-17,8881.47,1625.08,10506.55,1,15.467
nb_vol07,2025-11-18,8881.47,1623.09,10504.56,1,15.451
nb_vol07,2025-11-19,5600.59,4895.76,10496.35,2,46.642
nb_vol07,2025-11-20,5600.59,4858.09,10458.69,2,46.45
nb_vol07,2025-11-21,7175.2,3066.48,10241.68,1,29.941
nb_vol07,2025-11-24,7175.2,3079.39,10254.59,1,30.029
nb_vol07,2025-11-25,7175.2,3066.48,10241.68,1,29.941
nb_vol07,2025-11-26,7175.2,3047.11,10222.32,1,29.808
nb_vol07,2025-11-27,7175.2,3053.57,10228.77,1,29.853
nb_vol07,2025-11-28,7175.2,3047.11,10222.32,1,29.808
nb_vol07,2025-12-01,7175.2,3105.21,10280.42,1,30.205
nb_vol07,2025-12-02,7175.2,3066.48,10241.68,1,29.941
nb_vol07,2025-12-03,7175.2,3189.14,10364.34,1,30.77
nb_vol07,2025-12-04,7175.2,3169.77,10344.97,1,30.641
nb_vol07,2025-12-05,7175.2,3440.91,10616.12,1,32.412
nb_vol07,2025-12-08,7175.2,3369.9,10545.1,1,31.957
nb_vol07,2025-12-09,10462.23,0.0,10462.23,0,0.0
nb_vol07,2025-12-10,10462.23,0.0,10462.23,0,0.0
nb_vol07,2025-12-11,7245.48,3189.14,10434.62,1,30.563
nb_vol07,2025-12-12,7245.48,3230.02,10475.51,1,30.834
nb_vol07,2025-12-15,7245.48,3155.06,10400.55,1,30.336
nb_vol07,2025-12-16,7245.48,3134.62,10380.11,1,30.198
nb_vol07,2025-12-17,7245.48,3189.14,10434.62,1,30.563
nb_vol07,2025-12-18,7245.48,3175.51,10420.99,1,30.472
nb_vol07,2025-12-19,7245.48,3264.1,10509.58,1,31.058
nb_vol07,2025-12-22,7245.48,3284.54,10530.02,1,31.192
nb_vol07,2025-12-23,7245.48,3420.83,10666.31,1,32.071
nb_vol07,2025-12-24,7245.48,3441.27,10686.75,1,32.201
nb_vol07,2025-12-25,7245.48,3414.01,10659.5,1,32.028
nb_vol07,2025-12-26,5425.72,5447.28,10873.0,2,50.099
nb_vol07,2025-12-29,5425.72,5362.95,10788.67,2,49.709
nb_vol07,2025-12-30,5425.72,5415.47,10841.19,2,49.953
nb_vol07,2025-12-31,5425.72,5467.15,10892.87,2,50.19
nb_vol07,2026-01-05,5425.72,5566.81,10992.53,2,50.642
nb_vol07,2026-01-06,5425.72,5678.68,11104.4,2,51.139
nb_vol07,2026-01-07,5425.72,5794.67,11220.39,2,51.644
nb_vol07,2026-01-08,5425.72,5722.41,11148.13,2,51.331
nb_vol07,2026-01-09,5425.72,5823.21,11248.93,2,51.767
nb_vol07,2026-01-12,5425.72,5774.8,11200.52,2,51.558
nb_vol07,2026-01-13,5425.72,5725.81,11151.53,2,51.346
nb_vol07,2026-01-14,5425.72,5822.35,11248.07,2,51.763
nb_vol07,2026-01-15,2951.26,8318.92,11270.17,3,73.814
nb_vol07,2026-01-16,2951.26,8459.89,11411.14,3,74.137
nb_vol07,2026-01-19,2951.26,8798.76,11750.01,3,74.883
nb_vol07,2026-01-20,2951.26,9177.08,12128.34,3,75.666
nb_vol07,2026-01-21,2951.26,9148.33,12099.59,3,75.609
nb_vol07,2026-01-22,3482.24,8453.25,11935.49,3,70.824
nb_vol07,2026-01-23,3482.24,8800.9,12283.14,3,71.65
nb_vol07,2026-01-26,3482.24,9375.72,12857.96,3,72.918
nb_vol07,2026-01-27,3482.24,9259.08,12741.32,3,72.67
nb_vol07,2026-01-28,3482.24,9776.04,13258.28,3,73.735
nb_vol07,2026-01-29,10899.01,2206.11,13105.12,1,16.834
nb_vol07,2026-01-30,6605.9,6476.14,13082.05,2,49.504
nb_vol07,2026-02-02,8087.86,4499.48,12587.35,2,35.746
nb_vol07,2026-02-03,4171.35,8619.39,12790.73,3,67.388
nb_vol07,2026-02-04,4171.35,8596.25,12767.6,3,67.329
nb_vol07,2026-02-05,1188.53,11308.21,12496.74,4,90.489
nb_vol07,2026-02-06,7012.4,5090.8,12103.2,2,42.062
nb_vol07,2026-02-09,7012.4,5328.64,12341.04,2,43.178
nb_vol07,2026-02-10,7012.4,5306.75,12319.15,2,43.077
nb_vol07,2026-02-11,7012.4,5251.69,12264.09,2,42.822
nb_vol07,2026-02-12,4969.79,7521.29,12491.07,3,60.213
nb_vol07,2026-02-13,4969.79,7384.63,12354.42,3,59.773
nb_vol07,2026-02-24,4969.79,7445.75,12415.54,3,59.971
nb_vol07,2026-02-25,4969.79,7534.47,12504.26,3,60.255
nb_vol07,2026-02-26,4969.79,7657.6,12627.39,3,60.643
nb_vol07,2026-02-27,4969.79,7654.62,12624.41,3,60.633
nb_vol07,2026-03-02,4969.79,7591.78,12561.57,3,60.437
nb_vol07,2026-03-03,12350.61,0.0,12350.61,0,0.0
nb_vol07,2026-03-04,12350.61,0.0,12350.61,0,0.0
nb_vol07,2026-03-05,9960.33,2357.22,12317.55,1,19.137
nb_vol07,2026-03-06,7216.27,5030.26,12246.53,2,41.075
nb_vol07,2026-03-09,8155.44,4021.0,12176.45,1,33.023
nb_vol07,2026-03-10,8155.44,4051.74,12207.19,1,33.191
nb_vol07,2026-03-11,8155.44,4138.01,12293.46,1,33.66
nb_vol07,2026-03-12,8155.44,4199.49,12354.94,1,33.99
nb_vol07,2026-03-13,5871.83,6271.84,12143.67,2,51.647
nb_vol07,2026-03-16,9449.02,2532.99,11982.01,1,21.14
nb_vol07,2026-03-17,6757.69,5035.36,11793.06,2,42.698
nb_vol07,2026-03-18,6757.69,5267.63,12025.33,2,43.804
nb_vol07,2026-03-19,6757.69,5244.95,12002.64,2,43.698
nb_vol07,2026-03-20,9362.75,2554.41,11917.15,1,21.435
nb_vol07,2026-03-23,11799.13,0.0,11799.13,0,0.0
nb_vol07,2026-03-24,11799.13,0.0,11799.13,0,0.0
nb_vol07,2026-03-25,11799.13,0.0,11799.13,0,0.0
nb_vol07,2026-03-26,11799.13,0.0,11799.13,0,0.0
nb_vol07,2026-03-27,9179.44,2688.59,11868.02,1,22.654
nb_vol07,2026-03-30,9179.44,2881.41,12060.85,1,23.891
nb_vol07,2026-03-31,9179.44,2990.74,12170.18,1,24.574
nb_vol07,2026-04-01,12044.1,0.0,12044.1,0,0.0
nb_vol07,2026-04-02,12044.1,0.0,12044.1,0,0.0
nb_vol07,2026-04-03,12044.1,0.0,12044.1,0,0.0
nb_vol07,2026-04-07,12044.1,0.0,12044.1,0,0.0
nb_vol07,2026-04-08,12044.1,0.0,12044.1,0,0.0
nb_vol07,2026-04-09,12044.1,0.0,12044.1,0,0.0
nb_vol07,2026-04-10,12044.1,0.0,12044.1,0,0.0
nb_vol07,2026-04-13,12044.1,0.0,12044.1,0,0.0
nb_vol07,2026-04-14,12044.1,0.0,12044.1,0,0.0
nb_vol07,2026-04-15,12044.1,0.0,12044.1,0,0.0
nb_vol07,2026-04-16,12044.1,0.0,12044.1,0,0.0
nb_vol07,2026-04-17,12044.1,0.0,12044.1,0,0.0
nb_vol07,2026-04-20,12044.1,0.0,12044.1,0,0.0
nb_vol07,2026-04-21,12044.1,0.0,12044.1,0,0.0
nb_vol07,2026-04-22,12044.1,0.0,12044.1,0,0.0
nb_vol07,2026-04-23,12044.1,0.0,12044.1,0,0.0
nb_vol07,2026-04-24,12044.1,0.0,12044.1,0,0.0
nb_vol07,2026-04-27,12044.1,0.0,12044.1,0,0.0
nb_vol07,2026-04-28,12044.1,0.0,12044.1,0,0.0
nb_vol07,2026-04-29,12044.1,0.0,12044.1,0,0.0
nb_vol07,2026-04-30,12044.1,0.0,12044.1,0,0.0
nb_vol07,2026-05-06,12044.1,0.0,12044.1,0,0.0
nb_vol07,2026-05-07,12044.1,0.0,12044.1,0,0.0
nb_vol07,2026-05-08,12044.1,0.0,12044.1,0,0.0
nb_vol07,2026-05-11,12044.1,0.0,12044.1,0,0.0
nb_vol07,2026-05-12,12044.1,0.0,12044.1,0,0.0
nb_vol07,2026-05-13,12044.1,0.0,12044.1,0,0.0
nb_vol07,2026-05-14,12044.1,0.0,12044.1,0,0.0
nb_vol07,2026-05-15,12044.1,0.0,12044.1,0,0.0
nb_vol07,2026-05-18,12044.1,0.0,12044.1,0,0.0
nb_vol07,2026-05-19,12044.1,0.0,12044.1,0,0.0
nb_vol07,2026-05-20,12044.1,0.0,12044.1,0,0.0
nb_vol07,2026-05-21,12044.1,0.0,12044.1,0,0.0
nb_vol07,2026-05-22,12044.1,0.0,12044.1,0,0.0
nb_vol07,2026-05-25,12044.1,0.0,12044.1,0,0.0
nb_vol07,2026-05-26,8070.88,3951.44,12022.32,1,32.868
nb_vol07,2026-05-27,5168.82,6584.62,11753.44,2,56.023
nb_vol07,2026-05-28,7817.35,4027.41,11844.77,1,34.002
nb_vol07,2026-05-29,7817.35,4193.4,12010.75,1,34.914
nb_vol07,2026-06-01,11834.27,0.0,11834.27,0,0.0
nb_vol07,2026-06-02,8510.93,3295.04,11805.97,1,27.91
nb_vol07,2026-06-03,8510.93,3461.64,11972.57,1,28.913
nb_vol07,2026-06-04,8510.93,3523.49,12034.42,1,29.278
nb_vol07,2026-06-05,11923.77,0.0,11923.77,0,0.0
nb_vol07,2026-06-08,11923.77,0.0,11923.77,0,0.0
nb_vol07,2026-06-09,11923.77,0.0,11923.77,0,0.0
nb_vol07,2026-06-10,8503.56,3344.92,11848.48,1,28.231
nb_vol07,2026-06-11,8503.56,3310.0,11813.57,1,28.019
nb_vol07,2026-06-12,11708.71,0.0,11708.71,0,0.0
nb_vol07,2026-06-15,11708.71,0.0,11708.71,0,0.0
nb_vol07,2026-06-16,11708.71,0.0,11708.71,0,0.0
nb_vol07,2026-06-17,11708.71,0.0,11708.71,0,0.0
nb_vol07,2026-06-18,7980.95,4103.0,12083.95,1,33.954
nb_vol07,2026-06-22,7980.95,4513.0,12493.95,1,36.121
nb_vol07,2026-06-23,7980.95,4288.0,12268.95,1,34.95
nb_vol07,2026-06-24,12166.62,0.0,12166.62,0,0.0
nb_vol07,2026-06-25,12166.62,0.0,12166.62,0,0.0
nb_vol07,2026-06-26,12166.62,0.0,12166.62,0,0.0
nb_vol07,2026-06-29,12166.62,0.0,12166.62,0,0.0
nb_vol07,2026-06-30,12166.62,0.0,12166.62,0,0.0
nb_vol07,2026-07-01,12166.62,0.0,12166.62,0,0.0
nb_vol07,2026-07-02,12166.62,0.0,12166.62,0,0.0
nb_vol07,2026-07-03,12166.62,0.0,12166.62,0,0.0
nb_vol07,2026-07-06,12166.62,0.0,12166.62,0,0.0
nb_vol07,2026-07-07,12166.62,0.0,12166.62,0,0.0
nb_vol07,2026-07-08,12166.62,0.0,12166.62,0,0.0
nb_vol07,2026-07-09,12166.62,0.0,12166.62,0,0.0
nb_vol07,2026-07-10,12166.62,0.0,12166.62,0,0.0
nb_vol07,2026-07-13,12166.62,0.0,12166.62,0,0.0
nb_vol07,2026-07-14,12166.62,0.0,12166.62,0,0.0
nb_vol07,2026-07-15,12166.62,0.0,12166.62,0,0.0
nb_vol07,2026-07-16,8170.59,3872.0,12042.59,1,32.153
nb_vol07,2026-07-17,11915.92,0.0,11915.92,0,0.0
nb_vol07,2026-07-20,11915.92,0.0,11915.92,0,0.0
nb_vol07,2026-07-21,11915.92,0.0,11915.92,0,0.0
nb_vol07,2026-07-22,11915.92,0.0,11915.92,0,0.0
nb_vol07,2026-07-23,11915.92,0.0,11915.92,0,0.0
nb_vol07,2026-07-24,11915.92,0.0,11915.92,0,0.0
nb_vol07,2026-07-27,11915.92,0.0,11915.92,0,0.0
nb_vol07,2026-07-28,8934.92,2833.0,11767.92,1,24.074
nb_vol07,2026-07-29,11727.69,0.0,11727.69,0,0.0
nb_vol07,2026-07-30,8359.3,3360.0,11719.3,1,28.671
nb_vol07,2026-07-31,8359.3,3489.0,11848.3,1,29.447
nb_vol07,2026-08-03,8359.3,3310.0,11669.3,1,28.365
nb_vol07,2026-08-04,8359.3,3432.0,11791.3,1,29.106
nb_vol07,2026-08-05,11808.08,0.0,11808.08,0,0.0
nb_vol07,2026-08-06,11808.08,0.0,11808.08,0,0.0
nb_vol07,2026-08-07,5180.4,6760.0,11940.4,2,56.615
nb_vol07,2026-08-10,5180.4,6766.0,11946.4,2,56.636
nb_vol07,2026-08-11,5180.4,6734.0,11914.4,2,56.52
nb_vol07,2026-08-12,8115.95,3700.0,11815.95,1,31.314
nb_vol07,2026-08-13,8115.95,3960.0,12075.95,1,32.792
nb_vol07,2026-08-14,4228.03,7973.0,12201.03,2,65.347
nb_vol07,2026-08-17,4228.03,8181.0,12409.03,2,65.928
nb_vol07,2026-08-18,8099.17,4221.0,12320.17,1,34.261
nb_vol07,2026-08-19,5010.06,7220.0,12230.06,2,59.035
nb_vol07,2026-08-20,1468.49,11191.0,12659.49,3,88.4
nb_vol07,2026-08-21,1468.49,11904.0,13372.49,3,89.019
nb_vol07,2026-08-24,9460.4,3449.0,12909.4,1,26.717
nb_vol07,2026-08-25,9460.4,3510.0,12970.4,1,27.062
nb_vol07,2026-08-26,9460.4,3490.0,12950.4,1,26.949
nb_vol07,2026-08-27,9460.4,3643.0,13103.4,1,27.802
nb_vol07,2026-08-28,9460.4,3589.0,13049.4,1,27.503
nb_vol07,2026-08-31,9460.4,3895.0,13355.4,1,29.164
nb_vol07,2026-09-01,9460.4,3832.0,13292.4,1,28.829
nb_vol07,2026-09-02,9460.4,3799.0,13259.4,1,28.651
nb_vol07,2026-09-03,9460.4,3813.0,13273.4,1,28.727
nb_vol07,2026-09-04,13126.85,0.0,13126.85,0,0.0
nb_vol07,2026-09-07,13126.85,0.0,13126.85,0,0.0
nb_vol07,2026-09-08,13126.85,0.0,13126.85,0,0.0
nb_vol07,2026-09-09,13126.85,0.0,13126.85,0,0.0
nb_vol07,2026-09-10,8804.49,4430.0,13234.49,1,33.473
nb_vol07,2026-09-11,5280.94,7898.0,13178.94,2,59.929
nb_vol07,2026-09-14,5280.94,7930.0,13210.94,2,60.026
indep_601138,2023-09-14,13822.47,0.0,13822.47,0,0.0
indep_601138,2023-09-15,13822.47,0.0,13822.47,0,0.0
indep_601138,2023-09-18,13822.47,0.0,13822.47,0,0.0
indep_601138,2023-09-19,13822.47,0.0,13822.47,0,0.0
indep_601138,2023-09-20,13822.47,0.0,13822.47,0,0.0
indep_601138,2023-09-21,13822.47,0.0,13822.47,0,0.0
indep_601138,2023-09-22,13822.47,0.0,13822.47,0,0.0
indep_601138,2023-09-25,13822.47,0.0,13822.47,0,0.0
indep_601138,2023-09-26,13822.47,0.0,13822.47,0,0.0
indep_601138,2023-09-27,13822.47,0.0,13822.47,0,0.0
indep_601138,2023-09-28,13822.47,0.0,13822.47,0,0.0
indep_601138,2023-10-09,13822.47,0.0,13822.47,0,0.0
indep_601138,2023-10-10,13822.47,0.0,13822.47,0,0.0
indep_601138,2023-10-11,13822.47,0.0,13822.47,0,0.0
indep_601138,2023-10-12,13822.47,0.0,13822.47,0,0.0
indep_601138,2023-10-13,13822.47,0.0,13822.47,0,0.0
indep_601138,2023-10-16,13822.47,0.0,13822.47,0,0.0
indep_601138,2023-10-17,13822.47,0.0,13822.47,0,0.0
indep_601138,2023-10-18,13822.47,0.0,13822.47,0,0.0
indep_601138,2023-10-19,13822.47,0.0,13822.47,0,0.0
indep_601138,2023-10-20,13822.47,0.0,13822.47,0,0.0
indep_601138,2023-10-23,13822.47,0.0,13822.47,0,0.0
indep_601138,2023-10-24,13822.47,0.0,13822.47,0,0.0
indep_601138,2023-10-25,13822.47,0.0,13822.47,0,0.0
indep_601138,2023-10-26,13822.47,0.0,13822.47,0,0.0
indep_601138,2023-10-27,13822.47,0.0,13822.47,0,0.0
indep_601138,2023-10-30,13822.47,0.0,13822.47,0,0.0
indep_601138,2023-10-31,13822.47,0.0,13822.47,0,0.0
indep_601138,2023-11-01,13822.47,0.0,13822.47,0,0.0
indep_601138,2023-11-02,13822.47,0.0,13822.47,0,0.0
indep_601138,2023-11-03,13822.47,0.0,13822.47,0,0.0
indep_601138,2023-11-06,13822.47,0.0,13822.47,0,0.0
indep_601138,2023-11-07,13822.47,0.0,13822.47,0,0.0
indep_601138,2023-11-08,13822.47,0.0,13822.47,0,0.0
indep_601138,2023-11-09,13822.47,0.0,13822.47,0,0.0
indep_601138,2023-11-10,13822.47,0.0,13822.47,0,0.0
indep_601138,2023-11-13,13822.47,0.0,13822.47,0,0.0
indep_601138,2023-11-14,13822.47,0.0,13822.47,0,0.0
indep_601138,2023-11-15,13822.47,0.0,13822.47,0,0.0
indep_601138,2023-11-16,13822.47,0.0,13822.47,0,0.0
indep_601138,2023-11-17,13822.47,0.0,13822.47,0,0.0
indep_601138,2023-11-20,13822.47,0.0,13822.47,0,0.0
indep_601138,2023-11-21,13822.47,0.0,13822.47,0,0.0
indep_601138,2023-11-22,13822.47,0.0,13822.47,0,0.0
indep_601138,2023-11-23,13822.47,0.0,13822.47,0,0.0
indep_601138,2023-11-24,13822.47,0.0,13822.47,0,0.0
indep_601138,2023-11-27,13822.47,0.0,13822.47,0,0.0
indep_601138,2023-11-28,13822.47,0.0,13822.47,0,0.0
indep_601138,2023-11-29,13822.47,0.0,13822.47,0,0.0
indep_601138,2023-11-30,13822.47,0.0,13822.47,0,0.0
indep_601138,2023-12-01,13822.47,0.0,13822.47,0,0.0
indep_601138,2023-12-04,13822.47,0.0,13822.47,0,0.0
indep_601138,2023-12-05,13822.47,0.0,13822.47,0,0.0
indep_601138,2023-12-06,13822.47,0.0,13822.47,0,0.0
indep_601138,2023-12-07,13822.47,0.0,13822.47,0,0.0
indep_601138,2023-12-08,13822.47,0.0,13822.47,0,0.0
indep_601138,2023-12-11,13822.47,0.0,13822.47,0,0.0
indep_601138,2023-12-12,13822.47,0.0,13822.47,0,0.0
indep_601138,2023-12-13,13822.47,0.0,13822.47,0,0.0
indep_601138,2023-12-14,13822.47,0.0,13822.47,0,0.0
indep_601138,2023-12-15,13822.47,0.0,13822.47,0,0.0
indep_601138,2023-12-18,13822.47,0.0,13822.47,0,0.0
indep_601138,2023-12-19,13822.47,0.0,13822.47,0,0.0
indep_601138,2023-12-20,13822.47,0.0,13822.47,0,0.0
indep_601138,2023-12-21,13822.47,0.0,13822.47,0,0.0
indep_601138,2023-12-22,13822.47,0.0,13822.47,0,0.0
indep_601138,2023-12-25,13822.47,0.0,13822.47,0,0.0
indep_601138,2023-12-26,13822.47,0.0,13822.47,0,0.0
indep_601138,2023-12-27,13822.47,0.0,13822.47,0,0.0
indep_601138,2023-12-28,13822.47,0.0,13822.47,0,0.0
indep_601138,2023-12-29,13822.47,0.0,13822.47,0,0.0
indep_601138,2024-01-02,13822.47,0.0,13822.47,0,0.0
indep_601138,2024-01-03,13822.47,0.0,13822.47,0,0.0
indep_601138,2024-01-04,13822.47,0.0,13822.47,0,0.0
indep_601138,2024-01-05,13822.47,0.0,13822.47,0,0.0
indep_601138,2024-01-08,13822.47,0.0,13822.47,0,0.0
indep_601138,2024-01-09,13822.47,0.0,13822.47,0,0.0
indep_601138,2024-01-10,13822.47,0.0,13822.47,0,0.0
indep_601138,2024-01-11,13822.47,0.0,13822.47,0,0.0
indep_601138,2024-01-12,13822.47,0.0,13822.47,0,0.0
indep_601138,2024-01-15,13822.47,0.0,13822.47,0,0.0
indep_601138,2024-01-16,13822.47,0.0,13822.47,0,0.0
indep_601138,2024-01-17,13822.47,0.0,13822.47,0,0.0
indep_601138,2024-01-18,13822.47,0.0,13822.47,0,0.0
indep_601138,2024-01-19,13822.47,0.0,13822.47,0,0.0
indep_601138,2024-01-22,13822.47,0.0,13822.47,0,0.0
indep_601138,2024-01-23,13822.47,0.0,13822.47,0,0.0
indep_601138,2024-01-24,13822.47,0.0,13822.47,0,0.0
indep_601138,2024-01-25,13822.47,0.0,13822.47,0,0.0
indep_601138,2024-01-26,13822.47,0.0,13822.47,0,0.0
indep_601138,2024-01-29,13822.47,0.0,13822.47,0,0.0
indep_601138,2024-01-30,13822.47,0.0,13822.47,0,0.0
indep_601138,2024-01-31,13822.47,0.0,13822.47,0,0.0
indep_601138,2024-02-01,13822.47,0.0,13822.47,0,0.0
indep_601138,2024-02-02,13822.47,0.0,13822.47,0,0.0
indep_601138,2024-02-05,13822.47,0.0,13822.47,0,0.0
indep_601138,2024-02-06,13822.47,0.0,13822.47,0,0.0
indep_601138,2024-02-07,13822.47,0.0,13822.47,0,0.0
indep_601138,2024-02-08,13822.47,0.0,13822.47,0,0.0
indep_601138,2024-02-19,13822.47,0.0,13822.47,0,0.0
indep_601138,2024-02-20,13822.47,0.0,13822.47,0,0.0
indep_601138,2024-02-21,13822.47,0.0,13822.47,0,0.0
indep_601138,2024-02-22,13822.47,0.0,13822.47,0,0.0
indep_601138,2024-02-23,13822.47,0.0,13822.47,0,0.0
indep_601138,2024-02-26,13822.47,0.0,13822.47,0,0.0
indep_601138,2024-02-27,13822.47,0.0,13822.47,0,0.0
indep_601138,2024-02-28,13822.47,0.0,13822.47,0,0.0
indep_601138,2024-02-29,13822.47,0.0,13822.47,0,0.0
indep_601138,2024-03-01,13822.47,0.0,13822.47,0,0.0
indep_601138,2024-03-04,13822.47,0.0,13822.47,0,0.0
indep_601138,2024-03-05,13822.47,0.0,13822.47,0,0.0
indep_601138,2024-03-06,13822.47,0.0,13822.47,0,0.0
indep_601138,2024-03-07,13822.47,0.0,13822.47,0,0.0
indep_601138,2024-03-08,13822.47,0.0,13822.47,0,0.0
indep_601138,2024-03-11,13822.47,0.0,13822.47,0,0.0
indep_601138,2024-03-12,13822.47,0.0,13822.47,0,0.0
indep_601138,2024-03-13,13822.47,0.0,13822.47,0,0.0
indep_601138,2024-03-14,13822.47,0.0,13822.47,0,0.0
indep_601138,2024-03-15,9554.18,4330.29,13884.46,1,31.188
indep_601138,2024-03-18,9554.18,4692.4,14246.57,1,32.937
indep_601138,2024-03-19,9554.18,4786.21,14340.38,1,33.376
indep_601138,2024-03-20,9554.18,4705.53,14259.71,1,32.999
indep_601138,2024-03-21,9554.18,4688.64,14242.82,1,32.919
indep_601138,2024-03-22,14096.3,0.0,14096.3,0,0.0
indep_601138,2024-03-25,14096.3,0.0,14096.3,0,0.0
indep_601138,2024-03-26,14096.3,0.0,14096.3,0,0.0
indep_601138,2024-03-27,14096.3,0.0,14096.3,0,0.0
indep_601138,2024-03-28,9837.4,4399.71,14237.11,1,30.903
indep_601138,2024-03-29,9837.4,4272.13,14109.52,1,30.278
indep_601138,2024-04-01,9837.4,4373.44,14210.84,1,30.775
indep_601138,2024-04-02,9837.4,4296.52,14133.92,1,30.399
indep_601138,2024-04-03,9837.4,4112.65,13950.05,1,29.481
indep_601138,2024-04-08,9837.4,4127.66,13965.06,1,29.557
indep_601138,2024-04-09,13830.35,0.0,13830.35,0,0.0
indep_601138,2024-04-10,13830.35,0.0,13830.35,0,0.0
indep_601138,2024-04-11,13830.35,0.0,13830.35,0,0.0
indep_601138,2024-04-12,13830.35,0.0,13830.35,0,0.0
indep_601138,2024-04-15,13830.35,0.0,13830.35,0,0.0
indep_601138,2024-04-16,9714.19,4092.01,13806.2,1,29.639
indep_601138,2024-04-17,9714.19,4221.47,13935.66,1,30.293
indep_601138,2024-04-18,9714.19,4296.52,14010.7,1,30.666
indep_601138,2024-04-19,9714.19,4137.04,13851.23,1,29.868
indep_601138,2024-04-22,13527.13,0.0,13527.13,0,0.0
indep_601138,2024-04-23,13527.13,0.0,13527.13,0,0.0
indep_601138,2024-04-24,13527.13,0.0,13527.13,0,0.0
indep_601138,2024-04-25,13527.13,0.0,13527.13,0,0.0
indep_601138,2024-04-26,13527.13,0.0,13527.13,0,0.0
indep_601138,2024-04-29,13527.13,0.0,13527.13,0,0.0
indep_601138,2024-04-30,13527.13,0.0,13527.13,0,0.0
indep_601138,2024-05-06,13527.13,0.0,13527.13,0,0.0
indep_601138,2024-05-07,13527.13,0.0,13527.13,0,0.0
indep_601138,2024-05-08,13527.13,0.0,13527.13,0,0.0
indep_601138,2024-05-09,13527.13,0.0,13527.13,0,0.0
indep_601138,2024-05-10,13527.13,0.0,13527.13,0,0.0
indep_601138,2024-05-13,13527.13,0.0,13527.13,0,0.0
indep_601138,2024-05-14,13527.13,0.0,13527.13,0,0.0
indep_601138,2024-05-15,13527.13,0.0,13527.13,0,0.0
indep_601138,2024-05-16,13527.13,0.0,13527.13,0,0.0
indep_601138,2024-05-17,13527.13,0.0,13527.13,0,0.0
indep_601138,2024-05-20,13527.13,0.0,13527.13,0,0.0
indep_601138,2024-05-21,13527.13,0.0,13527.13,0,0.0
indep_601138,2024-05-22,13527.13,0.0,13527.13,0,0.0
indep_601138,2024-05-23,13527.13,0.0,13527.13,0,0.0
indep_601138,2024-05-24,13527.13,0.0,13527.13,0,0.0
indep_601138,2024-05-27,13527.13,0.0,13527.13,0,0.0
indep_601138,2024-05-28,13527.13,0.0,13527.13,0,0.0
indep_601138,2024-05-29,13527.13,0.0,13527.13,0,0.0
indep_601138,2024-05-30,13527.13,0.0,13527.13,0,0.0
indep_601138,2024-05-31,9082.29,4298.39,13380.68,1,32.124
indep_601138,2024-06-03,9082.29,4478.51,13560.8,1,33.025
indep_601138,2024-06-04,9082.29,4463.5,13545.79,1,32.951
indep_601138,2024-06-05,9082.29,4446.61,13528.9,1,32.868
indep_601138,2024-06-06,9082.29,4891.27,13973.57,1,35.004
indep_601138,2024-06-07,13648.38,0.0,13648.38,0,0.0
indep_601138,2024-06-11,13648.38,0.0,13648.38,0,0.0
indep_601138,2024-06-12,13648.38,0.0,13648.38,0,0.0
indep_601138,2024-06-13,13648.38,0.0,13648.38,0,0.0
indep_601138,2024-06-14,13648.38,0.0,13648.38,0,0.0
indep_601138,2024-06-17,13648.38,0.0,13648.38,0,0.0
indep_601138,2024-06-18,13648.38,0.0,13648.38,0,0.0
indep_601138,2024-06-19,13648.38,0.0,13648.38,0,0.0
indep_601138,2024-06-20,13648.38,0.0,13648.38,0,0.0
indep_601138,2024-06-21,13648.38,0.0,13648.38,0,0.0
indep_601138,2024-06-24,13648.38,0.0,13648.38,0,0.0
indep_601138,2024-06-25,13648.38,0.0,13648.38,0,0.0
indep_601138,2024-06-26,13648.38,0.0,13648.38,0,0.0
indep_601138,2024-06-27,13648.38,0.0,13648.38,0,0.0
indep_601138,2024-06-28,13648.38,0.0,13648.38,0,0.0
indep_601138,2024-07-01,13648.38,0.0,13648.38,0,0.0
indep_601138,2024-07-02,13648.38,0.0,13648.38,0,0.0
indep_601138,2024-07-03,13648.38,0.0,13648.38,0,0.0
indep_601138,2024-07-04,13648.38,0.0,13648.38,0,0.0
indep_601138,2024-07-05,13648.38,0.0,13648.38,0,0.0
indep_601138,2024-07-08,13648.38,0.0,13648.38,0,0.0
indep_601138,2024-07-09,13648.38,0.0,13648.38,0,0.0
indep_601138,2024-07-10,13648.38,0.0,13648.38,0,0.0
indep_601138,2024-07-11,13648.38,0.0,13648.38,0,0.0
indep_601138,2024-07-12,13648.38,0.0,13648.38,0,0.0
indep_601138,2024-07-15,13648.38,0.0,13648.38,0,0.0
indep_601138,2024-07-16,13648.38,0.0,13648.38,0,0.0
indep_601138,2024-07-17,13648.38,0.0,13648.38,0,0.0
indep_601138,2024-07-18,13648.38,0.0,13648.38,0,0.0
indep_601138,2024-07-19,13648.38,0.0,13648.38,0,0.0
indep_601138,2024-07-22,13648.38,0.0,13648.38,0,0.0
indep_601138,2024-07-23,13648.38,0.0,13648.38,0,0.0
indep_601138,2024-07-24,13648.38,0.0,13648.38,0,0.0
indep_601138,2024-07-25,13648.38,0.0,13648.38,0,0.0
indep_601138,2024-07-26,13648.38,0.0,13648.38,0,0.0
indep_601138,2024-07-29,13648.38,0.0,13648.38,0,0.0
indep_601138,2024-07-30,13648.38,0.0,13648.38,0,0.0
indep_601138,2024-07-31,13648.38,0.0,13648.38,0,0.0
indep_601138,2024-08-01,13648.38,0.0,13648.38,0,0.0
indep_601138,2024-08-02,13648.38,0.0,13648.38,0,0.0
indep_601138,2024-08-05,13648.38,0.0,13648.38,0,0.0
indep_601138,2024-08-06,13648.38,0.0,13648.38,0,0.0
indep_601138,2024-08-07,13648.38,0.0,13648.38,0,0.0
indep_601138,2024-08-08,13648.38,0.0,13648.38,0,0.0
indep_601138,2024-08-09,13648.38,0.0,13648.38,0,0.0
indep_601138,2024-08-12,13648.38,0.0,13648.38,0,0.0
indep_601138,2024-08-13,13648.38,0.0,13648.38,0,0.0
indep_601138,2024-08-14,13648.38,0.0,13648.38,0,0.0
indep_601138,2024-08-15,13648.38,0.0,13648.38,0,0.0
indep_601138,2024-08-16,13648.38,0.0,13648.38,0,0.0
indep_601138,2024-08-19,13648.38,0.0,13648.38,0,0.0
indep_601138,2024-08-20,13648.38,0.0,13648.38,0,0.0
indep_601138,2024-08-21,13648.38,0.0,13648.38,0,0.0
indep_601138,2024-08-22,13648.38,0.0,13648.38,0,0.0
indep_601138,2024-08-23,13648.38,0.0,13648.38,0,0.0
indep_601138,2024-08-26,13648.38,0.0,13648.38,0,0.0
indep_601138,2024-08-27,13648.38,0.0,13648.38,0,0.0
indep_601138,2024-08-28,13648.38,0.0,13648.38,0,0.0
indep_601138,2024-08-29,13648.38,0.0,13648.38,0,0.0
indep_601138,2024-08-30,13648.38,0.0,13648.38,0,0.0
indep_601138,2024-09-02,13648.38,0.0,13648.38,0,0.0
indep_601138,2024-09-03,13648.38,0.0,13648.38,0,0.0
indep_601138,2024-09-04,13648.38,0.0,13648.38,0,0.0
indep_601138,2024-09-05,13648.38,0.0,13648.38,0,0.0
indep_601138,2024-09-06,13648.38,0.0,13648.38,0,0.0
indep_601138,2024-09-09,13648.38,0.0,13648.38,0,0.0
indep_601138,2024-09-10,13648.38,0.0,13648.38,0,0.0
indep_601138,2024-09-11,13648.38,0.0,13648.38,0,0.0
indep_601138,2024-09-12,13648.38,0.0,13648.38,0,0.0
indep_601138,2024-09-13,13648.38,0.0,13648.38,0,0.0
indep_601138,2024-09-18,13648.38,0.0,13648.38,0,0.0
indep_601138,2024-09-19,13648.38,0.0,13648.38,0,0.0
indep_601138,2024-09-20,13648.38,0.0,13648.38,0,0.0
indep_601138,2024-09-23,13648.38,0.0,13648.38,0,0.0
indep_601138,2024-09-24,13648.38,0.0,13648.38,0,0.0
indep_601138,2024-09-25,13648.38,0.0,13648.38,0,0.0
indep_601138,2024-09-26,13648.38,0.0,13648.38,0,0.0
indep_601138,2024-09-27,13648.38,0.0,13648.38,0,0.0
indep_601138,2024-09-30,13648.38,0.0,13648.38,0,0.0
indep_601138,2024-10-08,13648.38,0.0,13648.38,0,0.0
indep_601138,2024-10-09,13648.38,0.0,13648.38,0,0.0
indep_601138,2024-10-10,13648.38,0.0,13648.38,0,0.0
indep_601138,2024-10-11,13648.38,0.0,13648.38,0,0.0
indep_601138,2024-10-14,13648.38,0.0,13648.38,0,0.0
indep_601138,2024-10-15,13648.38,0.0,13648.38,0,0.0
indep_601138,2024-10-16,13648.38,0.0,13648.38,0,0.0
indep_601138,2024-10-17,13648.38,0.0,13648.38,0,0.0
indep_601138,2024-10-18,13648.38,0.0,13648.38,0,0.0
indep_601138,2024-10-21,13648.38,0.0,13648.38,0,0.0
indep_601138,2024-10-22,13648.38,0.0,13648.38,0,0.0
indep_601138,2024-10-23,13648.38,0.0,13648.38,0,0.0
indep_601138,2024-10-24,11228.36,2444.41,13672.77,1,17.878
indep_601138,2024-10-25,11228.36,2474.3,13702.66,1,18.057
indep_601138,2024-10-28,11228.36,2435.73,13664.09,1,17.826
indep_601138,2024-10-29,11228.36,2415.48,13643.84,1,17.704
indep_601138,2024-10-30,11228.36,2395.23,13623.59,1,17.581
indep_601138,2024-10-31,11228.36,2338.34,13566.7,1,17.236
indep_601138,2024-11-01,11228.36,2283.37,13511.73,1,16.899
indep_601138,2024-11-04,11228.36,2346.05,13574.41,1,17.283
indep_601138,2024-11-05,11228.36,2386.55,13614.91,1,17.529
indep_601138,2024-11-06,11228.36,2331.59,13559.95,1,17.195
indep_601138,2024-11-07,11228.36,2375.94,13604.3,1,17.465
indep_601138,2024-11-08,11228.36,2505.16,13733.51,1,18.241
indep_601138,2024-11-11,11228.36,2604.47,13832.83,1,18.828
indep_601138,2024-11-12,13712.6,0.0,13712.6,0,0.0
indep_601138,2024-11-13,13712.6,0.0,13712.6,0,0.0
indep_601138,2024-11-14,13712.6,0.0,13712.6,0,0.0
indep_601138,2024-11-15,13712.6,0.0,13712.6,0,0.0
indep_601138,2024-11-18,9205.73,4481.89,13687.62,1,32.744
indep_601138,2024-11-19,9205.73,4574.46,13780.19,1,33.196
indep_601138,2024-11-20,9205.73,4628.46,13834.19,1,33.457
indep_601138,2024-11-21,9205.73,4518.54,13724.27,1,32.924
indep_601138,2024-11-22,9205.73,4404.75,13610.48,1,32.363
indep_601138,2024-11-25,13430.34,0.0,13430.34,0,0.0
indep_601138,2024-11-26,13430.34,0.0,13430.34,0,0.0
indep_601138,2024-11-27,13430.34,0.0,13430.34,0,0.0
indep_601138,2024-11-28,13430.34,0.0,13430.34,0,0.0
indep_601138,2024-11-29,13430.34,0.0,13430.34,0,0.0
indep_601138,2024-12-02,13430.34,0.0,13430.34,0,0.0
indep_601138,2024-12-03,13430.34,0.0,13430.34,0,0.0
indep_601138,2024-12-04,13430.34,0.0,13430.34,0,0.0
indep_601138,2024-12-05,13430.34,0.0,13430.34,0,0.0
indep_601138,2024-12-06,13430.34,0.0,13430.34,0,0.0
indep_601138,2024-12-09,13430.34,0.0,13430.34,0,0.0
indep_601138,2024-12-10,13430.34,0.0,13430.34,0,0.0
indep_601138,2024-12-11,13430.34,0.0,13430.34,0,0.0
indep_601138,2024-12-12,13430.34,0.0,13430.34,0,0.0
indep_601138,2024-12-13,13430.34,0.0,13430.34,0,0.0
indep_601138,2024-12-16,13430.34,0.0,13430.34,0,0.0
indep_601138,2024-12-17,13430.34,0.0,13430.34,0,0.0
indep_601138,2024-12-18,13430.34,0.0,13430.34,0,0.0
indep_601138,2024-12-19,13430.34,0.0,13430.34,0,0.0
indep_601138,2024-12-20,13430.34,0.0,13430.34,0,0.0
indep_601138,2024-12-23,13430.34,0.0,13430.34,0,0.0
indep_601138,2024-12-24,13430.34,0.0,13430.34,0,0.0
indep_601138,2024-12-25,13430.34,0.0,13430.34,0,0.0
indep_601138,2024-12-26,13430.34,0.0,13430.34,0,0.0
indep_601138,2024-12-27,13430.34,0.0,13430.34,0,0.0
indep_601138,2024-12-30,13430.34,0.0,13430.34,0,0.0
indep_601138,2024-12-31,13430.34,0.0,13430.34,0,0.0
indep_601138,2025-01-02,13430.34,0.0,13430.34,0,0.0
indep_601138,2025-01-03,13430.34,0.0,13430.34,0,0.0
indep_601138,2025-01-06,13430.34,0.0,13430.34,0,0.0
indep_601138,2025-01-07,13430.34,0.0,13430.34,0,0.0
indep_601138,2025-01-08,13430.34,0.0,13430.34,0,0.0
indep_601138,2025-01-09,13430.34,0.0,13430.34,0,0.0
indep_601138,2025-01-10,13430.34,0.0,13430.34,0,0.0
indep_601138,2025-01-13,13430.34,0.0,13430.34,0,0.0
indep_601138,2025-01-14,13430.34,0.0,13430.34,0,0.0
indep_601138,2025-01-15,13430.34,0.0,13430.34,0,0.0
indep_601138,2025-01-16,13430.34,0.0,13430.34,0,0.0
indep_601138,2025-01-17,13430.34,0.0,13430.34,0,0.0
indep_601138,2025-01-20,13430.34,0.0,13430.34,0,0.0
indep_601138,2025-01-21,13430.34,0.0,13430.34,0,0.0
indep_601138,2025-01-22,13430.34,0.0,13430.34,0,0.0
indep_601138,2025-01-23,13430.34,0.0,13430.34,0,0.0
indep_601138,2025-01-24,13430.34,0.0,13430.34,0,0.0
indep_601138,2025-01-27,13430.34,0.0,13430.34,0,0.0
indep_601138,2025-02-05,13430.34,0.0,13430.34,0,0.0
indep_601138,2025-02-06,13430.34,0.0,13430.34,0,0.0
indep_601138,2025-02-07,13430.34,0.0,13430.34,0,0.0
indep_601138,2025-02-10,13430.34,0.0,13430.34,0,0.0
indep_601138,2025-02-11,13430.34,0.0,13430.34,0,0.0
indep_601138,2025-02-12,13430.34,0.0,13430.34,0,0.0
indep_601138,2025-02-13,13430.34,0.0,13430.34,0,0.0
indep_601138,2025-02-14,13430.34,0.0,13430.34,0,0.0
indep_601138,2025-02-17,13430.34,0.0,13430.34,0,0.0
indep_601138,2025-02-18,13430.34,0.0,13430.34,0,0.0
indep_601138,2025-02-19,13430.34,0.0,13430.34,0,0.0
indep_601138,2025-02-20,13430.34,0.0,13430.34,0,0.0
indep_601138,2025-02-21,13430.34,0.0,13430.34,0,0.0
indep_601138,2025-02-24,13430.34,0.0,13430.34,0,0.0
indep_601138,2025-02-25,13430.34,0.0,13430.34,0,0.0
indep_601138,2025-02-26,13430.34,0.0,13430.34,0,0.0
indep_601138,2025-02-27,13430.34,0.0,13430.34,0,0.0
indep_601138,2025-02-28,13430.34,0.0,13430.34,0,0.0
indep_601138,2025-03-03,13430.34,0.0,13430.34,0,0.0
indep_601138,2025-03-04,13430.34,0.0,13430.34,0,0.0
indep_601138,2025-03-05,13430.34,0.0,13430.34,0,0.0
indep_601138,2025-03-06,13430.34,0.0,13430.34,0,0.0
indep_601138,2025-03-07,13430.34,0.0,13430.34,0,0.0
indep_601138,2025-03-10,13430.34,0.0,13430.34,0,0.0
indep_601138,2025-03-11,13430.34,0.0,13430.34,0,0.0
indep_601138,2025-03-12,13430.34,0.0,13430.34,0,0.0
indep_601138,2025-03-13,13430.34,0.0,13430.34,0,0.0
indep_601138,2025-03-14,13430.34,0.0,13430.34,0,0.0
indep_601138,2025-03-17,13430.34,0.0,13430.34,0,0.0
indep_601138,2025-03-18,13430.34,0.0,13430.34,0,0.0
indep_601138,2025-03-19,13430.34,0.0,13430.34,0,0.0
indep_601138,2025-03-20,13430.34,0.0,13430.34,0,0.0
indep_601138,2025-03-21,13430.34,0.0,13430.34,0,0.0
indep_601138,2025-03-24,13430.34,0.0,13430.34,0,0.0
indep_601138,2025-03-25,13430.34,0.0,13430.34,0,0.0
indep_601138,2025-03-26,13430.34,0.0,13430.34,0,0.0
indep_601138,2025-03-27,13430.34,0.0,13430.34,0,0.0
indep_601138,2025-03-28,13430.34,0.0,13430.34,0,0.0
indep_601138,2025-03-31,13430.34,0.0,13430.34,0,0.0
indep_601138,2025-04-01,13430.34,0.0,13430.34,0,0.0
indep_601138,2025-04-02,13430.34,0.0,13430.34,0,0.0
indep_601138,2025-04-03,13430.34,0.0,13430.34,0,0.0
indep_601138,2025-04-07,13430.34,0.0,13430.34,0,0.0
indep_601138,2025-04-08,13430.34,0.0,13430.34,0,0.0
indep_601138,2025-04-09,13430.34,0.0,13430.34,0,0.0
indep_601138,2025-04-10,13430.34,0.0,13430.34,0,0.0
indep_601138,2025-04-11,13430.34,0.0,13430.34,0,0.0
indep_601138,2025-04-14,13430.34,0.0,13430.34,0,0.0
indep_601138,2025-04-15,13430.34,0.0,13430.34,0,0.0
indep_601138,2025-04-16,13430.34,0.0,13430.34,0,0.0
indep_601138,2025-04-17,13430.34,0.0,13430.34,0,0.0
indep_601138,2025-04-18,13430.34,0.0,13430.34,0,0.0
indep_601138,2025-04-21,13430.34,0.0,13430.34,0,0.0
indep_601138,2025-04-22,13430.34,0.0,13430.34,0,0.0
indep_601138,2025-04-23,13430.34,0.0,13430.34,0,0.0
indep_601138,2025-04-24,13430.34,0.0,13430.34,0,0.0
indep_601138,2025-04-25,13430.34,0.0,13430.34,0,0.0
indep_601138,2025-04-28,13430.34,0.0,13430.34,0,0.0
indep_601138,2025-04-29,13430.34,0.0,13430.34,0,0.0
indep_601138,2025-04-30,13430.34,0.0,13430.34,0,0.0
indep_601138,2025-05-06,13430.34,0.0,13430.34,0,0.0
indep_601138,2025-05-07,13430.34,0.0,13430.34,0,0.0
indep_601138,2025-05-08,13430.34,0.0,13430.34,0,0.0
indep_601138,2025-05-09,13430.34,0.0,13430.34,0,0.0
indep_601138,2025-05-12,13430.34,0.0,13430.34,0,0.0
indep_601138,2025-05-13,13430.34,0.0,13430.34,0,0.0
indep_601138,2025-05-14,13430.34,0.0,13430.34,0,0.0
indep_601138,2025-05-15,13430.34,0.0,13430.34,0,0.0
indep_601138,2025-05-16,13430.34,0.0,13430.34,0,0.0
indep_601138,2025-05-19,13430.34,0.0,13430.34,0,0.0
indep_601138,2025-05-20,13430.34,0.0,13430.34,0,0.0
indep_601138,2025-05-21,13430.34,0.0,13430.34,0,0.0
indep_601138,2025-05-22,13430.34,0.0,13430.34,0,0.0
indep_601138,2025-05-23,13430.34,0.0,13430.34,0,0.0
indep_601138,2025-05-26,13430.34,0.0,13430.34,0,0.0
indep_601138,2025-05-27,13430.34,0.0,13430.34,0,0.0
indep_601138,2025-05-28,13430.34,0.0,13430.34,0,0.0
indep_601138,2025-05-29,13430.34,0.0,13430.34,0,0.0
indep_601138,2025-05-30,13430.34,0.0,13430.34,0,0.0
indep_601138,2025-06-03,13430.34,0.0,13430.34,0,0.0
indep_601138,2025-06-04,13430.34,0.0,13430.34,0,0.0
indep_601138,2025-06-05,13430.34,0.0,13430.34,0,0.0
indep_601138,2025-06-06,13430.34,0.0,13430.34,0,0.0
indep_601138,2025-06-09,13430.34,0.0,13430.34,0,0.0
indep_601138,2025-06-10,13430.34,0.0,13430.34,0,0.0
indep_601138,2025-06-11,13430.34,0.0,13430.34,0,0.0
indep_601138,2025-06-12,13430.34,0.0,13430.34,0,0.0
indep_601138,2025-06-13,13430.34,0.0,13430.34,0,0.0
indep_601138,2025-06-16,13430.34,0.0,13430.34,0,0.0
indep_601138,2025-06-17,13430.34,0.0,13430.34,0,0.0
indep_601138,2025-06-18,13430.34,0.0,13430.34,0,0.0
indep_601138,2025-06-19,13430.34,0.0,13430.34,0,0.0
indep_601138,2025-06-20,13430.34,0.0,13430.34,0,0.0
indep_601138,2025-06-23,13430.34,0.0,13430.34,0,0.0
indep_601138,2025-06-24,13430.34,0.0,13430.34,0,0.0
indep_601138,2025-06-25,13430.34,0.0,13430.34,0,0.0
indep_601138,2025-06-26,13430.34,0.0,13430.34,0,0.0
indep_601138,2025-06-27,13430.34,0.0,13430.34,0,0.0
indep_601138,2025-06-30,13430.34,0.0,13430.34,0,0.0
indep_601138,2025-07-01,13430.34,0.0,13430.34,0,0.0
indep_601138,2025-07-02,13430.34,0.0,13430.34,0,0.0
indep_601138,2025-07-03,13430.34,0.0,13430.34,0,0.0
indep_601138,2025-07-04,13430.34,0.0,13430.34,0,0.0
indep_601138,2025-07-07,13430.34,0.0,13430.34,0,0.0
indep_601138,2025-07-08,13430.34,0.0,13430.34,0,0.0
indep_601138,2025-07-09,13430.34,0.0,13430.34,0,0.0
indep_601138,2025-07-10,13430.34,0.0,13430.34,0,0.0
indep_601138,2025-07-11,13430.34,0.0,13430.34,0,0.0
indep_601138,2025-07-14,13430.34,0.0,13430.34,0,0.0
indep_601138,2025-07-15,13430.34,0.0,13430.34,0,0.0
indep_601138,2025-07-16,13430.34,0.0,13430.34,0,0.0
indep_601138,2025-07-17,13430.34,0.0,13430.34,0,0.0
indep_601138,2025-07-18,13430.34,0.0,13430.34,0,0.0
indep_601138,2025-07-21,13430.34,0.0,13430.34,0,0.0
indep_601138,2025-07-22,13430.34,0.0,13430.34,0,0.0
indep_601138,2025-07-23,13430.34,0.0,13430.34,0,0.0
indep_601138,2025-07-24,13430.34,0.0,13430.34,0,0.0
indep_601138,2025-07-25,13430.34,0.0,13430.34,0,0.0
indep_601138,2025-07-28,13430.34,0.0,13430.34,0,0.0
indep_601138,2025-07-29,13430.34,0.0,13430.34,0,0.0
indep_601138,2025-07-30,13430.34,0.0,13430.34,0,0.0
indep_601138,2025-07-31,13430.34,0.0,13430.34,0,0.0
indep_601138,2025-08-01,13430.34,0.0,13430.34,0,0.0
indep_601138,2025-08-04,13430.34,0.0,13430.34,0,0.0
indep_601138,2025-08-05,13430.34,0.0,13430.34,0,0.0
indep_601138,2025-08-06,13430.34,0.0,13430.34,0,0.0
indep_601138,2025-08-07,13430.34,0.0,13430.34,0,0.0
indep_601138,2025-08-08,13430.34,0.0,13430.34,0,0.0
indep_601138,2025-08-11,13430.34,0.0,13430.34,0,0.0
indep_601138,2025-08-12,13430.34,0.0,13430.34,0,0.0
indep_601138,2025-08-13,13430.34,0.0,13430.34,0,0.0
indep_601138,2025-08-14,13430.34,0.0,13430.34,0,0.0
indep_601138,2025-08-15,13430.34,0.0,13430.34,0,0.0
indep_601138,2025-08-18,13430.34,0.0,13430.34,0,0.0
indep_601138,2025-08-19,13430.34,0.0,13430.34,0,0.0
indep_601138,2025-08-20,13430.34,0.0,13430.34,0,0.0
indep_601138,2025-08-21,13430.34,0.0,13430.34,0,0.0
indep_601138,2025-08-22,13430.34,0.0,13430.34,0,0.0
indep_601138,2025-08-25,13430.34,0.0,13430.34,0,0.0
indep_601138,2025-08-26,13430.34,0.0,13430.34,0,0.0
indep_601138,2025-08-27,13430.34,0.0,13430.34,0,0.0
indep_601138,2025-08-28,13430.34,0.0,13430.34,0,0.0
indep_601138,2025-08-29,13430.34,0.0,13430.34,0,0.0
indep_601138,2025-09-01,13430.34,0.0,13430.34,0,0.0
indep_601138,2025-09-02,13430.34,0.0,13430.34,0,0.0
indep_601138,2025-09-03,13430.34,0.0,13430.34,0,0.0
indep_601138,2025-09-04,13430.34,0.0,13430.34,0,0.0
indep_601138,2025-09-05,13430.34,0.0,13430.34,0,0.0
indep_601138,2025-09-08,13430.34,0.0,13430.34,0,0.0
indep_601138,2025-09-09,13430.34,0.0,13430.34,0,0.0
indep_601138,2025-09-10,13430.34,0.0,13430.34,0,0.0
indep_601138,2025-09-11,13430.34,0.0,13430.34,0,0.0
indep_601138,2025-09-12,13430.34,0.0,13430.34,0,0.0
indep_601138,2025-09-15,13430.34,0.0,13430.34,0,0.0
indep_601138,2025-09-16,13430.34,0.0,13430.34,0,0.0
indep_601138,2025-09-17,13430.34,0.0,13430.34,0,0.0
indep_601138,2025-09-18,13430.34,0.0,13430.34,0,0.0
indep_601138,2025-09-19,13430.34,0.0,13430.34,0,0.0
indep_601138,2025-09-22,13430.34,0.0,13430.34,0,0.0
indep_601138,2025-09-23,13430.34,0.0,13430.34,0,0.0
indep_601138,2025-09-24,13430.34,0.0,13430.34,0,0.0
indep_601138,2025-09-25,13430.34,0.0,13430.34,0,0.0
indep_601138,2025-09-26,13430.34,0.0,13430.34,0,0.0
indep_601138,2025-09-29,13430.34,0.0,13430.34,0,0.0
indep_601138,2025-09-30,13430.34,0.0,13430.34,0,0.0
indep_601138,2025-10-09,13430.34,0.0,13430.34,0,0.0
indep_601138,2025-10-10,13430.34,0.0,13430.34,0,0.0
indep_601138,2025-10-13,13430.34,0.0,13430.34,0,0.0
indep_601138,2025-10-14,13430.34,0.0,13430.34,0,0.0
indep_601138,2025-10-15,13430.34,0.0,13430.34,0,0.0
indep_601138,2025-10-16,13430.34,0.0,13430.34,0,0.0
indep_601138,2025-10-17,13430.34,0.0,13430.34,0,0.0
indep_601138,2025-10-20,13430.34,0.0,13430.34,0,0.0
indep_601138,2025-10-21,13430.34,0.0,13430.34,0,0.0
indep_601138,2025-10-22,13430.34,0.0,13430.34,0,0.0
indep_601138,2025-10-23,13430.34,0.0,13430.34,0,0.0
indep_601138,2025-10-24,13430.34,0.0,13430.34,0,0.0
indep_601138,2025-10-27,13430.34,0.0,13430.34,0,0.0
indep_601138,2025-10-28,13430.34,0.0,13430.34,0,0.0
indep_601138,2025-10-29,13430.34,0.0,13430.34,0,0.0
indep_601138,2025-10-30,13430.34,0.0,13430.34,0,0.0
indep_601138,2025-10-31,13430.34,0.0,13430.34,0,0.0
indep_601138,2025-11-03,13430.34,0.0,13430.34,0,0.0
indep_601138,2025-11-04,13430.34,0.0,13430.34,0,0.0
indep_601138,2025-11-05,13430.34,0.0,13430.34,0,0.0
indep_601138,2025-11-06,13430.34,0.0,13430.34,0,0.0
indep_601138,2025-11-07,13430.34,0.0,13430.34,0,0.0
indep_601138,2025-11-10,13430.34,0.0,13430.34,0,0.0
indep_601138,2025-11-11,13430.34,0.0,13430.34,0,0.0
indep_601138,2025-11-12,13430.34,0.0,13430.34,0,0.0
indep_601138,2025-11-13,13430.34,0.0,13430.34,0,0.0
indep_601138,2025-11-14,13430.34,0.0,13430.34,0,0.0
indep_601138,2025-11-17,13430.34,0.0,13430.34,0,0.0
indep_601138,2025-11-18,13430.34,0.0,13430.34,0,0.0
indep_601138,2025-11-19,13430.34,0.0,13430.34,0,0.0
indep_601138,2025-11-20,13430.34,0.0,13430.34,0,0.0
indep_601138,2025-11-21,13430.34,0.0,13430.34,0,0.0
indep_601138,2025-11-24,13430.34,0.0,13430.34,0,0.0
indep_601138,2025-11-25,13430.34,0.0,13430.34,0,0.0
indep_601138,2025-11-26,13430.34,0.0,13430.34,0,0.0
indep_601138,2025-11-27,13430.34,0.0,13430.34,0,0.0
indep_601138,2025-11-28,13430.34,0.0,13430.34,0,0.0
indep_601138,2025-12-01,13430.34,0.0,13430.34,0,0.0
indep_601138,2025-12-02,13430.34,0.0,13430.34,0,0.0
indep_601138,2025-12-03,13430.34,0.0,13430.34,0,0.0
indep_601138,2025-12-04,13430.34,0.0,13430.34,0,0.0
indep_601138,2025-12-05,13430.34,0.0,13430.34,0,0.0
indep_601138,2025-12-08,13430.34,0.0,13430.34,0,0.0
indep_601138,2025-12-09,13430.34,0.0,13430.34,0,0.0
indep_601138,2025-12-10,13430.34,0.0,13430.34,0,0.0
indep_601138,2025-12-11,13430.34,0.0,13430.34,0,0.0
indep_601138,2025-12-12,13430.34,0.0,13430.34,0,0.0
indep_601138,2025-12-15,13430.34,0.0,13430.34,0,0.0
indep_601138,2025-12-16,13430.34,0.0,13430.34,0,0.0
indep_601138,2025-12-17,13430.34,0.0,13430.34,0,0.0
indep_601138,2025-12-18,13430.34,0.0,13430.34,0,0.0
indep_601138,2025-12-19,13430.34,0.0,13430.34,0,0.0
indep_601138,2025-12-22,13430.34,0.0,13430.34,0,0.0
indep_601138,2025-12-23,13430.34,0.0,13430.34,0,0.0
indep_601138,2025-12-24,13430.34,0.0,13430.34,0,0.0
indep_601138,2025-12-25,13430.34,0.0,13430.34,0,0.0
indep_601138,2025-12-26,13430.34,0.0,13430.34,0,0.0
indep_601138,2025-12-29,13430.34,0.0,13430.34,0,0.0
indep_601138,2025-12-30,13430.34,0.0,13430.34,0,0.0
indep_601138,2025-12-31,13430.34,0.0,13430.34,0,0.0
indep_601138,2026-01-05,13430.34,0.0,13430.34,0,0.0
indep_601138,2026-01-06,13430.34,0.0,13430.34,0,0.0
indep_601138,2026-01-07,13430.34,0.0,13430.34,0,0.0
indep_601138,2026-01-08,13430.34,0.0,13430.34,0,0.0
indep_601138,2026-01-09,13430.34,0.0,13430.34,0,0.0
indep_601138,2026-01-12,13430.34,0.0,13430.34,0,0.0
indep_601138,2026-01-13,13430.34,0.0,13430.34,0,0.0
indep_601138,2026-01-14,13430.34,0.0,13430.34,0,0.0
indep_601138,2026-01-15,13430.34,0.0,13430.34,0,0.0
indep_601138,2026-01-16,13430.34,0.0,13430.34,0,0.0
indep_601138,2026-01-19,13430.34,0.0,13430.34,0,0.0
indep_601138,2026-01-20,13430.34,0.0,13430.34,0,0.0
indep_601138,2026-01-21,13430.34,0.0,13430.34,0,0.0
indep_601138,2026-01-22,13430.34,0.0,13430.34,0,0.0
indep_601138,2026-01-23,13430.34,0.0,13430.34,0,0.0
indep_601138,2026-01-26,13430.34,0.0,13430.34,0,0.0
indep_601138,2026-01-27,13430.34,0.0,13430.34,0,0.0
indep_601138,2026-01-28,13430.34,0.0,13430.34,0,0.0
indep_601138,2026-01-29,13430.34,0.0,13430.34,0,0.0
indep_601138,2026-01-30,13430.34,0.0,13430.34,0,0.0
indep_601138,2026-02-02,13430.34,0.0,13430.34,0,0.0
indep_601138,2026-02-03,13430.34,0.0,13430.34,0,0.0
indep_601138,2026-02-04,13430.34,0.0,13430.34,0,0.0
indep_601138,2026-02-05,13430.34,0.0,13430.34,0,0.0
indep_601138,2026-02-06,13430.34,0.0,13430.34,0,0.0
indep_601138,2026-02-09,13430.34,0.0,13430.34,0,0.0
indep_601138,2026-02-10,13430.34,0.0,13430.34,0,0.0
indep_601138,2026-02-11,13430.34,0.0,13430.34,0,0.0
indep_601138,2026-02-12,13430.34,0.0,13430.34,0,0.0
indep_601138,2026-02-13,13430.34,0.0,13430.34,0,0.0
indep_601138,2026-02-24,13430.34,0.0,13430.34,0,0.0
indep_601138,2026-02-25,13430.34,0.0,13430.34,0,0.0
indep_601138,2026-02-26,13430.34,0.0,13430.34,0,0.0
indep_601138,2026-02-27,13430.34,0.0,13430.34,0,0.0
indep_601138,2026-03-02,13430.34,0.0,13430.34,0,0.0
indep_601138,2026-03-03,13430.34,0.0,13430.34,0,0.0
indep_601138,2026-03-04,13430.34,0.0,13430.34,0,0.0
indep_601138,2026-03-05,13430.34,0.0,13430.34,0,0.0
indep_601138,2026-03-06,13430.34,0.0,13430.34,0,0.0
indep_601138,2026-03-09,13430.34,0.0,13430.34,0,0.0
indep_601138,2026-03-10,13430.34,0.0,13430.34,0,0.0
indep_601138,2026-03-11,13430.34,0.0,13430.34,0,0.0
indep_601138,2026-03-12,13430.34,0.0,13430.34,0,0.0
indep_601138,2026-03-13,13430.34,0.0,13430.34,0,0.0
indep_601138,2026-03-16,13430.34,0.0,13430.34,0,0.0
indep_601138,2026-03-17,13430.34,0.0,13430.34,0,0.0
indep_601138,2026-03-18,13430.34,0.0,13430.34,0,0.0
indep_601138,2026-03-19,13430.34,0.0,13430.34,0,0.0
indep_601138,2026-03-20,13430.34,0.0,13430.34,0,0.0
indep_601138,2026-03-23,13430.34,0.0,13430.34,0,0.0
indep_601138,2026-03-24,13430.34,0.0,13430.34,0,0.0
indep_601138,2026-03-25,13430.34,0.0,13430.34,0,0.0
indep_601138,2026-03-26,13430.34,0.0,13430.34,0,0.0
indep_601138,2026-03-27,13430.34,0.0,13430.34,0,0.0
indep_601138,2026-03-30,13430.34,0.0,13430.34,0,0.0
indep_601138,2026-03-31,13430.34,0.0,13430.34,0,0.0
indep_601138,2026-04-01,13430.34,0.0,13430.34,0,0.0
indep_601138,2026-04-02,13430.34,0.0,13430.34,0,0.0
indep_601138,2026-04-03,13430.34,0.0,13430.34,0,0.0
indep_601138,2026-04-07,13430.34,0.0,13430.34,0,0.0
indep_601138,2026-04-08,13430.34,0.0,13430.34,0,0.0
indep_601138,2026-04-09,13430.34,0.0,13430.34,0,0.0
indep_601138,2026-04-10,13430.34,0.0,13430.34,0,0.0
indep_601138,2026-04-13,13430.34,0.0,13430.34,0,0.0
indep_601138,2026-04-14,13430.34,0.0,13430.34,0,0.0
indep_601138,2026-04-15,13430.34,0.0,13430.34,0,0.0
indep_601138,2026-04-16,13430.34,0.0,13430.34,0,0.0
indep_601138,2026-04-17,13430.34,0.0,13430.34,0,0.0
indep_601138,2026-04-20,13430.34,0.0,13430.34,0,0.0
indep_601138,2026-04-21,13430.34,0.0,13430.34,0,0.0
indep_601138,2026-04-22,13430.34,0.0,13430.34,0,0.0
indep_601138,2026-04-23,13430.34,0.0,13430.34,0,0.0
indep_601138,2026-04-24,13430.34,0.0,13430.34,0,0.0
indep_601138,2026-04-27,13430.34,0.0,13430.34,0,0.0
indep_601138,2026-04-28,13430.34,0.0,13430.34,0,0.0
indep_601138,2026-04-29,13430.34,0.0,13430.34,0,0.0
indep_601138,2026-04-30,13430.34,0.0,13430.34,0,0.0
indep_601138,2026-05-06,13430.34,0.0,13430.34,0,0.0
indep_601138,2026-05-07,13430.34,0.0,13430.34,0,0.0
indep_601138,2026-05-08,13430.34,0.0,13430.34,0,0.0
indep_601138,2026-05-11,13430.34,0.0,13430.34,0,0.0
indep_601138,2026-05-12,13430.34,0.0,13430.34,0,0.0
indep_601138,2026-05-13,13430.34,0.0,13430.34,0,0.0
indep_601138,2026-05-14,13430.34,0.0,13430.34,0,0.0
indep_601138,2026-05-15,13430.34,0.0,13430.34,0,0.0
indep_601138,2026-05-18,13430.34,0.0,13430.34,0,0.0
indep_601138,2026-05-19,13430.34,0.0,13430.34,0,0.0
indep_601138,2026-05-20,13430.34,0.0,13430.34,0,0.0
indep_601138,2026-05-21,13430.34,0.0,13430.34,0,0.0
indep_601138,2026-05-22,13430.34,0.0,13430.34,0,0.0
indep_601138,2026-05-25,13430.34,0.0,13430.34,0,0.0
indep_601138,2026-05-26,13430.34,0.0,13430.34,0,0.0
indep_601138,2026-05-27,13430.34,0.0,13430.34,0,0.0
indep_601138,2026-05-28,13430.34,0.0,13430.34,0,0.0
indep_601138,2026-05-29,13430.34,0.0,13430.34,0,0.0
indep_601138,2026-06-01,13430.34,0.0,13430.34,0,0.0
indep_601138,2026-06-02,13430.34,0.0,13430.34,0,0.0
indep_601138,2026-06-03,13430.34,0.0,13430.34,0,0.0
indep_601138,2026-06-04,13430.34,0.0,13430.34,0,0.0
indep_601138,2026-06-05,13430.34,0.0,13430.34,0,0.0
indep_601138,2026-06-08,13430.34,0.0,13430.34,0,0.0
indep_601138,2026-06-09,13430.34,0.0,13430.34,0,0.0
indep_601138,2026-06-10,13430.34,0.0,13430.34,0,0.0
indep_601138,2026-06-11,13430.34,0.0,13430.34,0,0.0
indep_601138,2026-06-12,13430.34,0.0,13430.34,0,0.0
indep_601138,2026-06-15,13430.34,0.0,13430.34,0,0.0
indep_601138,2026-06-16,13430.34,0.0,13430.34,0,0.0
indep_601138,2026-06-17,13430.34,0.0,13430.34,0,0.0
indep_601138,2026-06-18,13430.34,0.0,13430.34,0,0.0
indep_601138,2026-06-22,13430.34,0.0,13430.34,0,0.0
indep_601138,2026-06-23,13430.34,0.0,13430.34,0,0.0
indep_601138,2026-06-24,13430.34,0.0,13430.34,0,0.0
indep_601138,2026-06-25,13430.34,0.0,13430.34,0,0.0
indep_601138,2026-06-26,13430.34,0.0,13430.34,0,0.0
indep_601138,2026-06-29,13430.34,0.0,13430.34,0,0.0
indep_601138,2026-06-30,13430.34,0.0,13430.34,0,0.0
indep_601138,2026-07-01,13430.34,0.0,13430.34,0,0.0
indep_601138,2026-07-02,13430.34,0.0,13430.34,0,0.0
indep_601138,2026-07-03,13430.34,0.0,13430.34,0,0.0
indep_601138,2026-07-06,13430.34,0.0,13430.34,0,0.0
indep_601138,2026-07-07,13430.34,0.0,13430.34,0,0.0
indep_601138,2026-07-08,13430.34,0.0,13430.34,0,0.0
indep_601138,2026-07-09,13430.34,0.0,13430.34,0,0.0
indep_601138,2026-07-10,13430.34,0.0,13430.34,0,0.0
indep_601138,2026-07-13,13430.34,0.0,13430.34,0,0.0
indep_601138,2026-07-14,13430.34,0.0,13430.34,0,0.0
indep_601138,2026-07-15,13430.34,0.0,13430.34,0,0.0
indep_601138,2026-07-16,13430.34,0.0,13430.34,0,0.0
indep_601138,2026-07-17,13430.34,0.0,13430.34,0,0.0
indep_601138,2026-07-20,13430.34,0.0,13430.34,0,0.0
indep_601138,2026-07-21,13430.34,0.0,13430.34,0,0.0
indep_601138,2026-07-22,13430.34,0.0,13430.34,0,0.0
indep_601138,2026-07-23,13430.34,0.0,13430.34,0,0.0
indep_601138,2026-07-24,13430.34,0.0,13430.34,0,0.0
indep_601138,2026-07-27,13430.34,0.0,13430.34,0,0.0
indep_601138,2026-07-28,13430.34,0.0,13430.34,0,0.0
indep_601138,2026-07-29,13430.34,0.0,13430.34,0,0.0
indep_601138,2026-07-30,13430.34,0.0,13430.34,0,0.0
indep_601138,2026-07-31,13430.34,0.0,13430.34,0,0.0
indep_601138,2026-08-03,13430.34,0.0,13430.34,0,0.0
indep_601138,2026-08-04,13430.34,0.0,13430.34,0,0.0
indep_601138,2026-08-05,13430.34,0.0,13430.34,0,0.0
indep_601138,2026-08-06,13430.34,0.0,13430.34,0,0.0
indep_601138,2026-08-07,13430.34,0.0,13430.34,0,0.0
indep_601138,2026-08-10,13430.34,0.0,13430.34,0,0.0
indep_601138,2026-08-11,13430.34,0.0,13430.34,0,0.0
indep_601138,2026-08-12,13430.34,0.0,13430.34,0,0.0
indep_601138,2026-08-13,13430.34,0.0,13430.34,0,0.0
indep_601138,2026-08-14,13430.34,0.0,13430.34,0,0.0
indep_601138,2026-08-17,13430.34,0.0,13430.34,0,0.0
indep_601138,2026-08-18,13430.34,0.0,13430.34,0,0.0
indep_601138,2026-08-19,13430.34,0.0,13430.34,0,0.0
indep_601138,2026-08-20,13430.34,0.0,13430.34,0,0.0
indep_601138,2026-08-21,13430.34,0.0,13430.34,0,0.0
indep_601138,2026-08-24,13430.34,0.0,13430.34,0,0.0
indep_601138,2026-08-25,13430.34,0.0,13430.34,0,0.0
indep_601138,2026-08-26,13430.34,0.0,13430.34,0,0.0
indep_601138,2026-08-27,13430.34,0.0,13430.34,0,0.0
indep_601138,2026-08-28,13430.34,0.0,13430.34,0,0.0
indep_601138,2026-08-31,13430.34,0.0,13430.34,0,0.0
indep_601138,2026-09-01,13430.34,0.0,13430.34,0,0.0
indep_601138,2026-09-02,13430.34,0.0,13430.34,0,0.0
indep_601138,2026-09-03,13430.34,0.0,13430.34,0,0.0
indep_601138,2026-09-04,13430.34,0.0,13430.34,0,0.0
indep_601138,2026-09-07,13430.34,0.0,13430.34,0,0.0
indep_601138,2026-09-08,13430.34,0.0,13430.34,0,0.0
indep_601138,2026-09-09,13430.34,0.0,13430.34,0,0.0
indep_601138,2026-09-10,13430.34,0.0,13430.34,0,0.0
indep_601138,2026-09-11,13430.34,0.0,13430.34,0,0.0
indep_601138,2026-09-14,13430.34,0.0,13430.34,0,0.0
indep_002156,2023-09-14,13822.47,0.0,13822.47,0,0.0
indep_002156,2023-09-15,13822.47,0.0,13822.47,0,0.0
indep_002156,2023-09-18,13822.47,0.0,13822.47,0,0.0
indep_002156,2023-09-19,13822.47,0.0,13822.47,0,0.0
indep_002156,2023-09-20,13822.47,0.0,13822.47,0,0.0
indep_002156,2023-09-21,13822.47,0.0,13822.47,0,0.0
indep_002156,2023-09-22,13822.47,0.0,13822.47,0,0.0
indep_002156,2023-09-25,13822.47,0.0,13822.47,0,0.0
indep_002156,2023-09-26,13822.47,0.0,13822.47,0,0.0
indep_002156,2023-09-27,13822.47,0.0,13822.47,0,0.0
indep_002156,2023-09-28,13822.47,0.0,13822.47,0,0.0
indep_002156,2023-10-09,13822.47,0.0,13822.47,0,0.0
indep_002156,2023-10-10,13822.47,0.0,13822.47,0,0.0
indep_002156,2023-10-11,13822.47,0.0,13822.47,0,0.0
indep_002156,2023-10-12,13822.47,0.0,13822.47,0,0.0
indep_002156,2023-10-13,13822.47,0.0,13822.47,0,0.0
indep_002156,2023-10-16,13822.47,0.0,13822.47,0,0.0
indep_002156,2023-10-17,13822.47,0.0,13822.47,0,0.0
indep_002156,2023-10-18,13822.47,0.0,13822.47,0,0.0
indep_002156,2023-10-19,13822.47,0.0,13822.47,0,0.0
indep_002156,2023-10-20,13822.47,0.0,13822.47,0,0.0
indep_002156,2023-10-23,13822.47,0.0,13822.47,0,0.0
indep_002156,2023-10-24,13822.47,0.0,13822.47,0,0.0
indep_002156,2023-10-25,13822.47,0.0,13822.47,0,0.0
indep_002156,2023-10-26,13822.47,0.0,13822.47,0,0.0
indep_002156,2023-10-27,13822.47,0.0,13822.47,0,0.0
indep_002156,2023-10-30,13822.47,0.0,13822.47,0,0.0
indep_002156,2023-10-31,13822.47,0.0,13822.47,0,0.0
indep_002156,2023-11-01,13822.47,0.0,13822.47,0,0.0
indep_002156,2023-11-02,13822.47,0.0,13822.47,0,0.0
indep_002156,2023-11-03,13822.47,0.0,13822.47,0,0.0
indep_002156,2023-11-06,13822.47,0.0,13822.47,0,0.0
indep_002156,2023-11-07,13822.47,0.0,13822.47,0,0.0
indep_002156,2023-11-08,13822.47,0.0,13822.47,0,0.0
indep_002156,2023-11-09,13822.47,0.0,13822.47,0,0.0
indep_002156,2023-11-10,13822.47,0.0,13822.47,0,0.0
indep_002156,2023-11-13,13822.47,0.0,13822.47,0,0.0
indep_002156,2023-11-14,13822.47,0.0,13822.47,0,0.0
indep_002156,2023-11-15,13822.47,0.0,13822.47,0,0.0
indep_002156,2023-11-16,13822.47,0.0,13822.47,0,0.0
indep_002156,2023-11-17,13822.47,0.0,13822.47,0,0.0
indep_002156,2023-11-20,13822.47,0.0,13822.47,0,0.0
indep_002156,2023-11-21,13822.47,0.0,13822.47,0,0.0
indep_002156,2023-11-22,13822.47,0.0,13822.47,0,0.0
indep_002156,2023-11-23,13822.47,0.0,13822.47,0,0.0
indep_002156,2023-11-24,13822.47,0.0,13822.47,0,0.0
indep_002156,2023-11-27,13822.47,0.0,13822.47,0,0.0
indep_002156,2023-11-28,13822.47,0.0,13822.47,0,0.0
indep_002156,2023-11-29,13822.47,0.0,13822.47,0,0.0
indep_002156,2023-11-30,13822.47,0.0,13822.47,0,0.0
indep_002156,2023-12-01,13822.47,0.0,13822.47,0,0.0
indep_002156,2023-12-04,13822.47,0.0,13822.47,0,0.0
indep_002156,2023-12-05,13822.47,0.0,13822.47,0,0.0
indep_002156,2023-12-06,9461.35,4415.51,13876.87,1,31.819
indep_002156,2023-12-07,9461.35,4421.49,13882.85,1,31.849
indep_002156,2023-12-08,9461.35,4672.67,14134.02,1,33.06
indep_002156,2023-12-11,9461.35,4660.71,14122.06,1,33.003
indep_002156,2023-12-12,9461.35,4676.66,14138.01,1,33.079
indep_002156,2023-12-13,9461.35,4586.95,14048.3,1,32.651
indep_002156,2023-12-14,9461.35,4531.13,13992.49,1,32.383
indep_002156,2023-12-15,13941.57,0.0,13941.57,0,0.0
indep_002156,2023-12-18,13941.57,0.0,13941.57,0,0.0
indep_002156,2023-12-19,13941.57,0.0,13941.57,0,0.0
indep_002156,2023-12-20,13941.57,0.0,13941.57,0,0.0
indep_002156,2023-12-21,13941.57,0.0,13941.57,0,0.0
indep_002156,2023-12-22,13941.57,0.0,13941.57,0,0.0
indep_002156,2023-12-25,9608.39,4427.47,14035.86,1,31.544
indep_002156,2023-12-26,9608.39,4353.72,13962.11,1,31.182
indep_002156,2023-12-27,9608.39,4580.97,14189.36,1,32.285
indep_002156,2023-12-28,9608.39,4580.97,14189.36,1,32.285
indep_002156,2023-12-29,9608.39,4608.88,14217.27,1,32.417
indep_002156,2024-01-02,9608.39,4584.96,14193.35,1,32.304
indep_002156,2024-01-03,9608.39,4325.81,13934.2,1,31.045
indep_002156,2024-01-04,9608.39,4256.04,13864.43,1,30.698
indep_002156,2024-01-05,9608.39,4196.23,13804.62,1,30.397
indep_002156,2024-01-08,13671.24,0.0,13671.24,0,0.0
indep_002156,2024-01-09,13671.24,0.0,13671.24,0,0.0
indep_002156,2024-01-10,13671.24,0.0,13671.24,0,0.0
indep_002156,2024-01-11,13671.24,0.0,13671.24,0,0.0
indep_002156,2024-01-12,13671.24,0.0,13671.24,0,0.0
indep_002156,2024-01-15,13671.24,0.0,13671.24,0,0.0
indep_002156,2024-01-16,13671.24,0.0,13671.24,0,0.0
indep_002156,2024-01-17,13671.24,0.0,13671.24,0,0.0
indep_002156,2024-01-18,13671.24,0.0,13671.24,0,0.0
indep_002156,2024-01-19,13671.24,0.0,13671.24,0,0.0
indep_002156,2024-01-22,13671.24,0.0,13671.24,0,0.0
indep_002156,2024-01-23,13671.24,0.0,13671.24,0,0.0
indep_002156,2024-01-24,13671.24,0.0,13671.24,0,0.0
indep_002156,2024-01-25,13671.24,0.0,13671.24,0,0.0
indep_002156,2024-01-26,13671.24,0.0,13671.24,0,0.0
indep_002156,2024-01-29,13671.24,0.0,13671.24,0,0.0
indep_002156,2024-01-30,13671.24,0.0,13671.24,0,0.0
indep_002156,2024-01-31,13671.24,0.0,13671.24,0,0.0
indep_002156,2024-02-01,13671.24,0.0,13671.24,0,0.0
indep_002156,2024-02-02,13671.24,0.0,13671.24,0,0.0
indep_002156,2024-02-05,13671.24,0.0,13671.24,0,0.0
indep_002156,2024-02-06,13671.24,0.0,13671.24,0,0.0
indep_002156,2024-02-07,13671.24,0.0,13671.24,0,0.0
indep_002156,2024-02-08,13671.24,0.0,13671.24,0,0.0
indep_002156,2024-02-19,13671.24,0.0,13671.24,0,0.0
indep_002156,2024-02-20,13671.24,0.0,13671.24,0,0.0
indep_002156,2024-02-21,13671.24,0.0,13671.24,0,0.0
indep_002156,2024-02-22,13671.24,0.0,13671.24,0,0.0
indep_002156,2024-02-23,13671.24,0.0,13671.24,0,0.0
indep_002156,2024-02-26,13671.24,0.0,13671.24,0,0.0
indep_002156,2024-02-27,13671.24,0.0,13671.24,0,0.0
indep_002156,2024-02-28,13671.24,0.0,13671.24,0,0.0
indep_002156,2024-02-29,13671.24,0.0,13671.24,0,0.0
indep_002156,2024-03-01,13671.24,0.0,13671.24,0,0.0
indep_002156,2024-03-04,13671.24,0.0,13671.24,0,0.0
indep_002156,2024-03-05,13671.24,0.0,13671.24,0,0.0
indep_002156,2024-03-06,13671.24,0.0,13671.24,0,0.0
indep_002156,2024-03-07,13671.24,0.0,13671.24,0,0.0
indep_002156,2024-03-08,13671.24,0.0,13671.24,0,0.0
indep_002156,2024-03-11,13671.24,0.0,13671.24,0,0.0
indep_002156,2024-03-12,13671.24,0.0,13671.24,0,0.0
indep_002156,2024-03-13,13671.24,0.0,13671.24,0,0.0
indep_002156,2024-03-14,13671.24,0.0,13671.24,0,0.0
indep_002156,2024-03-15,13671.24,0.0,13671.24,0,0.0
indep_002156,2024-03-18,13671.24,0.0,13671.24,0,0.0
indep_002156,2024-03-19,13671.24,0.0,13671.24,0,0.0
indep_002156,2024-03-20,13671.24,0.0,13671.24,0,0.0
indep_002156,2024-03-21,13671.24,0.0,13671.24,0,0.0
indep_002156,2024-03-22,13671.24,0.0,13671.24,0,0.0
indep_002156,2024-03-25,13671.24,0.0,13671.24,0,0.0
indep_002156,2024-03-26,13671.24,0.0,13671.24,0,0.0
indep_002156,2024-03-27,9200.37,4345.74,13546.11,1,32.081
indep_002156,2024-03-28,9200.37,4419.5,13619.87,1,32.449
indep_002156,2024-03-29,9200.37,4483.29,13683.66,1,32.764
indep_002156,2024-04-01,9200.37,4523.16,13723.53,1,32.959
indep_002156,2024-04-02,9200.37,4427.47,13627.84,1,32.488
indep_002156,2024-04-03,9200.37,4429.47,13629.84,1,32.498
indep_002156,2024-04-08,9200.37,4234.11,13434.48,1,31.517
indep_002156,2024-04-09,13391.03,0.0,13391.03,0,0.0
indep_002156,2024-04-10,13391.03,0.0,13391.03,0,0.0
indep_002156,2024-04-11,13391.03,0.0,13391.03,0,0.0
indep_002156,2024-04-12,13391.03,0.0,13391.03,0,0.0
indep_002156,2024-04-15,13391.03,0.0,13391.03,0,0.0
indep_002156,2024-04-16,13391.03,0.0,13391.03,0,0.0
indep_002156,2024-04-17,13391.03,0.0,13391.03,0,0.0
indep_002156,2024-04-18,13391.03,0.0,13391.03,0,0.0
indep_002156,2024-04-19,13391.03,0.0,13391.03,0,0.0
indep_002156,2024-04-22,13391.03,0.0,13391.03,0,0.0
indep_002156,2024-04-23,13391.03,0.0,13391.03,0,0.0
indep_002156,2024-04-24,13391.03,0.0,13391.03,0,0.0
indep_002156,2024-04-25,13391.03,0.0,13391.03,0,0.0
indep_002156,2024-04-26,13391.03,0.0,13391.03,0,0.0
indep_002156,2024-04-29,13391.03,0.0,13391.03,0,0.0
indep_002156,2024-04-30,13391.03,0.0,13391.03,0,0.0
indep_002156,2024-05-06,13391.03,0.0,13391.03,0,0.0
indep_002156,2024-05-07,13391.03,0.0,13391.03,0,0.0
indep_002156,2024-05-08,13391.03,0.0,13391.03,0,0.0
indep_002156,2024-05-09,13391.03,0.0,13391.03,0,0.0
indep_002156,2024-05-10,13391.03,0.0,13391.03,0,0.0
indep_002156,2024-05-13,13391.03,0.0,13391.03,0,0.0
indep_002156,2024-05-14,13391.03,0.0,13391.03,0,0.0
indep_002156,2024-05-15,13391.03,0.0,13391.03,0,0.0
indep_002156,2024-05-16,13391.03,0.0,13391.03,0,0.0
indep_002156,2024-05-17,13391.03,0.0,13391.03,0,0.0
indep_002156,2024-05-20,13391.03,0.0,13391.03,0,0.0
indep_002156,2024-05-21,13391.03,0.0,13391.03,0,0.0
indep_002156,2024-05-22,13391.03,0.0,13391.03,0,0.0
indep_002156,2024-05-23,13391.03,0.0,13391.03,0,0.0
indep_002156,2024-05-24,13391.03,0.0,13391.03,0,0.0
indep_002156,2024-05-27,13391.03,0.0,13391.03,0,0.0
indep_002156,2024-05-28,13391.03,0.0,13391.03,0,0.0
indep_002156,2024-05-29,13391.03,0.0,13391.03,0,0.0
indep_002156,2024-05-30,13391.03,0.0,13391.03,0,0.0
indep_002156,2024-05-31,13391.03,0.0,13391.03,0,0.0
indep_002156,2024-06-03,13391.03,0.0,13391.03,0,0.0
indep_002156,2024-06-04,13391.03,0.0,13391.03,0,0.0
indep_002156,2024-06-05,13391.03,0.0,13391.03,0,0.0
indep_002156,2024-06-06,13391.03,0.0,13391.03,0,0.0
indep_002156,2024-06-07,13391.03,0.0,13391.03,0,0.0
indep_002156,2024-06-11,13391.03,0.0,13391.03,0,0.0
indep_002156,2024-06-12,13391.03,0.0,13391.03,0,0.0
indep_002156,2024-06-13,13391.03,0.0,13391.03,0,0.0
indep_002156,2024-06-14,13391.03,0.0,13391.03,0,0.0
indep_002156,2024-06-17,13391.03,0.0,13391.03,0,0.0
indep_002156,2024-06-18,13391.03,0.0,13391.03,0,0.0
indep_002156,2024-06-19,13391.03,0.0,13391.03,0,0.0
indep_002156,2024-06-20,13391.03,0.0,13391.03,0,0.0
indep_002156,2024-06-21,13391.03,0.0,13391.03,0,0.0
indep_002156,2024-06-24,13391.03,0.0,13391.03,0,0.0
indep_002156,2024-06-25,13391.03,0.0,13391.03,0,0.0
indep_002156,2024-06-26,13391.03,0.0,13391.03,0,0.0
indep_002156,2024-06-27,13391.03,0.0,13391.03,0,0.0
indep_002156,2024-06-28,13391.03,0.0,13391.03,0,0.0
indep_002156,2024-07-01,13391.03,0.0,13391.03,0,0.0
indep_002156,2024-07-02,13391.03,0.0,13391.03,0,0.0
indep_002156,2024-07-03,13391.03,0.0,13391.03,0,0.0
indep_002156,2024-07-04,11168.08,2196.76,13364.84,1,16.437
indep_002156,2024-07-05,13249.93,0.0,13249.93,0,0.0
indep_002156,2024-07-08,13249.93,0.0,13249.93,0,0.0
indep_002156,2024-07-09,13249.93,0.0,13249.93,0,0.0
indep_002156,2024-07-10,13249.93,0.0,13249.93,0,0.0
indep_002156,2024-07-11,13249.93,0.0,13249.93,0,0.0
indep_002156,2024-07-12,13249.93,0.0,13249.93,0,0.0
indep_002156,2024-07-15,13249.93,0.0,13249.93,0,0.0
indep_002156,2024-07-16,13249.93,0.0,13249.93,0,0.0
indep_002156,2024-07-17,13249.93,0.0,13249.93,0,0.0
indep_002156,2024-07-18,13249.93,0.0,13249.93,0,0.0
indep_002156,2024-07-19,13249.93,0.0,13249.93,0,0.0
indep_002156,2024-07-22,13249.93,0.0,13249.93,0,0.0
indep_002156,2024-07-23,13249.93,0.0,13249.93,0,0.0
indep_002156,2024-07-24,13249.93,0.0,13249.93,0,0.0
indep_002156,2024-07-25,13249.93,0.0,13249.93,0,0.0
indep_002156,2024-07-26,13249.93,0.0,13249.93,0,0.0
indep_002156,2024-07-29,13249.93,0.0,13249.93,0,0.0
indep_002156,2024-07-30,13249.93,0.0,13249.93,0,0.0
indep_002156,2024-07-31,13249.93,0.0,13249.93,0,0.0
indep_002156,2024-08-01,13249.93,0.0,13249.93,0,0.0
indep_002156,2024-08-02,13249.93,0.0,13249.93,0,0.0
indep_002156,2024-08-05,13249.93,0.0,13249.93,0,0.0
indep_002156,2024-08-06,13249.93,0.0,13249.93,0,0.0
indep_002156,2024-08-07,13249.93,0.0,13249.93,0,0.0
indep_002156,2024-08-08,13249.93,0.0,13249.93,0,0.0
indep_002156,2024-08-09,13249.93,0.0,13249.93,0,0.0
indep_002156,2024-08-12,13249.93,0.0,13249.93,0,0.0
indep_002156,2024-08-13,13249.93,0.0,13249.93,0,0.0
indep_002156,2024-08-14,13249.93,0.0,13249.93,0,0.0
indep_002156,2024-08-15,13249.93,0.0,13249.93,0,0.0
indep_002156,2024-08-16,13249.93,0.0,13249.93,0,0.0
indep_002156,2024-08-19,13249.93,0.0,13249.93,0,0.0
indep_002156,2024-08-20,13249.93,0.0,13249.93,0,0.0
indep_002156,2024-08-21,13249.93,0.0,13249.93,0,0.0
indep_002156,2024-08-22,13249.93,0.0,13249.93,0,0.0
indep_002156,2024-08-23,13249.93,0.0,13249.93,0,0.0
indep_002156,2024-08-26,13249.93,0.0,13249.93,0,0.0
indep_002156,2024-08-27,13249.93,0.0,13249.93,0,0.0
indep_002156,2024-08-28,13249.93,0.0,13249.93,0,0.0
indep_002156,2024-08-29,13249.93,0.0,13249.93,0,0.0
indep_002156,2024-08-30,13249.93,0.0,13249.93,0,0.0
indep_002156,2024-09-02,13249.93,0.0,13249.93,0,0.0
indep_002156,2024-09-03,13249.93,0.0,13249.93,0,0.0
indep_002156,2024-09-04,13249.93,0.0,13249.93,0,0.0
indep_002156,2024-09-05,13249.93,0.0,13249.93,0,0.0
indep_002156,2024-09-06,13249.93,0.0,13249.93,0,0.0
indep_002156,2024-09-09,13249.93,0.0,13249.93,0,0.0
indep_002156,2024-09-10,13249.93,0.0,13249.93,0,0.0
indep_002156,2024-09-11,13249.93,0.0,13249.93,0,0.0
indep_002156,2024-09-12,13249.93,0.0,13249.93,0,0.0
indep_002156,2024-09-13,13249.93,0.0,13249.93,0,0.0
indep_002156,2024-09-18,13249.93,0.0,13249.93,0,0.0
indep_002156,2024-09-19,13249.93,0.0,13249.93,0,0.0
indep_002156,2024-09-20,13249.93,0.0,13249.93,0,0.0
indep_002156,2024-09-23,13249.93,0.0,13249.93,0,0.0
indep_002156,2024-09-24,13249.93,0.0,13249.93,0,0.0
indep_002156,2024-09-25,13249.93,0.0,13249.93,0,0.0
indep_002156,2024-09-26,13249.93,0.0,13249.93,0,0.0
indep_002156,2024-09-27,13249.93,0.0,13249.93,0,0.0
indep_002156,2024-09-30,13249.93,0.0,13249.93,0,0.0
indep_002156,2024-10-08,13249.93,0.0,13249.93,0,0.0
indep_002156,2024-10-09,13249.93,0.0,13249.93,0,0.0
indep_002156,2024-10-10,13249.93,0.0,13249.93,0,0.0
indep_002156,2024-10-11,10909.2,2230.66,13139.86,1,16.976
indep_002156,2024-10-14,13024.96,0.0,13024.96,0,0.0
indep_002156,2024-10-15,13024.96,0.0,13024.96,0,0.0
indep_002156,2024-10-16,13024.96,0.0,13024.96,0,0.0
indep_002156,2024-10-17,13024.96,0.0,13024.96,0,0.0
indep_002156,2024-10-18,13024.96,0.0,13024.96,0,0.0
indep_002156,2024-10-21,13024.96,0.0,13024.96,0,0.0
indep_002156,2024-10-22,13024.96,0.0,13024.96,0,0.0
indep_002156,2024-10-23,13024.96,0.0,13024.96,0,0.0
indep_002156,2024-10-24,13024.96,0.0,13024.96,0,0.0
indep_002156,2024-10-25,10683.24,2346.33,13029.57,1,18.008
indep_002156,2024-10-28,10683.24,2340.35,13023.59,1,17.97
indep_002156,2024-10-29,10683.24,2328.38,13011.62,1,17.895
indep_002156,2024-10-30,10683.24,2449.04,13132.28,1,18.649
indep_002156,2024-10-31,10683.24,2694.35,13377.58,1,20.141
indep_002156,2024-11-01,10683.24,2963.58,13646.82,1,21.716
indep_002156,2024-11-04,13485.99,0.0,13485.99,0,0.0
indep_002156,2024-11-05,13485.99,0.0,13485.99,0,0.0
indep_002156,2024-11-06,13485.99,0.0,13485.99,0,0.0
indep_002156,2024-11-07,13485.99,0.0,13485.99,0,0.0
indep_002156,2024-11-08,13485.99,0.0,13485.99,0,0.0
indep_002156,2024-11-11,13485.99,0.0,13485.99,0,0.0
indep_002156,2024-11-12,13485.99,0.0,13485.99,0,0.0
indep_002156,2024-11-13,13485.99,0.0,13485.99,0,0.0
indep_002156,2024-11-14,13485.99,0.0,13485.99,0,0.0
indep_002156,2024-11-15,13485.99,0.0,13485.99,0,0.0
indep_002156,2024-11-18,10416.6,2961.59,13378.18,1,22.137
indep_002156,2024-11-19,10416.6,3104.18,13520.78,1,22.959
indep_002156,2024-11-20,10416.6,3140.08,13556.68,1,23.163
indep_002156,2024-11-21,10416.6,3179.97,13596.56,1,23.388
indep_002156,2024-11-22,10416.6,2957.6,13374.19,1,22.114
indep_002156,2024-11-25,13292.24,0.0,13292.24,0,0.0
indep_002156,2024-11-26,13292.24,0.0,13292.24,0,0.0
indep_002156,2024-11-27,13292.24,0.0,13292.24,0,0.0
indep_002156,2024-11-28,13292.24,0.0,13292.24,0,0.0
indep_002156,2024-11-29,13292.24,0.0,13292.24,0,0.0
indep_002156,2024-12-02,13292.24,0.0,13292.24,0,0.0
indep_002156,2024-12-03,13292.24,0.0,13292.24,0,0.0
indep_002156,2024-12-04,13292.24,0.0,13292.24,0,0.0
indep_002156,2024-12-05,10205.88,3044.35,13250.23,1,22.976
indep_002156,2024-12-06,10205.88,3028.4,13234.27,1,22.883
indep_002156,2024-12-09,10205.88,2940.65,13146.52,1,22.368
indep_002156,2024-12-10,10205.88,2940.65,13146.52,1,22.368
indep_002156,2024-12-11,10205.88,2971.56,13177.44,1,22.55
indep_002156,2024-12-12,10205.88,2970.56,13176.44,1,22.544
indep_002156,2024-12-13,13097.5,0.0,13097.5,0,0.0
indep_002156,2024-12-16,13097.5,0.0,13097.5,0,0.0
indep_002156,2024-12-17,13097.5,0.0,13097.5,0,0.0
indep_002156,2024-12-18,13097.5,0.0,13097.5,0,0.0
indep_002156,2024-12-19,13097.5,0.0,13097.5,0,0.0
indep_002156,2024-12-20,13097.5,0.0,13097.5,0,0.0
indep_002156,2024-12-23,13097.5,0.0,13097.5,0,0.0
indep_002156,2024-12-24,10191.8,2978.54,13170.34,1,22.615
indep_002156,2024-12-25,10191.8,2934.66,13126.47,1,22.357
indep_002156,2024-12-26,10191.8,3081.25,13273.05,1,23.214
indep_002156,2024-12-27,10191.8,3071.27,13263.08,1,23.157
indep_002156,2024-12-30,10191.8,3158.03,13349.83,1,23.656
indep_002156,2024-12-31,13175.29,0.0,13175.29,0,0.0
indep_002156,2025-01-02,13175.29,0.0,13175.29,0,0.0
indep_002156,2025-01-03,13175.29,0.0,13175.29,0,0.0
indep_002156,2025-01-06,13175.29,0.0,13175.29,0,0.0
indep_002156,2025-01-07,13175.29,0.0,13175.29,0,0.0
indep_002156,2025-01-08,13175.29,0.0,13175.29,0,0.0
indep_002156,2025-01-09,13175.29,0.0,13175.29,0,0.0
indep_002156,2025-01-10,13175.29,0.0,13175.29,0,0.0
indep_002156,2025-01-13,13175.29,0.0,13175.29,0,0.0
indep_002156,2025-01-14,13175.29,0.0,13175.29,0,0.0
indep_002156,2025-01-15,13175.29,0.0,13175.29,0,0.0
indep_002156,2025-01-16,13175.29,0.0,13175.29,0,0.0
indep_002156,2025-01-17,13175.29,0.0,13175.29,0,0.0
indep_002156,2025-01-20,13175.29,0.0,13175.29,0,0.0
indep_002156,2025-01-21,13175.29,0.0,13175.29,0,0.0
indep_002156,2025-01-22,13175.29,0.0,13175.29,0,0.0
indep_002156,2025-01-23,13175.29,0.0,13175.29,0,0.0
indep_002156,2025-01-24,13175.29,0.0,13175.29,0,0.0
indep_002156,2025-01-27,13175.29,0.0,13175.29,0,0.0
indep_002156,2025-02-05,13175.29,0.0,13175.29,0,0.0
indep_002156,2025-02-06,13175.29,0.0,13175.29,0,0.0
indep_002156,2025-02-07,13175.29,0.0,13175.29,0,0.0
indep_002156,2025-02-10,13175.29,0.0,13175.29,0,0.0
indep_002156,2025-02-11,13175.29,0.0,13175.29,0,0.0
indep_002156,2025-02-12,13175.29,0.0,13175.29,0,0.0
indep_002156,2025-02-13,13175.29,0.0,13175.29,0,0.0
indep_002156,2025-02-14,13175.29,0.0,13175.29,0,0.0
indep_002156,2025-02-17,13175.29,0.0,13175.29,0,0.0
indep_002156,2025-02-18,13175.29,0.0,13175.29,0,0.0
indep_002156,2025-02-19,13175.29,0.0,13175.29,0,0.0
indep_002156,2025-02-20,13175.29,0.0,13175.29,0,0.0
indep_002156,2025-02-21,13175.29,0.0,13175.29,0,0.0
indep_002156,2025-02-24,13175.29,0.0,13175.29,0,0.0
indep_002156,2025-02-25,13175.29,0.0,13175.29,0,0.0
indep_002156,2025-02-26,13175.29,0.0,13175.29,0,0.0
indep_002156,2025-02-27,13175.29,0.0,13175.29,0,0.0
indep_002156,2025-02-28,13175.29,0.0,13175.29,0,0.0
indep_002156,2025-03-03,13175.29,0.0,13175.29,0,0.0
indep_002156,2025-03-04,13175.29,0.0,13175.29,0,0.0
indep_002156,2025-03-05,13175.29,0.0,13175.29,0,0.0
indep_002156,2025-03-06,13175.29,0.0,13175.29,0,0.0
indep_002156,2025-03-07,13175.29,0.0,13175.29,0,0.0
indep_002156,2025-03-10,13175.29,0.0,13175.29,0,0.0
indep_002156,2025-03-11,13175.29,0.0,13175.29,0,0.0
indep_002156,2025-03-12,13175.29,0.0,13175.29,0,0.0
indep_002156,2025-03-13,13175.29,0.0,13175.29,0,0.0
indep_002156,2025-03-14,13175.29,0.0,13175.29,0,0.0
indep_002156,2025-03-17,13175.29,0.0,13175.29,0,0.0
indep_002156,2025-03-18,13175.29,0.0,13175.29,0,0.0
indep_002156,2025-03-19,13175.29,0.0,13175.29,0,0.0
indep_002156,2025-03-20,13175.29,0.0,13175.29,0,0.0
indep_002156,2025-03-21,13175.29,0.0,13175.29,0,0.0
indep_002156,2025-03-24,13175.29,0.0,13175.29,0,0.0
indep_002156,2025-03-25,13175.29,0.0,13175.29,0,0.0
indep_002156,2025-03-26,13175.29,0.0,13175.29,0,0.0
indep_002156,2025-03-27,13175.29,0.0,13175.29,0,0.0
indep_002156,2025-03-28,13175.29,0.0,13175.29,0,0.0
indep_002156,2025-03-31,13175.29,0.0,13175.29,0,0.0
indep_002156,2025-04-01,13175.29,0.0,13175.29,0,0.0
indep_002156,2025-04-02,13175.29,0.0,13175.29,0,0.0
indep_002156,2025-04-03,13175.29,0.0,13175.29,0,0.0
indep_002156,2025-04-07,13175.29,0.0,13175.29,0,0.0
indep_002156,2025-04-08,13175.29,0.0,13175.29,0,0.0
indep_002156,2025-04-09,13175.29,0.0,13175.29,0,0.0
indep_002156,2025-04-10,13175.29,0.0,13175.29,0,0.0
indep_002156,2025-04-11,13175.29,0.0,13175.29,0,0.0
indep_002156,2025-04-14,13175.29,0.0,13175.29,0,0.0
indep_002156,2025-04-15,13175.29,0.0,13175.29,0,0.0
indep_002156,2025-04-16,13175.29,0.0,13175.29,0,0.0
indep_002156,2025-04-17,13175.29,0.0,13175.29,0,0.0
indep_002156,2025-04-18,13175.29,0.0,13175.29,0,0.0
indep_002156,2025-04-21,13175.29,0.0,13175.29,0,0.0
indep_002156,2025-04-22,13175.29,0.0,13175.29,0,0.0
indep_002156,2025-04-23,13175.29,0.0,13175.29,0,0.0
indep_002156,2025-04-24,13175.29,0.0,13175.29,0,0.0
indep_002156,2025-04-25,13175.29,0.0,13175.29,0,0.0
indep_002156,2025-04-28,13175.29,0.0,13175.29,0,0.0
indep_002156,2025-04-29,13175.29,0.0,13175.29,0,0.0
indep_002156,2025-04-30,13175.29,0.0,13175.29,0,0.0
indep_002156,2025-05-06,13175.29,0.0,13175.29,0,0.0
indep_002156,2025-05-07,13175.29,0.0,13175.29,0,0.0
indep_002156,2025-05-08,13175.29,0.0,13175.29,0,0.0
indep_002156,2025-05-09,13175.29,0.0,13175.29,0,0.0
indep_002156,2025-05-12,13175.29,0.0,13175.29,0,0.0
indep_002156,2025-05-13,13175.29,0.0,13175.29,0,0.0
indep_002156,2025-05-14,13175.29,0.0,13175.29,0,0.0
indep_002156,2025-05-15,13175.29,0.0,13175.29,0,0.0
indep_002156,2025-05-16,13175.29,0.0,13175.29,0,0.0
indep_002156,2025-05-19,13175.29,0.0,13175.29,0,0.0
indep_002156,2025-05-20,13175.29,0.0,13175.29,0,0.0
indep_002156,2025-05-21,13175.29,0.0,13175.29,0,0.0
indep_002156,2025-05-22,13175.29,0.0,13175.29,0,0.0
indep_002156,2025-05-23,13175.29,0.0,13175.29,0,0.0
indep_002156,2025-05-26,13175.29,0.0,13175.29,0,0.0
indep_002156,2025-05-27,13175.29,0.0,13175.29,0,0.0
indep_002156,2025-05-28,13175.29,0.0,13175.29,0,0.0
indep_002156,2025-05-29,13175.29,0.0,13175.29,0,0.0
indep_002156,2025-05-30,13175.29,0.0,13175.29,0,0.0
indep_002156,2025-06-03,13175.29,0.0,13175.29,0,0.0
indep_002156,2025-06-04,13175.29,0.0,13175.29,0,0.0
indep_002156,2025-06-05,13175.29,0.0,13175.29,0,0.0
indep_002156,2025-06-06,13175.29,0.0,13175.29,0,0.0
indep_002156,2025-06-09,13175.29,0.0,13175.29,0,0.0
indep_002156,2025-06-10,13175.29,0.0,13175.29,0,0.0
indep_002156,2025-06-11,13175.29,0.0,13175.29,0,0.0
indep_002156,2025-06-12,13175.29,0.0,13175.29,0,0.0
indep_002156,2025-06-13,13175.29,0.0,13175.29,0,0.0
indep_002156,2025-06-16,13175.29,0.0,13175.29,0,0.0
indep_002156,2025-06-17,13175.29,0.0,13175.29,0,0.0
indep_002156,2025-06-18,13175.29,0.0,13175.29,0,0.0
indep_002156,2025-06-19,13175.29,0.0,13175.29,0,0.0
indep_002156,2025-06-20,13175.29,0.0,13175.29,0,0.0
indep_002156,2025-06-23,13175.29,0.0,13175.29,0,0.0
indep_002156,2025-06-24,13175.29,0.0,13175.29,0,0.0
indep_002156,2025-06-25,13175.29,0.0,13175.29,0,0.0
indep_002156,2025-06-26,13175.29,0.0,13175.29,0,0.0
indep_002156,2025-06-27,13175.29,0.0,13175.29,0,0.0
indep_002156,2025-06-30,13175.29,0.0,13175.29,0,0.0
indep_002156,2025-07-01,13175.29,0.0,13175.29,0,0.0
indep_002156,2025-07-02,13175.29,0.0,13175.29,0,0.0
indep_002156,2025-07-03,13175.29,0.0,13175.29,0,0.0
indep_002156,2025-07-04,13175.29,0.0,13175.29,0,0.0
indep_002156,2025-07-07,13175.29,0.0,13175.29,0,0.0
indep_002156,2025-07-08,13175.29,0.0,13175.29,0,0.0
indep_002156,2025-07-09,10672.56,2493.21,13165.77,1,18.937
indep_002156,2025-07-10,10672.56,2488.21,13160.77,1,18.906
indep_002156,2025-07-11,10672.56,2545.15,13217.71,1,19.256
indep_002156,2025-07-14,10672.56,2573.12,13245.68,1,19.426
indep_002156,2025-07-15,10672.56,2558.13,13230.7,1,19.335
indep_002156,2025-07-16,10672.56,2588.1,13260.66,1,19.517
indep_002156,2025-07-17,10672.56,2602.09,13274.65,1,19.602
indep_002156,2025-07-18,10672.56,2593.1,13265.66,1,19.547
indep_002156,2025-07-21,10672.56,2581.11,13253.67,1,19.475
indep_002156,2025-07-22,10672.56,2597.09,13269.65,1,19.572
indep_002156,2025-07-23,10672.56,2585.1,13257.67,1,19.499
indep_002156,2025-07-24,10672.56,2635.05,13307.61,1,19.801
indep_002156,2025-07-25,10672.56,2654.03,13326.59,1,19.915
indep_002156,2025-07-28,10672.56,2746.92,13419.48,1,20.47
indep_002156,2025-07-29,10672.56,2781.88,13454.45,1,20.676
indep_002156,2025-07-30,10672.56,2784.88,13457.44,1,20.694
indep_002156,2025-07-31,10672.56,2808.85,13481.42,1,20.835
indep_002156,2025-08-01,10672.56,2709.96,13382.53,1,20.25
indep_002156,2025-08-04,10672.56,2707.97,13380.53,1,20.238
indep_002156,2025-08-05,10672.56,2719.95,13392.51,1,20.31
indep_002156,2025-08-06,10672.56,2769.9,13442.46,1,20.606
indep_002156,2025-08-07,10672.56,2751.92,13424.48,1,20.499
indep_002156,2025-08-08,10672.56,2677.0,13349.56,1,20.053
indep_002156,2025-08-11,10672.56,2741.93,13414.49,1,20.44
indep_002156,2025-08-12,10672.56,2866.79,13539.35,1,21.174
indep_002156,2025-08-13,10672.56,2855.8,13528.36,1,21.11
indep_002156,2025-08-14,10672.56,2851.81,13524.37,1,21.086
indep_002156,2025-08-15,10672.56,2862.79,13535.35,1,21.15
indep_002156,2025-08-18,10672.56,2951.69,13624.26,1,21.665
indep_002156,2025-08-19,10672.56,2876.78,13549.34,1,21.232
indep_002156,2025-08-20,10672.56,2926.72,13599.28,1,21.521
indep_002156,2025-08-21,10672.56,2883.77,13556.33,1,21.272
indep_002156,2025-08-22,10672.56,3019.62,13692.18,1,22.054
indep_002156,2025-08-25,10672.56,2998.64,13671.2,1,21.934
indep_002156,2025-08-26,10672.56,2985.66,13658.22,1,21.86
indep_002156,2025-08-27,10672.56,2946.7,13619.26,1,21.636
indep_002156,2025-08-28,10672.56,3004.63,13677.2,1,21.968
indep_002156,2025-08-29,10672.56,3305.3,13977.86,1,23.647
indep_002156,2025-09-01,10672.56,3484.1,14156.66,1,24.611
indep_002156,2025-09-02,10672.56,3410.18,14082.74,1,24.215
indep_002156,2025-09-03,14030.48,0.0,14030.48,0,0.0
indep_002156,2025-09-04,14030.48,0.0,14030.48,0,0.0
indep_002156,2025-09-05,10915.82,3217.4,14133.22,1,22.765
indep_002156,2025-09-08,10915.82,3293.31,14209.13,1,23.177
indep_002156,2025-09-09,10915.82,3117.51,14033.33,1,22.215
indep_002156,2025-09-10,10915.82,3139.48,14055.3,1,22.337
indep_002156,2025-09-11,10915.82,3286.32,14202.14,1,23.14
indep_002156,2025-09-12,10915.82,3307.29,14223.12,1,23.253
indep_002156,2025-09-15,10915.82,3291.31,14207.13,1,23.167
indep_002156,2025-09-16,10915.82,3342.26,14258.08,1,23.441
indep_002156,2025-09-17,10915.82,3371.22,14287.04,1,23.596
indep_002156,2025-09-18,14311.68,0.0,14311.68,0,0.0
indep_002156,2025-09-19,14311.68,0.0,14311.68,0,0.0
indep_002156,2025-09-22,14311.68,0.0,14311.68,0,0.0
indep_002156,2025-09-23,14311.68,0.0,14311.68,0,0.0
indep_002156,2025-09-24,14311.68,0.0,14311.68,0,0.0
indep_002156,2025-09-25,14311.68,0.0,14311.68,0,0.0
indep_002156,2025-09-26,14311.68,0.0,14311.68,0,0.0
indep_002156,2025-09-29,14311.68,0.0,14311.68,0,0.0
indep_002156,2025-09-30,14311.68,0.0,14311.68,0,0.0
indep_002156,2025-10-09,14311.68,0.0,14311.68,0,0.0
indep_002156,2025-10-10,14311.68,0.0,14311.68,0,0.0
indep_002156,2025-10-13,14311.68,0.0,14311.68,0,0.0
indep_002156,2025-10-14,14311.68,0.0,14311.68,0,0.0
indep_002156,2025-10-15,10210.13,4243.25,14453.38,1,29.358
indep_002156,2025-10-16,10210.13,4277.21,14487.34,1,29.524
indep_002156,2025-10-17,14312.31,0.0,14312.31,0,0.0
indep_002156,2025-10-20,14312.31,0.0,14312.31,0,0.0
indep_002156,2025-10-21,14312.31,0.0,14312.31,0,0.0
indep_002156,2025-10-22,14312.31,0.0,14312.31,0,0.0
indep_002156,2025-10-23,14312.31,0.0,14312.31,0,0.0
indep_002156,2025-10-24,14312.31,0.0,14312.31,0,0.0
indep_002156,2025-10-27,14312.31,0.0,14312.31,0,0.0
indep_002156,2025-10-28,14312.31,0.0,14312.31,0,0.0
indep_002156,2025-10-29,14312.31,0.0,14312.31,0,0.0
indep_002156,2025-10-30,14312.31,0.0,14312.31,0,0.0
indep_002156,2025-10-31,14312.31,0.0,14312.31,0,0.0
indep_002156,2025-11-03,10227.76,4169.33,14397.09,1,28.96
indep_002156,2025-11-04,10227.76,4083.43,14311.19,1,28.533
indep_002156,2025-11-05,10227.76,4011.51,14239.27,1,28.172
indep_002156,2025-11-06,10227.76,4157.34,14385.11,1,28.9
indep_002156,2025-11-07,10227.76,4013.5,14241.27,1,28.182
indep_002156,2025-11-10,10227.76,4009.51,14237.27,1,28.162
indep_002156,2025-11-11,10227.76,3875.66,14103.42,1,27.48
indep_002156,2025-11-12,14046.69,0.0,14046.69,0,0.0
indep_002156,2025-11-13,14046.69,0.0,14046.69,0,0.0
indep_002156,2025-11-14,10195.11,3773.77,13968.89,1,27.016
indep_002156,2025-11-17,10195.11,3750.8,13945.91,1,26.895
indep_002156,2025-11-18,10195.11,3774.77,13969.89,1,27.021
indep_002156,2025-11-19,10195.11,3726.83,13921.94,1,26.769
indep_002156,2025-11-20,10195.11,3671.89,13867.0,1,26.479
indep_002156,2025-11-21,13780.66,0.0,13780.66,0,0.0
indep_002156,2025-11-24,13780.66,0.0,13780.66,0,0.0
indep_002156,2025-11-25,13780.66,0.0,13780.66,0,0.0
indep_002156,2025-11-26,13780.66,0.0,13780.66,0,0.0
indep_002156,2025-11-27,13780.66,0.0,13780.66,0,0.0
indep_002156,2025-11-28,13780.66,0.0,13780.66,0,0.0
indep_002156,2025-12-01,13780.66,0.0,13780.66,0,0.0
indep_002156,2025-12-02,13780.66,0.0,13780.66,0,0.0
indep_002156,2025-12-03,13780.66,0.0,13780.66,0,0.0
indep_002156,2025-12-04,13780.66,0.0,13780.66,0,0.0
indep_002156,2025-12-05,13780.66,0.0,13780.66,0,0.0
indep_002156,2025-12-08,13780.66,0.0,13780.66,0,0.0
indep_002156,2025-12-09,13780.66,0.0,13780.66,0,0.0
indep_002156,2025-12-10,13780.66,0.0,13780.66,0,0.0
indep_002156,2025-12-11,13780.66,0.0,13780.66,0,0.0
indep_002156,2025-12-12,13780.66,0.0,13780.66,0,0.0
indep_002156,2025-12-15,13780.66,0.0,13780.66,0,0.0
indep_002156,2025-12-16,13780.66,0.0,13780.66,0,0.0
indep_002156,2025-12-17,13780.66,0.0,13780.66,0,0.0
indep_002156,2025-12-18,13780.66,0.0,13780.66,0,0.0
indep_002156,2025-12-19,13780.66,0.0,13780.66,0,0.0
indep_002156,2025-12-22,13780.66,0.0,13780.66,0,0.0
indep_002156,2025-12-23,13780.66,0.0,13780.66,0,0.0
indep_002156,2025-12-24,13780.66,0.0,13780.66,0,0.0
indep_002156,2025-12-25,13780.66,0.0,13780.66,0,0.0
indep_002156,2025-12-26,13780.66,0.0,13780.66,0,0.0
indep_002156,2025-12-29,13780.66,0.0,13780.66,0,0.0
indep_002156,2025-12-30,13780.66,0.0,13780.66,0,0.0
indep_002156,2025-12-31,13780.66,0.0,13780.66,0,0.0
indep_002156,2026-01-05,13780.66,0.0,13780.66,0,0.0
indep_002156,2026-01-06,13780.66,0.0,13780.66,0,0.0
indep_002156,2026-01-07,13780.66,0.0,13780.66,0,0.0
indep_002156,2026-01-08,13780.66,0.0,13780.66,0,0.0
indep_002156,2026-01-09,13780.66,0.0,13780.66,0,0.0
indep_002156,2026-01-12,13780.66,0.0,13780.66,0,0.0
indep_002156,2026-01-13,13780.66,0.0,13780.66,0,0.0
indep_002156,2026-01-14,13780.66,0.0,13780.66,0,0.0
indep_002156,2026-01-15,13780.66,0.0,13780.66,0,0.0
indep_002156,2026-01-16,13780.66,0.0,13780.66,0,0.0
indep_002156,2026-01-19,13780.66,0.0,13780.66,0,0.0
indep_002156,2026-01-20,13780.66,0.0,13780.66,0,0.0
indep_002156,2026-01-21,13780.66,0.0,13780.66,0,0.0
indep_002156,2026-01-22,13780.66,0.0,13780.66,0,0.0
indep_002156,2026-01-23,13780.66,0.0,13780.66,0,0.0
indep_002156,2026-01-26,13780.66,0.0,13780.66,0,0.0
indep_002156,2026-01-27,13780.66,0.0,13780.66,0,0.0
indep_002156,2026-01-28,13780.66,0.0,13780.66,0,0.0
indep_002156,2026-01-29,13780.66,0.0,13780.66,0,0.0
indep_002156,2026-01-30,13780.66,0.0,13780.66,0,0.0
indep_002156,2026-02-02,13780.66,0.0,13780.66,0,0.0
indep_002156,2026-02-03,13780.66,0.0,13780.66,0,0.0
indep_002156,2026-02-04,13780.66,0.0,13780.66,0,0.0
indep_002156,2026-02-05,13780.66,0.0,13780.66,0,0.0
indep_002156,2026-02-06,13780.66,0.0,13780.66,0,0.0
indep_002156,2026-02-09,13780.66,0.0,13780.66,0,0.0
indep_002156,2026-02-10,13780.66,0.0,13780.66,0,0.0
indep_002156,2026-02-11,13780.66,0.0,13780.66,0,0.0
indep_002156,2026-02-12,13780.66,0.0,13780.66,0,0.0
indep_002156,2026-02-13,13780.66,0.0,13780.66,0,0.0
indep_002156,2026-02-24,13780.66,0.0,13780.66,0,0.0
indep_002156,2026-02-25,13780.66,0.0,13780.66,0,0.0
indep_002156,2026-02-26,13780.66,0.0,13780.66,0,0.0
indep_002156,2026-02-27,13780.66,0.0,13780.66,0,0.0
indep_002156,2026-03-02,13780.66,0.0,13780.66,0,0.0
indep_002156,2026-03-03,13780.66,0.0,13780.66,0,0.0
indep_002156,2026-03-04,13780.66,0.0,13780.66,0,0.0
indep_002156,2026-03-05,13780.66,0.0,13780.66,0,0.0
indep_002156,2026-03-06,13780.66,0.0,13780.66,0,0.0
indep_002156,2026-03-09,13780.66,0.0,13780.66,0,0.0
indep_002156,2026-03-10,13780.66,0.0,13780.66,0,0.0
indep_002156,2026-03-11,13780.66,0.0,13780.66,0,0.0
indep_002156,2026-03-12,13780.66,0.0,13780.66,0,0.0
indep_002156,2026-03-13,13780.66,0.0,13780.66,0,0.0
indep_002156,2026-03-16,9243.16,4674.76,13917.92,1,33.588
indep_002156,2026-03-17,9243.16,4519.94,13763.09,1,32.841
indep_002156,2026-03-18,9243.16,4734.7,13977.85,1,33.873
indep_002156,2026-03-19,9243.16,4589.86,13833.02,1,33.18
indep_002156,2026-03-20,9243.16,4429.04,13672.2,1,32.394
indep_002156,2026-03-23,13496.72,0.0,13496.72,0,0.0
indep_002156,2026-03-24,13496.72,0.0,13496.72,0,0.0
indep_002156,2026-03-25,13496.72,0.0,13496.72,0,0.0
indep_002156,2026-03-26,13496.72,0.0,13496.72,0,0.0
indep_002156,2026-03-27,13496.72,0.0,13496.72,0,0.0
indep_002156,2026-03-30,13496.72,0.0,13496.72,0,0.0
indep_002156,2026-03-31,13496.72,0.0,13496.72,0,0.0
indep_002156,2026-04-01,13496.72,0.0,13496.72,0,0.0
indep_002156,2026-04-02,13496.72,0.0,13496.72,0,0.0
indep_002156,2026-04-03,13496.72,0.0,13496.72,0,0.0
indep_002156,2026-04-07,13496.72,0.0,13496.72,0,0.0
indep_002156,2026-04-08,13496.72,0.0,13496.72,0,0.0
indep_002156,2026-04-09,13496.72,0.0,13496.72,0,0.0
indep_002156,2026-04-10,13496.72,0.0,13496.72,0,0.0
indep_002156,2026-04-13,13496.72,0.0,13496.72,0,0.0
indep_002156,2026-04-14,13496.72,0.0,13496.72,0,0.0
indep_002156,2026-04-15,13496.72,0.0,13496.72,0,0.0
indep_002156,2026-04-16,13496.72,0.0,13496.72,0,0.0
indep_002156,2026-04-17,13496.72,0.0,13496.72,0,0.0
indep_002156,2026-04-20,13496.72,0.0,13496.72,0,0.0
indep_002156,2026-04-21,13496.72,0.0,13496.72,0,0.0
indep_002156,2026-04-22,13496.72,0.0,13496.72,0,0.0
indep_002156,2026-04-23,13496.72,0.0,13496.72,0,0.0
indep_002156,2026-04-24,13496.72,0.0,13496.72,0,0.0
indep_002156,2026-04-27,13496.72,0.0,13496.72,0,0.0
indep_002156,2026-04-28,13496.72,0.0,13496.72,0,0.0
indep_002156,2026-04-29,13496.72,0.0,13496.72,0,0.0
indep_002156,2026-04-30,13496.72,0.0,13496.72,0,0.0
indep_002156,2026-05-06,13496.72,0.0,13496.72,0,0.0
indep_002156,2026-05-07,13496.72,0.0,13496.72,0,0.0
indep_002156,2026-05-08,13496.72,0.0,13496.72,0,0.0
indep_002156,2026-05-11,13496.72,0.0,13496.72,0,0.0
indep_002156,2026-05-12,13496.72,0.0,13496.72,0,0.0
indep_002156,2026-05-13,13496.72,0.0,13496.72,0,0.0
indep_002156,2026-05-14,13496.72,0.0,13496.72,0,0.0
indep_002156,2026-05-15,13496.72,0.0,13496.72,0,0.0
indep_002156,2026-05-18,13496.72,0.0,13496.72,0,0.0
indep_002156,2026-05-19,13496.72,0.0,13496.72,0,0.0
indep_002156,2026-05-20,13496.72,0.0,13496.72,0,0.0
indep_002156,2026-05-21,13496.72,0.0,13496.72,0,0.0
indep_002156,2026-05-22,13496.72,0.0,13496.72,0,0.0
indep_002156,2026-05-25,13496.72,0.0,13496.72,0,0.0
indep_002156,2026-05-26,13496.72,0.0,13496.72,0,0.0
indep_002156,2026-05-27,13496.72,0.0,13496.72,0,0.0
indep_002156,2026-05-28,13496.72,0.0,13496.72,0,0.0
indep_002156,2026-05-29,13496.72,0.0,13496.72,0,0.0
indep_002156,2026-06-01,13496.72,0.0,13496.72,0,0.0
indep_002156,2026-06-02,13496.72,0.0,13496.72,0,0.0
indep_002156,2026-06-03,13496.72,0.0,13496.72,0,0.0
indep_002156,2026-06-04,13496.72,0.0,13496.72,0,0.0
indep_002156,2026-06-05,13496.72,0.0,13496.72,0,0.0
indep_002156,2026-06-08,13496.72,0.0,13496.72,0,0.0
indep_002156,2026-06-09,13496.72,0.0,13496.72,0,0.0
indep_002156,2026-06-10,13496.72,0.0,13496.72,0,0.0
indep_002156,2026-06-11,13496.72,0.0,13496.72,0,0.0
indep_002156,2026-06-12,13496.72,0.0,13496.72,0,0.0
indep_002156,2026-06-15,13496.72,0.0,13496.72,0,0.0
indep_002156,2026-06-16,13496.72,0.0,13496.72,0,0.0
indep_002156,2026-06-17,13496.72,0.0,13496.72,0,0.0
indep_002156,2026-06-18,13496.72,0.0,13496.72,0,0.0
indep_002156,2026-06-22,13496.72,0.0,13496.72,0,0.0
indep_002156,2026-06-23,13496.72,0.0,13496.72,0,0.0
indep_002156,2026-06-24,13496.72,0.0,13496.72,0,0.0
indep_002156,2026-06-25,13496.72,0.0,13496.72,0,0.0
indep_002156,2026-06-26,13496.72,0.0,13496.72,0,0.0
indep_002156,2026-06-29,13496.72,0.0,13496.72,0,0.0
indep_002156,2026-06-30,13496.72,0.0,13496.72,0,0.0
indep_002156,2026-07-01,13496.72,0.0,13496.72,0,0.0
indep_002156,2026-07-02,13496.72,0.0,13496.72,0,0.0
indep_002156,2026-07-03,13496.72,0.0,13496.72,0,0.0
indep_002156,2026-07-06,13496.72,0.0,13496.72,0,0.0
indep_002156,2026-07-07,13496.72,0.0,13496.72,0,0.0
indep_002156,2026-07-08,13496.72,0.0,13496.72,0,0.0
indep_002156,2026-07-09,13496.72,0.0,13496.72,0,0.0
indep_002156,2026-07-10,13496.72,0.0,13496.72,0,0.0
indep_002156,2026-07-13,13496.72,0.0,13496.72,0,0.0
indep_002156,2026-07-14,13496.72,0.0,13496.72,0,0.0
indep_002156,2026-07-15,13496.72,0.0,13496.72,0,0.0
indep_002156,2026-07-16,13496.72,0.0,13496.72,0,0.0
indep_002156,2026-07-17,13496.72,0.0,13496.72,0,0.0
indep_002156,2026-07-20,13496.72,0.0,13496.72,0,0.0
indep_002156,2026-07-21,13496.72,0.0,13496.72,0,0.0
indep_002156,2026-07-22,13496.72,0.0,13496.72,0,0.0
indep_002156,2026-07-23,13496.72,0.0,13496.72,0,0.0
indep_002156,2026-07-24,13496.72,0.0,13496.72,0,0.0
indep_002156,2026-07-27,13496.72,0.0,13496.72,0,0.0
indep_002156,2026-07-28,13496.72,0.0,13496.72,0,0.0
indep_002156,2026-07-29,13496.72,0.0,13496.72,0,0.0
indep_002156,2026-07-30,13496.72,0.0,13496.72,0,0.0
indep_002156,2026-07-31,13496.72,0.0,13496.72,0,0.0
indep_002156,2026-08-03,13496.72,0.0,13496.72,0,0.0
indep_002156,2026-08-04,13496.72,0.0,13496.72,0,0.0
indep_002156,2026-08-05,13496.72,0.0,13496.72,0,0.0
indep_002156,2026-08-06,13496.72,0.0,13496.72,0,0.0
indep_002156,2026-08-07,13496.72,0.0,13496.72,0,0.0
indep_002156,2026-08-10,13496.72,0.0,13496.72,0,0.0
indep_002156,2026-08-11,13496.72,0.0,13496.72,0,0.0
indep_002156,2026-08-12,13496.72,0.0,13496.72,0,0.0
indep_002156,2026-08-13,13496.72,0.0,13496.72,0,0.0
indep_002156,2026-08-14,13496.72,0.0,13496.72,0,0.0
indep_002156,2026-08-17,13496.72,0.0,13496.72,0,0.0
indep_002156,2026-08-18,13496.72,0.0,13496.72,0,0.0
indep_002156,2026-08-19,13496.72,0.0,13496.72,0,0.0
indep_002156,2026-08-20,13496.72,0.0,13496.72,0,0.0
indep_002156,2026-08-21,13496.72,0.0,13496.72,0,0.0
indep_002156,2026-08-24,13496.72,0.0,13496.72,0,0.0
indep_002156,2026-08-25,13496.72,0.0,13496.72,0,0.0
indep_002156,2026-08-26,13496.72,0.0,13496.72,0,0.0
indep_002156,2026-08-27,13496.72,0.0,13496.72,0,0.0
indep_002156,2026-08-28,13496.72,0.0,13496.72,0,0.0
indep_002156,2026-08-31,13496.72,0.0,13496.72,0,0.0
indep_002156,2026-09-01,13496.72,0.0,13496.72,0,0.0
indep_002156,2026-09-02,13496.72,0.0,13496.72,0,0.0
indep_002156,2026-09-03,13496.72,0.0,13496.72,0,0.0
indep_002156,2026-09-04,13496.72,0.0,13496.72,0,0.0
indep_002156,2026-09-07,13496.72,0.0,13496.72,0,0.0
indep_002156,2026-09-08,13496.72,0.0,13496.72,0,0.0
indep_002156,2026-09-09,13496.72,0.0,13496.72,0,0.0
indep_002156,2026-09-10,13496.72,0.0,13496.72,0,0.0
indep_002156,2026-09-11,13496.72,0.0,13496.72,0,0.0
indep_002156,2026-09-14,13496.72,0.0,13496.72,0,0.0
indep_600487,2023-09-14,13822.47,0.0,13822.47,0,0.0
indep_600487,2023-09-15,13822.47,0.0,13822.47,0,0.0
indep_600487,2023-09-18,13822.47,0.0,13822.47,0,0.0
indep_600487,2023-09-19,13822.47,0.0,13822.47,0,0.0
indep_600487,2023-09-20,13822.47,0.0,13822.47,0,0.0
indep_600487,2023-09-21,13822.47,0.0,13822.47,0,0.0
indep_600487,2023-09-22,13822.47,0.0,13822.47,0,0.0
indep_600487,2023-09-25,13822.47,0.0,13822.47,0,0.0
indep_600487,2023-09-26,13822.47,0.0,13822.47,0,0.0
indep_600487,2023-09-27,13822.47,0.0,13822.47,0,0.0
indep_600487,2023-09-28,13822.47,0.0,13822.47,0,0.0
indep_600487,2023-10-09,13822.47,0.0,13822.47,0,0.0
indep_600487,2023-10-10,13822.47,0.0,13822.47,0,0.0
indep_600487,2023-10-11,13822.47,0.0,13822.47,0,0.0
indep_600487,2023-10-12,13822.47,0.0,13822.47,0,0.0
indep_600487,2023-10-13,13822.47,0.0,13822.47,0,0.0
indep_600487,2023-10-16,13822.47,0.0,13822.47,0,0.0
indep_600487,2023-10-17,13822.47,0.0,13822.47,0,0.0
indep_600487,2023-10-18,13822.47,0.0,13822.47,0,0.0
indep_600487,2023-10-19,13822.47,0.0,13822.47,0,0.0
indep_600487,2023-10-20,13822.47,0.0,13822.47,0,0.0
indep_600487,2023-10-23,13822.47,0.0,13822.47,0,0.0
indep_600487,2023-10-24,13822.47,0.0,13822.47,0,0.0
indep_600487,2023-10-25,13822.47,0.0,13822.47,0,0.0
indep_600487,2023-10-26,13822.47,0.0,13822.47,0,0.0
indep_600487,2023-10-27,13822.47,0.0,13822.47,0,0.0
indep_600487,2023-10-30,13822.47,0.0,13822.47,0,0.0
indep_600487,2023-10-31,13822.47,0.0,13822.47,0,0.0
indep_600487,2023-11-01,13822.47,0.0,13822.47,0,0.0
indep_600487,2023-11-02,13822.47,0.0,13822.47,0,0.0
indep_600487,2023-11-03,13822.47,0.0,13822.47,0,0.0
indep_600487,2023-11-06,13822.47,0.0,13822.47,0,0.0
indep_600487,2023-11-07,13822.47,0.0,13822.47,0,0.0
indep_600487,2023-11-08,13822.47,0.0,13822.47,0,0.0
indep_600487,2023-11-09,13822.47,0.0,13822.47,0,0.0
indep_600487,2023-11-10,13822.47,0.0,13822.47,0,0.0
indep_600487,2023-11-13,13822.47,0.0,13822.47,0,0.0
indep_600487,2023-11-14,13822.47,0.0,13822.47,0,0.0
indep_600487,2023-11-15,13822.47,0.0,13822.47,0,0.0
indep_600487,2023-11-16,13822.47,0.0,13822.47,0,0.0
indep_600487,2023-11-17,13822.47,0.0,13822.47,0,0.0
indep_600487,2023-11-20,13822.47,0.0,13822.47,0,0.0
indep_600487,2023-11-21,13822.47,0.0,13822.47,0,0.0
indep_600487,2023-11-22,13822.47,0.0,13822.47,0,0.0
indep_600487,2023-11-23,13822.47,0.0,13822.47,0,0.0
indep_600487,2023-11-24,13822.47,0.0,13822.47,0,0.0
indep_600487,2023-11-27,13822.47,0.0,13822.47,0,0.0
indep_600487,2023-11-28,13822.47,0.0,13822.47,0,0.0
indep_600487,2023-11-29,13822.47,0.0,13822.47,0,0.0
indep_600487,2023-11-30,13822.47,0.0,13822.47,0,0.0
indep_600487,2023-12-01,13822.47,0.0,13822.47,0,0.0
indep_600487,2023-12-04,13822.47,0.0,13822.47,0,0.0
indep_600487,2023-12-05,13822.47,0.0,13822.47,0,0.0
indep_600487,2023-12-06,13822.47,0.0,13822.47,0,0.0
indep_600487,2023-12-07,13822.47,0.0,13822.47,0,0.0
indep_600487,2023-12-08,13822.47,0.0,13822.47,0,0.0
indep_600487,2023-12-11,13822.47,0.0,13822.47,0,0.0
indep_600487,2023-12-12,13822.47,0.0,13822.47,0,0.0
indep_600487,2023-12-13,13822.47,0.0,13822.47,0,0.0
indep_600487,2023-12-14,13822.47,0.0,13822.47,0,0.0
indep_600487,2023-12-15,13822.47,0.0,13822.47,0,0.0
indep_600487,2023-12-18,13822.47,0.0,13822.47,0,0.0
indep_600487,2023-12-19,13822.47,0.0,13822.47,0,0.0
indep_600487,2023-12-20,13822.47,0.0,13822.47,0,0.0
indep_600487,2023-12-21,13822.47,0.0,13822.47,0,0.0
indep_600487,2023-12-22,13822.47,0.0,13822.47,0,0.0
indep_600487,2023-12-25,13822.47,0.0,13822.47,0,0.0
indep_600487,2023-12-26,13822.47,0.0,13822.47,0,0.0
indep_600487,2023-12-27,13822.47,0.0,13822.47,0,0.0
indep_600487,2023-12-28,13822.47,0.0,13822.47,0,0.0
indep_600487,2023-12-29,13822.47,0.0,13822.47,0,0.0
indep_600487,2024-01-02,13822.47,0.0,13822.47,0,0.0
indep_600487,2024-01-03,13822.47,0.0,13822.47,0,0.0
indep_600487,2024-01-04,13822.47,0.0,13822.47,0,0.0
indep_600487,2024-01-05,13822.47,0.0,13822.47,0,0.0
indep_600487,2024-01-08,13822.47,0.0,13822.47,0,0.0
indep_600487,2024-01-09,13822.47,0.0,13822.47,0,0.0
indep_600487,2024-01-10,13822.47,0.0,13822.47,0,0.0
indep_600487,2024-01-11,13822.47,0.0,13822.47,0,0.0
indep_600487,2024-01-12,13822.47,0.0,13822.47,0,0.0
indep_600487,2024-01-15,13822.47,0.0,13822.47,0,0.0
indep_600487,2024-01-16,13822.47,0.0,13822.47,0,0.0
indep_600487,2024-01-17,13822.47,0.0,13822.47,0,0.0
indep_600487,2024-01-18,13822.47,0.0,13822.47,0,0.0
indep_600487,2024-01-19,13822.47,0.0,13822.47,0,0.0
indep_600487,2024-01-22,13822.47,0.0,13822.47,0,0.0
indep_600487,2024-01-23,13822.47,0.0,13822.47,0,0.0
indep_600487,2024-01-24,13822.47,0.0,13822.47,0,0.0
indep_600487,2024-01-25,13822.47,0.0,13822.47,0,0.0
indep_600487,2024-01-26,13822.47,0.0,13822.47,0,0.0
indep_600487,2024-01-29,13822.47,0.0,13822.47,0,0.0
indep_600487,2024-01-30,13822.47,0.0,13822.47,0,0.0
indep_600487,2024-01-31,13822.47,0.0,13822.47,0,0.0
indep_600487,2024-02-01,13822.47,0.0,13822.47,0,0.0
indep_600487,2024-02-02,13822.47,0.0,13822.47,0,0.0
indep_600487,2024-02-05,13822.47,0.0,13822.47,0,0.0
indep_600487,2024-02-06,13822.47,0.0,13822.47,0,0.0
indep_600487,2024-02-07,13822.47,0.0,13822.47,0,0.0
indep_600487,2024-02-08,13822.47,0.0,13822.47,0,0.0
indep_600487,2024-02-19,13822.47,0.0,13822.47,0,0.0
indep_600487,2024-02-20,13822.47,0.0,13822.47,0,0.0
indep_600487,2024-02-21,13822.47,0.0,13822.47,0,0.0
indep_600487,2024-02-22,13822.47,0.0,13822.47,0,0.0
indep_600487,2024-02-23,13822.47,0.0,13822.47,0,0.0
indep_600487,2024-02-26,13822.47,0.0,13822.47,0,0.0
indep_600487,2024-02-27,13822.47,0.0,13822.47,0,0.0
indep_600487,2024-02-28,13822.47,0.0,13822.47,0,0.0
indep_600487,2024-02-29,13822.47,0.0,13822.47,0,0.0
indep_600487,2024-03-01,13822.47,0.0,13822.47,0,0.0
indep_600487,2024-03-04,13822.47,0.0,13822.47,0,0.0
indep_600487,2024-03-05,13822.47,0.0,13822.47,0,0.0
indep_600487,2024-03-06,13822.47,0.0,13822.47,0,0.0
indep_600487,2024-03-07,13822.47,0.0,13822.47,0,0.0
indep_600487,2024-03-08,13822.47,0.0,13822.47,0,0.0
indep_600487,2024-03-11,13822.47,0.0,13822.47,0,0.0
indep_600487,2024-03-12,13822.47,0.0,13822.47,0,0.0
indep_600487,2024-03-13,13822.47,0.0,13822.47,0,0.0
indep_600487,2024-03-14,13822.47,0.0,13822.47,0,0.0
indep_600487,2024-03-15,13822.47,0.0,13822.47,0,0.0
indep_600487,2024-03-18,13822.47,0.0,13822.47,0,0.0
indep_600487,2024-03-19,13822.47,0.0,13822.47,0,0.0
indep_600487,2024-03-20,13822.47,0.0,13822.47,0,0.0
indep_600487,2024-03-21,13822.47,0.0,13822.47,0,0.0
indep_600487,2024-03-22,13822.47,0.0,13822.47,0,0.0
indep_600487,2024-03-25,13822.47,0.0,13822.47,0,0.0
indep_600487,2024-03-26,13822.47,0.0,13822.47,0,0.0
indep_600487,2024-03-27,10175.29,3530.46,13705.75,1,25.759
indep_600487,2024-03-28,10175.29,3571.34,13746.63,1,25.98
indep_600487,2024-03-29,10175.29,3609.3,13784.59,1,26.184
indep_600487,2024-04-01,10175.29,3737.79,13913.08,1,26.865
indep_600487,2024-04-02,10175.29,3664.79,13840.08,1,26.48
indep_600487,2024-04-03,10175.29,3609.3,13784.59,1,26.184
indep_600487,2024-04-08,10175.29,3512.94,13688.23,1,25.664
indep_600487,2024-04-09,10175.29,3539.22,13714.51,1,25.806
indep_600487,2024-04-10,10175.29,3466.22,13641.51,1,25.409
indep_600487,2024-04-11,10175.29,3472.06,13647.35,1,25.441
indep_600487,2024-04-12,10175.29,3653.11,13828.4,1,26.417
indep_600487,2024-04-15,10175.29,3752.39,13927.68,1,26.942
indep_600487,2024-04-16,10175.29,3746.55,13921.84,1,26.911
indep_600487,2024-04-17,10175.29,3837.08,14012.37,1,27.383
indep_600487,2024-04-18,10175.29,3880.88,14056.17,1,27.61
indep_600487,2024-04-19,13919.93,0.0,13919.93,0,0.0
indep_600487,2024-04-22,13919.93,0.0,13919.93,0,0.0
indep_600487,2024-04-23,13919.93,0.0,13919.93,0,0.0
indep_600487,2024-04-24,13919.93,0.0,13919.93,0,0.0
indep_600487,2024-04-25,13919.93,0.0,13919.93,0,0.0
indep_600487,2024-04-26,13919.93,0.0,13919.93,0,0.0
indep_600487,2024-04-29,13919.93,0.0,13919.93,0,0.0
indep_600487,2024-04-30,13919.93,0.0,13919.93,0,0.0
indep_600487,2024-05-06,13919.93,0.0,13919.93,0,0.0
indep_600487,2024-05-07,13919.93,0.0,13919.93,0,0.0
indep_600487,2024-05-08,13919.93,0.0,13919.93,0,0.0
indep_600487,2024-05-09,13919.93,0.0,13919.93,0,0.0
indep_600487,2024-05-10,13919.93,0.0,13919.93,0,0.0
indep_600487,2024-05-13,13919.93,0.0,13919.93,0,0.0
indep_600487,2024-05-14,13919.93,0.0,13919.93,0,0.0
indep_600487,2024-05-15,13919.93,0.0,13919.93,0,0.0
indep_600487,2024-05-16,13919.93,0.0,13919.93,0,0.0
indep_600487,2024-05-17,13919.93,0.0,13919.93,0,0.0
indep_600487,2024-05-20,13919.93,0.0,13919.93,0,0.0
indep_600487,2024-05-21,13919.93,0.0,13919.93,0,0.0
indep_600487,2024-05-22,13919.93,0.0,13919.93,0,0.0
indep_600487,2024-05-23,9629.67,4286.78,13916.45,1,30.804
indep_600487,2024-05-24,9629.67,4313.06,13942.73,1,30.934
indep_600487,2024-05-27,9629.67,4511.63,14141.3,1,31.904
indep_600487,2024-05-28,9629.67,4450.31,14079.98,1,31.607
indep_600487,2024-05-29,9629.67,4461.99,14091.66,1,31.664
indep_600487,2024-05-30,9629.67,4456.15,14085.82,1,31.636
indep_600487,2024-05-31,9629.67,4368.54,13998.21,1,31.208
indep_600487,2024-06-03,9629.67,4254.66,13884.33,1,30.644
indep_600487,2024-06-04,9629.67,4388.98,14018.65,1,31.308
indep_600487,2024-06-05,9629.67,4295.54,13925.21,1,30.847
indep_600487,2024-06-06,9629.67,4275.1,13904.77,1,30.746
indep_600487,2024-06-07,9629.67,4199.17,13828.84,1,30.365
indep_600487,2024-06-11,9629.67,4272.18,13901.85,1,30.731
indep_600487,2024-06-12,9629.67,4240.06,13869.73,1,30.571
indep_600487,2024-06-13,9629.67,4242.98,13872.65,1,30.585
indep_600487,2024-06-14,9629.67,4310.14,13939.81,1,30.92
indep_600487,2024-06-17,9629.67,4380.22,14009.89,1,31.265
indep_600487,2024-06-18,9629.67,4426.95,14056.62,1,31.494
indep_600487,2024-06-19,9629.67,4540.83,14170.5,1,32.044
indep_600487,2024-06-20,9629.67,4459.07,14088.74,1,31.65
indep_600487,2024-06-21,9629.67,4584.63,14214.3,1,32.254
indep_600487,2024-06-24,9629.67,4520.39,14150.06,1,31.946
indep_600487,2024-06-25,14037.0,0.0,14037.0,0,0.0
indep_600487,2024-06-26,14037.0,0.0,14037.0,0,0.0
indep_600487,2024-06-27,14037.0,0.0,14037.0,0,0.0
indep_600487,2024-06-28,14037.0,0.0,14037.0,0,0.0
indep_600487,2024-07-01,14037.0,0.0,14037.0,0,0.0
indep_600487,2024-07-02,14037.0,0.0,14037.0,0,0.0
indep_600487,2024-07-03,14037.0,0.0,14037.0,0,0.0
indep_600487,2024-07-04,14037.0,0.0,14037.0,0,0.0
indep_600487,2024-07-05,14037.0,0.0,14037.0,0,0.0
indep_600487,2024-07-08,14037.0,0.0,14037.0,0,0.0
indep_600487,2024-07-09,14037.0,0.0,14037.0,0,0.0
indep_600487,2024-07-10,14037.0,0.0,14037.0,0,0.0
indep_600487,2024-07-11,14037.0,0.0,14037.0,0,0.0
indep_600487,2024-07-12,14037.0,0.0,14037.0,0,0.0
indep_600487,2024-07-15,14037.0,0.0,14037.0,0,0.0
indep_600487,2024-07-16,14037.0,0.0,14037.0,0,0.0
indep_600487,2024-07-17,14037.0,0.0,14037.0,0,0.0
indep_600487,2024-07-18,9635.44,4412.75,14048.2,1,31.412
indep_600487,2024-07-19,9635.44,4436.34,14071.78,1,31.526
indep_600487,2024-07-22,9635.44,4636.78,14272.23,1,32.488
indep_600487,2024-07-23,9635.44,4539.51,14174.95,1,32.025
indep_600487,2024-07-24,9635.44,4589.62,14225.06,1,32.264
indep_600487,2024-07-25,9635.44,4683.94,14319.39,1,32.711
indep_600487,2024-07-26,9635.44,4757.64,14393.08,1,33.055
indep_600487,2024-07-29,9635.44,4568.98,14204.43,1,32.166
indep_600487,2024-07-30,14156.6,0.0,14156.6,0,0.0
indep_600487,2024-07-31,14156.6,0.0,14156.6,0,0.0
indep_600487,2024-08-01,14156.6,0.0,14156.6,0,0.0
indep_600487,2024-08-02,14156.6,0.0,14156.6,0,0.0
indep_600487,2024-08-05,14156.6,0.0,14156.6,0,0.0
indep_600487,2024-08-06,14156.6,0.0,14156.6,0,0.0
indep_600487,2024-08-07,14156.6,0.0,14156.6,0,0.0
indep_600487,2024-08-08,14156.6,0.0,14156.6,0,0.0
indep_600487,2024-08-09,14156.6,0.0,14156.6,0,0.0
indep_600487,2024-08-12,14156.6,0.0,14156.6,0,0.0
indep_600487,2024-08-13,14156.6,0.0,14156.6,0,0.0
indep_600487,2024-08-14,14156.6,0.0,14156.6,0,0.0
indep_600487,2024-08-15,14156.6,0.0,14156.6,0,0.0
indep_600487,2024-08-16,14156.6,0.0,14156.6,0,0.0
indep_600487,2024-08-19,14156.6,0.0,14156.6,0,0.0
indep_600487,2024-08-20,14156.6,0.0,14156.6,0,0.0
indep_600487,2024-08-21,14156.6,0.0,14156.6,0,0.0
indep_600487,2024-08-22,14156.6,0.0,14156.6,0,0.0
indep_600487,2024-08-23,14156.6,0.0,14156.6,0,0.0
indep_600487,2024-08-26,14156.6,0.0,14156.6,0,0.0
indep_600487,2024-08-27,14156.6,0.0,14156.6,0,0.0
indep_600487,2024-08-28,14156.6,0.0,14156.6,0,0.0
indep_600487,2024-08-29,14156.6,0.0,14156.6,0,0.0
indep_600487,2024-08-30,14156.6,0.0,14156.6,0,0.0
indep_600487,2024-09-02,14156.6,0.0,14156.6,0,0.0
indep_600487,2024-09-03,14156.6,0.0,14156.6,0,0.0
indep_600487,2024-09-04,14156.6,0.0,14156.6,0,0.0
indep_600487,2024-09-05,14156.6,0.0,14156.6,0,0.0
indep_600487,2024-09-06,14156.6,0.0,14156.6,0,0.0
indep_600487,2024-09-09,14156.6,0.0,14156.6,0,0.0
indep_600487,2024-09-10,14156.6,0.0,14156.6,0,0.0
indep_600487,2024-09-11,14156.6,0.0,14156.6,0,0.0
indep_600487,2024-09-12,14156.6,0.0,14156.6,0,0.0
indep_600487,2024-09-13,14156.6,0.0,14156.6,0,0.0
indep_600487,2024-09-18,14156.6,0.0,14156.6,0,0.0
indep_600487,2024-09-19,14156.6,0.0,14156.6,0,0.0
indep_600487,2024-09-20,14156.6,0.0,14156.6,0,0.0
indep_600487,2024-09-23,14156.6,0.0,14156.6,0,0.0
indep_600487,2024-09-24,14156.6,0.0,14156.6,0,0.0
indep_600487,2024-09-25,14156.6,0.0,14156.6,0,0.0
indep_600487,2024-09-26,14156.6,0.0,14156.6,0,0.0
indep_600487,2024-09-27,14156.6,0.0,14156.6,0,0.0
indep_600487,2024-09-30,14156.6,0.0,14156.6,0,0.0
indep_600487,2024-10-08,14156.6,0.0,14156.6,0,0.0
indep_600487,2024-10-09,14156.6,0.0,14156.6,0,0.0
indep_600487,2024-10-10,14156.6,0.0,14156.6,0,0.0
indep_600487,2024-10-11,10850.74,3350.59,14201.33,1,23.593
indep_600487,2024-10-14,10850.74,3405.61,14256.35,1,23.888
indep_600487,2024-10-15,10850.74,3260.19,14110.93,1,23.104
indep_600487,2024-10-16,10850.74,3214.99,14065.73,1,22.857
indep_600487,2024-10-17,10850.74,3246.43,14097.18,1,23.029
indep_600487,2024-10-18,10850.74,3354.52,14205.26,1,23.615
indep_600487,2024-10-21,10850.74,3409.54,14260.29,1,23.909
indep_600487,2024-10-22,10850.74,3525.49,14376.23,1,24.523
indep_600487,2024-10-23,10850.74,3435.09,14285.83,1,24.045
indep_600487,2024-10-24,14240.33,0.0,14240.33,0,0.0
indep_600487,2024-10-25,14240.33,0.0,14240.33,0,0.0
indep_600487,2024-10-28,14240.33,0.0,14240.33,0,0.0
indep_600487,2024-10-29,14240.33,0.0,14240.33,0,0.0
indep_600487,2024-10-30,14240.33,0.0,14240.33,0,0.0
indep_600487,2024-10-31,14240.33,0.0,14240.33,0,0.0
indep_600487,2024-11-01,14240.33,0.0,14240.33,0,0.0
indep_600487,2024-11-04,14240.33,0.0,14240.33,0,0.0
indep_600487,2024-11-05,14240.33,0.0,14240.33,0,0.0
indep_600487,2024-11-06,14240.33,0.0,14240.33,0,0.0
indep_600487,2024-11-07,14240.33,0.0,14240.33,0,0.0
indep_600487,2024-11-08,14240.33,0.0,14240.33,0,0.0
indep_600487,2024-11-11,14240.33,0.0,14240.33,0,0.0
indep_600487,2024-11-12,14240.33,0.0,14240.33,0,0.0
indep_600487,2024-11-13,14240.33,0.0,14240.33,0,0.0
indep_600487,2024-11-14,14240.33,0.0,14240.33,0,0.0
indep_600487,2024-11-15,10788.9,3423.3,14212.2,1,24.087
indep_600487,2024-11-18,10788.9,3450.81,14239.71,1,24.234
indep_600487,2024-11-19,10788.9,3460.64,14249.54,1,24.286
indep_600487,2024-11-20,10788.9,3446.88,14235.78,1,24.213
indep_600487,2024-11-21,10788.9,3395.79,14184.69,1,23.94
indep_600487,2024-11-22,10788.9,3291.63,14080.53,1,23.377
indep_600487,2024-11-25,10788.9,3291.63,14080.53,1,23.377
indep_600487,2024-11-26,10788.9,3285.74,14074.64,1,23.345
indep_600487,2024-11-27,10788.9,3429.19,14218.09,1,24.119
indep_600487,2024-11-28,10788.9,3366.31,14155.21,1,23.781
indep_600487,2024-11-29,10788.9,3470.46,14259.36,1,24.338
indep_600487,2024-12-02,10788.9,3688.59,14477.49,1,25.478
indep_600487,2024-12-03,10788.9,3655.19,14444.09,1,25.306
indep_600487,2024-12-04,10788.9,3600.16,14389.06,1,25.02
indep_600487,2024-12-05,10788.9,3556.93,14345.83,1,24.794
indep_600487,2024-12-06,10788.9,3560.86,14349.76,1,24.815
indep_600487,2024-12-09,10788.9,3529.42,14318.32,1,24.65
indep_600487,2024-12-10,10788.9,3486.18,14275.08,1,24.421
indep_600487,2024-12-11,10788.9,3486.18,14275.08,1,24.421
indep_600487,2024-12-12,10788.9,3515.66,14304.56,1,24.577
indep_600487,2024-12-13,10788.9,3543.17,14332.07,1,24.722
indep_600487,2024-12-16,10788.9,3554.96,14343.86,1,24.784
indep_600487,2024-12-17,10788.9,3586.41,14375.31,1,24.948
indep_600487,2024-12-18,10788.9,3574.62,14363.52,1,24.887
indep_600487,2024-12-19,10788.9,3631.6,14420.5,1,25.184
indep_600487,2024-12-20,10788.9,3598.2,14387.1,1,25.01
indep_600487,2024-12-23,10788.9,3572.65,14361.55,1,24.876
indep_600487,2024-12-24,10788.9,3606.06,14394.96,1,25.051
indep_600487,2024-12-25,10788.9,3523.52,14312.42,1,24.619
indep_600487,2024-12-26,10788.9,3670.91,14459.81,1,25.387
indep_600487,2024-12-27,10788.9,3531.38,14320.28,1,24.66
indep_600487,2024-12-30,10788.9,3391.86,14180.76,1,23.919
indep_600487,2024-12-31,10788.9,3384.0,14172.9,1,23.877
indep_600487,2025-01-02,14023.0,0.0,14023.0,0,0.0
indep_600487,2025-01-03,14023.0,0.0,14023.0,0,0.0
indep_600487,2025-01-06,14023.0,0.0,14023.0,0,0.0
indep_600487,2025-01-07,14023.0,0.0,14023.0,0,0.0
indep_600487,2025-01-08,14023.0,0.0,14023.0,0,0.0
indep_600487,2025-01-09,14023.0,0.0,14023.0,0,0.0
indep_600487,2025-01-10,14023.0,0.0,14023.0,0,0.0
indep_600487,2025-01-13,14023.0,0.0,14023.0,0,0.0
indep_600487,2025-01-14,14023.0,0.0,14023.0,0,0.0
indep_600487,2025-01-15,14023.0,0.0,14023.0,0,0.0
indep_600487,2025-01-16,14023.0,0.0,14023.0,0,0.0
indep_600487,2025-01-17,14023.0,0.0,14023.0,0,0.0
indep_600487,2025-01-20,14023.0,0.0,14023.0,0,0.0
indep_600487,2025-01-21,14023.0,0.0,14023.0,0,0.0
indep_600487,2025-01-22,14023.0,0.0,14023.0,0,0.0
indep_600487,2025-01-23,14023.0,0.0,14023.0,0,0.0
indep_600487,2025-01-24,14023.0,0.0,14023.0,0,0.0
indep_600487,2025-01-27,14023.0,0.0,14023.0,0,0.0
indep_600487,2025-02-05,14023.0,0.0,14023.0,0,0.0
indep_600487,2025-02-06,14023.0,0.0,14023.0,0,0.0
indep_600487,2025-02-07,14023.0,0.0,14023.0,0,0.0
indep_600487,2025-02-10,14023.0,0.0,14023.0,0,0.0
indep_600487,2025-02-11,14023.0,0.0,14023.0,0,0.0
indep_600487,2025-02-12,14023.0,0.0,14023.0,0,0.0
indep_600487,2025-02-13,14023.0,0.0,14023.0,0,0.0
indep_600487,2025-02-14,14023.0,0.0,14023.0,0,0.0
indep_600487,2025-02-17,14023.0,0.0,14023.0,0,0.0
indep_600487,2025-02-18,14023.0,0.0,14023.0,0,0.0
indep_600487,2025-02-19,14023.0,0.0,14023.0,0,0.0
indep_600487,2025-02-20,14023.0,0.0,14023.0,0,0.0
indep_600487,2025-02-21,14023.0,0.0,14023.0,0,0.0
indep_600487,2025-02-24,14023.0,0.0,14023.0,0,0.0
indep_600487,2025-02-25,14023.0,0.0,14023.0,0,0.0
indep_600487,2025-02-26,14023.0,0.0,14023.0,0,0.0
indep_600487,2025-02-27,14023.0,0.0,14023.0,0,0.0
indep_600487,2025-02-28,14023.0,0.0,14023.0,0,0.0
indep_600487,2025-03-03,14023.0,0.0,14023.0,0,0.0
indep_600487,2025-03-04,14023.0,0.0,14023.0,0,0.0
indep_600487,2025-03-05,14023.0,0.0,14023.0,0,0.0
indep_600487,2025-03-06,14023.0,0.0,14023.0,0,0.0
indep_600487,2025-03-07,14023.0,0.0,14023.0,0,0.0
indep_600487,2025-03-10,14023.0,0.0,14023.0,0,0.0
indep_600487,2025-03-11,14023.0,0.0,14023.0,0,0.0
indep_600487,2025-03-12,14023.0,0.0,14023.0,0,0.0
indep_600487,2025-03-13,14023.0,0.0,14023.0,0,0.0
indep_600487,2025-03-14,14023.0,0.0,14023.0,0,0.0
indep_600487,2025-03-17,14023.0,0.0,14023.0,0,0.0
indep_600487,2025-03-18,14023.0,0.0,14023.0,0,0.0
indep_600487,2025-03-19,14023.0,0.0,14023.0,0,0.0
indep_600487,2025-03-20,14023.0,0.0,14023.0,0,0.0
indep_600487,2025-03-21,14023.0,0.0,14023.0,0,0.0
indep_600487,2025-03-24,14023.0,0.0,14023.0,0,0.0
indep_600487,2025-03-25,14023.0,0.0,14023.0,0,0.0
indep_600487,2025-03-26,14023.0,0.0,14023.0,0,0.0
indep_600487,2025-03-27,14023.0,0.0,14023.0,0,0.0
indep_600487,2025-03-28,14023.0,0.0,14023.0,0,0.0
indep_600487,2025-03-31,14023.0,0.0,14023.0,0,0.0
indep_600487,2025-04-01,14023.0,0.0,14023.0,0,0.0
indep_600487,2025-04-02,14023.0,0.0,14023.0,0,0.0
indep_600487,2025-04-03,14023.0,0.0,14023.0,0,0.0
indep_600487,2025-04-07,14023.0,0.0,14023.0,0,0.0
indep_600487,2025-04-08,14023.0,0.0,14023.0,0,0.0
indep_600487,2025-04-09,14023.0,0.0,14023.0,0,0.0
indep_600487,2025-04-10,14023.0,0.0,14023.0,0,0.0
indep_600487,2025-04-11,14023.0,0.0,14023.0,0,0.0
indep_600487,2025-04-14,14023.0,0.0,14023.0,0,0.0
indep_600487,2025-04-15,14023.0,0.0,14023.0,0,0.0
indep_600487,2025-04-16,14023.0,0.0,14023.0,0,0.0
indep_600487,2025-04-17,14023.0,0.0,14023.0,0,0.0
indep_600487,2025-04-18,14023.0,0.0,14023.0,0,0.0
indep_600487,2025-04-21,14023.0,0.0,14023.0,0,0.0
indep_600487,2025-04-22,14023.0,0.0,14023.0,0,0.0
indep_600487,2025-04-23,14023.0,0.0,14023.0,0,0.0
indep_600487,2025-04-24,14023.0,0.0,14023.0,0,0.0
indep_600487,2025-04-25,14023.0,0.0,14023.0,0,0.0
indep_600487,2025-04-28,14023.0,0.0,14023.0,0,0.0
indep_600487,2025-04-29,14023.0,0.0,14023.0,0,0.0
indep_600487,2025-04-30,14023.0,0.0,14023.0,0,0.0
indep_600487,2025-05-06,14023.0,0.0,14023.0,0,0.0
indep_600487,2025-05-07,14023.0,0.0,14023.0,0,0.0
indep_600487,2025-05-08,14023.0,0.0,14023.0,0,0.0
indep_600487,2025-05-09,14023.0,0.0,14023.0,0,0.0
indep_600487,2025-05-12,14023.0,0.0,14023.0,0,0.0
indep_600487,2025-05-13,14023.0,0.0,14023.0,0,0.0
indep_600487,2025-05-14,14023.0,0.0,14023.0,0,0.0
indep_600487,2025-05-15,14023.0,0.0,14023.0,0,0.0
indep_600487,2025-05-16,14023.0,0.0,14023.0,0,0.0
indep_600487,2025-05-19,14023.0,0.0,14023.0,0,0.0
indep_600487,2025-05-20,14023.0,0.0,14023.0,0,0.0
indep_600487,2025-05-21,14023.0,0.0,14023.0,0,0.0
indep_600487,2025-05-22,14023.0,0.0,14023.0,0,0.0
indep_600487,2025-05-23,14023.0,0.0,14023.0,0,0.0
indep_600487,2025-05-26,14023.0,0.0,14023.0,0,0.0
indep_600487,2025-05-27,14023.0,0.0,14023.0,0,0.0
indep_600487,2025-05-28,14023.0,0.0,14023.0,0,0.0
indep_600487,2025-05-29,14023.0,0.0,14023.0,0,0.0
indep_600487,2025-05-30,14023.0,0.0,14023.0,0,0.0
indep_600487,2025-06-03,14023.0,0.0,14023.0,0,0.0
indep_600487,2025-06-04,14023.0,0.0,14023.0,0,0.0
indep_600487,2025-06-05,14023.0,0.0,14023.0,0,0.0
indep_600487,2025-06-06,14023.0,0.0,14023.0,0,0.0
indep_600487,2025-06-09,14023.0,0.0,14023.0,0,0.0
indep_600487,2025-06-10,14023.0,0.0,14023.0,0,0.0
indep_600487,2025-06-11,14023.0,0.0,14023.0,0,0.0
indep_600487,2025-06-12,14023.0,0.0,14023.0,0,0.0
indep_600487,2025-06-13,14023.0,0.0,14023.0,0,0.0
indep_600487,2025-06-16,14023.0,0.0,14023.0,0,0.0
indep_600487,2025-06-17,14023.0,0.0,14023.0,0,0.0
indep_600487,2025-06-18,14023.0,0.0,14023.0,0,0.0
indep_600487,2025-06-19,14023.0,0.0,14023.0,0,0.0
indep_600487,2025-06-20,14023.0,0.0,14023.0,0,0.0
indep_600487,2025-06-23,14023.0,0.0,14023.0,0,0.0
indep_600487,2025-06-24,14023.0,0.0,14023.0,0,0.0
indep_600487,2025-06-25,14023.0,0.0,14023.0,0,0.0
indep_600487,2025-06-26,14023.0,0.0,14023.0,0,0.0
indep_600487,2025-06-27,14023.0,0.0,14023.0,0,0.0
indep_600487,2025-06-30,14023.0,0.0,14023.0,0,0.0
indep_600487,2025-07-01,14023.0,0.0,14023.0,0,0.0
indep_600487,2025-07-02,14023.0,0.0,14023.0,0,0.0
indep_600487,2025-07-03,14023.0,0.0,14023.0,0,0.0
indep_600487,2025-07-04,14023.0,0.0,14023.0,0,0.0
indep_600487,2025-07-07,14023.0,0.0,14023.0,0,0.0
indep_600487,2025-07-08,14023.0,0.0,14023.0,0,0.0
indep_600487,2025-07-09,14023.0,0.0,14023.0,0,0.0
indep_600487,2025-07-10,14023.0,0.0,14023.0,0,0.0
indep_600487,2025-07-11,14023.0,0.0,14023.0,0,0.0
indep_600487,2025-07-14,14023.0,0.0,14023.0,0,0.0
indep_600487,2025-07-15,14023.0,0.0,14023.0,0,0.0
indep_600487,2025-07-16,14023.0,0.0,14023.0,0,0.0
indep_600487,2025-07-17,14023.0,0.0,14023.0,0,0.0
indep_600487,2025-07-18,14023.0,0.0,14023.0,0,0.0
indep_600487,2025-07-21,14023.0,0.0,14023.0,0,0.0
indep_600487,2025-07-22,14023.0,0.0,14023.0,0,0.0
indep_600487,2025-07-23,14023.0,0.0,14023.0,0,0.0
indep_600487,2025-07-24,14023.0,0.0,14023.0,0,0.0
indep_600487,2025-07-25,14023.0,0.0,14023.0,0,0.0
indep_600487,2025-07-28,14023.0,0.0,14023.0,0,0.0
indep_600487,2025-07-29,14023.0,0.0,14023.0,0,0.0
indep_600487,2025-07-30,14023.0,0.0,14023.0,0,0.0
indep_600487,2025-07-31,14023.0,0.0,14023.0,0,0.0
indep_600487,2025-08-01,14023.0,0.0,14023.0,0,0.0
indep_600487,2025-08-04,14023.0,0.0,14023.0,0,0.0
indep_600487,2025-08-05,14023.0,0.0,14023.0,0,0.0
indep_600487,2025-08-06,14023.0,0.0,14023.0,0,0.0
indep_600487,2025-08-07,14023.0,0.0,14023.0,0,0.0
indep_600487,2025-08-08,14023.0,0.0,14023.0,0,0.0
indep_600487,2025-08-11,14023.0,0.0,14023.0,0,0.0
indep_600487,2025-08-12,14023.0,0.0,14023.0,0,0.0
indep_600487,2025-08-13,14023.0,0.0,14023.0,0,0.0
indep_600487,2025-08-14,14023.0,0.0,14023.0,0,0.0
indep_600487,2025-08-15,14023.0,0.0,14023.0,0,0.0
indep_600487,2025-08-18,14023.0,0.0,14023.0,0,0.0
indep_600487,2025-08-19,14023.0,0.0,14023.0,0,0.0
indep_600487,2025-08-20,14023.0,0.0,14023.0,0,0.0
indep_600487,2025-08-21,14023.0,0.0,14023.0,0,0.0
indep_600487,2025-08-22,14023.0,0.0,14023.0,0,0.0
indep_600487,2025-08-25,14023.0,0.0,14023.0,0,0.0
indep_600487,2025-08-26,14023.0,0.0,14023.0,0,0.0
indep_600487,2025-08-27,14023.0,0.0,14023.0,0,0.0
indep_600487,2025-08-28,14023.0,0.0,14023.0,0,0.0
indep_600487,2025-08-29,14023.0,0.0,14023.0,0,0.0
indep_600487,2025-09-01,14023.0,0.0,14023.0,0,0.0
indep_600487,2025-09-02,14023.0,0.0,14023.0,0,0.0
indep_600487,2025-09-03,14023.0,0.0,14023.0,0,0.0
indep_600487,2025-09-04,14023.0,0.0,14023.0,0,0.0
indep_600487,2025-09-05,14023.0,0.0,14023.0,0,0.0
indep_600487,2025-09-08,10131.57,3932.39,14063.96,1,27.961
indep_600487,2025-09-09,10131.57,3950.35,14081.92,1,28.053
indep_600487,2025-09-10,10131.57,4068.06,14199.63,1,28.649
indep_600487,2025-09-11,10131.57,4179.79,14311.36,1,29.206
indep_600487,2025-09-12,10131.57,4101.98,14233.55,1,28.819
indep_600487,2025-09-15,14128.52,0.0,14128.52,0,0.0
indep_600487,2025-09-16,14128.52,0.0,14128.52,0,0.0
indep_600487,2025-09-17,14128.52,0.0,14128.52,0,0.0
indep_600487,2025-09-18,14128.52,0.0,14128.52,0,0.0
indep_600487,2025-09-19,14128.52,0.0,14128.52,0,0.0
indep_600487,2025-09-22,14128.52,0.0,14128.52,0,0.0
indep_600487,2025-09-23,14128.52,0.0,14128.52,0,0.0
indep_600487,2025-09-24,14128.52,0.0,14128.52,0,0.0
indep_600487,2025-09-25,14128.52,0.0,14128.52,0,0.0
indep_600487,2025-09-26,14128.52,0.0,14128.52,0,0.0
indep_600487,2025-09-29,14128.52,0.0,14128.52,0,0.0
indep_600487,2025-09-30,14128.52,0.0,14128.52,0,0.0
indep_600487,2025-10-09,14128.52,0.0,14128.52,0,0.0
indep_600487,2025-10-10,14128.52,0.0,14128.52,0,0.0
indep_600487,2025-10-13,9791.72,4419.2,14210.92,1,31.097
indep_600487,2025-10-14,9791.72,4155.85,13947.57,1,29.796
indep_600487,2025-10-15,9791.72,4339.4,14131.12,1,30.708
indep_600487,2025-10-16,9791.72,4265.58,14057.3,1,30.344
indep_600487,2025-10-17,13856.57,0.0,13856.57,0,0.0
indep_600487,2025-10-20,13856.57,0.0,13856.57,0,0.0
indep_600487,2025-10-21,13856.57,0.0,13856.57,0,0.0
indep_600487,2025-10-22,13856.57,0.0,13856.57,0,0.0
indep_600487,2025-10-23,13856.57,0.0,13856.57,0,0.0
indep_600487,2025-10-24,13856.57,0.0,13856.57,0,0.0
indep_600487,2025-10-27,13856.57,0.0,13856.57,0,0.0
indep_600487,2025-10-28,13856.57,0.0,13856.57,0,0.0
indep_600487,2025-10-29,13856.57,0.0,13856.57,0,0.0
indep_600487,2025-10-30,13856.57,0.0,13856.57,0,0.0
indep_600487,2025-10-31,13856.57,0.0,13856.57,0,0.0
indep_600487,2025-11-03,9495.8,4391.27,13887.07,1,31.621
indep_600487,2025-11-04,9495.8,4213.71,13709.51,1,30.736
indep_600487,2025-11-05,9495.8,4329.42,13825.22,1,31.315
indep_600487,2025-11-06,9495.8,4435.17,13930.97,1,31.837
indep_600487,2025-11-07,9495.8,4383.29,13879.09,1,31.582
indep_600487,2025-11-10,9495.8,4261.59,13757.39,1,30.977
indep_600487,2025-11-11,9495.8,4181.78,13677.58,1,30.574
indep_600487,2025-11-12,13584.61,0.0,13584.61,0,0.0
indep_600487,2025-11-13,13584.61,0.0,13584.61,0,0.0
indep_600487,2025-11-14,13584.61,0.0,13584.61,0,0.0
indep_600487,2025-11-17,13584.61,0.0,13584.61,0,0.0
indep_600487,2025-11-18,13584.61,0.0,13584.61,0,0.0
indep_600487,2025-11-19,13584.61,0.0,13584.61,0,0.0
indep_600487,2025-11-20,13584.61,0.0,13584.61,0,0.0
indep_600487,2025-11-21,13584.61,0.0,13584.61,0,0.0
indep_600487,2025-11-24,13584.61,0.0,13584.61,0,0.0
indep_600487,2025-11-25,13584.61,0.0,13584.61,0,0.0
indep_600487,2025-11-26,13584.61,0.0,13584.61,0,0.0
indep_600487,2025-11-27,13584.61,0.0,13584.61,0,0.0
indep_600487,2025-11-28,13584.61,0.0,13584.61,0,0.0
indep_600487,2025-12-01,13584.61,0.0,13584.61,0,0.0
indep_600487,2025-12-02,13584.61,0.0,13584.61,0,0.0
indep_600487,2025-12-03,13584.61,0.0,13584.61,0,0.0
indep_600487,2025-12-04,13584.61,0.0,13584.61,0,0.0
indep_600487,2025-12-05,13584.61,0.0,13584.61,0,0.0
indep_600487,2025-12-08,13584.61,0.0,13584.61,0,0.0
indep_600487,2025-12-09,13584.61,0.0,13584.61,0,0.0
indep_600487,2025-12-10,13584.61,0.0,13584.61,0,0.0
indep_600487,2025-12-11,13584.61,0.0,13584.61,0,0.0
indep_600487,2025-12-12,13584.61,0.0,13584.61,0,0.0
indep_600487,2025-12-15,13584.61,0.0,13584.61,0,0.0
indep_600487,2025-12-16,13584.61,0.0,13584.61,0,0.0
indep_600487,2025-12-17,13584.61,0.0,13584.61,0,0.0
indep_600487,2025-12-18,13584.61,0.0,13584.61,0,0.0
indep_600487,2025-12-19,13584.61,0.0,13584.61,0,0.0
indep_600487,2025-12-22,13584.61,0.0,13584.61,0,0.0
indep_600487,2025-12-23,13584.61,0.0,13584.61,0,0.0
indep_600487,2025-12-24,13584.61,0.0,13584.61,0,0.0
indep_600487,2025-12-25,13584.61,0.0,13584.61,0,0.0
indep_600487,2025-12-26,13584.61,0.0,13584.61,0,0.0
indep_600487,2025-12-29,13584.61,0.0,13584.61,0,0.0
indep_600487,2025-12-30,11123.13,2440.04,13563.17,1,17.99
indep_600487,2025-12-31,11123.13,2466.97,13590.1,1,18.153
indep_600487,2026-01-05,11123.13,2473.96,13597.08,1,18.195
indep_600487,2026-01-06,11123.13,2453.01,13576.14,1,18.069
indep_600487,2026-01-07,11123.13,2485.93,13609.06,1,18.267
indep_600487,2026-01-08,11123.13,2452.01,13575.14,1,18.063
indep_600487,2026-01-09,11123.13,2453.01,13576.14,1,18.069
indep_600487,2026-01-12,11123.13,2497.9,13621.03,1,18.339
indep_600487,2026-01-13,11123.13,2399.14,13522.27,1,17.742
indep_600487,2026-01-14,11123.13,2488.92,13612.05,1,18.285
indep_600487,2026-01-15,11123.13,2484.93,13608.06,1,18.261
indep_600487,2026-01-16,11123.13,2556.75,13679.88,1,18.69
indep_600487,2026-01-19,11123.13,2701.4,13824.53,1,19.541
indep_600487,2026-01-20,11123.13,2771.23,13894.36,1,19.945
indep_600487,2026-01-21,11123.13,2790.18,13913.31,1,20.054
indep_600487,2026-01-22,13820.04,0.0,13820.04,0,0.0
indep_600487,2026-01-23,13820.04,0.0,13820.04,0,0.0
indep_600487,2026-01-26,13820.04,0.0,13820.04,0,0.0
indep_600487,2026-01-27,13820.04,0.0,13820.04,0,0.0
indep_600487,2026-01-28,13820.04,0.0,13820.04,0,0.0
indep_600487,2026-01-29,13820.04,0.0,13820.04,0,0.0
indep_600487,2026-01-30,13820.04,0.0,13820.04,0,0.0
indep_600487,2026-02-02,13820.04,0.0,13820.04,0,0.0
indep_600487,2026-02-03,13820.04,0.0,13820.04,0,0.0
indep_600487,2026-02-04,13820.04,0.0,13820.04,0,0.0
indep_600487,2026-02-05,13820.04,0.0,13820.04,0,0.0
indep_600487,2026-02-06,13820.04,0.0,13820.04,0,0.0
indep_600487,2026-02-09,13820.04,0.0,13820.04,0,0.0
indep_600487,2026-02-10,13820.04,0.0,13820.04,0,0.0
indep_600487,2026-02-11,13820.04,0.0,13820.04,0,0.0
indep_600487,2026-02-12,13820.04,0.0,13820.04,0,0.0
indep_600487,2026-02-13,13820.04,0.0,13820.04,0,0.0
indep_600487,2026-02-24,13820.04,0.0,13820.04,0,0.0
indep_600487,2026-02-25,13820.04,0.0,13820.04,0,0.0
indep_600487,2026-02-26,13820.04,0.0,13820.04,0,0.0
indep_600487,2026-02-27,13820.04,0.0,13820.04,0,0.0
indep_600487,2026-03-02,13820.04,0.0,13820.04,0,0.0
indep_600487,2026-03-03,13820.04,0.0,13820.04,0,0.0
indep_600487,2026-03-04,13820.04,0.0,13820.04,0,0.0
indep_600487,2026-03-05,13820.04,0.0,13820.04,0,0.0
indep_600487,2026-03-06,13820.04,0.0,13820.04,0,0.0
indep_600487,2026-03-09,13820.04,0.0,13820.04,0,0.0
indep_600487,2026-03-10,13820.04,0.0,13820.04,0,0.0
indep_600487,2026-03-11,13820.04,0.0,13820.04,0,0.0
indep_600487,2026-03-12,13820.04,0.0,13820.04,0,0.0
indep_600487,2026-03-13,13820.04,0.0,13820.04,0,0.0
indep_600487,2026-03-16,13820.04,0.0,13820.04,0,0.0
indep_600487,2026-03-17,9310.49,4311.47,13621.96,1,31.651
indep_600487,2026-03-18,13538.09,0.0,13538.09,0,0.0
indep_600487,2026-03-19,13538.09,0.0,13538.09,0,0.0
indep_600487,2026-03-20,13538.09,0.0,13538.09,0,0.0
indep_600487,2026-03-23,9327.11,4125.92,13453.03,1,30.669
indep_600487,2026-03-24,9327.11,4426.19,13753.3,1,32.183
indep_600487,2026-03-25,9327.11,4805.26,14132.37,1,34.002
indep_600487,2026-03-26,9327.11,4776.33,14103.45,1,33.866
indep_600487,2026-03-27,9327.11,4883.07,14210.18,1,34.363
indep_600487,2026-03-30,9327.11,5371.88,14698.99,1,36.546
indep_600487,2026-03-31,9327.11,5253.17,14580.28,1,36.029
indep_600487,2026-04-01,14387.46,0.0,14387.46,0,0.0
indep_600487,2026-04-02,14387.46,0.0,14387.46,0,0.0
indep_600487,2026-04-03,14387.46,0.0,14387.46,0,0.0
indep_600487,2026-04-07,14387.46,0.0,14387.46,0,0.0
indep_600487,2026-04-08,14387.46,0.0,14387.46,0,0.0
indep_600487,2026-04-09,14387.46,0.0,14387.46,0,0.0
indep_600487,2026-04-10,14387.46,0.0,14387.46,0,0.0
indep_600487,2026-04-13,14387.46,0.0,14387.46,0,0.0
indep_600487,2026-04-14,14387.46,0.0,14387.46,0,0.0
indep_600487,2026-04-15,14387.46,0.0,14387.46,0,0.0
indep_600487,2026-04-16,14387.46,0.0,14387.46,0,0.0
indep_600487,2026-04-17,14387.46,0.0,14387.46,0,0.0
indep_600487,2026-04-20,14387.46,0.0,14387.46,0,0.0
indep_600487,2026-04-21,14387.46,0.0,14387.46,0,0.0
indep_600487,2026-04-22,14387.46,0.0,14387.46,0,0.0
indep_600487,2026-04-23,14387.46,0.0,14387.46,0,0.0
indep_600487,2026-04-24,14387.46,0.0,14387.46,0,0.0
indep_600487,2026-04-27,14387.46,0.0,14387.46,0,0.0
indep_600487,2026-04-28,14387.46,0.0,14387.46,0,0.0
indep_600487,2026-04-29,14387.46,0.0,14387.46,0,0.0
indep_600487,2026-04-30,14387.46,0.0,14387.46,0,0.0
indep_600487,2026-05-06,14387.46,0.0,14387.46,0,0.0
indep_600487,2026-05-07,14387.46,0.0,14387.46,0,0.0
indep_600487,2026-05-08,14387.46,0.0,14387.46,0,0.0
indep_600487,2026-05-11,14387.46,0.0,14387.46,0,0.0
indep_600487,2026-05-12,14387.46,0.0,14387.46,0,0.0
indep_600487,2026-05-13,14387.46,0.0,14387.46,0,0.0
indep_600487,2026-05-14,14387.46,0.0,14387.46,0,0.0
indep_600487,2026-05-15,14387.46,0.0,14387.46,0,0.0
indep_600487,2026-05-18,14387.46,0.0,14387.46,0,0.0
indep_600487,2026-05-19,14387.46,0.0,14387.46,0,0.0
indep_600487,2026-05-20,14387.46,0.0,14387.46,0,0.0
indep_600487,2026-05-21,14387.46,0.0,14387.46,0,0.0
indep_600487,2026-05-22,14387.46,0.0,14387.46,0,0.0
indep_600487,2026-05-25,14387.46,0.0,14387.46,0,0.0
indep_600487,2026-05-26,14387.46,0.0,14387.46,0,0.0
indep_600487,2026-05-27,14387.46,0.0,14387.46,0,0.0
indep_600487,2026-05-28,14387.46,0.0,14387.46,0,0.0
indep_600487,2026-05-29,14387.46,0.0,14387.46,0,0.0
indep_600487,2026-06-01,14387.46,0.0,14387.46,0,0.0
indep_600487,2026-06-02,14387.46,0.0,14387.46,0,0.0
indep_600487,2026-06-03,14387.46,0.0,14387.46,0,0.0
indep_600487,2026-06-04,14387.46,0.0,14387.46,0,0.0
indep_600487,2026-06-05,14387.46,0.0,14387.46,0,0.0
indep_600487,2026-06-08,14387.46,0.0,14387.46,0,0.0
indep_600487,2026-06-09,14387.46,0.0,14387.46,0,0.0
indep_600487,2026-06-10,14387.46,0.0,14387.46,0,0.0
indep_600487,2026-06-11,14387.46,0.0,14387.46,0,0.0
indep_600487,2026-06-12,14387.46,0.0,14387.46,0,0.0
indep_600487,2026-06-15,14387.46,0.0,14387.46,0,0.0
indep_600487,2026-06-16,14387.46,0.0,14387.46,0,0.0
indep_600487,2026-06-17,14387.46,0.0,14387.46,0,0.0
indep_600487,2026-06-18,14387.46,0.0,14387.46,0,0.0
indep_600487,2026-06-22,14387.46,0.0,14387.46,0,0.0
indep_600487,2026-06-23,14387.46,0.0,14387.46,0,0.0
indep_600487,2026-06-24,14387.46,0.0,14387.46,0,0.0
indep_600487,2026-06-25,14387.46,0.0,14387.46,0,0.0
indep_600487,2026-06-26,14387.46,0.0,14387.46,0,0.0
indep_600487,2026-06-29,14387.46,0.0,14387.46,0,0.0
indep_600487,2026-06-30,14387.46,0.0,14387.46,0,0.0
indep_600487,2026-07-01,14387.46,0.0,14387.46,0,0.0
indep_600487,2026-07-02,14387.46,0.0,14387.46,0,0.0
indep_600487,2026-07-03,14387.46,0.0,14387.46,0,0.0
indep_600487,2026-07-06,14387.46,0.0,14387.46,0,0.0
indep_600487,2026-07-07,14387.46,0.0,14387.46,0,0.0
indep_600487,2026-07-08,14387.46,0.0,14387.46,0,0.0
indep_600487,2026-07-09,14387.46,0.0,14387.46,0,0.0
indep_600487,2026-07-10,14387.46,0.0,14387.46,0,0.0
indep_600487,2026-07-13,14387.46,0.0,14387.46,0,0.0
indep_600487,2026-07-14,14387.46,0.0,14387.46,0,0.0
indep_600487,2026-07-15,14387.46,0.0,14387.46,0,0.0
indep_600487,2026-07-16,14387.46,0.0,14387.46,0,0.0
indep_600487,2026-07-17,14387.46,0.0,14387.46,0,0.0
indep_600487,2026-07-20,14387.46,0.0,14387.46,0,0.0
indep_600487,2026-07-21,14387.46,0.0,14387.46,0,0.0
indep_600487,2026-07-22,14387.46,0.0,14387.46,0,0.0
indep_600487,2026-07-23,14387.46,0.0,14387.46,0,0.0
indep_600487,2026-07-24,14387.46,0.0,14387.46,0,0.0
indep_600487,2026-07-27,14387.46,0.0,14387.46,0,0.0
indep_600487,2026-07-28,14387.46,0.0,14387.46,0,0.0
indep_600487,2026-07-29,14387.46,0.0,14387.46,0,0.0
indep_600487,2026-07-30,14387.46,0.0,14387.46,0,0.0
indep_600487,2026-07-31,14387.46,0.0,14387.46,0,0.0
indep_600487,2026-08-03,14387.46,0.0,14387.46,0,0.0
indep_600487,2026-08-04,14387.46,0.0,14387.46,0,0.0
indep_600487,2026-08-05,14387.46,0.0,14387.46,0,0.0
indep_600487,2026-08-06,14387.46,0.0,14387.46,0,0.0
indep_600487,2026-08-07,14387.46,0.0,14387.46,0,0.0
indep_600487,2026-08-10,14387.46,0.0,14387.46,0,0.0
indep_600487,2026-08-11,14387.46,0.0,14387.46,0,0.0
indep_600487,2026-08-12,14387.46,0.0,14387.46,0,0.0
indep_600487,2026-08-13,14387.46,0.0,14387.46,0,0.0
indep_600487,2026-08-14,14387.46,0.0,14387.46,0,0.0
indep_600487,2026-08-17,14387.46,0.0,14387.46,0,0.0
indep_600487,2026-08-18,14387.46,0.0,14387.46,0,0.0
indep_600487,2026-08-19,14387.46,0.0,14387.46,0,0.0
indep_600487,2026-08-20,14387.46,0.0,14387.46,0,0.0
indep_600487,2026-08-21,14387.46,0.0,14387.46,0,0.0
indep_600487,2026-08-24,14387.46,0.0,14387.46,0,0.0
indep_600487,2026-08-25,14387.46,0.0,14387.46,0,0.0
indep_600487,2026-08-26,14387.46,0.0,14387.46,0,0.0
indep_600487,2026-08-27,14387.46,0.0,14387.46,0,0.0
indep_600487,2026-08-28,14387.46,0.0,14387.46,0,0.0
indep_600487,2026-08-31,14387.46,0.0,14387.46,0,0.0
indep_600487,2026-09-01,14387.46,0.0,14387.46,0,0.0
indep_600487,2026-09-02,14387.46,0.0,14387.46,0,0.0
indep_600487,2026-09-03,14387.46,0.0,14387.46,0,0.0
indep_600487,2026-09-04,14387.46,0.0,14387.46,0,0.0
indep_600487,2026-09-07,14387.46,0.0,14387.46,0,0.0
indep_600487,2026-09-08,14387.46,0.0,14387.46,0,0.0
indep_600487,2026-09-09,14387.46,0.0,14387.46,0,0.0
indep_600487,2026-09-10,14387.46,0.0,14387.46,0,0.0
indep_600487,2026-09-11,14387.46,0.0,14387.46,0,0.0
indep_600487,2026-09-14,14387.46,0.0,14387.46,0,0.0
indep_603380,2023-09-14,13822.47,0.0,13822.47,0,0.0
indep_603380,2023-09-15,13822.47,0.0,13822.47,0,0.0
indep_603380,2023-09-18,13822.47,0.0,13822.47,0,0.0
indep_603380,2023-09-19,13822.47,0.0,13822.47,0,0.0
indep_603380,2023-09-20,13822.47,0.0,13822.47,0,0.0
indep_603380,2023-09-21,13822.47,0.0,13822.47,0,0.0
indep_603380,2023-09-22,13822.47,0.0,13822.47,0,0.0
indep_603380,2023-09-25,13822.47,0.0,13822.47,0,0.0
indep_603380,2023-09-26,13822.47,0.0,13822.47,0,0.0
indep_603380,2023-09-27,13822.47,0.0,13822.47,0,0.0
indep_603380,2023-09-28,13822.47,0.0,13822.47,0,0.0
indep_603380,2023-10-09,13822.47,0.0,13822.47,0,0.0
indep_603380,2023-10-10,13822.47,0.0,13822.47,0,0.0
indep_603380,2023-10-11,13822.47,0.0,13822.47,0,0.0
indep_603380,2023-10-12,13822.47,0.0,13822.47,0,0.0
indep_603380,2023-10-13,13822.47,0.0,13822.47,0,0.0
indep_603380,2023-10-16,13822.47,0.0,13822.47,0,0.0
indep_603380,2023-10-17,13822.47,0.0,13822.47,0,0.0
indep_603380,2023-10-18,13822.47,0.0,13822.47,0,0.0
indep_603380,2023-10-19,13822.47,0.0,13822.47,0,0.0
indep_603380,2023-10-20,13822.47,0.0,13822.47,0,0.0
indep_603380,2023-10-23,13822.47,0.0,13822.47,0,0.0
indep_603380,2023-10-24,13822.47,0.0,13822.47,0,0.0
indep_603380,2023-10-25,13822.47,0.0,13822.47,0,0.0
indep_603380,2023-10-26,13822.47,0.0,13822.47,0,0.0
indep_603380,2023-10-27,13822.47,0.0,13822.47,0,0.0
indep_603380,2023-10-30,13822.47,0.0,13822.47,0,0.0
indep_603380,2023-10-31,13822.47,0.0,13822.47,0,0.0
indep_603380,2023-11-01,13822.47,0.0,13822.47,0,0.0
indep_603380,2023-11-02,13822.47,0.0,13822.47,0,0.0
indep_603380,2023-11-03,13822.47,0.0,13822.47,0,0.0
indep_603380,2023-11-06,13822.47,0.0,13822.47,0,0.0
indep_603380,2023-11-07,13822.47,0.0,13822.47,0,0.0
indep_603380,2023-11-08,13822.47,0.0,13822.47,0,0.0
indep_603380,2023-11-09,13822.47,0.0,13822.47,0,0.0
indep_603380,2023-11-10,11508.0,2295.05,13803.05,1,16.627
indep_603380,2023-11-13,11508.0,2328.52,13836.53,1,16.829
indep_603380,2023-11-14,11508.0,2317.37,13825.37,1,16.762
indep_603380,2023-11-15,11508.0,2310.86,13818.86,1,16.722
indep_603380,2023-11-16,11508.0,2310.86,13818.86,1,16.722
indep_603380,2023-11-17,11508.0,2285.75,13793.75,1,16.571
indep_603380,2023-11-20,11508.0,2298.77,13806.77,1,16.65
indep_603380,2023-11-21,11508.0,2321.09,13829.09,1,16.784
indep_603380,2023-11-22,11508.0,2238.32,13746.33,1,16.283
indep_603380,2023-11-23,11508.0,2320.16,13828.16,1,16.778
indep_603380,2023-11-24,11508.0,2278.31,13786.31,1,16.526
indep_603380,2023-11-27,11508.0,2262.5,13770.5,1,16.43
indep_603380,2023-11-28,11508.0,2293.19,13801.19,1,16.616
indep_603380,2023-11-29,11508.0,2297.84,13805.84,1,16.644
indep_603380,2023-11-30,11508.0,2264.36,13772.36,1,16.441
indep_603380,2023-12-01,11508.0,2276.45,13784.45,1,16.515
indep_603380,2023-12-04,11508.0,2253.2,13761.2,1,16.374
indep_603380,2023-12-05,11508.0,2189.97,13697.97,1,15.988
indep_603380,2023-12-06,11508.0,2183.46,13691.46,1,15.948
indep_603380,2023-12-07,11508.0,2191.83,13699.83,1,15.999
indep_603380,2023-12-08,13675.72,0.0,13675.72,0,0.0
indep_603380,2023-12-11,13675.72,0.0,13675.72,0,0.0
indep_603380,2023-12-12,13675.72,0.0,13675.72,0,0.0
indep_603380,2023-12-13,13675.72,0.0,13675.72,0,0.0
indep_603380,2023-12-14,13675.72,0.0,13675.72,0,0.0
indep_603380,2023-12-15,13675.72,0.0,13675.72,0,0.0
indep_603380,2023-12-18,13675.72,0.0,13675.72,0,0.0
indep_603380,2023-12-19,13675.72,0.0,13675.72,0,0.0
indep_603380,2023-12-20,13675.72,0.0,13675.72,0,0.0
indep_603380,2023-12-21,13675.72,0.0,13675.72,0,0.0
indep_603380,2023-12-22,13675.72,0.0,13675.72,0,0.0
indep_603380,2023-12-25,13675.72,0.0,13675.72,0,0.0
indep_603380,2023-12-26,13675.72,0.0,13675.72,0,0.0
indep_603380,2023-12-27,13675.72,0.0,13675.72,0,0.0
indep_603380,2023-12-28,13675.72,0.0,13675.72,0,0.0
indep_603380,2023-12-29,13675.72,0.0,13675.72,0,0.0
indep_603380,2024-01-02,13675.72,0.0,13675.72,0,0.0
indep_603380,2024-01-03,13675.72,0.0,13675.72,0,0.0
indep_603380,2024-01-04,13675.72,0.0,13675.72,0,0.0
indep_603380,2024-01-05,13675.72,0.0,13675.72,0,0.0
indep_603380,2024-01-08,13675.72,0.0,13675.72,0,0.0
indep_603380,2024-01-09,13675.72,0.0,13675.72,0,0.0
indep_603380,2024-01-10,13675.72,0.0,13675.72,0,0.0
indep_603380,2024-01-11,13675.72,0.0,13675.72,0,0.0
indep_603380,2024-01-12,13675.72,0.0,13675.72,0,0.0
indep_603380,2024-01-15,13675.72,0.0,13675.72,0,0.0
indep_603380,2024-01-16,13675.72,0.0,13675.72,0,0.0
indep_603380,2024-01-17,13675.72,0.0,13675.72,0,0.0
indep_603380,2024-01-18,13675.72,0.0,13675.72,0,0.0
indep_603380,2024-01-19,13675.72,0.0,13675.72,0,0.0
indep_603380,2024-01-22,13675.72,0.0,13675.72,0,0.0
indep_603380,2024-01-23,13675.72,0.0,13675.72,0,0.0
indep_603380,2024-01-24,13675.72,0.0,13675.72,0,0.0
indep_603380,2024-01-25,13675.72,0.0,13675.72,0,0.0
indep_603380,2024-01-26,13675.72,0.0,13675.72,0,0.0
indep_603380,2024-01-29,13675.72,0.0,13675.72,0,0.0
indep_603380,2024-01-30,13675.72,0.0,13675.72,0,0.0
indep_603380,2024-01-31,13675.72,0.0,13675.72,0,0.0
indep_603380,2024-02-01,13675.72,0.0,13675.72,0,0.0
indep_603380,2024-02-02,13675.72,0.0,13675.72,0,0.0
indep_603380,2024-02-05,13675.72,0.0,13675.72,0,0.0
indep_603380,2024-02-06,13675.72,0.0,13675.72,0,0.0
indep_603380,2024-02-07,13675.72,0.0,13675.72,0,0.0
indep_603380,2024-02-08,13675.72,0.0,13675.72,0,0.0
indep_603380,2024-02-19,13675.72,0.0,13675.72,0,0.0
indep_603380,2024-02-20,13675.72,0.0,13675.72,0,0.0
indep_603380,2024-02-21,13675.72,0.0,13675.72,0,0.0
indep_603380,2024-02-22,13675.72,0.0,13675.72,0,0.0
indep_603380,2024-02-23,13675.72,0.0,13675.72,0,0.0
indep_603380,2024-02-26,13675.72,0.0,13675.72,0,0.0
indep_603380,2024-02-27,13675.72,0.0,13675.72,0,0.0
indep_603380,2024-02-28,13675.72,0.0,13675.72,0,0.0
indep_603380,2024-02-29,13675.72,0.0,13675.72,0,0.0
indep_603380,2024-03-01,13675.72,0.0,13675.72,0,0.0
indep_603380,2024-03-04,13675.72,0.0,13675.72,0,0.0
indep_603380,2024-03-05,13675.72,0.0,13675.72,0,0.0
indep_603380,2024-03-06,13675.72,0.0,13675.72,0,0.0
indep_603380,2024-03-07,13675.72,0.0,13675.72,0,0.0
indep_603380,2024-03-08,13675.72,0.0,13675.72,0,0.0
indep_603380,2024-03-11,13675.72,0.0,13675.72,0,0.0
indep_603380,2024-03-12,13675.72,0.0,13675.72,0,0.0
indep_603380,2024-03-13,13675.72,0.0,13675.72,0,0.0
indep_603380,2024-03-14,13675.72,0.0,13675.72,0,0.0
indep_603380,2024-03-15,13675.72,0.0,13675.72,0,0.0
indep_603380,2024-03-18,13675.72,0.0,13675.72,0,0.0
indep_603380,2024-03-19,13675.72,0.0,13675.72,0,0.0
indep_603380,2024-03-20,13675.72,0.0,13675.72,0,0.0
indep_603380,2024-03-21,13675.72,0.0,13675.72,0,0.0
indep_603380,2024-03-22,13675.72,0.0,13675.72,0,0.0
indep_603380,2024-03-25,13675.72,0.0,13675.72,0,0.0
indep_603380,2024-03-26,13675.72,0.0,13675.72,0,0.0
indep_603380,2024-03-27,13675.72,0.0,13675.72,0,0.0
indep_603380,2024-03-28,13675.72,0.0,13675.72,0,0.0
indep_603380,2024-03-29,13675.72,0.0,13675.72,0,0.0
indep_603380,2024-04-01,13675.72,0.0,13675.72,0,0.0
indep_603380,2024-04-02,13675.72,0.0,13675.72,0,0.0
indep_603380,2024-04-03,13675.72,0.0,13675.72,0,0.0
indep_603380,2024-04-08,13675.72,0.0,13675.72,0,0.0
indep_603380,2024-04-09,13675.72,0.0,13675.72,0,0.0
indep_603380,2024-04-10,13675.72,0.0,13675.72,0,0.0
indep_603380,2024-04-11,13675.72,0.0,13675.72,0,0.0
indep_603380,2024-04-12,13675.72,0.0,13675.72,0,0.0
indep_603380,2024-04-15,13675.72,0.0,13675.72,0,0.0
indep_603380,2024-04-16,13675.72,0.0,13675.72,0,0.0
indep_603380,2024-04-17,13675.72,0.0,13675.72,0,0.0
indep_603380,2024-04-18,13675.72,0.0,13675.72,0,0.0
indep_603380,2024-04-19,13675.72,0.0,13675.72,0,0.0
indep_603380,2024-04-22,13675.72,0.0,13675.72,0,0.0
indep_603380,2024-04-23,13675.72,0.0,13675.72,0,0.0
indep_603380,2024-04-24,13675.72,0.0,13675.72,0,0.0
indep_603380,2024-04-25,13675.72,0.0,13675.72,0,0.0
indep_603380,2024-04-26,13675.72,0.0,13675.72,0,0.0
indep_603380,2024-04-29,13675.72,0.0,13675.72,0,0.0
indep_603380,2024-04-30,13675.72,0.0,13675.72,0,0.0
indep_603380,2024-05-06,13675.72,0.0,13675.72,0,0.0
indep_603380,2024-05-07,13675.72,0.0,13675.72,0,0.0
indep_603380,2024-05-08,13675.72,0.0,13675.72,0,0.0
indep_603380,2024-05-09,13675.72,0.0,13675.72,0,0.0
indep_603380,2024-05-10,13675.72,0.0,13675.72,0,0.0
indep_603380,2024-05-13,13675.72,0.0,13675.72,0,0.0
indep_603380,2024-05-14,13675.72,0.0,13675.72,0,0.0
indep_603380,2024-05-15,13675.72,0.0,13675.72,0,0.0
indep_603380,2024-05-16,13675.72,0.0,13675.72,0,0.0
indep_603380,2024-05-17,13675.72,0.0,13675.72,0,0.0
indep_603380,2024-05-20,13675.72,0.0,13675.72,0,0.0
indep_603380,2024-05-21,13675.72,0.0,13675.72,0,0.0
indep_603380,2024-05-22,13675.72,0.0,13675.72,0,0.0
indep_603380,2024-05-23,13675.72,0.0,13675.72,0,0.0
indep_603380,2024-05-24,13675.72,0.0,13675.72,0,0.0
indep_603380,2024-05-27,13675.72,0.0,13675.72,0,0.0
indep_603380,2024-05-28,13675.72,0.0,13675.72,0,0.0
indep_603380,2024-05-29,13675.72,0.0,13675.72,0,0.0
indep_603380,2024-05-30,13675.72,0.0,13675.72,0,0.0
indep_603380,2024-05-31,13675.72,0.0,13675.72,0,0.0
indep_603380,2024-06-03,13675.72,0.0,13675.72,0,0.0
indep_603380,2024-06-04,13675.72,0.0,13675.72,0,0.0
indep_603380,2024-06-05,13675.72,0.0,13675.72,0,0.0
indep_603380,2024-06-06,13675.72,0.0,13675.72,0,0.0
indep_603380,2024-06-07,13675.72,0.0,13675.72,0,0.0
indep_603380,2024-06-11,13675.72,0.0,13675.72,0,0.0
indep_603380,2024-06-12,13675.72,0.0,13675.72,0,0.0
indep_603380,2024-06-13,13675.72,0.0,13675.72,0,0.0
indep_603380,2024-06-14,13675.72,0.0,13675.72,0,0.0
indep_603380,2024-06-17,13675.72,0.0,13675.72,0,0.0
indep_603380,2024-06-18,13675.72,0.0,13675.72,0,0.0
indep_603380,2024-06-19,13675.72,0.0,13675.72,0,0.0
indep_603380,2024-06-20,13675.72,0.0,13675.72,0,0.0
indep_603380,2024-06-21,9837.43,3864.76,13702.19,1,28.205
indep_603380,2024-06-24,9837.43,3723.41,13560.84,1,27.457
indep_603380,2024-06-25,13434.99,0.0,13434.99,0,0.0
indep_603380,2024-06-26,13434.99,0.0,13434.99,0,0.0
indep_603380,2024-06-27,13434.99,0.0,13434.99,0,0.0
indep_603380,2024-06-28,13434.99,0.0,13434.99,0,0.0
indep_603380,2024-07-01,13434.99,0.0,13434.99,0,0.0
indep_603380,2024-07-02,13434.99,0.0,13434.99,0,0.0
indep_603380,2024-07-03,13434.99,0.0,13434.99,0,0.0
indep_603380,2024-07-04,13434.99,0.0,13434.99,0,0.0
indep_603380,2024-07-05,13434.99,0.0,13434.99,0,0.0
indep_603380,2024-07-08,13434.99,0.0,13434.99,0,0.0
indep_603380,2024-07-09,13434.99,0.0,13434.99,0,0.0
indep_603380,2024-07-10,13434.99,0.0,13434.99,0,0.0
indep_603380,2024-07-11,13434.99,0.0,13434.99,0,0.0
indep_603380,2024-07-12,13434.99,0.0,13434.99,0,0.0
indep_603380,2024-07-15,13434.99,0.0,13434.99,0,0.0
indep_603380,2024-07-16,13434.99,0.0,13434.99,0,0.0
indep_603380,2024-07-17,13434.99,0.0,13434.99,0,0.0
indep_603380,2024-07-18,13434.99,0.0,13434.99,0,0.0
indep_603380,2024-07-19,13434.99,0.0,13434.99,0,0.0
indep_603380,2024-07-22,13434.99,0.0,13434.99,0,0.0
indep_603380,2024-07-23,13434.99,0.0,13434.99,0,0.0
indep_603380,2024-07-24,13434.99,0.0,13434.99,0,0.0
indep_603380,2024-07-25,13434.99,0.0,13434.99,0,0.0
indep_603380,2024-07-26,13434.99,0.0,13434.99,0,0.0
indep_603380,2024-07-29,13434.99,0.0,13434.99,0,0.0
indep_603380,2024-07-30,13434.99,0.0,13434.99,0,0.0
indep_603380,2024-07-31,13434.99,0.0,13434.99,0,0.0
indep_603380,2024-08-01,13434.99,0.0,13434.99,0,0.0
indep_603380,2024-08-02,13434.99,0.0,13434.99,0,0.0
indep_603380,2024-08-05,13434.99,0.0,13434.99,0,0.0
indep_603380,2024-08-06,13434.99,0.0,13434.99,0,0.0
indep_603380,2024-08-07,13434.99,0.0,13434.99,0,0.0
indep_603380,2024-08-08,13434.99,0.0,13434.99,0,0.0
indep_603380,2024-08-09,13434.99,0.0,13434.99,0,0.0
indep_603380,2024-08-12,13434.99,0.0,13434.99,0,0.0
indep_603380,2024-08-13,13434.99,0.0,13434.99,0,0.0
indep_603380,2024-08-14,13434.99,0.0,13434.99,0,0.0
indep_603380,2024-08-15,13434.99,0.0,13434.99,0,0.0
indep_603380,2024-08-16,13434.99,0.0,13434.99,0,0.0
indep_603380,2024-08-19,13434.99,0.0,13434.99,0,0.0
indep_603380,2024-08-20,13434.99,0.0,13434.99,0,0.0
indep_603380,2024-08-21,13434.99,0.0,13434.99,0,0.0
indep_603380,2024-08-22,13434.99,0.0,13434.99,0,0.0
indep_603380,2024-08-23,13434.99,0.0,13434.99,0,0.0
indep_603380,2024-08-26,13434.99,0.0,13434.99,0,0.0
indep_603380,2024-08-27,13434.99,0.0,13434.99,0,0.0
indep_603380,2024-08-28,13434.99,0.0,13434.99,0,0.0
indep_603380,2024-08-29,13434.99,0.0,13434.99,0,0.0
indep_603380,2024-08-30,13434.99,0.0,13434.99,0,0.0
indep_603380,2024-09-02,13434.99,0.0,13434.99,0,0.0
indep_603380,2024-09-03,13434.99,0.0,13434.99,0,0.0
indep_603380,2024-09-04,13434.99,0.0,13434.99,0,0.0
indep_603380,2024-09-05,13434.99,0.0,13434.99,0,0.0
indep_603380,2024-09-06,13434.99,0.0,13434.99,0,0.0
indep_603380,2024-09-09,13434.99,0.0,13434.99,0,0.0
indep_603380,2024-09-10,13434.99,0.0,13434.99,0,0.0
indep_603380,2024-09-11,13434.99,0.0,13434.99,0,0.0
indep_603380,2024-09-12,13434.99,0.0,13434.99,0,0.0
indep_603380,2024-09-13,13434.99,0.0,13434.99,0,0.0
indep_603380,2024-09-18,13434.99,0.0,13434.99,0,0.0
indep_603380,2024-09-19,13434.99,0.0,13434.99,0,0.0
indep_603380,2024-09-20,13434.99,0.0,13434.99,0,0.0
indep_603380,2024-09-23,13434.99,0.0,13434.99,0,0.0
indep_603380,2024-09-24,13434.99,0.0,13434.99,0,0.0
indep_603380,2024-09-25,13434.99,0.0,13434.99,0,0.0
indep_603380,2024-09-26,13434.99,0.0,13434.99,0,0.0
indep_603380,2024-09-27,13434.99,0.0,13434.99,0,0.0
indep_603380,2024-09-30,13434.99,0.0,13434.99,0,0.0
indep_603380,2024-10-08,13434.99,0.0,13434.99,0,0.0
indep_603380,2024-10-09,13434.99,0.0,13434.99,0,0.0
indep_603380,2024-10-10,11206.56,2214.58,13421.14,1,16.501
indep_603380,2024-10-11,13293.4,0.0,13293.4,0,0.0
indep_603380,2024-10-14,13293.4,0.0,13293.4,0,0.0
indep_603380,2024-10-15,13293.4,0.0,13293.4,0,0.0
indep_603380,2024-10-16,13293.4,0.0,13293.4,0,0.0
indep_603380,2024-10-17,9092.59,4146.32,13238.92,1,31.319
indep_603380,2024-10-18,9092.59,4242.49,13335.08,1,31.814
indep_603380,2024-10-21,9092.59,4191.58,13284.17,1,31.553
indep_603380,2024-10-22,9092.59,4214.2,13306.8,1,31.67
indep_603380,2024-10-23,9092.59,4276.43,13369.02,1,31.988
indep_603380,2024-10-24,9092.59,4312.25,13404.84,1,32.169
indep_603380,2024-10-25,9092.59,4361.28,13453.87,1,32.417
indep_603380,2024-10-28,9092.59,4427.27,13519.86,1,32.746
indep_603380,2024-10-29,9092.59,4581.89,13674.48,1,33.507
indep_603380,2024-10-30,9092.59,4408.42,13501.01,1,32.652
indep_603380,2024-10-31,9092.59,4404.64,13497.24,1,32.634
indep_603380,2024-11-01,13407.06,0.0,13407.06,0,0.0
indep_603380,2024-11-04,13407.06,0.0,13407.06,0,0.0
indep_603380,2024-11-05,9066.58,4417.84,13484.42,1,32.763
indep_603380,2024-11-06,9066.58,4372.59,13439.17,1,32.536
indep_603380,2024-11-07,9066.58,4397.1,13463.68,1,32.659
indep_603380,2024-11-08,9066.58,4470.64,13537.22,1,33.025
indep_603380,2024-11-11,9066.58,4666.74,13733.31,1,33.981
indep_603380,2024-11-12,9066.58,4534.75,13601.33,1,33.34
indep_603380,2024-11-13,13524.83,0.0,13524.83,0,0.0
indep_603380,2024-11-14,13524.83,0.0,13524.83,0,0.0
indep_603380,2024-11-15,13524.83,0.0,13524.83,0,0.0
indep_603380,2024-11-18,9214.55,4225.52,13440.06,1,31.44
indep_603380,2024-11-19,9214.55,4408.42,13622.96,1,32.36
indep_603380,2024-11-20,9214.55,4429.16,13643.7,1,32.463
indep_603380,2024-11-21,9214.55,4432.93,13647.48,1,32.482
indep_603380,2024-11-22,9214.55,4310.37,13524.91,1,31.87
indep_603380,2024-11-25,9214.55,4287.74,13502.29,1,31.756
indep_603380,2024-11-26,9214.55,4250.03,13464.58,1,31.565
indep_603380,2024-11-27,9214.55,4323.57,13538.11,1,31.936
indep_603380,2024-11-28,9214.55,4304.71,13519.26,1,31.841
indep_603380,2024-11-29,9214.55,4376.36,13590.91,1,32.201
indep_603380,2024-12-02,9214.55,4451.78,13666.33,1,32.575
indep_603380,2024-12-03,9214.55,4417.84,13632.39,1,32.407
indep_603380,2024-12-04,9214.55,4325.45,13540.0,1,31.946
indep_603380,2024-12-05,9214.55,4391.45,13605.99,1,32.276
indep_603380,2024-12-06,9214.55,4410.3,13624.85,1,32.37
indep_603380,2024-12-09,9214.55,4442.36,13656.9,1,32.528
indep_603380,2024-12-10,9214.55,4461.21,13675.76,1,32.621
indep_603380,2024-12-11,9214.55,4504.58,13719.13,1,32.834
indep_603380,2024-12-12,9214.55,4564.92,13779.46,1,33.128
indep_603380,2024-12-13,9214.55,4459.33,13673.87,1,32.612
indep_603380,2024-12-16,9214.55,4376.36,13590.91,1,32.201
indep_603380,2024-12-17,9214.55,4265.11,13479.66,1,31.641
indep_603380,2024-12-18,9214.55,4342.42,13556.97,1,32.031
indep_603380,2024-12-19,9214.55,4483.84,13698.39,1,32.733
indep_603380,2024-12-20,9214.55,4630.91,13845.46,1,33.447
indep_603380,2024-12-23,9214.55,4632.8,13847.34,1,33.456
indep_603380,2024-12-24,9214.55,4657.31,13871.86,1,33.574
indep_603380,2024-12-25,13865.47,0.0,13865.47,0,0.0
indep_603380,2024-12-26,13865.47,0.0,13865.47,0,0.0
indep_603380,2024-12-27,13865.47,0.0,13865.47,0,0.0
indep_603380,2024-12-30,13865.47,0.0,13865.47,0,0.0
indep_603380,2024-12-31,13865.47,0.0,13865.47,0,0.0
indep_603380,2025-01-02,11549.29,2248.52,13797.8,1,16.296
indep_603380,2025-01-03,13718.0,0.0,13718.0,0,0.0
indep_603380,2025-01-06,13718.0,0.0,13718.0,0,0.0
indep_603380,2025-01-07,9215.2,4521.55,13736.74,1,32.916
indep_603380,2025-01-08,9215.2,4442.36,13657.55,1,32.527
indep_603380,2025-01-09,9215.2,4442.36,13657.55,1,32.527
indep_603380,2025-01-10,9215.2,4370.7,13585.9,1,32.171
indep_603380,2025-01-13,9215.2,4304.71,13519.91,1,31.84
indep_603380,2025-01-14,9215.2,4489.49,13704.69,1,32.759
indep_603380,2025-01-15,9215.2,4374.48,13589.67,1,32.19
indep_603380,2025-01-16,9215.2,4334.88,13550.08,1,31.992
indep_603380,2025-01-17,9215.2,4515.89,13731.09,1,32.888
indep_603380,2025-01-20,9215.2,4647.88,13863.08,1,33.527
indep_603380,2025-01-21,9215.2,4683.71,13898.9,1,33.698
indep_603380,2025-01-22,9215.2,4723.3,13938.5,1,33.887
indep_603380,2025-01-23,9215.2,4638.45,13853.65,1,33.482
indep_603380,2025-01-24,9215.2,4794.95,14010.15,1,34.225
indep_603380,2025-01-27,9215.2,4681.82,13897.02,1,33.689
indep_603380,2025-02-05,9215.2,4638.45,13853.65,1,33.482
indep_603380,2025-02-06,9215.2,4749.7,13964.9,1,34.012
indep_603380,2025-02-07,9215.2,5060.82,14276.01,1,35.45
indep_603380,2025-02-10,9215.2,4938.26,14153.45,1,34.891
indep_603380,2025-02-11,9215.2,4970.31,14185.51,1,35.038
indep_603380,2025-02-12,9215.2,4977.85,14193.05,1,35.072
indep_603380,2025-02-13,14068.85,0.0,14068.85,0,0.0
indep_603380,2025-02-14,14068.85,0.0,14068.85,0,0.0
indep_603380,2025-02-17,14068.85,0.0,14068.85,0,0.0
indep_603380,2025-02-18,14068.85,0.0,14068.85,0,0.0
indep_603380,2025-02-19,14068.85,0.0,14068.85,0,0.0
indep_603380,2025-02-20,14068.85,0.0,14068.85,0,0.0
indep_603380,2025-02-21,14068.85,0.0,14068.85,0,0.0
indep_603380,2025-02-24,14068.85,0.0,14068.85,0,0.0
indep_603380,2025-02-25,14068.85,0.0,14068.85,0,0.0
indep_603380,2025-02-26,14068.85,0.0,14068.85,0,0.0
indep_603380,2025-02-27,14068.85,0.0,14068.85,0,0.0
indep_603380,2025-02-28,11631.87,2378.62,14010.49,1,16.977
indep_603380,2025-03-03,11631.87,2409.73,14041.6,1,17.161
indep_603380,2025-03-04,11631.87,2447.44,14079.31,1,17.383
indep_603380,2025-03-05,11631.87,2485.15,14117.02,1,17.604
indep_603380,2025-03-06,11631.87,2515.32,14147.19,1,17.78
indep_603380,2025-03-07,11631.87,2497.41,14129.28,1,17.675
indep_603380,2025-03-10,11631.87,2452.16,14084.02,1,17.411
indep_603380,2025-03-11,11631.87,2440.84,14072.71,1,17.345
indep_603380,2025-03-12,11631.87,2448.39,14080.25,1,17.389
indep_603380,2025-03-13,11631.87,2372.02,14003.89,1,16.938
indep_603380,2025-03-14,11631.87,2444.62,14076.48,1,17.367
indep_603380,2025-03-17,11631.87,2424.82,14056.68,1,17.25
indep_603380,2025-03-18,11631.87,2467.24,14099.11,1,17.499
indep_603380,2025-03-19,11631.87,2430.47,14062.34,1,17.284
indep_603380,2025-03-20,11631.87,2422.93,14054.8,1,17.239
indep_603380,2025-03-21,11631.87,2366.37,13998.23,1,16.905
indep_603380,2025-03-24,11631.87,2382.39,14014.26,1,17.0
indep_603380,2025-03-25,11631.87,2352.22,13984.09,1,16.821
indep_603380,2025-03-26,11631.87,2350.34,13982.2,1,16.809
indep_603380,2025-03-27,11631.87,2333.37,13965.23,1,16.708
indep_603380,2025-03-28,11631.87,2310.74,13942.61,1,16.573
indep_603380,2025-03-31,13914.41,0.0,13914.41,0,0.0
indep_603380,2025-04-01,13914.41,0.0,13914.41,0,0.0
indep_603380,2025-04-02,13914.41,0.0,13914.41,0,0.0
indep_603380,2025-04-03,13914.41,0.0,13914.41,0,0.0
indep_603380,2025-04-07,13914.41,0.0,13914.41,0,0.0
indep_603380,2025-04-08,13914.41,0.0,13914.41,0,0.0
indep_603380,2025-04-09,13914.41,0.0,13914.41,0,0.0
indep_603380,2025-04-10,13914.41,0.0,13914.41,0,0.0
indep_603380,2025-04-11,13914.41,0.0,13914.41,0,0.0
indep_603380,2025-04-14,13914.41,0.0,13914.41,0,0.0
indep_603380,2025-04-15,13914.41,0.0,13914.41,0,0.0
indep_603380,2025-04-16,13914.41,0.0,13914.41,0,0.0
indep_603380,2025-04-17,13914.41,0.0,13914.41,0,0.0
indep_603380,2025-04-18,13914.41,0.0,13914.41,0,0.0
indep_603380,2025-04-21,13914.41,0.0,13914.41,0,0.0
indep_603380,2025-04-22,13914.41,0.0,13914.41,0,0.0
indep_603380,2025-04-23,13914.41,0.0,13914.41,0,0.0
indep_603380,2025-04-24,13914.41,0.0,13914.41,0,0.0
indep_603380,2025-04-25,13914.41,0.0,13914.41,0,0.0
indep_603380,2025-04-28,13914.41,0.0,13914.41,0,0.0
indep_603380,2025-04-29,13914.41,0.0,13914.41,0,0.0
indep_603380,2025-04-30,13914.41,0.0,13914.41,0,0.0
indep_603380,2025-05-06,13914.41,0.0,13914.41,0,0.0
indep_603380,2025-05-07,13914.41,0.0,13914.41,0,0.0
indep_603380,2025-05-08,13914.41,0.0,13914.41,0,0.0
indep_603380,2025-05-09,13914.41,0.0,13914.41,0,0.0
indep_603380,2025-05-12,13914.41,0.0,13914.41,0,0.0
indep_603380,2025-05-13,13914.41,0.0,13914.41,0,0.0
indep_603380,2025-05-14,13914.41,0.0,13914.41,0,0.0
indep_603380,2025-05-15,13914.41,0.0,13914.41,0,0.0
indep_603380,2025-05-16,13914.41,0.0,13914.41,0,0.0
indep_603380,2025-05-19,13914.41,0.0,13914.41,0,0.0
indep_603380,2025-05-20,13914.41,0.0,13914.41,0,0.0
indep_603380,2025-05-21,13914.41,0.0,13914.41,0,0.0
indep_603380,2025-05-22,13914.41,0.0,13914.41,0,0.0
indep_603380,2025-05-23,13914.41,0.0,13914.41,0,0.0
indep_603380,2025-05-26,13914.41,0.0,13914.41,0,0.0
indep_603380,2025-05-27,13914.41,0.0,13914.41,0,0.0
indep_603380,2025-05-28,13914.41,0.0,13914.41,0,0.0
indep_603380,2025-05-29,13914.41,0.0,13914.41,0,0.0
indep_603380,2025-05-30,13914.41,0.0,13914.41,0,0.0
indep_603380,2025-06-03,13914.41,0.0,13914.41,0,0.0
indep_603380,2025-06-04,13914.41,0.0,13914.41,0,0.0
indep_603380,2025-06-05,13914.41,0.0,13914.41,0,0.0
indep_603380,2025-06-06,13914.41,0.0,13914.41,0,0.0
indep_603380,2025-06-09,13914.41,0.0,13914.41,0,0.0
indep_603380,2025-06-10,13914.41,0.0,13914.41,0,0.0
indep_603380,2025-06-11,13914.41,0.0,13914.41,0,0.0
indep_603380,2025-06-12,13914.41,0.0,13914.41,0,0.0
indep_603380,2025-06-13,13914.41,0.0,13914.41,0,0.0
indep_603380,2025-06-16,13914.41,0.0,13914.41,0,0.0
indep_603380,2025-06-17,13914.41,0.0,13914.41,0,0.0
indep_603380,2025-06-18,13914.41,0.0,13914.41,0,0.0
indep_603380,2025-06-19,13914.41,0.0,13914.41,0,0.0
indep_603380,2025-06-20,13914.41,0.0,13914.41,0,0.0
indep_603380,2025-06-23,13914.41,0.0,13914.41,0,0.0
indep_603380,2025-06-24,13914.41,0.0,13914.41,0,0.0
indep_603380,2025-06-25,13914.41,0.0,13914.41,0,0.0
indep_603380,2025-06-26,13914.41,0.0,13914.41,0,0.0
indep_603380,2025-06-27,13914.41,0.0,13914.41,0,0.0
indep_603380,2025-06-30,13914.41,0.0,13914.41,0,0.0
indep_603380,2025-07-01,13914.41,0.0,13914.41,0,0.0
indep_603380,2025-07-02,13914.41,0.0,13914.41,0,0.0
indep_603380,2025-07-03,13914.41,0.0,13914.41,0,0.0
indep_603380,2025-07-04,13914.41,0.0,13914.41,0,0.0
indep_603380,2025-07-07,13914.41,0.0,13914.41,0,0.0
indep_603380,2025-07-08,13914.41,0.0,13914.41,0,0.0
indep_603380,2025-07-09,13914.41,0.0,13914.41,0,0.0
indep_603380,2025-07-10,13914.41,0.0,13914.41,0,0.0
indep_603380,2025-07-11,13914.41,0.0,13914.41,0,0.0
indep_603380,2025-07-14,13914.41,0.0,13914.41,0,0.0
indep_603380,2025-07-15,13914.41,0.0,13914.41,0,0.0
indep_603380,2025-07-16,13914.41,0.0,13914.41,0,0.0
indep_603380,2025-07-17,13914.41,0.0,13914.41,0,0.0
indep_603380,2025-07-18,13914.41,0.0,13914.41,0,0.0
indep_603380,2025-07-21,13914.41,0.0,13914.41,0,0.0
indep_603380,2025-07-22,11138.64,2745.37,13884.0,1,19.774
indep_603380,2025-07-23,11138.64,2816.14,13954.78,1,20.18
indep_603380,2025-07-24,11138.64,2773.87,13912.51,1,19.938
indep_603380,2025-07-25,11138.64,2773.87,13912.51,1,19.938
indep_603380,2025-07-28,11138.64,2807.29,13945.93,1,20.13
indep_603380,2025-07-29,11138.64,2895.76,14034.39,1,20.633
indep_603380,2025-07-30,14092.17,0.0,14092.17,0,0.0
indep_603380,2025-07-31,14092.17,0.0,14092.17,0,0.0
indep_603380,2025-08-01,11196.36,2879.05,14075.4,1,20.454
indep_603380,2025-08-04,11196.36,2958.66,14155.02,1,20.902
indep_603380,2025-08-05,14204.44,0.0,14204.44,0,0.0
indep_603380,2025-08-06,14204.44,0.0,14204.44,0,0.0
indep_603380,2025-08-07,14204.44,0.0,14204.44,0,0.0
indep_603380,2025-08-08,14204.44,0.0,14204.44,0,0.0
indep_603380,2025-08-11,14204.44,0.0,14204.44,0,0.0
indep_603380,2025-08-12,14204.44,0.0,14204.44,0,0.0
indep_603380,2025-08-13,14204.44,0.0,14204.44,0,0.0
indep_603380,2025-08-14,14204.44,0.0,14204.44,0,0.0
indep_603380,2025-08-15,14204.44,0.0,14204.44,0,0.0
indep_603380,2025-08-18,14204.44,0.0,14204.44,0,0.0
indep_603380,2025-08-19,14204.44,0.0,14204.44,0,0.0
indep_603380,2025-08-20,14204.44,0.0,14204.44,0,0.0
indep_603380,2025-08-21,14204.44,0.0,14204.44,0,0.0
indep_603380,2025-08-22,14204.44,0.0,14204.44,0,0.0
indep_603380,2025-08-25,14204.44,0.0,14204.44,0,0.0
indep_603380,2025-08-26,14204.44,0.0,14204.44,0,0.0
indep_603380,2025-08-27,14204.44,0.0,14204.44,0,0.0
indep_603380,2025-08-28,14204.44,0.0,14204.44,0,0.0
indep_603380,2025-08-29,14204.44,0.0,14204.44,0,0.0
indep_603380,2025-09-01,14204.44,0.0,14204.44,0,0.0
indep_603380,2025-09-02,14204.44,0.0,14204.44,0,0.0
indep_603380,2025-09-03,14204.44,0.0,14204.44,0,0.0
indep_603380,2025-09-04,14204.44,0.0,14204.44,0,0.0
indep_603380,2025-09-05,14204.44,0.0,14204.44,0,0.0
indep_603380,2025-09-08,14204.44,0.0,14204.44,0,0.0
indep_603380,2025-09-09,10188.91,4020.25,14209.16,1,28.293
indep_603380,2025-09-10,10188.91,4020.25,14209.16,1,28.293
indep_603380,2025-09-11,10188.91,4422.27,14611.18,1,30.266
indep_603380,2025-09-12,10188.91,4743.69,14932.6,1,31.767
indep_603380,2025-09-15,10188.91,4885.24,15074.15,1,32.408
indep_603380,2025-09-16,10188.91,5013.02,15201.93,1,32.976
indep_603380,2025-09-17,10188.91,4912.76,15101.67,1,32.531
indep_603380,2025-09-18,10188.91,5094.6,15283.52,1,33.334
indep_603380,2025-09-19,15157.39,0.0,15157.39,0,0.0
indep_603380,2025-09-22,15157.39,0.0,15157.39,0,0.0
indep_603380,2025-09-23,15157.39,0.0,15157.39,0,0.0
indep_603380,2025-09-24,15157.39,0.0,15157.39,0,0.0
indep_603380,2025-09-25,15157.39,0.0,15157.39,0,0.0
indep_603380,2025-09-26,15157.39,0.0,15157.39,0,0.0
indep_603380,2025-09-29,15157.39,0.0,15157.39,0,0.0
indep_603380,2025-09-30,15157.39,0.0,15157.39,0,0.0
indep_603380,2025-10-09,10416.7,4566.76,14983.46,1,30.479
indep_603380,2025-10-10,14860.97,0.0,14860.97,0,0.0
indep_603380,2025-10-13,14860.97,0.0,14860.97,0,0.0
indep_603380,2025-10-14,14860.97,0.0,14860.97,0,0.0
indep_603380,2025-10-15,14860.97,0.0,14860.97,0,0.0
indep_603380,2025-10-16,10623.07,4128.37,14751.44,1,27.986
indep_603380,2025-10-17,10623.07,4000.59,14623.66,1,27.357
indep_603380,2025-10-20,10623.07,4050.72,14673.79,1,27.605
indep_603380,2025-10-21,10623.07,4137.22,14760.29,1,28.029
indep_603380,2025-10-22,10623.07,4118.54,14741.61,1,27.938
indep_603380,2025-10-23,10623.07,4044.82,14667.89,1,27.576
indep_603380,2025-10-24,10623.07,4177.52,14800.59,1,28.225
indep_603380,2025-10-27,10623.07,4174.57,14797.64,1,28.211
indep_603380,2025-10-28,10623.07,4187.35,14810.42,1,28.273
indep_603380,2025-10-29,10623.07,4094.95,14718.02,1,27.823
indep_603380,2025-10-30,14596.06,0.0,14596.06,0,0.0
indep_603380,2025-10-31,14596.06,0.0,14596.06,0,0.0
indep_603380,2025-11-03,14596.06,0.0,14596.06,0,0.0
indep_603380,2025-11-04,14596.06,0.0,14596.06,0,0.0
indep_603380,2025-11-05,14596.06,0.0,14596.06,0,0.0
indep_603380,2025-11-06,14596.06,0.0,14596.06,0,0.0
indep_603380,2025-11-07,14596.06,0.0,14596.06,0,0.0
indep_603380,2025-11-10,14596.06,0.0,14596.06,0,0.0
indep_603380,2025-11-11,14596.06,0.0,14596.06,0,0.0
indep_603380,2025-11-12,14596.06,0.0,14596.06,0,0.0
indep_603380,2025-11-13,14596.06,0.0,14596.06,0,0.0
indep_603380,2025-11-14,14596.06,0.0,14596.06,0,0.0
indep_603380,2025-11-17,14596.06,0.0,14596.06,0,0.0
indep_603380,2025-11-18,14596.06,0.0,14596.06,0,0.0
indep_603380,2025-11-19,14596.06,0.0,14596.06,0,0.0
indep_603380,2025-11-20,14596.06,0.0,14596.06,0,0.0
indep_603380,2025-11-21,14596.06,0.0,14596.06,0,0.0
indep_603380,2025-11-24,14596.06,0.0,14596.06,0,0.0
indep_603380,2025-11-25,14596.06,0.0,14596.06,0,0.0
indep_603380,2025-11-26,14596.06,0.0,14596.06,0,0.0
indep_603380,2025-11-27,14596.06,0.0,14596.06,0,0.0
indep_603380,2025-11-28,14596.06,0.0,14596.06,0,0.0
indep_603380,2025-12-01,14596.06,0.0,14596.06,0,0.0
indep_603380,2025-12-02,14596.06,0.0,14596.06,0,0.0
indep_603380,2025-12-03,14596.06,0.0,14596.06,0,0.0
indep_603380,2025-12-04,14596.06,0.0,14596.06,0,0.0
indep_603380,2025-12-05,14596.06,0.0,14596.06,0,0.0
indep_603380,2025-12-08,14596.06,0.0,14596.06,0,0.0
indep_603380,2025-12-09,14596.06,0.0,14596.06,0,0.0
indep_603380,2025-12-10,14596.06,0.0,14596.06,0,0.0
indep_603380,2025-12-11,14596.06,0.0,14596.06,0,0.0
indep_603380,2025-12-12,14596.06,0.0,14596.06,0,0.0
indep_603380,2025-12-15,14596.06,0.0,14596.06,0,0.0
indep_603380,2025-12-16,14596.06,0.0,14596.06,0,0.0
indep_603380,2025-12-17,14596.06,0.0,14596.06,0,0.0
indep_603380,2025-12-18,14596.06,0.0,14596.06,0,0.0
indep_603380,2025-12-19,14596.06,0.0,14596.06,0,0.0
indep_603380,2025-12-22,14596.06,0.0,14596.06,0,0.0
indep_603380,2025-12-23,14596.06,0.0,14596.06,0,0.0
indep_603380,2025-12-24,14596.06,0.0,14596.06,0,0.0
indep_603380,2025-12-25,14596.06,0.0,14596.06,0,0.0
indep_603380,2025-12-26,14596.06,0.0,14596.06,0,0.0
indep_603380,2025-12-29,14596.06,0.0,14596.06,0,0.0
indep_603380,2025-12-30,14596.06,0.0,14596.06,0,0.0
indep_603380,2025-12-31,14596.06,0.0,14596.06,0,0.0
indep_603380,2026-01-05,14596.06,0.0,14596.06,0,0.0
indep_603380,2026-01-06,14596.06,0.0,14596.06,0,0.0
indep_603380,2026-01-07,14596.06,0.0,14596.06,0,0.0
indep_603380,2026-01-08,14596.06,0.0,14596.06,0,0.0
indep_603380,2026-01-09,14596.06,0.0,14596.06,0,0.0
indep_603380,2026-01-12,14596.06,0.0,14596.06,0,0.0
indep_603380,2026-01-13,14596.06,0.0,14596.06,0,0.0
indep_603380,2026-01-14,14596.06,0.0,14596.06,0,0.0
indep_603380,2026-01-15,14596.06,0.0,14596.06,0,0.0
indep_603380,2026-01-16,14596.06,0.0,14596.06,0,0.0
indep_603380,2026-01-19,14596.06,0.0,14596.06,0,0.0
indep_603380,2026-01-20,14596.06,0.0,14596.06,0,0.0
indep_603380,2026-01-21,14596.06,0.0,14596.06,0,0.0
indep_603380,2026-01-22,14596.06,0.0,14596.06,0,0.0
indep_603380,2026-01-23,14596.06,0.0,14596.06,0,0.0
indep_603380,2026-01-26,14596.06,0.0,14596.06,0,0.0
indep_603380,2026-01-27,14596.06,0.0,14596.06,0,0.0
indep_603380,2026-01-28,14596.06,0.0,14596.06,0,0.0
indep_603380,2026-01-29,14596.06,0.0,14596.06,0,0.0
indep_603380,2026-01-30,14596.06,0.0,14596.06,0,0.0
indep_603380,2026-02-02,10793.06,3702.75,14495.81,1,25.544
indep_603380,2026-02-03,10793.06,3786.3,14579.36,1,25.97
indep_603380,2026-02-04,10793.06,3681.13,14474.19,1,25.432
indep_603380,2026-02-05,10793.06,3637.88,14430.94,1,25.209
indep_603380,2026-02-06,10793.06,3645.74,14438.8,1,25.25
indep_603380,2026-02-09,10793.06,3726.34,14519.41,1,25.665
indep_603380,2026-02-10,10793.06,3774.51,14567.57,1,25.91
indep_603380,2026-02-11,10793.06,3777.46,14570.52,1,25.925
indep_603380,2026-02-12,10793.06,3825.62,14618.68,1,26.169
indep_603380,2026-02-13,10793.06,3797.12,14590.18,1,26.025
indep_603380,2026-02-24,10793.06,3833.49,14626.55,1,26.209
indep_603380,2026-02-25,10793.06,3838.4,14631.46,1,26.234
indep_603380,2026-02-26,10793.06,3933.75,14726.81,1,26.711
indep_603380,2026-02-27,10793.06,3850.2,14643.26,1,26.293
indep_603380,2026-03-02,10793.06,3730.28,14523.34,1,25.685
indep_603380,2026-03-03,10793.06,3604.46,14397.52,1,25.035
indep_603380,2026-03-04,14357.64,0.0,14357.64,0,0.0
indep_603380,2026-03-05,14357.64,0.0,14357.64,0,0.0
indep_603380,2026-03-06,14357.64,0.0,14357.64,0,0.0
indep_603380,2026-03-09,14357.64,0.0,14357.64,0,0.0
indep_603380,2026-03-10,14357.64,0.0,14357.64,0,0.0
indep_603380,2026-03-11,14357.64,0.0,14357.64,0,0.0
indep_603380,2026-03-12,14357.64,0.0,14357.64,0,0.0
indep_603380,2026-03-13,14357.64,0.0,14357.64,0,0.0
indep_603380,2026-03-16,14357.64,0.0,14357.64,0,0.0
indep_603380,2026-03-17,14357.64,0.0,14357.64,0,0.0
indep_603380,2026-03-18,14357.64,0.0,14357.64,0,0.0
indep_603380,2026-03-19,14357.64,0.0,14357.64,0,0.0
indep_603380,2026-03-20,14357.64,0.0,14357.64,0,0.0
indep_603380,2026-03-23,14357.64,0.0,14357.64,0,0.0
indep_603380,2026-03-24,14357.64,0.0,14357.64,0,0.0
indep_603380,2026-03-25,14357.64,0.0,14357.64,0,0.0
indep_603380,2026-03-26,14357.64,0.0,14357.64,0,0.0
indep_603380,2026-03-27,14357.64,0.0,14357.64,0,0.0
indep_603380,2026-03-30,14357.64,0.0,14357.64,0,0.0
indep_603380,2026-03-31,14357.64,0.0,14357.64,0,0.0
indep_603380,2026-04-01,14357.64,0.0,14357.64,0,0.0
indep_603380,2026-04-02,14357.64,0.0,14357.64,0,0.0
indep_603380,2026-04-03,14357.64,0.0,14357.64,0,0.0
indep_603380,2026-04-07,14357.64,0.0,14357.64,0,0.0
indep_603380,2026-04-08,14357.64,0.0,14357.64,0,0.0
indep_603380,2026-04-09,14357.64,0.0,14357.64,0,0.0
indep_603380,2026-04-10,14357.64,0.0,14357.64,0,0.0
indep_603380,2026-04-13,14357.64,0.0,14357.64,0,0.0
indep_603380,2026-04-14,14357.64,0.0,14357.64,0,0.0
indep_603380,2026-04-15,14357.64,0.0,14357.64,0,0.0
indep_603380,2026-04-16,14357.64,0.0,14357.64,0,0.0
indep_603380,2026-04-17,14357.64,0.0,14357.64,0,0.0
indep_603380,2026-04-20,14357.64,0.0,14357.64,0,0.0
indep_603380,2026-04-21,14357.64,0.0,14357.64,0,0.0
indep_603380,2026-04-22,14357.64,0.0,14357.64,0,0.0
indep_603380,2026-04-23,14357.64,0.0,14357.64,0,0.0
indep_603380,2026-04-24,14357.64,0.0,14357.64,0,0.0
indep_603380,2026-04-27,14357.64,0.0,14357.64,0,0.0
indep_603380,2026-04-28,14357.64,0.0,14357.64,0,0.0
indep_603380,2026-04-29,14357.64,0.0,14357.64,0,0.0
indep_603380,2026-04-30,14357.64,0.0,14357.64,0,0.0
indep_603380,2026-05-06,14357.64,0.0,14357.64,0,0.0
indep_603380,2026-05-07,14357.64,0.0,14357.64,0,0.0
indep_603380,2026-05-08,14357.64,0.0,14357.64,0,0.0
indep_603380,2026-05-11,14357.64,0.0,14357.64,0,0.0
indep_603380,2026-05-12,14357.64,0.0,14357.64,0,0.0
indep_603380,2026-05-13,14357.64,0.0,14357.64,0,0.0
indep_603380,2026-05-14,14357.64,0.0,14357.64,0,0.0
indep_603380,2026-05-15,14357.64,0.0,14357.64,0,0.0
indep_603380,2026-05-18,14357.64,0.0,14357.64,0,0.0
indep_603380,2026-05-19,14357.64,0.0,14357.64,0,0.0
indep_603380,2026-05-20,14357.64,0.0,14357.64,0,0.0
indep_603380,2026-05-21,14357.64,0.0,14357.64,0,0.0
indep_603380,2026-05-22,14357.64,0.0,14357.64,0,0.0
indep_603380,2026-05-25,14357.64,0.0,14357.64,0,0.0
indep_603380,2026-05-26,10377.53,3951.44,14328.97,1,27.577
indep_603380,2026-05-27,10377.53,3789.25,14166.78,1,26.747
indep_603380,2026-05-28,14107.88,0.0,14107.88,0,0.0
indep_603380,2026-05-29,14107.88,0.0,14107.88,0,0.0
indep_603380,2026-06-01,10467.23,3616.25,14083.48,1,25.677
indep_603380,2026-06-02,10467.23,3685.06,14152.29,1,26.039
indep_603380,2026-06-03,10467.23,3510.1,13977.33,1,25.113
indep_603380,2026-06-04,10467.23,3455.05,13922.28,1,24.817
indep_603380,2026-06-05,13879.06,0.0,13879.06,0,0.0
indep_603380,2026-06-08,13879.06,0.0,13879.06,0,0.0
indep_603380,2026-06-09,13879.06,0.0,13879.06,0,0.0
indep_603380,2026-06-10,13879.06,0.0,13879.06,0,0.0
indep_603380,2026-06-11,13879.06,0.0,13879.06,0,0.0
indep_603380,2026-06-12,13879.06,0.0,13879.06,0,0.0
indep_603380,2026-06-15,13879.06,0.0,13879.06,0,0.0
indep_603380,2026-06-16,13879.06,0.0,13879.06,0,0.0
indep_603380,2026-06-17,13879.06,0.0,13879.06,0,0.0
indep_603380,2026-06-18,10151.31,4103.0,14254.31,1,28.784
indep_603380,2026-06-22,10151.31,4513.0,14664.31,1,30.775
indep_603380,2026-06-23,10151.31,4288.0,14439.31,1,29.697
indep_603380,2026-06-24,14336.97,0.0,14336.97,0,0.0
indep_603380,2026-06-25,14336.97,0.0,14336.97,0,0.0
indep_603380,2026-06-26,14336.97,0.0,14336.97,0,0.0
indep_603380,2026-06-29,14336.97,0.0,14336.97,0,0.0
indep_603380,2026-06-30,14336.97,0.0,14336.97,0,0.0
indep_603380,2026-07-01,14336.97,0.0,14336.97,0,0.0
indep_603380,2026-07-02,14336.97,0.0,14336.97,0,0.0
indep_603380,2026-07-03,14336.97,0.0,14336.97,0,0.0
indep_603380,2026-07-06,14336.97,0.0,14336.97,0,0.0
indep_603380,2026-07-07,14336.97,0.0,14336.97,0,0.0
indep_603380,2026-07-08,14336.97,0.0,14336.97,0,0.0
indep_603380,2026-07-09,14336.97,0.0,14336.97,0,0.0
indep_603380,2026-07-10,14336.97,0.0,14336.97,0,0.0
indep_603380,2026-07-13,14336.97,0.0,14336.97,0,0.0
indep_603380,2026-07-14,14336.97,0.0,14336.97,0,0.0
indep_603380,2026-07-15,14336.97,0.0,14336.97,0,0.0
indep_603380,2026-07-16,10340.95,3872.0,14212.95,1,27.243
indep_603380,2026-07-17,14086.28,0.0,14086.28,0,0.0
indep_603380,2026-07-20,14086.28,0.0,14086.28,0,0.0
indep_603380,2026-07-21,14086.28,0.0,14086.28,0,0.0
indep_603380,2026-07-22,14086.28,0.0,14086.28,0,0.0
indep_603380,2026-07-23,14086.28,0.0,14086.28,0,0.0
indep_603380,2026-07-24,14086.28,0.0,14086.28,0,0.0
indep_603380,2026-07-27,14086.28,0.0,14086.28,0,0.0
indep_603380,2026-07-28,14086.28,0.0,14086.28,0,0.0
indep_603380,2026-07-29,14086.28,0.0,14086.28,0,0.0
indep_603380,2026-07-30,14086.28,0.0,14086.28,0,0.0
indep_603380,2026-07-31,14086.28,0.0,14086.28,0,0.0
indep_603380,2026-08-03,14086.28,0.0,14086.28,0,0.0
indep_603380,2026-08-04,14086.28,0.0,14086.28,0,0.0
indep_603380,2026-08-05,14086.28,0.0,14086.28,0,0.0
indep_603380,2026-08-06,14086.28,0.0,14086.28,0,0.0
indep_603380,2026-08-07,14086.28,0.0,14086.28,0,0.0
indep_603380,2026-08-10,14086.28,0.0,14086.28,0,0.0
indep_603380,2026-08-11,14086.28,0.0,14086.28,0,0.0
indep_603380,2026-08-12,14086.28,0.0,14086.28,0,0.0
indep_603380,2026-08-13,14086.28,0.0,14086.28,0,0.0
indep_603380,2026-08-14,14086.28,0.0,14086.28,0,0.0
indep_603380,2026-08-17,14086.28,0.0,14086.28,0,0.0
indep_603380,2026-08-18,14086.28,0.0,14086.28,0,0.0
indep_603380,2026-08-19,14086.28,0.0,14086.28,0,0.0
indep_603380,2026-08-20,14086.28,0.0,14086.28,0,0.0
indep_603380,2026-08-21,14086.28,0.0,14086.28,0,0.0
indep_603380,2026-08-24,14086.28,0.0,14086.28,0,0.0
indep_603380,2026-08-25,14086.28,0.0,14086.28,0,0.0
indep_603380,2026-08-26,14086.28,0.0,14086.28,0,0.0
indep_603380,2026-08-27,14086.28,0.0,14086.28,0,0.0
indep_603380,2026-08-28,14086.28,0.0,14086.28,0,0.0
indep_603380,2026-08-31,14086.28,0.0,14086.28,0,0.0
indep_603380,2026-09-01,14086.28,0.0,14086.28,0,0.0
indep_603380,2026-09-02,14086.28,0.0,14086.28,0,0.0
indep_603380,2026-09-03,14086.28,0.0,14086.28,0,0.0
indep_603380,2026-09-04,14086.28,0.0,14086.28,0,0.0
indep_603380,2026-09-07,14086.28,0.0,14086.28,0,0.0
indep_603380,2026-09-08,14086.28,0.0,14086.28,0,0.0
indep_603380,2026-09-09,14086.28,0.0,14086.28,0,0.0
indep_603380,2026-09-10,14086.28,0.0,14086.28,0,0.0
indep_603380,2026-09-11,14086.28,0.0,14086.28,0,0.0
indep_603380,2026-09-14,14086.28,0.0,14086.28,0,0.0
indep_600988,2023-09-14,13822.47,0.0,13822.47,0,0.0
indep_600988,2023-09-15,13822.47,0.0,13822.47,0,0.0
indep_600988,2023-09-18,13822.47,0.0,13822.47,0,0.0
indep_600988,2023-09-19,13822.47,0.0,13822.47,0,0.0
indep_600988,2023-09-20,13822.47,0.0,13822.47,0,0.0
indep_600988,2023-09-21,13822.47,0.0,13822.47,0,0.0
indep_600988,2023-09-22,9432.94,4397.79,13830.73,1,31.797
indep_600988,2023-09-25,9432.94,4427.27,13860.21,1,31.942
indep_600988,2023-09-26,9432.94,4374.21,13807.15,1,31.681
indep_600988,2023-09-27,9432.94,4324.1,13757.04,1,31.432
indep_600988,2023-09-28,9432.94,4285.78,13718.72,1,31.24
indep_600988,2023-10-09,13546.71,0.0,13546.71,0,0.0
indep_600988,2023-10-10,13546.71,0.0,13546.71,0,0.0
indep_600988,2023-10-11,13546.71,0.0,13546.71,0,0.0
indep_600988,2023-10-12,13546.71,0.0,13546.71,0,0.0
indep_600988,2023-10-13,13546.71,0.0,13546.71,0,0.0
indep_600988,2023-10-16,13546.71,0.0,13546.71,0,0.0
indep_600988,2023-10-17,13546.71,0.0,13546.71,0,0.0
indep_600988,2023-10-18,13546.71,0.0,13546.71,0,0.0
indep_600988,2023-10-19,13546.71,0.0,13546.71,0,0.0
indep_600988,2023-10-20,13546.71,0.0,13546.71,0,0.0
indep_600988,2023-10-23,13546.71,0.0,13546.71,0,0.0
indep_600988,2023-10-24,13546.71,0.0,13546.71,0,0.0
indep_600988,2023-10-25,13546.71,0.0,13546.71,0,0.0
indep_600988,2023-10-26,13546.71,0.0,13546.71,0,0.0
indep_600988,2023-10-27,13546.71,0.0,13546.71,0,0.0
indep_600988,2023-10-30,13546.71,0.0,13546.71,0,0.0
indep_600988,2023-10-31,13546.71,0.0,13546.71,0,0.0
indep_600988,2023-11-01,13546.71,0.0,13546.71,0,0.0
indep_600988,2023-11-02,13546.71,0.0,13546.71,0,0.0
indep_600988,2023-11-03,13546.71,0.0,13546.71,0,0.0
indep_600988,2023-11-06,13546.71,0.0,13546.71,0,0.0
indep_600988,2023-11-07,13546.71,0.0,13546.71,0,0.0
indep_600988,2023-11-08,13546.71,0.0,13546.71,0,0.0
indep_600988,2023-11-09,13546.71,0.0,13546.71,0,0.0
indep_600988,2023-11-10,13546.71,0.0,13546.71,0,0.0
indep_600988,2023-11-13,13546.71,0.0,13546.71,0,0.0
indep_600988,2023-11-14,13546.71,0.0,13546.71,0,0.0
indep_600988,2023-11-15,13546.71,0.0,13546.71,0,0.0
indep_600988,2023-11-16,13546.71,0.0,13546.71,0,0.0
indep_600988,2023-11-17,13546.71,0.0,13546.71,0,0.0
indep_600988,2023-11-20,13546.71,0.0,13546.71,0,0.0
indep_600988,2023-11-21,13546.71,0.0,13546.71,0,0.0
indep_600988,2023-11-22,13546.71,0.0,13546.71,0,0.0
indep_600988,2023-11-23,13546.71,0.0,13546.71,0,0.0
indep_600988,2023-11-24,13546.71,0.0,13546.71,0,0.0
indep_600988,2023-11-27,13546.71,0.0,13546.71,0,0.0
indep_600988,2023-11-28,13546.71,0.0,13546.71,0,0.0
indep_600988,2023-11-29,13546.71,0.0,13546.71,0,0.0
indep_600988,2023-11-30,13546.71,0.0,13546.71,0,0.0
indep_600988,2023-12-01,13546.71,0.0,13546.71,0,0.0
indep_600988,2023-12-04,13546.71,0.0,13546.71,0,0.0
indep_600988,2023-12-05,13546.71,0.0,13546.71,0,0.0
indep_600988,2023-12-06,13546.71,0.0,13546.71,0,0.0
indep_600988,2023-12-07,13546.71,0.0,13546.71,0,0.0
indep_600988,2023-12-08,13546.71,0.0,13546.71,0,0.0
indep_600988,2023-12-11,13546.71,0.0,13546.71,0,0.0
indep_600988,2023-12-12,13546.71,0.0,13546.71,0,0.0
indep_600988,2023-12-13,13546.71,0.0,13546.71,0,0.0
indep_600988,2023-12-14,13546.71,0.0,13546.71,0,0.0
indep_600988,2023-12-15,13546.71,0.0,13546.71,0,0.0
indep_600988,2023-12-18,13546.71,0.0,13546.71,0,0.0
indep_600988,2023-12-19,13546.71,0.0,13546.71,0,0.0
indep_600988,2023-12-20,13546.71,0.0,13546.71,0,0.0
indep_600988,2023-12-21,13546.71,0.0,13546.71,0,0.0
indep_600988,2023-12-22,13546.71,0.0,13546.71,0,0.0
indep_600988,2023-12-25,13546.71,0.0,13546.71,0,0.0
indep_600988,2023-12-26,13546.71,0.0,13546.71,0,0.0
indep_600988,2023-12-27,13546.71,0.0,13546.71,0,0.0
indep_600988,2023-12-28,13546.71,0.0,13546.71,0,0.0
indep_600988,2023-12-29,13546.71,0.0,13546.71,0,0.0
indep_600988,2024-01-02,13546.71,0.0,13546.71,0,0.0
indep_600988,2024-01-03,13546.71,0.0,13546.71,0,0.0
indep_600988,2024-01-04,13546.71,0.0,13546.71,0,0.0
indep_600988,2024-01-05,13546.71,0.0,13546.71,0,0.0
indep_600988,2024-01-08,13546.71,0.0,13546.71,0,0.0
indep_600988,2024-01-09,13546.71,0.0,13546.71,0,0.0
indep_600988,2024-01-10,13546.71,0.0,13546.71,0,0.0
indep_600988,2024-01-11,13546.71,0.0,13546.71,0,0.0
indep_600988,2024-01-12,13546.71,0.0,13546.71,0,0.0
indep_600988,2024-01-15,13546.71,0.0,13546.71,0,0.0
indep_600988,2024-01-16,13546.71,0.0,13546.71,0,0.0
indep_600988,2024-01-17,13546.71,0.0,13546.71,0,0.0
indep_600988,2024-01-18,13546.71,0.0,13546.71,0,0.0
indep_600988,2024-01-19,13546.71,0.0,13546.71,0,0.0
indep_600988,2024-01-22,13546.71,0.0,13546.71,0,0.0
indep_600988,2024-01-23,13546.71,0.0,13546.71,0,0.0
indep_600988,2024-01-24,13546.71,0.0,13546.71,0,0.0
indep_600988,2024-01-25,13546.71,0.0,13546.71,0,0.0
indep_600988,2024-01-26,13546.71,0.0,13546.71,0,0.0
indep_600988,2024-01-29,13546.71,0.0,13546.71,0,0.0
indep_600988,2024-01-30,13546.71,0.0,13546.71,0,0.0
indep_600988,2024-01-31,13546.71,0.0,13546.71,0,0.0
indep_600988,2024-02-01,13546.71,0.0,13546.71,0,0.0
indep_600988,2024-02-02,13546.71,0.0,13546.71,0,0.0
indep_600988,2024-02-05,13546.71,0.0,13546.71,0,0.0
indep_600988,2024-02-06,13546.71,0.0,13546.71,0,0.0
indep_600988,2024-02-07,13546.71,0.0,13546.71,0,0.0
indep_600988,2024-02-08,13546.71,0.0,13546.71,0,0.0
indep_600988,2024-02-19,13546.71,0.0,13546.71,0,0.0
indep_600988,2024-02-20,13546.71,0.0,13546.71,0,0.0
indep_600988,2024-02-21,13546.71,0.0,13546.71,0,0.0
indep_600988,2024-02-22,13546.71,0.0,13546.71,0,0.0
indep_600988,2024-02-23,13546.71,0.0,13546.71,0,0.0
indep_600988,2024-02-26,13546.71,0.0,13546.71,0,0.0
indep_600988,2024-02-27,13546.71,0.0,13546.71,0,0.0
indep_600988,2024-02-28,13546.71,0.0,13546.71,0,0.0
indep_600988,2024-02-29,13546.71,0.0,13546.71,0,0.0
indep_600988,2024-03-01,13546.71,0.0,13546.71,0,0.0
indep_600988,2024-03-04,13546.71,0.0,13546.71,0,0.0
indep_600988,2024-03-05,13546.71,0.0,13546.71,0,0.0
indep_600988,2024-03-06,13546.71,0.0,13546.71,0,0.0
indep_600988,2024-03-07,13546.71,0.0,13546.71,0,0.0
indep_600988,2024-03-08,13546.71,0.0,13546.71,0,0.0
indep_600988,2024-03-11,13546.71,0.0,13546.71,0,0.0
indep_600988,2024-03-12,13546.71,0.0,13546.71,0,0.0
indep_600988,2024-03-13,13546.71,0.0,13546.71,0,0.0
indep_600988,2024-03-14,13546.71,0.0,13546.71,0,0.0
indep_600988,2024-03-15,13546.71,0.0,13546.71,0,0.0
indep_600988,2024-03-18,13546.71,0.0,13546.71,0,0.0
indep_600988,2024-03-19,13546.71,0.0,13546.71,0,0.0
indep_600988,2024-03-20,13546.71,0.0,13546.71,0,0.0
indep_600988,2024-03-21,13546.71,0.0,13546.71,0,0.0
indep_600988,2024-03-22,13546.71,0.0,13546.71,0,0.0
indep_600988,2024-03-25,13546.71,0.0,13546.71,0,0.0
indep_600988,2024-03-26,13546.71,0.0,13546.71,0,0.0
indep_600988,2024-03-27,13546.71,0.0,13546.71,0,0.0
indep_600988,2024-03-28,13546.71,0.0,13546.71,0,0.0
indep_600988,2024-03-29,13546.71,0.0,13546.71,0,0.0
indep_600988,2024-04-01,13546.71,0.0,13546.71,0,0.0
indep_600988,2024-04-02,13546.71,0.0,13546.71,0,0.0
indep_600988,2024-04-03,13546.71,0.0,13546.71,0,0.0
indep_600988,2024-04-08,13546.71,0.0,13546.71,0,0.0
indep_600988,2024-04-09,13546.71,0.0,13546.71,0,0.0
indep_600988,2024-04-10,13546.71,0.0,13546.71,0,0.0
indep_600988,2024-04-11,13546.71,0.0,13546.71,0,0.0
indep_600988,2024-04-12,13546.71,0.0,13546.71,0,0.0
indep_600988,2024-04-15,13546.71,0.0,13546.71,0,0.0
indep_600988,2024-04-16,13546.71,0.0,13546.71,0,0.0
indep_600988,2024-04-17,13546.71,0.0,13546.71,0,0.0
indep_600988,2024-04-18,9851.55,3763.08,13614.63,1,27.64
indep_600988,2024-04-19,9851.55,3794.52,13646.07,1,27.807
indep_600988,2024-04-22,9851.55,3586.22,13437.77,1,26.688
indep_600988,2024-04-23,9851.55,3527.27,13378.82,1,26.365
indep_600988,2024-04-24,9851.55,3615.7,13467.25,1,26.848
indep_600988,2024-04-25,9851.55,3619.63,13471.18,1,26.869
indep_600988,2024-04-26,9851.55,3759.15,13610.7,1,27.619
indep_600988,2024-04-29,9851.55,3672.69,13524.24,1,27.156
indep_600988,2024-04-30,9851.55,3521.38,13372.93,1,26.332
indep_600988,2024-05-06,13290.01,0.0,13290.01,0,0.0
indep_600988,2024-05-07,13290.01,0.0,13290.01,0,0.0
indep_600988,2024-05-08,13290.01,0.0,13290.01,0,0.0
indep_600988,2024-05-09,9775.82,3576.4,13352.21,1,26.785
indep_600988,2024-05-10,9775.82,3623.56,13399.38,1,27.043
indep_600988,2024-05-13,9775.82,3548.89,13324.7,1,26.634
indep_600988,2024-05-14,9775.82,3525.31,13301.12,1,26.504
indep_600988,2024-05-15,9775.82,3554.78,13330.6,1,26.666
indep_600988,2024-05-16,9775.82,3521.38,13297.19,1,26.482
indep_600988,2024-05-17,9775.82,3535.13,13310.95,1,26.558
indep_600988,2024-05-20,9775.82,3745.39,13521.21,1,27.7
indep_600988,2024-05-21,13385.35,0.0,13385.35,0,0.0
indep_600988,2024-05-22,13385.35,0.0,13385.35,0,0.0
indep_600988,2024-05-23,9969.51,3383.82,13353.33,1,25.341
indep_600988,2024-05-24,9969.51,3419.19,13388.7,1,25.538
indep_600988,2024-05-27,9969.51,3436.88,13406.39,1,25.636
indep_600988,2024-05-28,9969.51,3405.44,13374.95,1,25.461
indep_600988,2024-05-29,9969.51,3517.77,13487.28,1,26.082
indep_600988,2024-05-30,9969.51,3375.88,13345.38,1,25.296
indep_600988,2024-05-31,9969.51,3448.79,13418.3,1,25.702
indep_600988,2024-06-03,9969.51,3364.05,13333.56,1,25.23
indep_600988,2024-06-04,9969.51,3494.12,13463.63,1,25.952
indep_600988,2024-06-05,9969.51,3472.44,13441.95,1,25.833
indep_600988,2024-06-06,9969.51,3563.1,13532.6,1,26.33
indep_600988,2024-06-07,9969.51,3529.6,13499.1,1,26.147
indep_600988,2024-06-11,9969.51,3283.25,13252.76,1,24.774
indep_600988,2024-06-12,9969.51,3346.32,13315.82,1,25.13
indep_600988,2024-06-13,9969.51,3279.31,13248.82,1,24.752
indep_600988,2024-06-14,9969.51,3308.87,13278.38,1,24.919
indep_600988,2024-06-17,9969.51,3243.84,13213.34,1,24.55
indep_600988,2024-06-18,9969.51,3297.05,13266.55,1,24.852
indep_600988,2024-06-19,9969.51,3291.14,13260.64,1,24.819
indep_600988,2024-06-20,9969.51,3275.37,13244.88,1,24.729
indep_600988,2024-06-21,9969.51,3350.26,13319.76,1,25.153
indep_600988,2024-06-24,9969.51,3283.25,13252.76,1,24.774
indep_600988,2024-06-25,9969.51,3239.9,13209.4,1,24.527
indep_600988,2024-06-26,13169.66,0.0,13169.66,0,0.0
indep_600988,2024-06-27,13169.66,0.0,13169.66,0,0.0
indep_600988,2024-06-28,13169.66,0.0,13169.66,0,0.0
indep_600988,2024-07-01,13169.66,0.0,13169.66,0,0.0
indep_600988,2024-07-02,13169.66,0.0,13169.66,0,0.0
indep_600988,2024-07-03,13169.66,0.0,13169.66,0,0.0
indep_600988,2024-07-04,13169.66,0.0,13169.66,0,0.0
indep_600988,2024-07-05,13169.66,0.0,13169.66,0,0.0
indep_600988,2024-07-08,13169.66,0.0,13169.66,0,0.0
indep_600988,2024-07-09,13169.66,0.0,13169.66,0,0.0
indep_600988,2024-07-10,13169.66,0.0,13169.66,0,0.0
indep_600988,2024-07-11,13169.66,0.0,13169.66,0,0.0
indep_600988,2024-07-12,13169.66,0.0,13169.66,0,0.0
indep_600988,2024-07-15,13169.66,0.0,13169.66,0,0.0
indep_600988,2024-07-16,13169.66,0.0,13169.66,0,0.0
indep_600988,2024-07-17,13169.66,0.0,13169.66,0,0.0
indep_600988,2024-07-18,13169.66,0.0,13169.66,0,0.0
indep_600988,2024-07-19,13169.66,0.0,13169.66,0,0.0
indep_600988,2024-07-22,13169.66,0.0,13169.66,0,0.0
indep_600988,2024-07-23,9272.46,3795.65,13068.11,1,29.045
indep_600988,2024-07-24,9272.46,3850.83,13123.29,1,29.343
indep_600988,2024-07-25,12925.93,0.0,12925.93,0,0.0
indep_600988,2024-07-26,12925.93,0.0,12925.93,0,0.0
indep_600988,2024-07-29,12925.93,0.0,12925.93,0,0.0
indep_600988,2024-07-30,12925.93,0.0,12925.93,0,0.0
indep_600988,2024-07-31,12925.93,0.0,12925.93,0,0.0
indep_600988,2024-08-01,12925.93,0.0,12925.93,0,0.0
indep_600988,2024-08-02,9038.6,3927.68,12966.28,1,30.292
indep_600988,2024-08-05,9038.6,3746.38,12784.98,1,29.303
indep_600988,2024-08-06,12682.08,0.0,12682.08,0,0.0
indep_600988,2024-08-07,12682.08,0.0,12682.08,0,0.0
indep_600988,2024-08-08,12682.08,0.0,12682.08,0,0.0
indep_600988,2024-08-09,12682.08,0.0,12682.08,0,0.0
indep_600988,2024-08-12,12682.08,0.0,12682.08,0,0.0
indep_600988,2024-08-13,12682.08,0.0,12682.08,0,0.0
indep_600988,2024-08-14,12682.08,0.0,12682.08,0,0.0
indep_600988,2024-08-15,12682.08,0.0,12682.08,0,0.0
indep_600988,2024-08-16,12682.08,0.0,12682.08,0,0.0
indep_600988,2024-08-19,12682.08,0.0,12682.08,0,0.0
indep_600988,2024-08-20,12682.08,0.0,12682.08,0,0.0
indep_600988,2024-08-21,12682.08,0.0,12682.08,0,0.0
indep_600988,2024-08-22,12682.08,0.0,12682.08,0,0.0
indep_600988,2024-08-23,9090.66,3616.31,12706.97,1,28.459
indep_600988,2024-08-26,9090.66,3576.89,12667.55,1,28.237
indep_600988,2024-08-27,9090.66,3533.54,12624.2,1,27.99
indep_600988,2024-08-28,9090.66,3490.18,12580.84,1,27.742
indep_600988,2024-08-29,9090.66,3547.33,12637.99,1,28.069
indep_600988,2024-08-30,9090.66,3427.12,12517.78,1,27.378
indep_600988,2024-09-02,12456.56,0.0,12456.56,0,0.0
indep_600988,2024-09-03,12456.56,0.0,12456.56,0,0.0
indep_600988,2024-09-04,12456.56,0.0,12456.56,0,0.0
indep_600988,2024-09-05,12456.56,0.0,12456.56,0,0.0
indep_600988,2024-09-06,12456.56,0.0,12456.56,0,0.0
indep_600988,2024-09-09,12456.56,0.0,12456.56,0,0.0
indep_600988,2024-09-10,12456.56,0.0,12456.56,0,0.0
indep_600988,2024-09-11,12456.56,0.0,12456.56,0,0.0
indep_600988,2024-09-12,12456.56,0.0,12456.56,0,0.0
indep_600988,2024-09-13,12456.56,0.0,12456.56,0,0.0
indep_600988,2024-09-18,12456.56,0.0,12456.56,0,0.0
indep_600988,2024-09-19,12456.56,0.0,12456.56,0,0.0
indep_600988,2024-09-20,12456.56,0.0,12456.56,0,0.0
indep_600988,2024-09-23,12456.56,0.0,12456.56,0,0.0
indep_600988,2024-09-24,12456.56,0.0,12456.56,0,0.0
indep_600988,2024-09-25,12456.56,0.0,12456.56,0,0.0
indep_600988,2024-09-26,12456.56,0.0,12456.56,0,0.0
indep_600988,2024-09-27,12456.56,0.0,12456.56,0,0.0
indep_600988,2024-09-30,12456.56,0.0,12456.56,0,0.0
indep_600988,2024-10-08,12456.56,0.0,12456.56,0,0.0
indep_600988,2024-10-09,12456.56,0.0,12456.56,0,0.0
indep_600988,2024-10-10,12456.56,0.0,12456.56,0,0.0
indep_600988,2024-10-11,8794.12,3582.81,12376.93,1,28.947
indep_600988,2024-10-14,8794.12,3744.41,12538.53,1,29.863
indep_600988,2024-10-15,8794.12,3598.57,12392.69,1,29.038
indep_600988,2024-10-16,8794.12,3856.74,12650.86,1,30.486
indep_600988,2024-10-17,8794.12,3781.85,12575.97,1,30.072
indep_600988,2024-10-18,8794.12,3874.47,12668.6,1,30.583
indep_600988,2024-10-21,8794.12,4026.22,12820.34,1,31.405
indep_600988,2024-10-22,8794.12,4004.54,12798.67,1,31.289
indep_600988,2024-10-23,8794.12,3961.19,12755.31,1,31.055
indep_600988,2024-10-24,12616.43,0.0,12616.43,0,0.0
indep_600988,2024-10-25,12616.43,0.0,12616.43,0,0.0
indep_600988,2024-10-28,12616.43,0.0,12616.43,0,0.0
indep_600988,2024-10-29,12616.43,0.0,12616.43,0,0.0
indep_600988,2024-10-30,12616.43,0.0,12616.43,0,0.0
indep_600988,2024-10-31,12616.43,0.0,12616.43,0,0.0
indep_600988,2024-11-01,12616.43,0.0,12616.43,0,0.0
indep_600988,2024-11-04,8902.69,3691.2,12593.89,1,29.309
indep_600988,2024-11-05,8902.69,3718.79,12621.48,1,29.464
indep_600988,2024-11-06,8902.69,3693.17,12595.86,1,29.32
indep_600988,2024-11-07,12382.42,0.0,12382.42,0,0.0
indep_600988,2024-11-08,12382.42,0.0,12382.42,0,0.0
indep_600988,2024-11-11,12382.42,0.0,12382.42,0,0.0
indep_600988,2024-11-12,12382.42,0.0,12382.42,0,0.0
indep_600988,2024-11-13,12382.42,0.0,12382.42,0,0.0
indep_600988,2024-11-14,12382.42,0.0,12382.42,0,0.0
indep_600988,2024-11-15,12382.42,0.0,12382.42,0,0.0
indep_600988,2024-11-18,12382.42,0.0,12382.42,0,0.0
indep_600988,2024-11-19,12382.42,0.0,12382.42,0,0.0
indep_600988,2024-11-20,12382.42,0.0,12382.42,0,0.0
indep_600988,2024-11-21,12382.42,0.0,12382.42,0,0.0
indep_600988,2024-11-22,12382.42,0.0,12382.42,0,0.0
indep_600988,2024-11-25,12382.42,0.0,12382.42,0,0.0
indep_600988,2024-11-26,12382.42,0.0,12382.42,0,0.0
indep_600988,2024-11-27,12382.42,0.0,12382.42,0,0.0
indep_600988,2024-11-28,12382.42,0.0,12382.42,0,0.0
indep_600988,2024-11-29,12382.42,0.0,12382.42,0,0.0
indep_600988,2024-12-02,12382.42,0.0,12382.42,0,0.0
indep_600988,2024-12-03,12382.42,0.0,12382.42,0,0.0
indep_600988,2024-12-04,12382.42,0.0,12382.42,0,0.0
indep_600988,2024-12-05,12382.42,0.0,12382.42,0,0.0
indep_600988,2024-12-06,12382.42,0.0,12382.42,0,0.0
indep_600988,2024-12-09,12382.42,0.0,12382.42,0,0.0
indep_600988,2024-12-10,12382.42,0.0,12382.42,0,0.0
indep_600988,2024-12-11,12382.42,0.0,12382.42,0,0.0
indep_600988,2024-12-12,12382.42,0.0,12382.42,0,0.0
indep_600988,2024-12-13,12382.42,0.0,12382.42,0,0.0
indep_600988,2024-12-16,12382.42,0.0,12382.42,0,0.0
indep_600988,2024-12-17,12382.42,0.0,12382.42,0,0.0
indep_600988,2024-12-18,12382.42,0.0,12382.42,0,0.0
indep_600988,2024-12-19,12382.42,0.0,12382.42,0,0.0
indep_600988,2024-12-20,12382.42,0.0,12382.42,0,0.0
indep_600988,2024-12-23,12382.42,0.0,12382.42,0,0.0
indep_600988,2024-12-24,12382.42,0.0,12382.42,0,0.0
indep_600988,2024-12-25,12382.42,0.0,12382.42,0,0.0
indep_600988,2024-12-26,12382.42,0.0,12382.42,0,0.0
indep_600988,2024-12-27,12382.42,0.0,12382.42,0,0.0
indep_600988,2024-12-30,12382.42,0.0,12382.42,0,0.0
indep_600988,2024-12-31,12382.42,0.0,12382.42,0,0.0
indep_600988,2025-01-02,12382.42,0.0,12382.42,0,0.0
indep_600988,2025-01-03,12382.42,0.0,12382.42,0,0.0
indep_600988,2025-01-06,12382.42,0.0,12382.42,0,0.0
indep_600988,2025-01-07,12382.42,0.0,12382.42,0,0.0
indep_600988,2025-01-08,12382.42,0.0,12382.42,0,0.0
indep_600988,2025-01-09,12382.42,0.0,12382.42,0,0.0
indep_600988,2025-01-10,12382.42,0.0,12382.42,0,0.0
indep_600988,2025-01-13,12382.42,0.0,12382.42,0,0.0
indep_600988,2025-01-14,12382.42,0.0,12382.42,0,0.0
indep_600988,2025-01-15,12382.42,0.0,12382.42,0,0.0
indep_600988,2025-01-16,12382.42,0.0,12382.42,0,0.0
indep_600988,2025-01-17,12382.42,0.0,12382.42,0,0.0
indep_600988,2025-01-20,12382.42,0.0,12382.42,0,0.0
indep_600988,2025-01-21,12382.42,0.0,12382.42,0,0.0
indep_600988,2025-01-22,12382.42,0.0,12382.42,0,0.0
indep_600988,2025-01-23,12382.42,0.0,12382.42,0,0.0
indep_600988,2025-01-24,12382.42,0.0,12382.42,0,0.0
indep_600988,2025-01-27,12382.42,0.0,12382.42,0,0.0
indep_600988,2025-02-05,12382.42,0.0,12382.42,0,0.0
indep_600988,2025-02-06,12382.42,0.0,12382.42,0,0.0
indep_600988,2025-02-07,12382.42,0.0,12382.42,0,0.0
indep_600988,2025-02-10,12382.42,0.0,12382.42,0,0.0
indep_600988,2025-02-11,12382.42,0.0,12382.42,0,0.0
indep_600988,2025-02-12,12382.42,0.0,12382.42,0,0.0
indep_600988,2025-02-13,12382.42,0.0,12382.42,0,0.0
indep_600988,2025-02-14,12382.42,0.0,12382.42,0,0.0
indep_600988,2025-02-17,12382.42,0.0,12382.42,0,0.0
indep_600988,2025-02-18,8568.08,3854.77,12422.85,1,31.03
indep_600988,2025-02-19,8568.08,3886.3,12454.38,1,31.204
indep_600988,2025-02-20,8568.08,3969.07,12537.15,1,31.658
indep_600988,2025-02-21,8568.08,3835.06,12403.14,1,30.92
indep_600988,2025-02-24,8568.08,3874.47,12442.56,1,31.139
indep_600988,2025-02-25,8568.08,3827.18,12395.26,1,30.876
indep_600988,2025-02-26,8568.08,3779.88,12347.96,1,30.611
indep_600988,2025-02-27,8568.08,3699.08,12267.16,1,30.154
indep_600988,2025-02-28,12143.67,0.0,12143.67,0,0.0
indep_600988,2025-03-03,12143.67,0.0,12143.67,0,0.0
indep_600988,2025-03-04,12143.67,0.0,12143.67,0,0.0
indep_600988,2025-03-05,12143.67,0.0,12143.67,0,0.0
indep_600988,2025-03-06,12143.67,0.0,12143.67,0,0.0
indep_600988,2025-03-07,12143.67,0.0,12143.67,0,0.0
indep_600988,2025-03-10,12143.67,0.0,12143.67,0,0.0
indep_600988,2025-03-11,8418.1,3712.87,12130.97,1,30.607
indep_600988,2025-03-12,8418.1,3720.76,12138.86,1,30.652
indep_600988,2025-03-13,8418.1,3744.41,12162.5,1,30.786
indep_600988,2025-03-14,8418.1,3884.33,12302.43,1,31.574
indep_600988,2025-03-17,8418.1,3829.15,12247.25,1,31.265
indep_600988,2025-03-18,8418.1,4122.79,12540.89,1,32.875
indep_600988,2025-03-19,8418.1,4193.73,12611.83,1,33.252
indep_600988,2025-03-20,8418.1,4241.03,12659.13,1,33.502
indep_600988,2025-03-21,8418.1,4189.79,12607.89,1,33.232
indep_600988,2025-03-24,8418.1,4120.82,12538.92,1,32.864
indep_600988,2025-03-25,8418.1,4112.93,12531.03,1,32.822
indep_600988,2025-03-26,12464.97,0.0,12464.97,0,0.0
indep_600988,2025-03-27,12464.97,0.0,12464.97,0,0.0
indep_600988,2025-03-28,12464.97,0.0,12464.97,0,0.0
indep_600988,2025-03-31,12464.97,0.0,12464.97,0,0.0
indep_600988,2025-04-01,12464.97,0.0,12464.97,0,0.0
indep_600988,2025-04-02,12464.97,0.0,12464.97,0,0.0
indep_600988,2025-04-03,12464.97,0.0,12464.97,0,0.0
indep_600988,2025-04-07,12464.97,0.0,12464.97,0,0.0
indep_600988,2025-04-08,10400.44,2095.88,12496.32,1,16.772
indep_600988,2025-04-09,10400.44,2179.64,12580.08,1,17.326
indep_600988,2025-04-10,10400.44,2352.08,12752.52,1,18.444
indep_600988,2025-04-11,10400.44,2532.4,12932.84,1,19.581
indep_600988,2025-04-14,10400.44,2718.64,13119.08,1,20.723
indep_600988,2025-04-15,10400.44,2730.46,13130.9,1,20.794
indep_600988,2025-04-16,10400.44,2951.18,13351.63,1,22.104
indep_600988,2025-04-17,13353.97,0.0,13353.97,0,0.0
indep_600988,2025-04-18,13353.97,0.0,13353.97,0,0.0
indep_600988,2025-04-21,13353.97,0.0,13353.97,0,0.0
indep_600988,2025-04-22,13353.97,0.0,13353.97,0,0.0
indep_600988,2025-04-23,13353.97,0.0,13353.97,0,0.0
indep_600988,2025-04-24,10562.49,2724.55,13287.04,1,20.505
indep_600988,2025-04-25,10562.49,2670.35,13232.84,1,20.18
indep_600988,2025-04-28,13149.03,0.0,13149.03,0,0.0
indep_600988,2025-04-29,13149.03,0.0,13149.03,0,0.0
indep_600988,2025-04-30,13149.03,0.0,13149.03,0,0.0
indep_600988,2025-05-06,13149.03,0.0,13149.03,0,0.0
indep_600988,2025-05-07,13149.03,0.0,13149.03,0,0.0
indep_600988,2025-05-08,10442.38,2627.0,13069.38,1,20.1
indep_600988,2025-05-09,10442.38,2647.69,13090.07,1,20.227
indep_600988,2025-05-12,12977.54,0.0,12977.54,0,0.0
indep_600988,2025-05-13,12977.54,0.0,12977.54,0,0.0
indep_600988,2025-05-14,10379.39,2594.48,12973.87,1,19.998
indep_600988,2025-05-15,10379.39,2569.84,12949.23,1,19.846
indep_600988,2025-05-16,10379.39,2565.9,12945.29,1,19.821
indep_600988,2025-05-19,10379.39,2564.92,12944.3,1,19.815
indep_600988,2025-05-20,10379.39,2595.46,12974.85,1,20.004
indep_600988,2025-05-21,10379.39,2741.3,13120.69,1,20.893
indep_600988,2025-05-22,10379.39,2708.78,13088.17,1,20.696
indep_600988,2025-05-23,13040.71,0.0,13040.71,0,0.0
indep_600988,2025-05-26,13040.71,0.0,13040.71,0,0.0
indep_600988,2025-05-27,13040.71,0.0,13040.71,0,0.0
indep_600988,2025-05-28,13040.71,0.0,13040.71,0,0.0
indep_600988,2025-05-29,13040.71,0.0,13040.71,0,0.0
indep_600988,2025-05-30,13040.71,0.0,13040.71,0,0.0
indep_600988,2025-06-03,13040.71,0.0,13040.71,0,0.0
indep_600988,2025-06-04,13040.71,0.0,13040.71,0,0.0
indep_600988,2025-06-05,13040.71,0.0,13040.71,0,0.0
indep_600988,2025-06-06,13040.71,0.0,13040.71,0,0.0
indep_600988,2025-06-09,13040.71,0.0,13040.71,0,0.0
indep_600988,2025-06-10,13040.71,0.0,13040.71,0,0.0
indep_600988,2025-06-11,13040.71,0.0,13040.71,0,0.0
indep_600988,2025-06-12,13040.71,0.0,13040.71,0,0.0
indep_600988,2025-06-13,13040.71,0.0,13040.71,0,0.0
indep_600988,2025-06-16,13040.71,0.0,13040.71,0,0.0
indep_600988,2025-06-17,13040.71,0.0,13040.71,0,0.0
indep_600988,2025-06-18,13040.71,0.0,13040.71,0,0.0
indep_600988,2025-06-19,13040.71,0.0,13040.71,0,0.0
indep_600988,2025-06-20,10359.7,2660.5,13020.2,1,20.434
indep_600988,2025-06-23,10359.7,2641.78,13001.48,1,20.319
indep_600988,2025-06-24,12870.9,0.0,12870.9,0,0.0
indep_600988,2025-06-25,12870.9,0.0,12870.9,0,0.0
indep_600988,2025-06-26,12870.9,0.0,12870.9,0,0.0
indep_600988,2025-06-27,12870.9,0.0,12870.9,0,0.0
indep_600988,2025-06-30,12870.9,0.0,12870.9,0,0.0
indep_600988,2025-07-01,12870.9,0.0,12870.9,0,0.0
indep_600988,2025-07-02,12870.9,0.0,12870.9,0,0.0
indep_600988,2025-07-03,12870.9,0.0,12870.9,0,0.0
indep_600988,2025-07-04,12870.9,0.0,12870.9,0,0.0
indep_600988,2025-07-07,12870.9,0.0,12870.9,0,0.0
indep_600988,2025-07-08,12870.9,0.0,12870.9,0,0.0
indep_600988,2025-07-09,12870.9,0.0,12870.9,0,0.0
indep_600988,2025-07-10,12870.9,0.0,12870.9,0,0.0
indep_600988,2025-07-11,12870.9,0.0,12870.9,0,0.0
indep_600988,2025-07-14,12870.9,0.0,12870.9,0,0.0
indep_600988,2025-07-15,12870.9,0.0,12870.9,0,0.0
indep_600988,2025-07-16,12870.9,0.0,12870.9,0,0.0
indep_600988,2025-07-17,12870.9,0.0,12870.9,0,0.0
indep_600988,2025-07-18,12870.9,0.0,12870.9,0,0.0
indep_600988,2025-07-21,12870.9,0.0,12870.9,0,0.0
indep_600988,2025-07-22,12870.9,0.0,12870.9,0,0.0
indep_600988,2025-07-23,12870.9,0.0,12870.9,0,0.0
indep_600988,2025-07-24,12870.9,0.0,12870.9,0,0.0
indep_600988,2025-07-25,12870.9,0.0,12870.9,0,0.0
indep_600988,2025-07-28,12870.9,0.0,12870.9,0,0.0
indep_600988,2025-07-29,12870.9,0.0,12870.9,0,0.0
indep_600988,2025-07-30,12870.9,0.0,12870.9,0,0.0
indep_600988,2025-07-31,12870.9,0.0,12870.9,0,0.0
indep_600988,2025-08-01,12870.9,0.0,12870.9,0,0.0
indep_600988,2025-08-04,12870.9,0.0,12870.9,0,0.0
indep_600988,2025-08-05,12870.9,0.0,12870.9,0,0.0
indep_600988,2025-08-06,12870.9,0.0,12870.9,0,0.0
indep_600988,2025-08-07,12870.9,0.0,12870.9,0,0.0
indep_600988,2025-08-08,12870.9,0.0,12870.9,0,0.0
indep_600988,2025-08-11,12870.9,0.0,12870.9,0,0.0
indep_600988,2025-08-12,12870.9,0.0,12870.9,0,0.0
indep_600988,2025-08-13,12870.9,0.0,12870.9,0,0.0
indep_600988,2025-08-14,12870.9,0.0,12870.9,0,0.0
indep_600988,2025-08-15,12870.9,0.0,12870.9,0,0.0
indep_600988,2025-08-18,12870.9,0.0,12870.9,0,0.0
indep_600988,2025-08-19,12870.9,0.0,12870.9,0,0.0
indep_600988,2025-08-20,12870.9,0.0,12870.9,0,0.0
indep_600988,2025-08-21,12870.9,0.0,12870.9,0,0.0
indep_600988,2025-08-22,12870.9,0.0,12870.9,0,0.0
indep_600988,2025-08-25,12870.9,0.0,12870.9,0,0.0
indep_600988,2025-08-26,12870.9,0.0,12870.9,0,0.0
indep_600988,2025-08-27,12870.9,0.0,12870.9,0,0.0
indep_600988,2025-08-28,12870.9,0.0,12870.9,0,0.0
indep_600988,2025-08-29,12870.9,0.0,12870.9,0,0.0
indep_600988,2025-09-01,12870.9,0.0,12870.9,0,0.0
indep_600988,2025-09-02,12870.9,0.0,12870.9,0,0.0
indep_600988,2025-09-03,12870.9,0.0,12870.9,0,0.0
indep_600988,2025-09-04,12870.9,0.0,12870.9,0,0.0
indep_600988,2025-09-05,12870.9,0.0,12870.9,0,0.0
indep_600988,2025-09-08,12870.9,0.0,12870.9,0,0.0
indep_600988,2025-09-09,12870.9,0.0,12870.9,0,0.0
indep_600988,2025-09-10,12870.9,0.0,12870.9,0,0.0
indep_600988,2025-09-11,12870.9,0.0,12870.9,0,0.0
indep_600988,2025-09-12,12870.9,0.0,12870.9,0,0.0
indep_600988,2025-09-15,12870.9,0.0,12870.9,0,0.0
indep_600988,2025-09-16,12870.9,0.0,12870.9,0,0.0
indep_600988,2025-09-17,12870.9,0.0,12870.9,0,0.0
indep_600988,2025-09-18,10112.37,2717.03,12829.4,1,21.178
indep_600988,2025-09-19,10112.37,2735.87,12848.24,1,21.294
indep_600988,2025-09-22,10112.37,2855.85,12968.23,1,22.022
indep_600988,2025-09-23,10112.37,2870.73,12983.1,1,22.111
indep_600988,2025-09-24,10112.37,2894.53,13006.9,1,22.254
indep_600988,2025-09-25,10112.37,2801.32,12913.69,1,21.693
indep_600988,2025-09-26,10112.37,2786.44,12898.81,1,21.602
indep_600988,2025-09-29,10112.37,2875.69,12988.06,1,22.141
indep_600988,2025-09-30,10112.37,2933.2,13045.57,1,22.484
indep_600988,2025-10-09,10112.37,3183.09,13295.46,1,23.941
indep_600988,2025-10-10,13103.84,0.0,13103.84,0,0.0
indep_600988,2025-10-13,13103.84,0.0,13103.84,0,0.0
indep_600988,2025-10-14,13103.84,0.0,13103.84,0,0.0
indep_600988,2025-10-15,13103.84,0.0,13103.84,0,0.0
indep_600988,2025-10-16,13103.84,0.0,13103.84,0,0.0
indep_600988,2025-10-17,13103.84,0.0,13103.84,0,0.0
indep_600988,2025-10-20,13103.84,0.0,13103.84,0,0.0
indep_600988,2025-10-21,10153.75,2924.28,13078.02,1,22.36
indep_600988,2025-10-22,12833.95,0.0,12833.95,0,0.0
indep_600988,2025-10-23,12833.95,0.0,12833.95,0,0.0
indep_600988,2025-10-24,12833.95,0.0,12833.95,0,0.0
indep_600988,2025-10-27,12833.95,0.0,12833.95,0,0.0
indep_600988,2025-10-28,12833.95,0.0,12833.95,0,0.0
indep_600988,2025-10-29,9951.35,2936.17,12887.53,1,22.783
indep_600988,2025-10-30,9951.35,2941.13,12892.49,1,22.813
indep_600988,2025-10-31,9951.35,2954.02,12905.38,1,22.89
indep_600988,2025-11-03,9951.35,2966.92,12918.27,1,22.967
indep_600988,2025-11-04,9951.35,2833.05,12784.4,1,22.16
indep_600988,2025-11-05,9951.35,2901.47,12852.82,1,22.575
indep_600988,2025-11-06,9951.35,2945.1,12896.45,1,22.837
indep_600988,2025-11-07,9951.35,2938.16,12889.51,1,22.795
indep_600988,2025-11-10,9951.35,3066.08,13017.43,1,23.554
indep_600988,2025-11-11,9951.35,3032.36,12983.71,1,23.355
indep_600988,2025-11-12,9951.35,3023.44,12974.79,1,23.302
indep_600988,2025-11-13,9951.35,3117.64,13068.99,1,23.855
indep_600988,2025-11-14,9951.35,3036.33,12987.68,1,23.379
indep_600988,2025-11-17,12910.87,0.0,12910.87,0,0.0
indep_600988,2025-11-18,12910.87,0.0,12910.87,0,0.0
indep_600988,2025-11-19,12910.87,0.0,12910.87,0,0.0
indep_600988,2025-11-20,12910.87,0.0,12910.87,0,0.0
indep_600988,2025-11-21,12910.87,0.0,12910.87,0,0.0
indep_600988,2025-11-24,12910.87,0.0,12910.87,0,0.0
indep_600988,2025-11-25,12910.87,0.0,12910.87,0,0.0
indep_600988,2025-11-26,12910.87,0.0,12910.87,0,0.0
indep_600988,2025-11-27,12910.87,0.0,12910.87,0,0.0
indep_600988,2025-11-28,12910.87,0.0,12910.87,0,0.0
indep_600988,2025-12-01,12910.87,0.0,12910.87,0,0.0
indep_600988,2025-12-02,12910.87,0.0,12910.87,0,0.0
indep_600988,2025-12-03,12910.87,0.0,12910.87,0,0.0
indep_600988,2025-12-04,12910.87,0.0,12910.87,0,0.0
indep_600988,2025-12-05,12910.87,0.0,12910.87,0,0.0
indep_600988,2025-12-08,12910.87,0.0,12910.87,0,0.0
indep_600988,2025-12-09,12910.87,0.0,12910.87,0,0.0
indep_600988,2025-12-10,12910.87,0.0,12910.87,0,0.0
indep_600988,2025-12-11,12910.87,0.0,12910.87,0,0.0
indep_600988,2025-12-12,12910.87,0.0,12910.87,0,0.0
indep_600988,2025-12-15,12910.87,0.0,12910.87,0,0.0
indep_600988,2025-12-16,12910.87,0.0,12910.87,0,0.0
indep_600988,2025-12-17,12910.87,0.0,12910.87,0,0.0
indep_600988,2025-12-18,12910.87,0.0,12910.87,0,0.0
indep_600988,2025-12-19,12910.87,0.0,12910.87,0,0.0
indep_600988,2025-12-22,12910.87,0.0,12910.87,0,0.0
indep_600988,2025-12-23,12910.87,0.0,12910.87,0,0.0
indep_600988,2025-12-24,12910.87,0.0,12910.87,0,0.0
indep_600988,2025-12-25,12910.87,0.0,12910.87,0,0.0
indep_600988,2025-12-26,12910.87,0.0,12910.87,0,0.0
indep_600988,2025-12-29,12910.87,0.0,12910.87,0,0.0
indep_600988,2025-12-30,12910.87,0.0,12910.87,0,0.0
indep_600988,2025-12-31,12910.87,0.0,12910.87,0,0.0
indep_600988,2026-01-05,12910.87,0.0,12910.87,0,0.0
indep_600988,2026-01-06,12910.87,0.0,12910.87,0,0.0
indep_600988,2026-01-07,12910.87,0.0,12910.87,0,0.0
indep_600988,2026-01-08,9828.76,3015.5,12844.26,1,23.477
indep_600988,2026-01-09,9828.76,3076.98,12905.74,1,23.842
indep_600988,2026-01-12,9828.76,3101.77,12930.53,1,23.988
indep_600988,2026-01-13,9828.76,3154.33,12983.09,1,24.296
indep_600988,2026-01-14,9828.76,3204.9,13033.66,1,24.589
indep_600988,2026-01-15,9828.76,3266.38,13095.14,1,24.943
indep_600988,2026-01-16,9828.76,3202.92,13031.68,1,24.578
indep_600988,2026-01-19,9828.76,3310.01,13138.77,1,25.193
indep_600988,2026-01-20,9828.76,3466.69,13295.45,1,26.074
indep_600988,2026-01-21,9828.76,3806.81,13635.57,1,27.918
indep_600988,2026-01-22,9828.76,3701.7,13530.46,1,27.358
indep_600988,2026-01-23,9828.76,3849.45,13678.21,1,28.143
indep_600988,2026-01-26,9828.76,4233.21,14061.97,1,30.104
indep_600988,2026-01-27,13912.58,0.0,13912.58,0,0.0
indep_600988,2026-01-28,13912.58,0.0,13912.58,0,0.0
indep_600988,2026-01-29,13912.58,0.0,13912.58,0,0.0
indep_600988,2026-01-30,9619.47,4283.78,13903.25,1,30.811
indep_600988,2026-02-02,13464.05,0.0,13464.05,0,0.0
indep_600988,2026-02-03,13464.05,0.0,13464.05,0,0.0
indep_600988,2026-02-04,13464.05,0.0,13464.05,0,0.0
indep_600988,2026-02-05,13464.05,0.0,13464.05,0,0.0
indep_600988,2026-02-06,13464.05,0.0,13464.05,0,0.0
indep_600988,2026-02-09,13464.05,0.0,13464.05,0,0.0
indep_600988,2026-02-10,13464.05,0.0,13464.05,0,0.0
indep_600988,2026-02-11,13464.05,0.0,13464.05,0,0.0
indep_600988,2026-02-12,13464.05,0.0,13464.05,0,0.0
indep_600988,2026-02-13,13464.05,0.0,13464.05,0,0.0
indep_600988,2026-02-24,13464.05,0.0,13464.05,0,0.0
indep_600988,2026-02-25,13464.05,0.0,13464.05,0,0.0
indep_600988,2026-02-26,13464.05,0.0,13464.05,0,0.0
indep_600988,2026-02-27,13464.05,0.0,13464.05,0,0.0
indep_600988,2026-03-02,13464.05,0.0,13464.05,0,0.0
indep_600988,2026-03-03,13464.05,0.0,13464.05,0,0.0
indep_600988,2026-03-04,13464.05,0.0,13464.05,0,0.0
indep_600988,2026-03-05,13464.05,0.0,13464.05,0,0.0
indep_600988,2026-03-06,13464.05,0.0,13464.05,0,0.0
indep_600988,2026-03-09,9612.66,4021.0,13633.66,1,29.493
indep_600988,2026-03-10,9612.66,4051.74,13664.4,1,29.652
indep_600988,2026-03-11,9612.66,4138.01,13750.67,1,30.093
indep_600988,2026-03-12,9612.66,4199.49,13812.15,1,30.404
indep_600988,2026-03-13,9612.66,4056.7,13669.36,1,29.677
indep_600988,2026-03-16,13588.64,0.0,13588.64,0,0.0
indep_600988,2026-03-17,13588.64,0.0,13588.64,0,0.0
indep_600988,2026-03-18,9627.07,4047.78,13674.84,1,29.6
indep_600988,2026-03-19,9627.07,4047.78,13674.84,1,29.6
indep_600988,2026-03-20,9627.07,4047.78,13674.84,1,29.6
indep_600988,2026-03-23,13259.76,0.0,13259.76,0,0.0
indep_600988,2026-03-24,13259.76,0.0,13259.76,0,0.0
indep_600988,2026-03-25,13259.76,0.0,13259.76,0,0.0
indep_600988,2026-03-26,13259.76,0.0,13259.76,0,0.0
indep_600988,2026-03-27,13259.76,0.0,13259.76,0,0.0
indep_600988,2026-03-30,13259.76,0.0,13259.76,0,0.0
indep_600988,2026-03-31,13259.76,0.0,13259.76,0,0.0
indep_600988,2026-04-01,13259.76,0.0,13259.76,0,0.0
indep_600988,2026-04-02,13259.76,0.0,13259.76,0,0.0
indep_600988,2026-04-03,13259.76,0.0,13259.76,0,0.0
indep_600988,2026-04-07,13259.76,0.0,13259.76,0,0.0
indep_600988,2026-04-08,13259.76,0.0,13259.76,0,0.0
indep_600988,2026-04-09,13259.76,0.0,13259.76,0,0.0
indep_600988,2026-04-10,13259.76,0.0,13259.76,0,0.0
indep_600988,2026-04-13,13259.76,0.0,13259.76,0,0.0
indep_600988,2026-04-14,13259.76,0.0,13259.76,0,0.0
indep_600988,2026-04-15,13259.76,0.0,13259.76,0,0.0
indep_600988,2026-04-16,13259.76,0.0,13259.76,0,0.0
indep_600988,2026-04-17,13259.76,0.0,13259.76,0,0.0
indep_600988,2026-04-20,13259.76,0.0,13259.76,0,0.0
indep_600988,2026-04-21,13259.76,0.0,13259.76,0,0.0
indep_600988,2026-04-22,13259.76,0.0,13259.76,0,0.0
indep_600988,2026-04-23,13259.76,0.0,13259.76,0,0.0
indep_600988,2026-04-24,13259.76,0.0,13259.76,0,0.0
indep_600988,2026-04-27,13259.76,0.0,13259.76,0,0.0
indep_600988,2026-04-28,13259.76,0.0,13259.76,0,0.0
indep_600988,2026-04-29,13259.76,0.0,13259.76,0,0.0
indep_600988,2026-04-30,13259.76,0.0,13259.76,0,0.0
indep_600988,2026-05-06,13259.76,0.0,13259.76,0,0.0
indep_600988,2026-05-07,13259.76,0.0,13259.76,0,0.0
indep_600988,2026-05-08,13259.76,0.0,13259.76,0,0.0
indep_600988,2026-05-11,13259.76,0.0,13259.76,0,0.0
indep_600988,2026-05-12,13259.76,0.0,13259.76,0,0.0
indep_600988,2026-05-13,13259.76,0.0,13259.76,0,0.0
indep_600988,2026-05-14,13259.76,0.0,13259.76,0,0.0
indep_600988,2026-05-15,13259.76,0.0,13259.76,0,0.0
indep_600988,2026-05-18,13259.76,0.0,13259.76,0,0.0
indep_600988,2026-05-19,13259.76,0.0,13259.76,0,0.0
indep_600988,2026-05-20,13259.76,0.0,13259.76,0,0.0
indep_600988,2026-05-21,13259.76,0.0,13259.76,0,0.0
indep_600988,2026-05-22,13259.76,0.0,13259.76,0,0.0
indep_600988,2026-05-25,13259.76,0.0,13259.76,0,0.0
indep_600988,2026-05-26,13259.76,0.0,13259.76,0,0.0
indep_600988,2026-05-27,13259.76,0.0,13259.76,0,0.0
indep_600988,2026-05-28,13259.76,0.0,13259.76,0,0.0
indep_600988,2026-05-29,13259.76,0.0,13259.76,0,0.0
indep_600988,2026-06-01,13259.76,0.0,13259.76,0,0.0
indep_600988,2026-06-02,13259.76,0.0,13259.76,0,0.0
indep_600988,2026-06-03,13259.76,0.0,13259.76,0,0.0
indep_600988,2026-06-04,13259.76,0.0,13259.76,0,0.0
indep_600988,2026-06-05,13259.76,0.0,13259.76,0,0.0
indep_600988,2026-06-08,13259.76,0.0,13259.76,0,0.0
indep_600988,2026-06-09,13259.76,0.0,13259.76,0,0.0
indep_600988,2026-06-10,13259.76,0.0,13259.76,0,0.0
indep_600988,2026-06-11,13259.76,0.0,13259.76,0,0.0
indep_600988,2026-06-12,13259.76,0.0,13259.76,0,0.0
indep_600988,2026-06-15,13259.76,0.0,13259.76,0,0.0
indep_600988,2026-06-16,13259.76,0.0,13259.76,0,0.0
indep_600988,2026-06-17,13259.76,0.0,13259.76,0,0.0
indep_600988,2026-06-18,13259.76,0.0,13259.76,0,0.0
indep_600988,2026-06-22,13259.76,0.0,13259.76,0,0.0
indep_600988,2026-06-23,13259.76,0.0,13259.76,0,0.0
indep_600988,2026-06-24,13259.76,0.0,13259.76,0,0.0
indep_600988,2026-06-25,13259.76,0.0,13259.76,0,0.0
indep_600988,2026-06-26,13259.76,0.0,13259.76,0,0.0
indep_600988,2026-06-29,13259.76,0.0,13259.76,0,0.0
indep_600988,2026-06-30,13259.76,0.0,13259.76,0,0.0
indep_600988,2026-07-01,13259.76,0.0,13259.76,0,0.0
indep_600988,2026-07-02,13259.76,0.0,13259.76,0,0.0
indep_600988,2026-07-03,13259.76,0.0,13259.76,0,0.0
indep_600988,2026-07-06,13259.76,0.0,13259.76,0,0.0
indep_600988,2026-07-07,13259.76,0.0,13259.76,0,0.0
indep_600988,2026-07-08,13259.76,0.0,13259.76,0,0.0
indep_600988,2026-07-09,13259.76,0.0,13259.76,0,0.0
indep_600988,2026-07-10,13259.76,0.0,13259.76,0,0.0
indep_600988,2026-07-13,13259.76,0.0,13259.76,0,0.0
indep_600988,2026-07-14,13259.76,0.0,13259.76,0,0.0
indep_600988,2026-07-15,13259.76,0.0,13259.76,0,0.0
indep_600988,2026-07-16,13259.76,0.0,13259.76,0,0.0
indep_600988,2026-07-17,13259.76,0.0,13259.76,0,0.0
indep_600988,2026-07-20,13259.76,0.0,13259.76,0,0.0
indep_600988,2026-07-21,13259.76,0.0,13259.76,0,0.0
indep_600988,2026-07-22,13259.76,0.0,13259.76,0,0.0
indep_600988,2026-07-23,13259.76,0.0,13259.76,0,0.0
indep_600988,2026-07-24,13259.76,0.0,13259.76,0,0.0
indep_600988,2026-07-27,13259.76,0.0,13259.76,0,0.0
indep_600988,2026-07-28,13259.76,0.0,13259.76,0,0.0
indep_600988,2026-07-29,13259.76,0.0,13259.76,0,0.0
indep_600988,2026-07-30,13259.76,0.0,13259.76,0,0.0
indep_600988,2026-07-31,13259.76,0.0,13259.76,0,0.0
indep_600988,2026-08-03,13259.76,0.0,13259.76,0,0.0
indep_600988,2026-08-04,13259.76,0.0,13259.76,0,0.0
indep_600988,2026-08-05,13259.76,0.0,13259.76,0,0.0
indep_600988,2026-08-06,13259.76,0.0,13259.76,0,0.0
indep_600988,2026-08-07,13259.76,0.0,13259.76,0,0.0
indep_600988,2026-08-10,13259.76,0.0,13259.76,0,0.0
indep_600988,2026-08-11,13259.76,0.0,13259.76,0,0.0
indep_600988,2026-08-12,13259.76,0.0,13259.76,0,0.0
indep_600988,2026-08-13,13259.76,0.0,13259.76,0,0.0
indep_600988,2026-08-14,9372.85,3978.0,13350.85,1,29.796
indep_600988,2026-08-17,9372.85,4078.0,13450.85,1,30.318
indep_600988,2026-08-18,9372.85,4221.0,13593.85,1,31.051
indep_600988,2026-08-19,9372.85,4272.0,13644.85,1,31.309
indep_600988,2026-08-20,9372.85,4610.0,13982.85,1,32.969
indep_600988,2026-08-21,9372.85,4943.0,14315.85,1,34.528
indep_600988,2026-08-24,14192.55,0.0,14192.55,0,0.0
indep_600988,2026-08-25,14192.55,0.0,14192.55,0,0.0
indep_600988,2026-08-26,14192.55,0.0,14192.55,0,0.0
indep_600988,2026-08-27,14192.55,0.0,14192.55,0,0.0
indep_600988,2026-08-28,14192.55,0.0,14192.55,0,0.0
indep_600988,2026-08-31,14192.55,0.0,14192.55,0,0.0
indep_600988,2026-09-01,14192.55,0.0,14192.55,0,0.0
indep_600988,2026-09-02,9715.04,4577.0,14292.04,1,32.025
indep_600988,2026-09-03,9715.04,4660.0,14375.04,1,32.417
indep_600988,2026-09-04,9715.04,4569.0,14284.04,1,31.987
indep_600988,2026-09-07,9715.04,4448.0,14163.04,1,31.406
indep_600988,2026-09-08,9715.04,4420.0,14135.04,1,31.27
indep_600988,2026-09-09,9715.04,4388.0,14103.04,1,31.114
indep_600988,2026-09-10,9715.04,4430.0,14145.04,1,31.318
indep_600988,2026-09-11,9715.04,4439.0,14154.04,1,31.362
indep_600988,2026-09-14,9715.04,4448.0,14163.04,1,31.406
indep_600460,2023-09-14,13822.47,0.0,13822.47,0,0.0
indep_600460,2023-09-15,13822.47,0.0,13822.47,0,0.0
indep_600460,2023-09-18,13822.47,0.0,13822.47,0,0.0
indep_600460,2023-09-19,13822.47,0.0,13822.47,0,0.0
indep_600460,2023-09-20,13822.47,0.0,13822.47,0,0.0
indep_600460,2023-09-21,13822.47,0.0,13822.47,0,0.0
indep_600460,2023-09-22,13822.47,0.0,13822.47,0,0.0
indep_600460,2023-09-25,13822.47,0.0,13822.47,0,0.0
indep_600460,2023-09-26,13822.47,0.0,13822.47,0,0.0
indep_600460,2023-09-27,13822.47,0.0,13822.47,0,0.0
indep_600460,2023-09-28,13822.47,0.0,13822.47,0,0.0
indep_600460,2023-10-09,13822.47,0.0,13822.47,0,0.0
indep_600460,2023-10-10,13822.47,0.0,13822.47,0,0.0
indep_600460,2023-10-11,13822.47,0.0,13822.47,0,0.0
indep_600460,2023-10-12,13822.47,0.0,13822.47,0,0.0
indep_600460,2023-10-13,13822.47,0.0,13822.47,0,0.0
indep_600460,2023-10-16,13822.47,0.0,13822.47,0,0.0
indep_600460,2023-10-17,13822.47,0.0,13822.47,0,0.0
indep_600460,2023-10-18,13822.47,0.0,13822.47,0,0.0
indep_600460,2023-10-19,13822.47,0.0,13822.47,0,0.0
indep_600460,2023-10-20,13822.47,0.0,13822.47,0,0.0
indep_600460,2023-10-23,13822.47,0.0,13822.47,0,0.0
indep_600460,2023-10-24,13822.47,0.0,13822.47,0,0.0
indep_600460,2023-10-25,13822.47,0.0,13822.47,0,0.0
indep_600460,2023-10-26,13822.47,0.0,13822.47,0,0.0
indep_600460,2023-10-27,13822.47,0.0,13822.47,0,0.0
indep_600460,2023-10-30,13822.47,0.0,13822.47,0,0.0
indep_600460,2023-10-31,13822.47,0.0,13822.47,0,0.0
indep_600460,2023-11-01,13822.47,0.0,13822.47,0,0.0
indep_600460,2023-11-02,13822.47,0.0,13822.47,0,0.0
indep_600460,2023-11-03,13822.47,0.0,13822.47,0,0.0
indep_600460,2023-11-06,13822.47,0.0,13822.47,0,0.0
indep_600460,2023-11-07,13822.47,0.0,13822.47,0,0.0
indep_600460,2023-11-08,13822.47,0.0,13822.47,0,0.0
indep_600460,2023-11-09,13822.47,0.0,13822.47,0,0.0
indep_600460,2023-11-10,13822.47,0.0,13822.47,0,0.0
indep_600460,2023-11-13,13822.47,0.0,13822.47,0,0.0
indep_600460,2023-11-14,13822.47,0.0,13822.47,0,0.0
indep_600460,2023-11-15,13822.47,0.0,13822.47,0,0.0
indep_600460,2023-11-16,13822.47,0.0,13822.47,0,0.0
indep_600460,2023-11-17,13822.47,0.0,13822.47,0,0.0
indep_600460,2023-11-20,13822.47,0.0,13822.47,0,0.0
indep_600460,2023-11-21,13822.47,0.0,13822.47,0,0.0
indep_600460,2023-11-22,13822.47,0.0,13822.47,0,0.0
indep_600460,2023-11-23,13822.47,0.0,13822.47,0,0.0
indep_600460,2023-11-24,13822.47,0.0,13822.47,0,0.0
indep_600460,2023-11-27,13822.47,0.0,13822.47,0,0.0
indep_600460,2023-11-28,13822.47,0.0,13822.47,0,0.0
indep_600460,2023-11-29,13822.47,0.0,13822.47,0,0.0
indep_600460,2023-11-30,13822.47,0.0,13822.47,0,0.0
indep_600460,2023-12-01,13822.47,0.0,13822.47,0,0.0
indep_600460,2023-12-04,13822.47,0.0,13822.47,0,0.0
indep_600460,2023-12-05,13822.47,0.0,13822.47,0,0.0
indep_600460,2023-12-06,13822.47,0.0,13822.47,0,0.0
indep_600460,2023-12-07,13822.47,0.0,13822.47,0,0.0
indep_600460,2023-12-08,13822.47,0.0,13822.47,0,0.0
indep_600460,2023-12-11,13822.47,0.0,13822.47,0,0.0
indep_600460,2023-12-12,13822.47,0.0,13822.47,0,0.0
indep_600460,2023-12-13,13822.47,0.0,13822.47,0,0.0
indep_600460,2023-12-14,13822.47,0.0,13822.47,0,0.0
indep_600460,2023-12-15,13822.47,0.0,13822.47,0,0.0
indep_600460,2023-12-18,13822.47,0.0,13822.47,0,0.0
indep_600460,2023-12-19,13822.47,0.0,13822.47,0,0.0
indep_600460,2023-12-20,13822.47,0.0,13822.47,0,0.0
indep_600460,2023-12-21,13822.47,0.0,13822.47,0,0.0
indep_600460,2023-12-22,13822.47,0.0,13822.47,0,0.0
indep_600460,2023-12-25,13822.47,0.0,13822.47,0,0.0
indep_600460,2023-12-26,13822.47,0.0,13822.47,0,0.0
indep_600460,2023-12-27,13822.47,0.0,13822.47,0,0.0
indep_600460,2023-12-28,13822.47,0.0,13822.47,0,0.0
indep_600460,2023-12-29,13822.47,0.0,13822.47,0,0.0
indep_600460,2024-01-02,13822.47,0.0,13822.47,0,0.0
indep_600460,2024-01-03,13822.47,0.0,13822.47,0,0.0
indep_600460,2024-01-04,13822.47,0.0,13822.47,0,0.0
indep_600460,2024-01-05,13822.47,0.0,13822.47,0,0.0
indep_600460,2024-01-08,13822.47,0.0,13822.47,0,0.0
indep_600460,2024-01-09,13822.47,0.0,13822.47,0,0.0
indep_600460,2024-01-10,13822.47,0.0,13822.47,0,0.0
indep_600460,2024-01-11,13822.47,0.0,13822.47,0,0.0
indep_600460,2024-01-12,13822.47,0.0,13822.47,0,0.0
indep_600460,2024-01-15,13822.47,0.0,13822.47,0,0.0
indep_600460,2024-01-16,13822.47,0.0,13822.47,0,0.0
indep_600460,2024-01-17,13822.47,0.0,13822.47,0,0.0
indep_600460,2024-01-18,13822.47,0.0,13822.47,0,0.0
indep_600460,2024-01-19,13822.47,0.0,13822.47,0,0.0
indep_600460,2024-01-22,13822.47,0.0,13822.47,0,0.0
indep_600460,2024-01-23,13822.47,0.0,13822.47,0,0.0
indep_600460,2024-01-24,13822.47,0.0,13822.47,0,0.0
indep_600460,2024-01-25,13822.47,0.0,13822.47,0,0.0
indep_600460,2024-01-26,13822.47,0.0,13822.47,0,0.0
indep_600460,2024-01-29,13822.47,0.0,13822.47,0,0.0
indep_600460,2024-01-30,13822.47,0.0,13822.47,0,0.0
indep_600460,2024-01-31,13822.47,0.0,13822.47,0,0.0
indep_600460,2024-02-01,13822.47,0.0,13822.47,0,0.0
indep_600460,2024-02-02,13822.47,0.0,13822.47,0,0.0
indep_600460,2024-02-05,13822.47,0.0,13822.47,0,0.0
indep_600460,2024-02-06,13822.47,0.0,13822.47,0,0.0
indep_600460,2024-02-07,13822.47,0.0,13822.47,0,0.0
indep_600460,2024-02-08,13822.47,0.0,13822.47,0,0.0
indep_600460,2024-02-19,13822.47,0.0,13822.47,0,0.0
indep_600460,2024-02-20,13822.47,0.0,13822.47,0,0.0
indep_600460,2024-02-21,13822.47,0.0,13822.47,0,0.0
indep_600460,2024-02-22,13822.47,0.0,13822.47,0,0.0
indep_600460,2024-02-23,13822.47,0.0,13822.47,0,0.0
indep_600460,2024-02-26,13822.47,0.0,13822.47,0,0.0
indep_600460,2024-02-27,13822.47,0.0,13822.47,0,0.0
indep_600460,2024-02-28,13822.47,0.0,13822.47,0,0.0
indep_600460,2024-02-29,13822.47,0.0,13822.47,0,0.0
indep_600460,2024-03-01,13822.47,0.0,13822.47,0,0.0
indep_600460,2024-03-04,13822.47,0.0,13822.47,0,0.0
indep_600460,2024-03-05,13822.47,0.0,13822.47,0,0.0
indep_600460,2024-03-06,13822.47,0.0,13822.47,0,0.0
indep_600460,2024-03-07,13822.47,0.0,13822.47,0,0.0
indep_600460,2024-03-08,13822.47,0.0,13822.47,0,0.0
indep_600460,2024-03-11,13822.47,0.0,13822.47,0,0.0
indep_600460,2024-03-12,13822.47,0.0,13822.47,0,0.0
indep_600460,2024-03-13,13822.47,0.0,13822.47,0,0.0
indep_600460,2024-03-14,13822.47,0.0,13822.47,0,0.0
indep_600460,2024-03-15,13822.47,0.0,13822.47,0,0.0
indep_600460,2024-03-18,13822.47,0.0,13822.47,0,0.0
indep_600460,2024-03-19,13822.47,0.0,13822.47,0,0.0
indep_600460,2024-03-20,13822.47,0.0,13822.47,0,0.0
indep_600460,2024-03-21,13822.47,0.0,13822.47,0,0.0
indep_600460,2024-03-22,13822.47,0.0,13822.47,0,0.0
indep_600460,2024-03-25,13822.47,0.0,13822.47,0,0.0
indep_600460,2024-03-26,13822.47,0.0,13822.47,0,0.0
indep_600460,2024-03-27,13822.47,0.0,13822.47,0,0.0
indep_600460,2024-03-28,13822.47,0.0,13822.47,0,0.0
indep_600460,2024-03-29,13822.47,0.0,13822.47,0,0.0
indep_600460,2024-04-01,13822.47,0.0,13822.47,0,0.0
indep_600460,2024-04-02,13822.47,0.0,13822.47,0,0.0
indep_600460,2024-04-03,13822.47,0.0,13822.47,0,0.0
indep_600460,2024-04-08,13822.47,0.0,13822.47,0,0.0
indep_600460,2024-04-09,13822.47,0.0,13822.47,0,0.0
indep_600460,2024-04-10,13822.47,0.0,13822.47,0,0.0
indep_600460,2024-04-11,13822.47,0.0,13822.47,0,0.0
indep_600460,2024-04-12,13822.47,0.0,13822.47,0,0.0
indep_600460,2024-04-15,13822.47,0.0,13822.47,0,0.0
indep_600460,2024-04-16,13822.47,0.0,13822.47,0,0.0
indep_600460,2024-04-17,13822.47,0.0,13822.47,0,0.0
indep_600460,2024-04-18,13822.47,0.0,13822.47,0,0.0
indep_600460,2024-04-19,13822.47,0.0,13822.47,0,0.0
indep_600460,2024-04-22,13822.47,0.0,13822.47,0,0.0
indep_600460,2024-04-23,13822.47,0.0,13822.47,0,0.0
indep_600460,2024-04-24,13822.47,0.0,13822.47,0,0.0
indep_600460,2024-04-25,13822.47,0.0,13822.47,0,0.0
indep_600460,2024-04-26,13822.47,0.0,13822.47,0,0.0
indep_600460,2024-04-29,13822.47,0.0,13822.47,0,0.0
indep_600460,2024-04-30,13822.47,0.0,13822.47,0,0.0
indep_600460,2024-05-06,13822.47,0.0,13822.47,0,0.0
indep_600460,2024-05-07,13822.47,0.0,13822.47,0,0.0
indep_600460,2024-05-08,13822.47,0.0,13822.47,0,0.0
indep_600460,2024-05-09,13822.47,0.0,13822.47,0,0.0
indep_600460,2024-05-10,13822.47,0.0,13822.47,0,0.0
indep_600460,2024-05-13,13822.47,0.0,13822.47,0,0.0
indep_600460,2024-05-14,13822.47,0.0,13822.47,0,0.0
indep_600460,2024-05-15,13822.47,0.0,13822.47,0,0.0
indep_600460,2024-05-16,13822.47,0.0,13822.47,0,0.0
indep_600460,2024-05-17,13822.47,0.0,13822.47,0,0.0
indep_600460,2024-05-20,13822.47,0.0,13822.47,0,0.0
indep_600460,2024-05-21,13822.47,0.0,13822.47,0,0.0
indep_600460,2024-05-22,13822.47,0.0,13822.47,0,0.0
indep_600460,2024-05-23,13822.47,0.0,13822.47,0,0.0
indep_600460,2024-05-24,13822.47,0.0,13822.47,0,0.0
indep_600460,2024-05-27,13822.47,0.0,13822.47,0,0.0
indep_600460,2024-05-28,13822.47,0.0,13822.47,0,0.0
indep_600460,2024-05-29,13822.47,0.0,13822.47,0,0.0
indep_600460,2024-05-30,13822.47,0.0,13822.47,0,0.0
indep_600460,2024-05-31,13822.47,0.0,13822.47,0,0.0
indep_600460,2024-06-03,13822.47,0.0,13822.47,0,0.0
indep_600460,2024-06-04,13822.47,0.0,13822.47,0,0.0
indep_600460,2024-06-05,13822.47,0.0,13822.47,0,0.0
indep_600460,2024-06-06,13822.47,0.0,13822.47,0,0.0
indep_600460,2024-06-07,13822.47,0.0,13822.47,0,0.0
indep_600460,2024-06-11,13822.47,0.0,13822.47,0,0.0
indep_600460,2024-06-12,13822.47,0.0,13822.47,0,0.0
indep_600460,2024-06-13,13822.47,0.0,13822.47,0,0.0
indep_600460,2024-06-14,13822.47,0.0,13822.47,0,0.0
indep_600460,2024-06-17,13822.47,0.0,13822.47,0,0.0
indep_600460,2024-06-18,13822.47,0.0,13822.47,0,0.0
indep_600460,2024-06-19,13822.47,0.0,13822.47,0,0.0
indep_600460,2024-06-20,13822.47,0.0,13822.47,0,0.0
indep_600460,2024-06-21,13822.47,0.0,13822.47,0,0.0
indep_600460,2024-06-24,13822.47,0.0,13822.47,0,0.0
indep_600460,2024-06-25,13822.47,0.0,13822.47,0,0.0
indep_600460,2024-06-26,13822.47,0.0,13822.47,0,0.0
indep_600460,2024-06-27,13822.47,0.0,13822.47,0,0.0
indep_600460,2024-06-28,13822.47,0.0,13822.47,0,0.0
indep_600460,2024-07-01,13822.47,0.0,13822.47,0,0.0
indep_600460,2024-07-02,13822.47,0.0,13822.47,0,0.0
indep_600460,2024-07-03,13822.47,0.0,13822.47,0,0.0
indep_600460,2024-07-04,13822.47,0.0,13822.47,0,0.0
indep_600460,2024-07-05,13822.47,0.0,13822.47,0,0.0
indep_600460,2024-07-08,13822.47,0.0,13822.47,0,0.0
indep_600460,2024-07-09,13822.47,0.0,13822.47,0,0.0
indep_600460,2024-07-10,13822.47,0.0,13822.47,0,0.0
indep_600460,2024-07-11,13822.47,0.0,13822.47,0,0.0
indep_600460,2024-07-12,13822.47,0.0,13822.47,0,0.0
indep_600460,2024-07-15,13822.47,0.0,13822.47,0,0.0
indep_600460,2024-07-16,13822.47,0.0,13822.47,0,0.0
indep_600460,2024-07-17,13822.47,0.0,13822.47,0,0.0
indep_600460,2024-07-18,13822.47,0.0,13822.47,0,0.0
indep_600460,2024-07-19,13822.47,0.0,13822.47,0,0.0
indep_600460,2024-07-22,13822.47,0.0,13822.47,0,0.0
indep_600460,2024-07-23,13822.47,0.0,13822.47,0,0.0
indep_600460,2024-07-24,13822.47,0.0,13822.47,0,0.0
indep_600460,2024-07-25,13822.47,0.0,13822.47,0,0.0
indep_600460,2024-07-26,13822.47,0.0,13822.47,0,0.0
indep_600460,2024-07-29,13822.47,0.0,13822.47,0,0.0
indep_600460,2024-07-30,13822.47,0.0,13822.47,0,0.0
indep_600460,2024-07-31,13822.47,0.0,13822.47,0,0.0
indep_600460,2024-08-01,13822.47,0.0,13822.47,0,0.0
indep_600460,2024-08-02,13822.47,0.0,13822.47,0,0.0
indep_600460,2024-08-05,13822.47,0.0,13822.47,0,0.0
indep_600460,2024-08-06,13822.47,0.0,13822.47,0,0.0
indep_600460,2024-08-07,9640.11,4167.17,13807.28,1,30.181
indep_600460,2024-08-08,9640.11,4159.2,13799.31,1,30.141
indep_600460,2024-08-09,9640.11,4159.2,13799.31,1,30.141
indep_600460,2024-08-12,9640.11,4027.73,13667.84,1,29.469
indep_600460,2024-08-13,9640.11,4065.58,13705.69,1,29.663
indep_600460,2024-08-14,9640.11,4065.58,13705.69,1,29.663
indep_600460,2024-08-15,9640.11,4065.58,13705.69,1,29.663
indep_600460,2024-08-16,13561.18,0.0,13561.18,0,0.0
indep_600460,2024-08-19,13561.18,0.0,13561.18,0,0.0
indep_600460,2024-08-20,9602.14,3904.23,13506.37,1,28.907
indep_600460,2024-08-21,9602.14,3796.66,13398.81,1,28.336
indep_600460,2024-08-22,13313.52,0.0,13313.52,0,0.0
indep_600460,2024-08-23,13313.52,0.0,13313.52,0,0.0
indep_600460,2024-08-26,13313.52,0.0,13313.52,0,0.0
indep_600460,2024-08-27,13313.52,0.0,13313.52,0,0.0
indep_600460,2024-08-28,13313.52,0.0,13313.52,0,0.0
indep_600460,2024-08-29,13313.52,0.0,13313.52,0,0.0
indep_600460,2024-08-30,13313.52,0.0,13313.52,0,0.0
indep_600460,2024-09-02,13313.52,0.0,13313.52,0,0.0
indep_600460,2024-09-03,13313.52,0.0,13313.52,0,0.0
indep_600460,2024-09-04,13313.52,0.0,13313.52,0,0.0
indep_600460,2024-09-05,13313.52,0.0,13313.52,0,0.0
indep_600460,2024-09-06,13313.52,0.0,13313.52,0,0.0
indep_600460,2024-09-09,13313.52,0.0,13313.52,0,0.0
indep_600460,2024-09-10,13313.52,0.0,13313.52,0,0.0
indep_600460,2024-09-11,13313.52,0.0,13313.52,0,0.0
indep_600460,2024-09-12,13313.52,0.0,13313.52,0,0.0
indep_600460,2024-09-13,13313.52,0.0,13313.52,0,0.0
indep_600460,2024-09-18,13313.52,0.0,13313.52,0,0.0
indep_600460,2024-09-19,13313.52,0.0,13313.52,0,0.0
indep_600460,2024-09-20,13313.52,0.0,13313.52,0,0.0
indep_600460,2024-09-23,13313.52,0.0,13313.52,0,0.0
indep_600460,2024-09-24,13313.52,0.0,13313.52,0,0.0
indep_600460,2024-09-25,13313.52,0.0,13313.52,0,0.0
indep_600460,2024-09-26,13313.52,0.0,13313.52,0,0.0
indep_600460,2024-09-27,13313.52,0.0,13313.52,0,0.0
indep_600460,2024-09-30,13313.52,0.0,13313.52,0,0.0
indep_600460,2024-10-08,13313.52,0.0,13313.52,0,0.0
indep_600460,2024-10-09,13313.52,0.0,13313.52,0,0.0
indep_600460,2024-10-10,13313.52,0.0,13313.52,0,0.0
indep_600460,2024-10-11,13313.52,0.0,13313.52,0,0.0
indep_600460,2024-10-14,10904.8,2498.91,13403.7,1,18.643
indep_600460,2024-10-15,10904.8,2489.94,13394.74,1,18.589
indep_600460,2024-10-16,13296.48,0.0,13296.48,0,0.0
indep_600460,2024-10-17,13296.48,0.0,13296.48,0,0.0
indep_600460,2024-10-18,13296.48,0.0,13296.48,0,0.0
indep_600460,2024-10-21,13296.48,0.0,13296.48,0,0.0
indep_600460,2024-10-22,13296.48,0.0,13296.48,0,0.0
indep_600460,2024-10-23,13296.48,0.0,13296.48,0,0.0
indep_600460,2024-10-24,13296.48,0.0,13296.48,0,0.0
indep_600460,2024-10-25,13296.48,0.0,13296.48,0,0.0
indep_600460,2024-10-28,13296.48,0.0,13296.48,0,0.0
indep_600460,2024-10-29,13296.48,0.0,13296.48,0,0.0
indep_600460,2024-10-30,13296.48,0.0,13296.48,0,0.0
indep_600460,2024-10-31,13296.48,0.0,13296.48,0,0.0
indep_600460,2024-11-01,13296.48,0.0,13296.48,0,0.0
indep_600460,2024-11-04,13296.48,0.0,13296.48,0,0.0
indep_600460,2024-11-05,13296.48,0.0,13296.48,0,0.0
indep_600460,2024-11-06,13296.48,0.0,13296.48,0,0.0
indep_600460,2024-11-07,13296.48,0.0,13296.48,0,0.0
indep_600460,2024-11-08,13296.48,0.0,13296.48,0,0.0
indep_600460,2024-11-11,13296.48,0.0,13296.48,0,0.0
indep_600460,2024-11-12,13296.48,0.0,13296.48,0,0.0
indep_600460,2024-11-13,13296.48,0.0,13296.48,0,0.0
indep_600460,2024-11-14,13296.48,0.0,13296.48,0,0.0
indep_600460,2024-11-15,10310.5,2966.02,13276.52,1,22.34
indep_600460,2024-11-18,13108.26,0.0,13108.26,0,0.0
indep_600460,2024-11-19,13108.26,0.0,13108.26,0,0.0
indep_600460,2024-11-20,13108.26,0.0,13108.26,0,0.0
indep_600460,2024-11-21,13108.26,0.0,13108.26,0,0.0
indep_600460,2024-11-22,13108.26,0.0,13108.26,0,0.0
indep_600460,2024-11-25,13108.26,0.0,13108.26,0,0.0
indep_600460,2024-11-26,10402.44,2668.22,13070.66,1,20.414
indep_600460,2024-11-27,10402.44,2733.96,13136.39,1,20.812
indep_600460,2024-11-28,10402.44,2707.07,13109.5,1,20.65
indep_600460,2024-11-29,10402.44,2756.86,13159.3,1,20.95
indep_600460,2024-12-02,10402.44,2800.69,13203.12,1,21.212
indep_600460,2024-12-03,10402.44,2764.83,13167.27,1,20.998
indep_600460,2024-12-04,10402.44,2814.63,13217.07,1,21.295
indep_600460,2024-12-05,13180.23,0.0,13180.23,0,0.0
indep_600460,2024-12-06,13180.23,0.0,13180.23,0,0.0
indep_600460,2024-12-09,13180.23,0.0,13180.23,0,0.0
indep_600460,2024-12-10,13180.23,0.0,13180.23,0,0.0
indep_600460,2024-12-11,10381.68,2792.72,13174.4,1,21.198
indep_600460,2024-12-12,10381.68,2781.76,13163.45,1,21.132
indep_600460,2024-12-13,10381.68,2800.69,13182.37,1,21.246
indep_600460,2024-12-16,10381.68,2724.99,13106.68,1,20.791
indep_600460,2024-12-17,10381.68,2707.07,13088.75,1,20.682
indep_600460,2024-12-18,10381.68,2748.9,13130.58,1,20.935
indep_600460,2024-12-19,10381.68,2800.69,13182.37,1,21.246
indep_600460,2024-12-20,10381.68,2884.35,13266.03,1,21.742
indep_600460,2024-12-23,10381.68,2797.7,13179.38,1,21.228
indep_600460,2024-12-24,10381.68,2838.53,13220.22,1,21.471
indep_600460,2024-12-25,10381.68,2799.69,13181.37,1,21.24
indep_600460,2024-12-26,10381.68,2840.53,13222.21,1,21.483
indep_600460,2024-12-27,10381.68,2804.67,13186.35,1,21.269
indep_600460,2024-12-30,10381.68,2724.99,13106.68,1,20.791
indep_600460,2024-12-31,13003.71,0.0,13003.71,0,0.0
indep_600460,2025-01-02,13003.71,0.0,13003.71,0,0.0
indep_600460,2025-01-03,13003.71,0.0,13003.71,0,0.0
indep_600460,2025-01-06,13003.71,0.0,13003.71,0,0.0
indep_600460,2025-01-07,13003.71,0.0,13003.71,0,0.0
indep_600460,2025-01-08,13003.71,0.0,13003.71,0,0.0
indep_600460,2025-01-09,13003.71,0.0,13003.71,0,0.0
indep_600460,2025-01-10,13003.71,0.0,13003.71,0,0.0
indep_600460,2025-01-13,13003.71,0.0,13003.71,0,0.0
indep_600460,2025-01-14,13003.71,0.0,13003.71,0,0.0
indep_600460,2025-01-15,13003.71,0.0,13003.71,0,0.0
indep_600460,2025-01-16,13003.71,0.0,13003.71,0,0.0
indep_600460,2025-01-17,13003.71,0.0,13003.71,0,0.0
indep_600460,2025-01-20,13003.71,0.0,13003.71,0,0.0
indep_600460,2025-01-21,13003.71,0.0,13003.71,0,0.0
indep_600460,2025-01-22,13003.71,0.0,13003.71,0,0.0
indep_600460,2025-01-23,13003.71,0.0,13003.71,0,0.0
indep_600460,2025-01-24,13003.71,0.0,13003.71,0,0.0
indep_600460,2025-01-27,13003.71,0.0,13003.71,0,0.0
indep_600460,2025-02-05,13003.71,0.0,13003.71,0,0.0
indep_600460,2025-02-06,13003.71,0.0,13003.71,0,0.0
indep_600460,2025-02-07,13003.71,0.0,13003.71,0,0.0
indep_600460,2025-02-10,13003.71,0.0,13003.71,0,0.0
indep_600460,2025-02-11,13003.71,0.0,13003.71,0,0.0
indep_600460,2025-02-12,13003.71,0.0,13003.71,0,0.0
indep_600460,2025-02-13,13003.71,0.0,13003.71,0,0.0
indep_600460,2025-02-14,13003.71,0.0,13003.71,0,0.0
indep_600460,2025-02-17,13003.71,0.0,13003.71,0,0.0
indep_600460,2025-02-18,13003.71,0.0,13003.71,0,0.0
indep_600460,2025-02-19,13003.71,0.0,13003.71,0,0.0
indep_600460,2025-02-20,13003.71,0.0,13003.71,0,0.0
indep_600460,2025-02-21,13003.71,0.0,13003.71,0,0.0
indep_600460,2025-02-24,13003.71,0.0,13003.71,0,0.0
indep_600460,2025-02-25,13003.71,0.0,13003.71,0,0.0
indep_600460,2025-02-26,13003.71,0.0,13003.71,0,0.0
indep_600460,2025-02-27,13003.71,0.0,13003.71,0,0.0
indep_600460,2025-02-28,13003.71,0.0,13003.71,0,0.0
indep_600460,2025-03-03,13003.71,0.0,13003.71,0,0.0
indep_600460,2025-03-04,13003.71,0.0,13003.71,0,0.0
indep_600460,2025-03-05,13003.71,0.0,13003.71,0,0.0
indep_600460,2025-03-06,13003.71,0.0,13003.71,0,0.0
indep_600460,2025-03-07,13003.71,0.0,13003.71,0,0.0
indep_600460,2025-03-10,13003.71,0.0,13003.71,0,0.0
indep_600460,2025-03-11,13003.71,0.0,13003.71,0,0.0
indep_600460,2025-03-12,13003.71,0.0,13003.71,0,0.0
indep_600460,2025-03-13,13003.71,0.0,13003.71,0,0.0
indep_600460,2025-03-14,13003.71,0.0,13003.71,0,0.0
indep_600460,2025-03-17,13003.71,0.0,13003.71,0,0.0
indep_600460,2025-03-18,13003.71,0.0,13003.71,0,0.0
indep_600460,2025-03-19,13003.71,0.0,13003.71,0,0.0
indep_600460,2025-03-20,13003.71,0.0,13003.71,0,0.0
indep_600460,2025-03-21,13003.71,0.0,13003.71,0,0.0
indep_600460,2025-03-24,13003.71,0.0,13003.71,0,0.0
indep_600460,2025-03-25,13003.71,0.0,13003.71,0,0.0
indep_600460,2025-03-26,13003.71,0.0,13003.71,0,0.0
indep_600460,2025-03-27,13003.71,0.0,13003.71,0,0.0
indep_600460,2025-03-28,13003.71,0.0,13003.71,0,0.0
indep_600460,2025-03-31,13003.71,0.0,13003.71,0,0.0
indep_600460,2025-04-01,13003.71,0.0,13003.71,0,0.0
indep_600460,2025-04-02,13003.71,0.0,13003.71,0,0.0
indep_600460,2025-04-03,13003.71,0.0,13003.71,0,0.0
indep_600460,2025-04-07,13003.71,0.0,13003.71,0,0.0
indep_600460,2025-04-08,13003.71,0.0,13003.71,0,0.0
indep_600460,2025-04-09,13003.71,0.0,13003.71,0,0.0
indep_600460,2025-04-10,13003.71,0.0,13003.71,0,0.0
indep_600460,2025-04-11,13003.71,0.0,13003.71,0,0.0
indep_600460,2025-04-14,13003.71,0.0,13003.71,0,0.0
indep_600460,2025-04-15,13003.71,0.0,13003.71,0,0.0
indep_600460,2025-04-16,13003.71,0.0,13003.71,0,0.0
indep_600460,2025-04-17,13003.71,0.0,13003.71,0,0.0
indep_600460,2025-04-18,13003.71,0.0,13003.71,0,0.0
indep_600460,2025-04-21,13003.71,0.0,13003.71,0,0.0
indep_600460,2025-04-22,13003.71,0.0,13003.71,0,0.0
indep_600460,2025-04-23,13003.71,0.0,13003.71,0,0.0
indep_600460,2025-04-24,13003.71,0.0,13003.71,0,0.0
indep_600460,2025-04-25,13003.71,0.0,13003.71,0,0.0
indep_600460,2025-04-28,13003.71,0.0,13003.71,0,0.0
indep_600460,2025-04-29,13003.71,0.0,13003.71,0,0.0
indep_600460,2025-04-30,13003.71,0.0,13003.71,0,0.0
indep_600460,2025-05-06,13003.71,0.0,13003.71,0,0.0
indep_600460,2025-05-07,13003.71,0.0,13003.71,0,0.0
indep_600460,2025-05-08,13003.71,0.0,13003.71,0,0.0
indep_600460,2025-05-09,13003.71,0.0,13003.71,0,0.0
indep_600460,2025-05-12,13003.71,0.0,13003.71,0,0.0
indep_600460,2025-05-13,13003.71,0.0,13003.71,0,0.0
indep_600460,2025-05-14,13003.71,0.0,13003.71,0,0.0
indep_600460,2025-05-15,13003.71,0.0,13003.71,0,0.0
indep_600460,2025-05-16,13003.71,0.0,13003.71,0,0.0
indep_600460,2025-05-19,13003.71,0.0,13003.71,0,0.0
indep_600460,2025-05-20,13003.71,0.0,13003.71,0,0.0
indep_600460,2025-05-21,13003.71,0.0,13003.71,0,0.0
indep_600460,2025-05-22,13003.71,0.0,13003.71,0,0.0
indep_600460,2025-05-23,13003.71,0.0,13003.71,0,0.0
indep_600460,2025-05-26,13003.71,0.0,13003.71,0,0.0
indep_600460,2025-05-27,13003.71,0.0,13003.71,0,0.0
indep_600460,2025-05-28,13003.71,0.0,13003.71,0,0.0
indep_600460,2025-05-29,13003.71,0.0,13003.71,0,0.0
indep_600460,2025-05-30,13003.71,0.0,13003.71,0,0.0
indep_600460,2025-06-03,13003.71,0.0,13003.71,0,0.0
indep_600460,2025-06-04,13003.71,0.0,13003.71,0,0.0
indep_600460,2025-06-05,13003.71,0.0,13003.71,0,0.0
indep_600460,2025-06-06,13003.71,0.0,13003.71,0,0.0
indep_600460,2025-06-09,13003.71,0.0,13003.71,0,0.0
indep_600460,2025-06-10,13003.71,0.0,13003.71,0,0.0
indep_600460,2025-06-11,13003.71,0.0,13003.71,0,0.0
indep_600460,2025-06-12,13003.71,0.0,13003.71,0,0.0
indep_600460,2025-06-13,13003.71,0.0,13003.71,0,0.0
indep_600460,2025-06-16,13003.71,0.0,13003.71,0,0.0
indep_600460,2025-06-17,13003.71,0.0,13003.71,0,0.0
indep_600460,2025-06-18,13003.71,0.0,13003.71,0,0.0
indep_600460,2025-06-19,13003.71,0.0,13003.71,0,0.0
indep_600460,2025-06-20,13003.71,0.0,13003.71,0,0.0
indep_600460,2025-06-23,13003.71,0.0,13003.71,0,0.0
indep_600460,2025-06-24,13003.71,0.0,13003.71,0,0.0
indep_600460,2025-06-25,13003.71,0.0,13003.71,0,0.0
indep_600460,2025-06-26,13003.71,0.0,13003.71,0,0.0
indep_600460,2025-06-27,13003.71,0.0,13003.71,0,0.0
indep_600460,2025-06-30,13003.71,0.0,13003.71,0,0.0
indep_600460,2025-07-01,13003.71,0.0,13003.71,0,0.0
indep_600460,2025-07-02,13003.71,0.0,13003.71,0,0.0
indep_600460,2025-07-03,13003.71,0.0,13003.71,0,0.0
indep_600460,2025-07-04,13003.71,0.0,13003.71,0,0.0
indep_600460,2025-07-07,13003.71,0.0,13003.71,0,0.0
indep_600460,2025-07-08,13003.71,0.0,13003.71,0,0.0
indep_600460,2025-07-09,13003.71,0.0,13003.71,0,0.0
indep_600460,2025-07-10,13003.71,0.0,13003.71,0,0.0
indep_600460,2025-07-11,13003.71,0.0,13003.71,0,0.0
indep_600460,2025-07-14,13003.71,0.0,13003.71,0,0.0
indep_600460,2025-07-15,13003.71,0.0,13003.71,0,0.0
indep_600460,2025-07-16,13003.71,0.0,13003.71,0,0.0
indep_600460,2025-07-17,13003.71,0.0,13003.71,0,0.0
indep_600460,2025-07-18,13003.71,0.0,13003.71,0,0.0
indep_600460,2025-07-21,13003.71,0.0,13003.71,0,0.0
indep_600460,2025-07-22,13003.71,0.0,13003.71,0,0.0
indep_600460,2025-07-23,13003.71,0.0,13003.71,0,0.0
indep_600460,2025-07-24,13003.71,0.0,13003.71,0,0.0
indep_600460,2025-07-25,13003.71,0.0,13003.71,0,0.0
indep_600460,2025-07-28,13003.71,0.0,13003.71,0,0.0
indep_600460,2025-07-29,13003.71,0.0,13003.71,0,0.0
indep_600460,2025-07-30,13003.71,0.0,13003.71,0,0.0
indep_600460,2025-07-31,13003.71,0.0,13003.71,0,0.0
indep_600460,2025-08-01,13003.71,0.0,13003.71,0,0.0
indep_600460,2025-08-04,13003.71,0.0,13003.71,0,0.0
indep_600460,2025-08-05,13003.71,0.0,13003.71,0,0.0
indep_600460,2025-08-06,13003.71,0.0,13003.71,0,0.0
indep_600460,2025-08-07,13003.71,0.0,13003.71,0,0.0
indep_600460,2025-08-08,13003.71,0.0,13003.71,0,0.0
indep_600460,2025-08-11,13003.71,0.0,13003.71,0,0.0
indep_600460,2025-08-12,13003.71,0.0,13003.71,0,0.0
indep_600460,2025-08-13,13003.71,0.0,13003.71,0,0.0
indep_600460,2025-08-14,13003.71,0.0,13003.71,0,0.0
indep_600460,2025-08-15,13003.71,0.0,13003.71,0,0.0
indep_600460,2025-08-18,13003.71,0.0,13003.71,0,0.0
indep_600460,2025-08-19,13003.71,0.0,13003.71,0,0.0
indep_600460,2025-08-20,13003.71,0.0,13003.71,0,0.0
indep_600460,2025-08-21,13003.71,0.0,13003.71,0,0.0
indep_600460,2025-08-22,13003.71,0.0,13003.71,0,0.0
indep_600460,2025-08-25,13003.71,0.0,13003.71,0,0.0
indep_600460,2025-08-26,13003.71,0.0,13003.71,0,0.0
indep_600460,2025-08-27,13003.71,0.0,13003.71,0,0.0
indep_600460,2025-08-28,13003.71,0.0,13003.71,0,0.0
indep_600460,2025-08-29,13003.71,0.0,13003.71,0,0.0
indep_600460,2025-09-01,13003.71,0.0,13003.71,0,0.0
indep_600460,2025-09-02,9972.96,3020.7,12993.66,1,23.248
indep_600460,2025-09-03,9972.96,2980.8,12953.76,1,23.011
indep_600460,2025-09-04,12812.66,0.0,12812.66,0,0.0
indep_600460,2025-09-05,12812.66,0.0,12812.66,0,0.0
indep_600460,2025-09-08,12812.66,0.0,12812.66,0,0.0
indep_600460,2025-09-09,12812.66,0.0,12812.66,0,0.0
indep_600460,2025-09-10,12812.66,0.0,12812.66,0,0.0
indep_600460,2025-09-11,12812.66,0.0,12812.66,0,0.0
indep_600460,2025-09-12,12812.66,0.0,12812.66,0,0.0
indep_600460,2025-09-15,12812.66,0.0,12812.66,0,0.0
indep_600460,2025-09-16,9789.9,3028.68,12818.58,1,23.627
indep_600460,2025-09-17,9789.9,3010.73,12800.62,1,23.52
indep_600460,2025-09-18,9789.9,3027.69,12817.58,1,23.621
indep_600460,2025-09-19,9789.9,3035.67,12825.56,1,23.669
indep_600460,2025-09-22,9789.9,3072.58,12862.48,1,23.888
indep_600460,2025-09-23,9789.9,3012.72,12802.62,1,23.532
indep_600460,2025-09-24,9789.9,3138.42,12928.32,1,24.276
indep_600460,2025-09-25,9789.9,3146.4,12936.3,1,24.322
indep_600460,2025-09-26,9789.9,3115.47,12905.37,1,24.141
indep_600460,2025-09-29,9789.9,3100.51,12890.41,1,24.053
indep_600460,2025-09-30,9789.9,3136.42,12926.32,1,24.264
indep_600460,2025-10-09,9789.9,3246.16,13036.06,1,24.901
indep_600460,2025-10-10,12893.2,0.0,12893.2,0,0.0
indep_600460,2025-10-13,12893.2,0.0,12893.2,0,0.0
indep_600460,2025-10-14,12893.2,0.0,12893.2,0,0.0
indep_600460,2025-10-15,12893.2,0.0,12893.2,0,0.0
indep_600460,2025-10-16,12893.2,0.0,12893.2,0,0.0
indep_600460,2025-10-17,9833.49,2986.78,12820.27,1,23.297
indep_600460,2025-10-20,9833.49,3245.16,13078.65,1,24.813
indep_600460,2025-10-21,9833.49,3257.13,13090.62,1,24.881
indep_600460,2025-10-22,9833.49,3111.48,12944.97,1,24.036
indep_600460,2025-10-23,9833.49,3017.71,12851.2,1,23.482
indep_600460,2025-10-24,9833.49,3104.5,12937.99,1,23.995
indep_600460,2025-10-27,9833.49,3215.23,13048.72,1,24.64
indep_600460,2025-10-28,9833.49,3219.22,13052.71,1,24.663
indep_600460,2025-10-29,9833.49,3255.14,13088.63,1,24.87
indep_600460,2025-10-30,9833.49,3269.1,13102.59,1,24.95
indep_600460,2025-10-31,9833.49,3179.32,13012.81,1,24.432
indep_600460,2025-11-03,12974.73,0.0,12974.73,0,0.0
indep_600460,2025-11-04,12974.73,0.0,12974.73,0,0.0
indep_600460,2025-11-05,12974.73,0.0,12974.73,0,0.0
indep_600460,2025-11-06,12974.73,0.0,12974.73,0,0.0
indep_600460,2025-11-07,12974.73,0.0,12974.73,0,0.0
indep_600460,2025-11-10,12974.73,0.0,12974.73,0,0.0
indep_600460,2025-11-11,12974.73,0.0,12974.73,0,0.0
indep_600460,2025-11-12,12974.73,0.0,12974.73,0,0.0
indep_600460,2025-11-13,12974.73,0.0,12974.73,0,0.0
indep_600460,2025-11-14,12974.73,0.0,12974.73,0,0.0
indep_600460,2025-11-17,12974.73,0.0,12974.73,0,0.0
indep_600460,2025-11-18,12974.73,0.0,12974.73,0,0.0
indep_600460,2025-11-19,12974.73,0.0,12974.73,0,0.0
indep_600460,2025-11-20,12974.73,0.0,12974.73,0,0.0
indep_600460,2025-11-21,12974.73,0.0,12974.73,0,0.0
indep_600460,2025-11-24,12974.73,0.0,12974.73,0,0.0
indep_600460,2025-11-25,12974.73,0.0,12974.73,0,0.0
indep_600460,2025-11-26,12974.73,0.0,12974.73,0,0.0
indep_600460,2025-11-27,12974.73,0.0,12974.73,0,0.0
indep_600460,2025-11-28,12974.73,0.0,12974.73,0,0.0
indep_600460,2025-12-01,12974.73,0.0,12974.73,0,0.0
indep_600460,2025-12-02,12974.73,0.0,12974.73,0,0.0
indep_600460,2025-12-03,12974.73,0.0,12974.73,0,0.0
indep_600460,2025-12-04,12974.73,0.0,12974.73,0,0.0
indep_600460,2025-12-05,12974.73,0.0,12974.73,0,0.0
indep_600460,2025-12-08,12974.73,0.0,12974.73,0,0.0
indep_600460,2025-12-09,12974.73,0.0,12974.73,0,0.0
indep_600460,2025-12-10,12974.73,0.0,12974.73,0,0.0
indep_600460,2025-12-11,12974.73,0.0,12974.73,0,0.0
indep_600460,2025-12-12,12974.73,0.0,12974.73,0,0.0
indep_600460,2025-12-15,12974.73,0.0,12974.73,0,0.0
indep_600460,2025-12-16,12974.73,0.0,12974.73,0,0.0
indep_600460,2025-12-17,12974.73,0.0,12974.73,0,0.0
indep_600460,2025-12-18,12974.73,0.0,12974.73,0,0.0
indep_600460,2025-12-19,12974.73,0.0,12974.73,0,0.0
indep_600460,2025-12-22,12974.73,0.0,12974.73,0,0.0
indep_600460,2025-12-23,12974.73,0.0,12974.73,0,0.0
indep_600460,2025-12-24,12974.73,0.0,12974.73,0,0.0
indep_600460,2025-12-25,12974.73,0.0,12974.73,0,0.0
indep_600460,2025-12-26,12974.73,0.0,12974.73,0,0.0
indep_600460,2025-12-29,12974.73,0.0,12974.73,0,0.0
indep_600460,2025-12-30,12974.73,0.0,12974.73,0,0.0
indep_600460,2025-12-31,12974.73,0.0,12974.73,0,0.0
indep_600460,2026-01-05,12974.73,0.0,12974.73,0,0.0
indep_600460,2026-01-06,12974.73,0.0,12974.73,0,0.0
indep_600460,2026-01-07,12974.73,0.0,12974.73,0,0.0
indep_600460,2026-01-08,12974.73,0.0,12974.73,0,0.0
indep_600460,2026-01-09,12974.73,0.0,12974.73,0,0.0
indep_600460,2026-01-12,12974.73,0.0,12974.73,0,0.0
indep_600460,2026-01-13,12974.73,0.0,12974.73,0,0.0
indep_600460,2026-01-14,12974.73,0.0,12974.73,0,0.0
indep_600460,2026-01-15,12974.73,0.0,12974.73,0,0.0
indep_600460,2026-01-16,12974.73,0.0,12974.73,0,0.0
indep_600460,2026-01-19,12974.73,0.0,12974.73,0,0.0
indep_600460,2026-01-20,12974.73,0.0,12974.73,0,0.0
indep_600460,2026-01-21,12974.73,0.0,12974.73,0,0.0
indep_600460,2026-01-22,12974.73,0.0,12974.73,0,0.0
indep_600460,2026-01-23,12974.73,0.0,12974.73,0,0.0
indep_600460,2026-01-26,12974.73,0.0,12974.73,0,0.0
indep_600460,2026-01-27,12974.73,0.0,12974.73,0,0.0
indep_600460,2026-01-28,12974.73,0.0,12974.73,0,0.0
indep_600460,2026-01-29,12974.73,0.0,12974.73,0,0.0
indep_600460,2026-01-30,12974.73,0.0,12974.73,0,0.0
indep_600460,2026-02-02,9809.17,3061.6,12870.78,1,23.787
indep_600460,2026-02-03,9809.17,3092.53,12901.7,1,23.97
indep_600460,2026-02-04,9809.17,3032.67,12841.85,1,23.616
indep_600460,2026-02-05,12775.68,0.0,12775.68,0,0.0
indep_600460,2026-02-06,12775.68,0.0,12775.68,0,0.0
indep_600460,2026-02-09,12775.68,0.0,12775.68,0,0.0
indep_600460,2026-02-10,9613.11,3094.52,12707.64,1,24.352
indep_600460,2026-02-11,9613.11,3048.64,12661.75,1,24.078
indep_600460,2026-02-12,9613.11,3219.22,12832.34,1,25.087
indep_600460,2026-02-13,9613.11,3168.35,12781.46,1,24.789
indep_600460,2026-02-24,9613.11,3194.28,12807.4,1,24.941
indep_600460,2026-02-25,9613.11,3241.17,12854.28,1,25.215
indep_600460,2026-02-26,9613.11,3247.16,12860.27,1,25.25
indep_600460,2026-02-27,9613.11,3211.24,12824.36,1,25.04
indep_600460,2026-03-02,9613.11,3105.5,12718.61,1,24.417
indep_600460,2026-03-03,12576.63,0.0,12576.63,0,0.0
indep_600460,2026-03-04,12576.63,0.0,12576.63,0,0.0
indep_600460,2026-03-05,12576.63,0.0,12576.63,0,0.0
indep_600460,2026-03-06,12576.63,0.0,12576.63,0,0.0
indep_600460,2026-03-09,12576.63,0.0,12576.63,0,0.0
indep_600460,2026-03-10,12576.63,0.0,12576.63,0,0.0
indep_600460,2026-03-11,12576.63,0.0,12576.63,0,0.0
indep_600460,2026-03-12,12576.63,0.0,12576.63,0,0.0
indep_600460,2026-03-13,12576.63,0.0,12576.63,0,0.0
indep_600460,2026-03-16,12576.63,0.0,12576.63,0,0.0
indep_600460,2026-03-17,12576.63,0.0,12576.63,0,0.0
indep_600460,2026-03-18,12576.63,0.0,12576.63,0,0.0
indep_600460,2026-03-19,12576.63,0.0,12576.63,0,0.0
indep_600460,2026-03-20,12576.63,0.0,12576.63,0,0.0
indep_600460,2026-03-23,12576.63,0.0,12576.63,0,0.0
indep_600460,2026-03-24,12576.63,0.0,12576.63,0,0.0
indep_600460,2026-03-25,12576.63,0.0,12576.63,0,0.0
indep_600460,2026-03-26,12576.63,0.0,12576.63,0,0.0
indep_600460,2026-03-27,12576.63,0.0,12576.63,0,0.0
indep_600460,2026-03-30,12576.63,0.0,12576.63,0,0.0
indep_600460,2026-03-31,12576.63,0.0,12576.63,0,0.0
indep_600460,2026-04-01,12576.63,0.0,12576.63,0,0.0
indep_600460,2026-04-02,12576.63,0.0,12576.63,0,0.0
indep_600460,2026-04-03,12576.63,0.0,12576.63,0,0.0
indep_600460,2026-04-07,12576.63,0.0,12576.63,0,0.0
indep_600460,2026-04-08,12576.63,0.0,12576.63,0,0.0
indep_600460,2026-04-09,12576.63,0.0,12576.63,0,0.0
indep_600460,2026-04-10,12576.63,0.0,12576.63,0,0.0
indep_600460,2026-04-13,12576.63,0.0,12576.63,0,0.0
indep_600460,2026-04-14,12576.63,0.0,12576.63,0,0.0
indep_600460,2026-04-15,12576.63,0.0,12576.63,0,0.0
indep_600460,2026-04-16,12576.63,0.0,12576.63,0,0.0
indep_600460,2026-04-17,12576.63,0.0,12576.63,0,0.0
indep_600460,2026-04-20,12576.63,0.0,12576.63,0,0.0
indep_600460,2026-04-21,12576.63,0.0,12576.63,0,0.0
indep_600460,2026-04-22,12576.63,0.0,12576.63,0,0.0
indep_600460,2026-04-23,12576.63,0.0,12576.63,0,0.0
indep_600460,2026-04-24,12576.63,0.0,12576.63,0,0.0
indep_600460,2026-04-27,12576.63,0.0,12576.63,0,0.0
indep_600460,2026-04-28,12576.63,0.0,12576.63,0,0.0
indep_600460,2026-04-29,12576.63,0.0,12576.63,0,0.0
indep_600460,2026-04-30,12576.63,0.0,12576.63,0,0.0
indep_600460,2026-05-06,12576.63,0.0,12576.63,0,0.0
indep_600460,2026-05-07,12576.63,0.0,12576.63,0,0.0
indep_600460,2026-05-08,12576.63,0.0,12576.63,0,0.0
indep_600460,2026-05-11,12576.63,0.0,12576.63,0,0.0
indep_600460,2026-05-12,12576.63,0.0,12576.63,0,0.0
indep_600460,2026-05-13,12576.63,0.0,12576.63,0,0.0
indep_600460,2026-05-14,12576.63,0.0,12576.63,0,0.0
indep_600460,2026-05-15,12576.63,0.0,12576.63,0,0.0
indep_600460,2026-05-18,12576.63,0.0,12576.63,0,0.0
indep_600460,2026-05-19,12576.63,0.0,12576.63,0,0.0
indep_600460,2026-05-20,12576.63,0.0,12576.63,0,0.0
indep_600460,2026-05-21,12576.63,0.0,12576.63,0,0.0
indep_600460,2026-05-22,12576.63,0.0,12576.63,0,0.0
indep_600460,2026-05-25,12576.63,0.0,12576.63,0,0.0
indep_600460,2026-05-26,12576.63,0.0,12576.63,0,0.0
indep_600460,2026-05-27,12576.63,0.0,12576.63,0,0.0
indep_600460,2026-05-28,12576.63,0.0,12576.63,0,0.0
indep_600460,2026-05-29,12576.63,0.0,12576.63,0,0.0
indep_600460,2026-06-01,9168.41,3272.1,12440.5,1,26.302
indep_600460,2026-06-02,9168.41,3295.04,12463.45,1,26.438
indep_600460,2026-06-03,9168.41,3461.64,12630.04,1,27.408
indep_600460,2026-06-04,9168.41,3523.49,12691.89,1,27.762
indep_600460,2026-06-05,9168.41,3386.82,12555.22,1,26.975
indep_600460,2026-06-08,12345.89,0.0,12345.89,0,0.0
indep_600460,2026-06-09,12345.89,0.0,12345.89,0,0.0
indep_600460,2026-06-10,8925.69,3344.92,12270.61,1,27.26
indep_600460,2026-06-11,8925.69,3310.0,12235.69,1,27.052
indep_600460,2026-06-12,12130.84,0.0,12130.84,0,0.0
indep_600460,2026-06-15,12130.84,0.0,12130.84,0,0.0
indep_600460,2026-06-16,12130.84,0.0,12130.84,0,0.0
indep_600460,2026-06-17,12130.84,0.0,12130.84,0,0.0
indep_600460,2026-06-18,12130.84,0.0,12130.84,0,0.0
indep_600460,2026-06-22,12130.84,0.0,12130.84,0,0.0
indep_600460,2026-06-23,12130.84,0.0,12130.84,0,0.0
indep_600460,2026-06-24,12130.84,0.0,12130.84,0,0.0
indep_600460,2026-06-25,12130.84,0.0,12130.84,0,0.0
indep_600460,2026-06-26,12130.84,0.0,12130.84,0,0.0
indep_600460,2026-06-29,12130.84,0.0,12130.84,0,0.0
indep_600460,2026-06-30,12130.84,0.0,12130.84,0,0.0
indep_600460,2026-07-01,12130.84,0.0,12130.84,0,0.0
indep_600460,2026-07-02,12130.84,0.0,12130.84,0,0.0
indep_600460,2026-07-03,12130.84,0.0,12130.84,0,0.0
indep_600460,2026-07-06,12130.84,0.0,12130.84,0,0.0
indep_600460,2026-07-07,12130.84,0.0,12130.84,0,0.0
indep_600460,2026-07-08,12130.84,0.0,12130.84,0,0.0
indep_600460,2026-07-09,12130.84,0.0,12130.84,0,0.0
indep_600460,2026-07-10,12130.84,0.0,12130.84,0,0.0
indep_600460,2026-07-13,12130.84,0.0,12130.84,0,0.0
indep_600460,2026-07-14,12130.84,0.0,12130.84,0,0.0
indep_600460,2026-07-15,12130.84,0.0,12130.84,0,0.0
indep_600460,2026-07-16,12130.84,0.0,12130.84,0,0.0
indep_600460,2026-07-17,12130.84,0.0,12130.84,0,0.0
indep_600460,2026-07-20,12130.84,0.0,12130.84,0,0.0
indep_600460,2026-07-21,12130.84,0.0,12130.84,0,0.0
indep_600460,2026-07-22,12130.84,0.0,12130.84,0,0.0
indep_600460,2026-07-23,12130.84,0.0,12130.84,0,0.0
indep_600460,2026-07-24,12130.84,0.0,12130.84,0,0.0
indep_600460,2026-07-27,12130.84,0.0,12130.84,0,0.0
indep_600460,2026-07-28,12130.84,0.0,12130.84,0,0.0
indep_600460,2026-07-29,12130.84,0.0,12130.84,0,0.0
indep_600460,2026-07-30,12130.84,0.0,12130.84,0,0.0
indep_600460,2026-07-31,12130.84,0.0,12130.84,0,0.0
indep_600460,2026-08-03,12130.84,0.0,12130.84,0,0.0
indep_600460,2026-08-04,12130.84,0.0,12130.84,0,0.0
indep_600460,2026-08-05,12130.84,0.0,12130.84,0,0.0
indep_600460,2026-08-06,12130.84,0.0,12130.84,0,0.0
indep_600460,2026-08-07,12130.84,0.0,12130.84,0,0.0
indep_600460,2026-08-10,12130.84,0.0,12130.84,0,0.0
indep_600460,2026-08-11,12130.84,0.0,12130.84,0,0.0
indep_600460,2026-08-12,12130.84,0.0,12130.84,0,0.0
indep_600460,2026-08-13,12130.84,0.0,12130.84,0,0.0
indep_600460,2026-08-14,12130.84,0.0,12130.84,0,0.0
indep_600460,2026-08-17,12130.84,0.0,12130.84,0,0.0
indep_600460,2026-08-18,12130.84,0.0,12130.84,0,0.0
indep_600460,2026-08-19,12130.84,0.0,12130.84,0,0.0
indep_600460,2026-08-20,12130.84,0.0,12130.84,0,0.0
indep_600460,2026-08-21,12130.84,0.0,12130.84,0,0.0
indep_600460,2026-08-24,12130.84,0.0,12130.84,0,0.0
indep_600460,2026-08-25,12130.84,0.0,12130.84,0,0.0
indep_600460,2026-08-26,12130.84,0.0,12130.84,0,0.0
indep_600460,2026-08-27,12130.84,0.0,12130.84,0,0.0
indep_600460,2026-08-28,12130.84,0.0,12130.84,0,0.0
indep_600460,2026-08-31,12130.84,0.0,12130.84,0,0.0
indep_600460,2026-09-01,12130.84,0.0,12130.84,0,0.0
indep_600460,2026-09-02,12130.84,0.0,12130.84,0,0.0
indep_600460,2026-09-03,12130.84,0.0,12130.84,0,0.0
indep_600460,2026-09-04,12130.84,0.0,12130.84,0,0.0
indep_600460,2026-09-07,12130.84,0.0,12130.84,0,0.0
indep_600460,2026-09-08,12130.84,0.0,12130.84,0,0.0
indep_600460,2026-09-09,12130.84,0.0,12130.84,0,0.0
indep_600460,2026-09-10,12130.84,0.0,12130.84,0,0.0
indep_600460,2026-09-11,12130.84,0.0,12130.84,0,0.0
indep_600460,2026-09-14,12130.84,0.0,12130.84,0,0.0
indep_600522,2023-09-14,13822.47,0.0,13822.47,0,0.0
indep_600522,2023-09-15,13822.47,0.0,13822.47,0,0.0
indep_600522,2023-09-18,13822.47,0.0,13822.47,0,0.0
indep_600522,2023-09-19,13822.47,0.0,13822.47,0,0.0
indep_600522,2023-09-20,13822.47,0.0,13822.47,0,0.0
indep_600522,2023-09-21,13822.47,0.0,13822.47,0,0.0
indep_600522,2023-09-22,13822.47,0.0,13822.47,0,0.0
indep_600522,2023-09-25,13822.47,0.0,13822.47,0,0.0
indep_600522,2023-09-26,13822.47,0.0,13822.47,0,0.0
indep_600522,2023-09-27,13822.47,0.0,13822.47,0,0.0
indep_600522,2023-09-28,13822.47,0.0,13822.47,0,0.0
indep_600522,2023-10-09,13822.47,0.0,13822.47,0,0.0
indep_600522,2023-10-10,13822.47,0.0,13822.47,0,0.0
indep_600522,2023-10-11,13822.47,0.0,13822.47,0,0.0
indep_600522,2023-10-12,13822.47,0.0,13822.47,0,0.0
indep_600522,2023-10-13,13822.47,0.0,13822.47,0,0.0
indep_600522,2023-10-16,13822.47,0.0,13822.47,0,0.0
indep_600522,2023-10-17,13822.47,0.0,13822.47,0,0.0
indep_600522,2023-10-18,13822.47,0.0,13822.47,0,0.0
indep_600522,2023-10-19,13822.47,0.0,13822.47,0,0.0
indep_600522,2023-10-20,13822.47,0.0,13822.47,0,0.0
indep_600522,2023-10-23,13822.47,0.0,13822.47,0,0.0
indep_600522,2023-10-24,13822.47,0.0,13822.47,0,0.0
indep_600522,2023-10-25,13822.47,0.0,13822.47,0,0.0
indep_600522,2023-10-26,13822.47,0.0,13822.47,0,0.0
indep_600522,2023-10-27,13822.47,0.0,13822.47,0,0.0
indep_600522,2023-10-30,13822.47,0.0,13822.47,0,0.0
indep_600522,2023-10-31,13822.47,0.0,13822.47,0,0.0
indep_600522,2023-11-01,13822.47,0.0,13822.47,0,0.0
indep_600522,2023-11-02,13822.47,0.0,13822.47,0,0.0
indep_600522,2023-11-03,13822.47,0.0,13822.47,0,0.0
indep_600522,2023-11-06,13822.47,0.0,13822.47,0,0.0
indep_600522,2023-11-07,13822.47,0.0,13822.47,0,0.0
indep_600522,2023-11-08,13822.47,0.0,13822.47,0,0.0
indep_600522,2023-11-09,13822.47,0.0,13822.47,0,0.0
indep_600522,2023-11-10,13822.47,0.0,13822.47,0,0.0
indep_600522,2023-11-13,13822.47,0.0,13822.47,0,0.0
indep_600522,2023-11-14,13822.47,0.0,13822.47,0,0.0
indep_600522,2023-11-15,13822.47,0.0,13822.47,0,0.0
indep_600522,2023-11-16,13822.47,0.0,13822.47,0,0.0
indep_600522,2023-11-17,13822.47,0.0,13822.47,0,0.0
indep_600522,2023-11-20,13822.47,0.0,13822.47,0,0.0
indep_600522,2023-11-21,13822.47,0.0,13822.47,0,0.0
indep_600522,2023-11-22,13822.47,0.0,13822.47,0,0.0
indep_600522,2023-11-23,13822.47,0.0,13822.47,0,0.0
indep_600522,2023-11-24,13822.47,0.0,13822.47,0,0.0
indep_600522,2023-11-27,13822.47,0.0,13822.47,0,0.0
indep_600522,2023-11-28,13822.47,0.0,13822.47,0,0.0
indep_600522,2023-11-29,13822.47,0.0,13822.47,0,0.0
indep_600522,2023-11-30,13822.47,0.0,13822.47,0,0.0
indep_600522,2023-12-01,13822.47,0.0,13822.47,0,0.0
indep_600522,2023-12-04,13822.47,0.0,13822.47,0,0.0
indep_600522,2023-12-05,13822.47,0.0,13822.47,0,0.0
indep_600522,2023-12-06,13822.47,0.0,13822.47,0,0.0
indep_600522,2023-12-07,13822.47,0.0,13822.47,0,0.0
indep_600522,2023-12-08,13822.47,0.0,13822.47,0,0.0
indep_600522,2023-12-11,13822.47,0.0,13822.47,0,0.0
indep_600522,2023-12-12,13822.47,0.0,13822.47,0,0.0
indep_600522,2023-12-13,13822.47,0.0,13822.47,0,0.0
indep_600522,2023-12-14,13822.47,0.0,13822.47,0,0.0
indep_600522,2023-12-15,13822.47,0.0,13822.47,0,0.0
indep_600522,2023-12-18,13822.47,0.0,13822.47,0,0.0
indep_600522,2023-12-19,13822.47,0.0,13822.47,0,0.0
indep_600522,2023-12-20,13822.47,0.0,13822.47,0,0.0
indep_600522,2023-12-21,13822.47,0.0,13822.47,0,0.0
indep_600522,2023-12-22,13822.47,0.0,13822.47,0,0.0
indep_600522,2023-12-25,13822.47,0.0,13822.47,0,0.0
indep_600522,2023-12-26,13822.47,0.0,13822.47,0,0.0
indep_600522,2023-12-27,13822.47,0.0,13822.47,0,0.0
indep_600522,2023-12-28,13822.47,0.0,13822.47,0,0.0
indep_600522,2023-12-29,13822.47,0.0,13822.47,0,0.0
indep_600522,2024-01-02,13822.47,0.0,13822.47,0,0.0
indep_600522,2024-01-03,13822.47,0.0,13822.47,0,0.0
indep_600522,2024-01-04,13822.47,0.0,13822.47,0,0.0
indep_600522,2024-01-05,13822.47,0.0,13822.47,0,0.0
indep_600522,2024-01-08,13822.47,0.0,13822.47,0,0.0
indep_600522,2024-01-09,13822.47,0.0,13822.47,0,0.0
indep_600522,2024-01-10,13822.47,0.0,13822.47,0,0.0
indep_600522,2024-01-11,13822.47,0.0,13822.47,0,0.0
indep_600522,2024-01-12,13822.47,0.0,13822.47,0,0.0
indep_600522,2024-01-15,13822.47,0.0,13822.47,0,0.0
indep_600522,2024-01-16,13822.47,0.0,13822.47,0,0.0
indep_600522,2024-01-17,13822.47,0.0,13822.47,0,0.0
indep_600522,2024-01-18,13822.47,0.0,13822.47,0,0.0
indep_600522,2024-01-19,13822.47,0.0,13822.47,0,0.0
indep_600522,2024-01-22,13822.47,0.0,13822.47,0,0.0
indep_600522,2024-01-23,13822.47,0.0,13822.47,0,0.0
indep_600522,2024-01-24,13822.47,0.0,13822.47,0,0.0
indep_600522,2024-01-25,13822.47,0.0,13822.47,0,0.0
indep_600522,2024-01-26,13822.47,0.0,13822.47,0,0.0
indep_600522,2024-01-29,13822.47,0.0,13822.47,0,0.0
indep_600522,2024-01-30,13822.47,0.0,13822.47,0,0.0
indep_600522,2024-01-31,13822.47,0.0,13822.47,0,0.0
indep_600522,2024-02-01,13822.47,0.0,13822.47,0,0.0
indep_600522,2024-02-02,13822.47,0.0,13822.47,0,0.0
indep_600522,2024-02-05,13822.47,0.0,13822.47,0,0.0
indep_600522,2024-02-06,13822.47,0.0,13822.47,0,0.0
indep_600522,2024-02-07,13822.47,0.0,13822.47,0,0.0
indep_600522,2024-02-08,13822.47,0.0,13822.47,0,0.0
indep_600522,2024-02-19,13822.47,0.0,13822.47,0,0.0
indep_600522,2024-02-20,13822.47,0.0,13822.47,0,0.0
indep_600522,2024-02-21,13822.47,0.0,13822.47,0,0.0
indep_600522,2024-02-22,13822.47,0.0,13822.47,0,0.0
indep_600522,2024-02-23,13822.47,0.0,13822.47,0,0.0
indep_600522,2024-02-26,13822.47,0.0,13822.47,0,0.0
indep_600522,2024-02-27,13822.47,0.0,13822.47,0,0.0
indep_600522,2024-02-28,13822.47,0.0,13822.47,0,0.0
indep_600522,2024-02-29,13822.47,0.0,13822.47,0,0.0
indep_600522,2024-03-01,13822.47,0.0,13822.47,0,0.0
indep_600522,2024-03-04,13822.47,0.0,13822.47,0,0.0
indep_600522,2024-03-05,13822.47,0.0,13822.47,0,0.0
indep_600522,2024-03-06,13822.47,0.0,13822.47,0,0.0
indep_600522,2024-03-07,13822.47,0.0,13822.47,0,0.0
indep_600522,2024-03-08,13822.47,0.0,13822.47,0,0.0
indep_600522,2024-03-11,13822.47,0.0,13822.47,0,0.0
indep_600522,2024-03-12,13822.47,0.0,13822.47,0,0.0
indep_600522,2024-03-13,13822.47,0.0,13822.47,0,0.0
indep_600522,2024-03-14,13822.47,0.0,13822.47,0,0.0
indep_600522,2024-03-15,13822.47,0.0,13822.47,0,0.0
indep_600522,2024-03-18,13822.47,0.0,13822.47,0,0.0
indep_600522,2024-03-19,13822.47,0.0,13822.47,0,0.0
indep_600522,2024-03-20,13822.47,0.0,13822.47,0,0.0
indep_600522,2024-03-21,13822.47,0.0,13822.47,0,0.0
indep_600522,2024-03-22,13822.47,0.0,13822.47,0,0.0
indep_600522,2024-03-25,13822.47,0.0,13822.47,0,0.0
indep_600522,2024-03-26,13822.47,0.0,13822.47,0,0.0
indep_600522,2024-03-27,9728.33,3946.93,13675.26,1,28.862
indep_600522,2024-03-28,9728.33,4044.74,13773.07,1,29.367
indep_600522,2024-03-29,9728.33,4036.11,13764.44,1,29.323
indep_600522,2024-04-01,9728.33,4056.24,13784.58,1,29.426
indep_600522,2024-04-02,9728.33,3949.8,13678.14,1,28.877
indep_600522,2024-04-03,13566.52,0.0,13566.52,0,0.0
indep_600522,2024-04-08,13566.52,0.0,13566.52,0,0.0
indep_600522,2024-04-09,9714.28,3863.5,13577.78,1,28.455
indep_600522,2024-04-10,9714.28,3711.03,13425.31,1,27.642
indep_600522,2024-04-11,9714.28,3751.31,13465.58,1,27.858
indep_600522,2024-04-12,9714.28,3837.61,13551.89,1,28.318
indep_600522,2024-04-15,9714.28,3880.76,13595.04,1,28.545
indep_600522,2024-04-16,9714.28,3754.18,13468.46,1,27.874
indep_600522,2024-04-17,9714.28,3849.12,13563.39,1,28.379
indep_600522,2024-04-18,9714.28,3759.94,13474.21,1,27.905
indep_600522,2024-04-19,13324.81,0.0,13324.81,0,0.0
indep_600522,2024-04-22,13324.81,0.0,13324.81,0,0.0
indep_600522,2024-04-23,13324.81,0.0,13324.81,0,0.0
indep_600522,2024-04-24,13324.81,0.0,13324.81,0,0.0
indep_600522,2024-04-25,13324.81,0.0,13324.81,0,0.0
indep_600522,2024-04-26,13324.81,0.0,13324.81,0,0.0
indep_600522,2024-04-29,13324.81,0.0,13324.81,0,0.0
indep_600522,2024-04-30,13324.81,0.0,13324.81,0,0.0
indep_600522,2024-05-06,13324.81,0.0,13324.81,0,0.0
indep_600522,2024-05-07,13324.81,0.0,13324.81,0,0.0
indep_600522,2024-05-08,13324.81,0.0,13324.81,0,0.0
indep_600522,2024-05-09,13324.81,0.0,13324.81,0,0.0
indep_600522,2024-05-10,13324.81,0.0,13324.81,0,0.0
indep_600522,2024-05-13,13324.81,0.0,13324.81,0,0.0
indep_600522,2024-05-14,13324.81,0.0,13324.81,0,0.0
indep_600522,2024-05-15,13324.81,0.0,13324.81,0,0.0
indep_600522,2024-05-16,13324.81,0.0,13324.81,0,0.0
indep_600522,2024-05-17,13324.81,0.0,13324.81,0,0.0
indep_600522,2024-05-20,13324.81,0.0,13324.81,0,0.0
indep_600522,2024-05-21,13324.81,0.0,13324.81,0,0.0
indep_600522,2024-05-22,13324.81,0.0,13324.81,0,0.0
indep_600522,2024-05-23,13324.81,0.0,13324.81,0,0.0
indep_600522,2024-05-24,13324.81,0.0,13324.81,0,0.0
indep_600522,2024-05-27,13324.81,0.0,13324.81,0,0.0
indep_600522,2024-05-28,13324.81,0.0,13324.81,0,0.0
indep_600522,2024-05-29,13324.81,0.0,13324.81,0,0.0
indep_600522,2024-05-30,13324.81,0.0,13324.81,0,0.0
indep_600522,2024-05-31,13324.81,0.0,13324.81,0,0.0
indep_600522,2024-06-03,13324.81,0.0,13324.81,0,0.0
indep_600522,2024-06-04,13324.81,0.0,13324.81,0,0.0
indep_600522,2024-06-05,13324.81,0.0,13324.81,0,0.0
indep_600522,2024-06-06,9144.28,4151.18,13295.46,1,31.223
indep_600522,2024-06-07,9144.28,4159.81,13304.09,1,31.267
indep_600522,2024-06-11,9144.28,4188.58,13332.86,1,31.415
indep_600522,2024-06-12,9144.28,4171.32,13315.6,1,31.327
indep_600522,2024-06-13,9144.28,4214.47,13358.75,1,31.548
indep_600522,2024-06-14,9144.28,4240.36,13384.64,1,31.681
indep_600522,2024-06-17,9144.28,4424.47,13568.75,1,32.608
indep_600522,2024-06-18,9144.28,4496.39,13640.67,1,32.963
indep_600522,2024-06-19,9144.28,4476.25,13620.54,1,32.864
indep_600522,2024-06-20,9144.28,4493.51,13637.8,1,32.949
indep_600522,2024-06-21,9144.28,4548.17,13692.45,1,33.217
indep_600522,2024-06-24,9144.28,4516.53,13660.81,1,33.062
indep_600522,2024-06-25,9144.28,4395.7,13539.99,1,32.465
indep_600522,2024-06-26,9144.28,4407.21,13551.49,1,32.522
indep_600522,2024-06-27,13464.74,0.0,13464.74,0,0.0
indep_600522,2024-06-28,13464.74,0.0,13464.74,0,0.0
indep_600522,2024-07-01,13464.74,0.0,13464.74,0,0.0
indep_600522,2024-07-02,13464.74,0.0,13464.74,0,0.0
indep_600522,2024-07-03,13464.74,0.0,13464.74,0,0.0
indep_600522,2024-07-04,13464.74,0.0,13464.74,0,0.0
indep_600522,2024-07-05,13464.74,0.0,13464.74,0,0.0
indep_600522,2024-07-08,13464.74,0.0,13464.74,0,0.0
indep_600522,2024-07-09,13464.74,0.0,13464.74,0,0.0
indep_600522,2024-07-10,13464.74,0.0,13464.74,0,0.0
indep_600522,2024-07-11,13464.74,0.0,13464.74,0,0.0
indep_600522,2024-07-12,13464.74,0.0,13464.74,0,0.0
indep_600522,2024-07-15,13464.74,0.0,13464.74,0,0.0
indep_600522,2024-07-16,13464.74,0.0,13464.74,0,0.0
indep_600522,2024-07-17,13464.74,0.0,13464.74,0,0.0
indep_600522,2024-07-18,13464.74,0.0,13464.74,0,0.0
indep_600522,2024-07-19,13464.74,0.0,13464.74,0,0.0
indep_600522,2024-07-22,13464.74,0.0,13464.74,0,0.0
indep_600522,2024-07-23,13464.74,0.0,13464.74,0,0.0
indep_600522,2024-07-24,13464.74,0.0,13464.74,0,0.0
indep_600522,2024-07-25,13464.74,0.0,13464.74,0,0.0
indep_600522,2024-07-26,13464.74,0.0,13464.74,0,0.0
indep_600522,2024-07-29,13464.74,0.0,13464.74,0,0.0
indep_600522,2024-07-30,13464.74,0.0,13464.74,0,0.0
indep_600522,2024-07-31,13464.74,0.0,13464.74,0,0.0
indep_600522,2024-08-01,13464.74,0.0,13464.74,0,0.0
indep_600522,2024-08-02,13464.74,0.0,13464.74,0,0.0
indep_600522,2024-08-05,13464.74,0.0,13464.74,0,0.0
indep_600522,2024-08-06,13464.74,0.0,13464.74,0,0.0
indep_600522,2024-08-07,13464.74,0.0,13464.74,0,0.0
indep_600522,2024-08-08,13464.74,0.0,13464.74,0,0.0
indep_600522,2024-08-09,13464.74,0.0,13464.74,0,0.0
indep_600522,2024-08-12,13464.74,0.0,13464.74,0,0.0
indep_600522,2024-08-13,13464.74,0.0,13464.74,0,0.0
indep_600522,2024-08-14,13464.74,0.0,13464.74,0,0.0
indep_600522,2024-08-15,13464.74,0.0,13464.74,0,0.0
indep_600522,2024-08-16,13464.74,0.0,13464.74,0,0.0
indep_600522,2024-08-19,13464.74,0.0,13464.74,0,0.0
indep_600522,2024-08-20,13464.74,0.0,13464.74,0,0.0
indep_600522,2024-08-21,13464.74,0.0,13464.74,0,0.0
indep_600522,2024-08-22,13464.74,0.0,13464.74,0,0.0
indep_600522,2024-08-23,13464.74,0.0,13464.74,0,0.0
indep_600522,2024-08-26,13464.74,0.0,13464.74,0,0.0
indep_600522,2024-08-27,13464.74,0.0,13464.74,0,0.0
indep_600522,2024-08-28,13464.74,0.0,13464.74,0,0.0
indep_600522,2024-08-29,13464.74,0.0,13464.74,0,0.0
indep_600522,2024-08-30,13464.74,0.0,13464.74,0,0.0
indep_600522,2024-09-02,13464.74,0.0,13464.74,0,0.0
indep_600522,2024-09-03,13464.74,0.0,13464.74,0,0.0
indep_600522,2024-09-04,13464.74,0.0,13464.74,0,0.0
indep_600522,2024-09-05,13464.74,0.0,13464.74,0,0.0
indep_600522,2024-09-06,13464.74,0.0,13464.74,0,0.0
indep_600522,2024-09-09,13464.74,0.0,13464.74,0,0.0
indep_600522,2024-09-10,13464.74,0.0,13464.74,0,0.0
indep_600522,2024-09-11,13464.74,0.0,13464.74,0,0.0
indep_600522,2024-09-12,13464.74,0.0,13464.74,0,0.0
indep_600522,2024-09-13,13464.74,0.0,13464.74,0,0.0
indep_600522,2024-09-18,13464.74,0.0,13464.74,0,0.0
indep_600522,2024-09-19,13464.74,0.0,13464.74,0,0.0
indep_600522,2024-09-20,13464.74,0.0,13464.74,0,0.0
indep_600522,2024-09-23,13464.74,0.0,13464.74,0,0.0
indep_600522,2024-09-24,13464.74,0.0,13464.74,0,0.0
indep_600522,2024-09-25,13464.74,0.0,13464.74,0,0.0
indep_600522,2024-09-26,13464.74,0.0,13464.74,0,0.0
indep_600522,2024-09-27,13464.74,0.0,13464.74,0,0.0
indep_600522,2024-09-30,13464.74,0.0,13464.74,0,0.0
indep_600522,2024-10-08,13464.74,0.0,13464.74,0,0.0
indep_600522,2024-10-09,13464.74,0.0,13464.74,0,0.0
indep_600522,2024-10-10,13464.74,0.0,13464.74,0,0.0
indep_600522,2024-10-11,10486.72,2864.92,13351.65,1,21.457
indep_600522,2024-10-14,10486.72,2929.15,13415.87,1,21.833
indep_600522,2024-10-15,10486.72,2822.1,13308.83,1,21.205
indep_600522,2024-10-16,13266.53,0.0,13266.53,0,0.0
indep_600522,2024-10-17,13266.53,0.0,13266.53,0,0.0
indep_600522,2024-10-18,13266.53,0.0,13266.53,0,0.0
indep_600522,2024-10-21,13266.53,0.0,13266.53,0,0.0
indep_600522,2024-10-22,13266.53,0.0,13266.53,0,0.0
indep_600522,2024-10-23,13266.53,0.0,13266.53,0,0.0
indep_600522,2024-10-24,13266.53,0.0,13266.53,0,0.0
indep_600522,2024-10-25,13266.53,0.0,13266.53,0,0.0
indep_600522,2024-10-28,13266.53,0.0,13266.53,0,0.0
indep_600522,2024-10-29,13266.53,0.0,13266.53,0,0.0
indep_600522,2024-10-30,13266.53,0.0,13266.53,0,0.0
indep_600522,2024-10-31,13266.53,0.0,13266.53,0,0.0
indep_600522,2024-11-01,10249.55,3047.87,13297.42,1,22.921
indep_600522,2024-11-04,10249.55,3063.44,13312.99,1,23.011
indep_600522,2024-11-05,10249.55,3154.92,13404.46,1,23.536
indep_600522,2024-11-06,10249.55,3293.1,13542.65,1,24.317
indep_600522,2024-11-07,10249.55,3369.01,13618.55,1,24.738
indep_600522,2024-11-08,10249.55,3365.11,13614.66,1,24.717
indep_600522,2024-11-11,10249.55,3361.22,13610.77,1,24.695
indep_600522,2024-11-12,10249.55,3318.4,13567.95,1,24.458
indep_600522,2024-11-13,10249.55,3337.87,13587.41,1,24.566
indep_600522,2024-11-14,13457.69,0.0,13457.69,0,0.0
indep_600522,2024-11-15,13457.69,0.0,13457.69,0,0.0
indep_600522,2024-11-18,13457.69,0.0,13457.69,0,0.0
indep_600522,2024-11-19,10323.81,3151.02,13474.83,1,23.385
indep_600522,2024-11-20,10323.81,3170.49,13494.3,1,23.495
indep_600522,2024-11-21,10323.81,3176.33,13500.13,1,23.528
indep_600522,2024-11-22,10323.81,3043.98,13367.79,1,22.771
indep_600522,2024-11-25,10323.81,3075.12,13398.93,1,22.95
indep_600522,2024-11-26,10323.81,3069.28,13393.09,1,22.917
indep_600522,2024-11-27,10323.81,3174.38,13498.19,1,23.517
indep_600522,2024-11-28,10323.81,3098.47,13422.28,1,23.085
indep_600522,2024-11-29,10323.81,3090.69,13414.5,1,23.04
indep_600522,2024-12-02,10323.81,3166.59,13490.4,1,23.473
indep_600522,2024-12-03,10323.81,3263.91,13587.72,1,24.021
indep_600522,2024-12-04,10323.81,3178.27,13502.08,1,23.539
indep_600522,2024-12-05,10323.81,3104.31,13428.12,1,23.118
indep_600522,2024-12-06,10323.81,3100.42,13424.23,1,23.096
indep_600522,2024-12-09,10323.81,3090.69,13414.5,1,23.04
indep_600522,2024-12-10,10323.81,3069.28,13393.09,1,22.917
indep_600522,2024-12-11,10323.81,3075.12,13398.93,1,22.95
indep_600522,2024-12-12,10323.81,3082.9,13406.71,1,22.995
indep_600522,2024-12-13,10323.81,3040.09,13363.89,1,22.749
indep_600522,2024-12-16,10323.81,3008.95,13332.75,1,22.568
indep_600522,2024-12-17,10323.81,3016.73,13340.54,1,22.613
indep_600522,2024-12-18,10323.81,3024.52,13348.32,1,22.658
indep_600522,2024-12-19,10323.81,3024.52,13348.32,1,22.658
indep_600522,2024-12-20,10323.81,2997.27,13321.08,1,22.5
indep_600522,2024-12-23,13260.36,0.0,13260.36,0,0.0
indep_600522,2024-12-24,13260.36,0.0,13260.36,0,0.0
indep_600522,2024-12-25,13260.36,0.0,13260.36,0,0.0
indep_600522,2024-12-26,13260.36,0.0,13260.36,0,0.0
indep_600522,2024-12-27,13260.36,0.0,13260.36,0,0.0
indep_600522,2024-12-30,13260.36,0.0,13260.36,0,0.0
indep_600522,2024-12-31,13260.36,0.0,13260.36,0,0.0
indep_600522,2025-01-02,13260.36,0.0,13260.36,0,0.0
indep_600522,2025-01-03,13260.36,0.0,13260.36,0,0.0
indep_600522,2025-01-06,13260.36,0.0,13260.36,0,0.0
indep_600522,2025-01-07,13260.36,0.0,13260.36,0,0.0
indep_600522,2025-01-08,13260.36,0.0,13260.36,0,0.0
indep_600522,2025-01-09,13260.36,0.0,13260.36,0,0.0
indep_600522,2025-01-10,13260.36,0.0,13260.36,0,0.0
indep_600522,2025-01-13,13260.36,0.0,13260.36,0,0.0
indep_600522,2025-01-14,13260.36,0.0,13260.36,0,0.0
indep_600522,2025-01-15,13260.36,0.0,13260.36,0,0.0
indep_600522,2025-01-16,13260.36,0.0,13260.36,0,0.0
indep_600522,2025-01-17,13260.36,0.0,13260.36,0,0.0
indep_600522,2025-01-20,13260.36,0.0,13260.36,0,0.0
indep_600522,2025-01-21,13260.36,0.0,13260.36,0,0.0
indep_600522,2025-01-22,13260.36,0.0,13260.36,0,0.0
indep_600522,2025-01-23,13260.36,0.0,13260.36,0,0.0
indep_600522,2025-01-24,13260.36,0.0,13260.36,0,0.0
indep_600522,2025-01-27,13260.36,0.0,13260.36,0,0.0
indep_600522,2025-02-05,13260.36,0.0,13260.36,0,0.0
indep_600522,2025-02-06,13260.36,0.0,13260.36,0,0.0
indep_600522,2025-02-07,13260.36,0.0,13260.36,0,0.0
indep_600522,2025-02-10,13260.36,0.0,13260.36,0,0.0
indep_600522,2025-02-11,13260.36,0.0,13260.36,0,0.0
indep_600522,2025-02-12,13260.36,0.0,13260.36,0,0.0
indep_600522,2025-02-13,13260.36,0.0,13260.36,0,0.0
indep_600522,2025-02-14,13260.36,0.0,13260.36,0,0.0
indep_600522,2025-02-17,13260.36,0.0,13260.36,0,0.0
indep_600522,2025-02-18,13260.36,0.0,13260.36,0,0.0
indep_600522,2025-02-19,13260.36,0.0,13260.36,0,0.0
indep_600522,2025-02-20,13260.36,0.0,13260.36,0,0.0
indep_600522,2025-02-21,13260.36,0.0,13260.36,0,0.0
indep_600522,2025-02-24,13260.36,0.0,13260.36,0,0.0
indep_600522,2025-02-25,13260.36,0.0,13260.36,0,0.0
indep_600522,2025-02-26,13260.36,0.0,13260.36,0,0.0
indep_600522,2025-02-27,13260.36,0.0,13260.36,0,0.0
indep_600522,2025-02-28,13260.36,0.0,13260.36,0,0.0
indep_600522,2025-03-03,13260.36,0.0,13260.36,0,0.0
indep_600522,2025-03-04,13260.36,0.0,13260.36,0,0.0
indep_600522,2025-03-05,13260.36,0.0,13260.36,0,0.0
indep_600522,2025-03-06,13260.36,0.0,13260.36,0,0.0
indep_600522,2025-03-07,13260.36,0.0,13260.36,0,0.0
indep_600522,2025-03-10,13260.36,0.0,13260.36,0,0.0
indep_600522,2025-03-11,13260.36,0.0,13260.36,0,0.0
indep_600522,2025-03-12,13260.36,0.0,13260.36,0,0.0
indep_600522,2025-03-13,13260.36,0.0,13260.36,0,0.0
indep_600522,2025-03-14,13260.36,0.0,13260.36,0,0.0
indep_600522,2025-03-17,13260.36,0.0,13260.36,0,0.0
indep_600522,2025-03-18,13260.36,0.0,13260.36,0,0.0
indep_600522,2025-03-19,13260.36,0.0,13260.36,0,0.0
indep_600522,2025-03-20,13260.36,0.0,13260.36,0,0.0
indep_600522,2025-03-21,13260.36,0.0,13260.36,0,0.0
indep_600522,2025-03-24,13260.36,0.0,13260.36,0,0.0
indep_600522,2025-03-25,13260.36,0.0,13260.36,0,0.0
indep_600522,2025-03-26,13260.36,0.0,13260.36,0,0.0
indep_600522,2025-03-27,13260.36,0.0,13260.36,0,0.0
indep_600522,2025-03-28,13260.36,0.0,13260.36,0,0.0
indep_600522,2025-03-31,13260.36,0.0,13260.36,0,0.0
indep_600522,2025-04-01,13260.36,0.0,13260.36,0,0.0
indep_600522,2025-04-02,13260.36,0.0,13260.36,0,0.0
indep_600522,2025-04-03,13260.36,0.0,13260.36,0,0.0
indep_600522,2025-04-07,13260.36,0.0,13260.36,0,0.0
indep_600522,2025-04-08,13260.36,0.0,13260.36,0,0.0
indep_600522,2025-04-09,13260.36,0.0,13260.36,0,0.0
indep_600522,2025-04-10,13260.36,0.0,13260.36,0,0.0
indep_600522,2025-04-11,13260.36,0.0,13260.36,0,0.0
indep_600522,2025-04-14,13260.36,0.0,13260.36,0,0.0
indep_600522,2025-04-15,13260.36,0.0,13260.36,0,0.0
indep_600522,2025-04-16,13260.36,0.0,13260.36,0,0.0
indep_600522,2025-04-17,13260.36,0.0,13260.36,0,0.0
indep_600522,2025-04-18,13260.36,0.0,13260.36,0,0.0
indep_600522,2025-04-21,13260.36,0.0,13260.36,0,0.0
indep_600522,2025-04-22,13260.36,0.0,13260.36,0,0.0
indep_600522,2025-04-23,13260.36,0.0,13260.36,0,0.0
indep_600522,2025-04-24,13260.36,0.0,13260.36,0,0.0
indep_600522,2025-04-25,13260.36,0.0,13260.36,0,0.0
indep_600522,2025-04-28,13260.36,0.0,13260.36,0,0.0
indep_600522,2025-04-29,13260.36,0.0,13260.36,0,0.0
indep_600522,2025-04-30,13260.36,0.0,13260.36,0,0.0
indep_600522,2025-05-06,13260.36,0.0,13260.36,0,0.0
indep_600522,2025-05-07,13260.36,0.0,13260.36,0,0.0
indep_600522,2025-05-08,13260.36,0.0,13260.36,0,0.0
indep_600522,2025-05-09,13260.36,0.0,13260.36,0,0.0
indep_600522,2025-05-12,13260.36,0.0,13260.36,0,0.0
indep_600522,2025-05-13,13260.36,0.0,13260.36,0,0.0
indep_600522,2025-05-14,13260.36,0.0,13260.36,0,0.0
indep_600522,2025-05-15,13260.36,0.0,13260.36,0,0.0
indep_600522,2025-05-16,13260.36,0.0,13260.36,0,0.0
indep_600522,2025-05-19,13260.36,0.0,13260.36,0,0.0
indep_600522,2025-05-20,13260.36,0.0,13260.36,0,0.0
indep_600522,2025-05-21,13260.36,0.0,13260.36,0,0.0
indep_600522,2025-05-22,13260.36,0.0,13260.36,0,0.0
indep_600522,2025-05-23,13260.36,0.0,13260.36,0,0.0
indep_600522,2025-05-26,13260.36,0.0,13260.36,0,0.0
indep_600522,2025-05-27,13260.36,0.0,13260.36,0,0.0
indep_600522,2025-05-28,13260.36,0.0,13260.36,0,0.0
indep_600522,2025-05-29,13260.36,0.0,13260.36,0,0.0
indep_600522,2025-05-30,13260.36,0.0,13260.36,0,0.0
indep_600522,2025-06-03,13260.36,0.0,13260.36,0,0.0
indep_600522,2025-06-04,13260.36,0.0,13260.36,0,0.0
indep_600522,2025-06-05,13260.36,0.0,13260.36,0,0.0
indep_600522,2025-06-06,13260.36,0.0,13260.36,0,0.0
indep_600522,2025-06-09,13260.36,0.0,13260.36,0,0.0
indep_600522,2025-06-10,13260.36,0.0,13260.36,0,0.0
indep_600522,2025-06-11,13260.36,0.0,13260.36,0,0.0
indep_600522,2025-06-12,13260.36,0.0,13260.36,0,0.0
indep_600522,2025-06-13,13260.36,0.0,13260.36,0,0.0
indep_600522,2025-06-16,13260.36,0.0,13260.36,0,0.0
indep_600522,2025-06-17,13260.36,0.0,13260.36,0,0.0
indep_600522,2025-06-18,13260.36,0.0,13260.36,0,0.0
indep_600522,2025-06-19,13260.36,0.0,13260.36,0,0.0
indep_600522,2025-06-20,13260.36,0.0,13260.36,0,0.0
indep_600522,2025-06-23,13260.36,0.0,13260.36,0,0.0
indep_600522,2025-06-24,13260.36,0.0,13260.36,0,0.0
indep_600522,2025-06-25,13260.36,0.0,13260.36,0,0.0
indep_600522,2025-06-26,13260.36,0.0,13260.36,0,0.0
indep_600522,2025-06-27,13260.36,0.0,13260.36,0,0.0
indep_600522,2025-06-30,13260.36,0.0,13260.36,0,0.0
indep_600522,2025-07-01,13260.36,0.0,13260.36,0,0.0
indep_600522,2025-07-02,13260.36,0.0,13260.36,0,0.0
indep_600522,2025-07-03,13260.36,0.0,13260.36,0,0.0
indep_600522,2025-07-04,13260.36,0.0,13260.36,0,0.0
indep_600522,2025-07-07,9140.67,4107.62,13248.29,1,31.005
indep_600522,2025-07-08,9140.67,4198.12,13338.79,1,31.473
indep_600522,2025-07-09,9140.67,4168.93,13309.6,1,31.323
indep_600522,2025-07-10,9140.67,4157.25,13297.92,1,31.262
indep_600522,2025-07-11,9140.67,4130.98,13271.65,1,31.126
indep_600522,2025-07-14,9140.67,4148.49,13289.16,1,31.217
indep_600522,2025-07-15,9140.67,4104.7,13245.37,1,30.99
indep_600522,2025-07-16,9140.67,4090.1,13230.77,1,30.914
indep_600522,2025-07-17,9140.67,4166.01,13306.68,1,31.308
indep_600522,2025-07-18,9140.67,4107.62,13248.29,1,31.005
indep_600522,2025-07-21,9140.67,4206.88,13347.55,1,31.518
indep_600522,2025-07-22,9140.67,4218.56,13359.23,1,31.578
indep_600522,2025-07-23,9140.67,4166.01,13306.68,1,31.308
indep_600522,2025-07-24,9140.67,4186.44,13327.11,1,31.413
indep_600522,2025-07-25,9140.67,4150.66,13291.33,1,31.228
indep_600522,2025-07-28,9140.67,4165.57,13306.24,1,31.305
indep_600522,2025-07-29,9140.67,4156.62,13297.29,1,31.259
indep_600522,2025-07-30,9140.67,4156.62,13297.29,1,31.259
indep_600522,2025-07-31,9140.67,4129.79,13270.46,1,31.12
indep_600522,2025-08-01,9140.67,4180.48,13321.15,1,31.382
indep_600522,2025-08-04,9140.67,4156.62,13297.29,1,31.259
indep_600522,2025-08-05,9140.67,4249.06,13389.73,1,31.734
indep_600522,2025-08-06,9140.67,4216.26,13356.93,1,31.566
indep_600522,2025-08-07,9140.67,4189.42,13330.09,1,31.428
indep_600522,2025-08-08,9140.67,4266.95,13407.62,1,31.825
indep_600522,2025-08-11,9140.67,4332.55,13473.22,1,32.157
indep_600522,2025-08-12,9140.67,4350.44,13491.11,1,32.247
indep_600522,2025-08-13,9140.67,4395.17,13535.84,1,32.471
indep_600522,2025-08-14,9140.67,4323.6,13464.27,1,32.112
indep_600522,2025-08-15,9140.67,4529.35,13670.02,1,33.133
indep_600522,2025-08-18,9140.67,4556.18,13696.85,1,33.264
indep_600522,2025-08-19,9140.67,4591.97,13732.64,1,33.438
indep_600522,2025-08-20,9140.67,4562.15,13702.82,1,33.294
indep_600522,2025-08-21,9140.67,4487.6,13628.27,1,32.929
indep_600522,2025-08-22,9140.67,4532.33,13673.0,1,33.148
indep_600522,2025-08-25,9140.67,4726.15,13866.82,1,34.082
indep_600522,2025-08-26,9140.67,4764.91,13905.58,1,34.266
indep_600522,2025-08-27,9140.67,4699.31,13839.98,1,33.955
indep_600522,2025-08-28,9140.67,4893.13,14033.8,1,34.867
indep_600522,2025-08-29,9140.67,4842.44,13983.11,1,34.631
indep_600522,2025-09-01,9140.67,4812.62,13953.29,1,34.491
indep_600522,2025-09-02,9140.67,4651.6,13792.27,1,33.726
indep_600522,2025-09-03,13745.7,0.0,13745.7,0,0.0
indep_600522,2025-09-04,13745.7,0.0,13745.7,0,0.0
indep_600522,2025-09-05,13745.7,0.0,13745.7,0,0.0
indep_600522,2025-09-08,13745.7,0.0,13745.7,0,0.0
indep_600522,2025-09-09,13745.7,0.0,13745.7,0,0.0
indep_600522,2025-09-10,13745.7,0.0,13745.7,0,0.0
indep_600522,2025-09-11,13745.7,0.0,13745.7,0,0.0
indep_600522,2025-09-12,13745.7,0.0,13745.7,0,0.0
indep_600522,2025-09-15,13745.7,0.0,13745.7,0,0.0
indep_600522,2025-09-16,13745.7,0.0,13745.7,0,0.0
indep_600522,2025-09-17,13745.7,0.0,13745.7,0,0.0
indep_600522,2025-09-18,13745.7,0.0,13745.7,0,0.0
indep_600522,2025-09-19,13745.7,0.0,13745.7,0,0.0
indep_600522,2025-09-22,13745.7,0.0,13745.7,0,0.0
indep_600522,2025-09-23,13745.7,0.0,13745.7,0,0.0
indep_600522,2025-09-24,13745.7,0.0,13745.7,0,0.0
indep_600522,2025-09-25,13745.7,0.0,13745.7,0,0.0
indep_600522,2025-09-26,13745.7,0.0,13745.7,0,0.0
indep_600522,2025-09-29,13745.7,0.0,13745.7,0,0.0
indep_600522,2025-09-30,13745.7,0.0,13745.7,0,0.0
indep_600522,2025-10-09,13745.7,0.0,13745.7,0,0.0
indep_600522,2025-10-10,13745.7,0.0,13745.7,0,0.0
indep_600522,2025-10-13,10115.15,3761.04,13876.19,1,27.104
indep_600522,2025-10-14,10115.15,3568.22,13683.37,1,26.077
indep_600522,2025-10-15,10115.15,3641.77,13756.92,1,26.472
indep_600522,2025-10-16,10115.15,3544.36,13659.52,1,25.948
indep_600522,2025-10-17,13517.0,0.0,13517.0,0,0.0
indep_600522,2025-10-20,13517.0,0.0,13517.0,0,0.0
indep_600522,2025-10-21,13517.0,0.0,13517.0,0,0.0
indep_600522,2025-10-22,10031.72,3472.8,13504.52,1,25.716
indep_600522,2025-10-23,10031.72,3500.63,13532.35,1,25.869
indep_600522,2025-10-24,10031.72,3556.29,13588.01,1,26.172
indep_600522,2025-10-27,10031.72,3562.25,13593.97,1,26.205
indep_600522,2025-10-28,10031.72,3389.31,13421.03,1,25.254
indep_600522,2025-10-29,10031.72,3460.87,13492.59,1,25.65
indep_600522,2025-10-30,10031.72,3381.36,13413.08,1,25.209
indep_600522,2025-10-31,10031.72,3371.42,13403.14,1,25.154
indep_600522,2025-11-03,10031.72,3339.61,13371.33,1,24.976
indep_600522,2025-11-04,13297.77,0.0,13297.77,0,0.0
indep_600522,2025-11-05,13297.77,0.0,13297.77,0,0.0
indep_600522,2025-11-06,13297.77,0.0,13297.77,0,0.0
indep_600522,2025-11-07,13297.77,0.0,13297.77,0,0.0
indep_600522,2025-11-10,13297.77,0.0,13297.77,0,0.0
indep_600522,2025-11-11,9866.21,3387.32,13253.53,1,25.558
indep_600522,2025-11-12,9866.21,3307.81,13174.02,1,25.109
indep_600522,2025-11-13,9866.21,3343.59,13209.8,1,25.311
indep_600522,2025-11-14,9866.21,3299.85,13166.07,1,25.063
indep_600522,2025-11-17,9866.21,3250.16,13116.37,1,24.779
indep_600522,2025-11-18,9866.21,3246.18,13112.4,1,24.757
indep_600522,2025-11-19,13082.34,0.0,13082.34,0,0.0
indep_600522,2025-11-20,13082.34,0.0,13082.34,0,0.0
indep_600522,2025-11-21,13082.34,0.0,13082.34,0,0.0
indep_600522,2025-11-24,13082.34,0.0,13082.34,0,0.0
indep_600522,2025-11-25,13082.34,0.0,13082.34,0,0.0
indep_600522,2025-11-26,13082.34,0.0,13082.34,0,0.0
indep_600522,2025-11-27,13082.34,0.0,13082.34,0,0.0
indep_600522,2025-11-28,13082.34,0.0,13082.34,0,0.0
indep_600522,2025-12-01,13082.34,0.0,13082.34,0,0.0
indep_600522,2025-12-02,13082.34,0.0,13082.34,0,0.0
indep_600522,2025-12-03,13082.34,0.0,13082.34,0,0.0
indep_600522,2025-12-04,13082.34,0.0,13082.34,0,0.0
indep_600522,2025-12-05,13082.34,0.0,13082.34,0,0.0
indep_600522,2025-12-08,13082.34,0.0,13082.34,0,0.0
indep_600522,2025-12-09,13082.34,0.0,13082.34,0,0.0
indep_600522,2025-12-10,13082.34,0.0,13082.34,0,0.0
indep_600522,2025-12-11,13082.34,0.0,13082.34,0,0.0
indep_600522,2025-12-12,13082.34,0.0,13082.34,0,0.0
indep_600522,2025-12-15,13082.34,0.0,13082.34,0,0.0
indep_600522,2025-12-16,13082.34,0.0,13082.34,0,0.0
indep_600522,2025-12-17,13082.34,0.0,13082.34,0,0.0
indep_600522,2025-12-18,13082.34,0.0,13082.34,0,0.0
indep_600522,2025-12-19,13082.34,0.0,13082.34,0,0.0
indep_600522,2025-12-22,13082.34,0.0,13082.34,0,0.0
indep_600522,2025-12-23,13082.34,0.0,13082.34,0,0.0
indep_600522,2025-12-24,13082.34,0.0,13082.34,0,0.0
indep_600522,2025-12-25,13082.34,0.0,13082.34,0,0.0
indep_600522,2025-12-26,9447.82,3657.67,13105.49,1,27.909
indep_600522,2025-12-29,9447.82,3598.03,13045.85,1,27.58
indep_600522,2025-12-30,9447.82,3594.06,13041.88,1,27.558
indep_600522,2025-12-31,9447.82,3602.01,13049.83,1,27.602
indep_600522,2026-01-05,9447.82,3637.79,13085.61,1,27.8
indep_600522,2026-01-06,9447.82,3629.84,13077.66,1,27.756
indep_600522,2026-01-07,9447.82,3643.75,13091.57,1,27.833
indep_600522,2026-01-08,9447.82,3621.89,13069.71,1,27.712
indep_600522,2026-01-09,9447.82,3673.57,13121.39,1,27.997
indep_600522,2026-01-12,9447.82,3699.41,13147.23,1,28.138
indep_600522,2026-01-13,9447.82,3574.18,13022.0,1,27.447
indep_600522,2026-01-14,9447.82,3590.08,13037.9,1,27.536
indep_600522,2026-01-15,9447.82,3586.11,13033.93,1,27.514
indep_600522,2026-01-16,9447.82,3683.51,13131.33,1,28.051
indep_600522,2026-01-19,9447.82,3826.64,13274.46,1,28.827
indep_600522,2026-01-20,9447.82,3816.7,13264.52,1,28.774
indep_600522,2026-01-21,9447.82,3816.7,13264.52,1,28.774
indep_600522,2026-01-22,9447.82,3753.09,13200.91,1,28.431
indep_600522,2026-01-23,9447.82,3933.98,13381.8,1,29.398
indep_600522,2026-01-26,9447.82,4164.58,13612.39,1,30.594
indep_600522,2026-01-27,9447.82,4202.34,13650.16,1,30.786
indep_600522,2026-01-28,9447.82,4343.48,13791.3,1,31.494
indep_600522,2026-01-29,13616.51,0.0,13616.51,0,0.0
indep_600522,2026-01-30,13616.51,0.0,13616.51,0,0.0
indep_600522,2026-02-02,13616.51,0.0,13616.51,0,0.0
indep_600522,2026-02-03,13616.51,0.0,13616.51,0,0.0
indep_600522,2026-02-04,13616.51,0.0,13616.51,0,0.0
indep_600522,2026-02-05,13616.51,0.0,13616.51,0,0.0
indep_600522,2026-02-06,13616.51,0.0,13616.51,0,0.0
indep_600522,2026-02-09,13616.51,0.0,13616.51,0,0.0
indep_600522,2026-02-10,13616.51,0.0,13616.51,0,0.0
indep_600522,2026-02-11,13616.51,0.0,13616.51,0,0.0
indep_600522,2026-02-12,13616.51,0.0,13616.51,0,0.0
indep_600522,2026-02-13,13616.51,0.0,13616.51,0,0.0
indep_600522,2026-02-24,13616.51,0.0,13616.51,0,0.0
indep_600522,2026-02-25,13616.51,0.0,13616.51,0,0.0
indep_600522,2026-02-26,13616.51,0.0,13616.51,0,0.0
indep_600522,2026-02-27,13616.51,0.0,13616.51,0,0.0
indep_600522,2026-03-02,13616.51,0.0,13616.51,0,0.0
indep_600522,2026-03-03,13616.51,0.0,13616.51,0,0.0
indep_600522,2026-03-04,13616.51,0.0,13616.51,0,0.0
indep_600522,2026-03-05,13616.51,0.0,13616.51,0,0.0
indep_600522,2026-03-06,10895.33,2721.39,13616.72,1,19.986
indep_600522,2026-03-09,13444.47,0.0,13444.47,0,0.0
indep_600522,2026-03-10,13444.47,0.0,13444.47,0,0.0
indep_600522,2026-03-11,13444.47,0.0,13444.47,0,0.0
indep_600522,2026-03-12,13444.47,0.0,13444.47,0,0.0
indep_600522,2026-03-13,13444.47,0.0,13444.47,0,0.0
indep_600522,2026-03-16,13444.47,0.0,13444.47,0,0.0
indep_600522,2026-03-17,10753.15,2596.15,13349.3,1,19.448
indep_600522,2026-03-18,10753.15,2643.86,13397.01,1,19.735
indep_600522,2026-03-19,10753.15,2574.28,13327.43,1,19.316
indep_600522,2026-03-20,10753.15,2554.41,13307.55,1,19.195
indep_600522,2026-03-23,13189.53,0.0,13189.53,0,0.0
indep_600522,2026-03-24,13189.53,0.0,13189.53,0,0.0
indep_600522,2026-03-25,13189.53,0.0,13189.53,0,0.0
indep_600522,2026-03-26,13189.53,0.0,13189.53,0,0.0
indep_600522,2026-03-27,10569.84,2688.59,13258.42,1,20.278
indep_600522,2026-03-30,10569.84,2881.41,13451.25,1,21.421
indep_600522,2026-03-31,10569.84,2990.74,13560.58,1,22.055
indep_600522,2026-04-01,13434.5,0.0,13434.5,0,0.0
indep_600522,2026-04-02,13434.5,0.0,13434.5,0,0.0
indep_600522,2026-04-03,13434.5,0.0,13434.5,0,0.0
indep_600522,2026-04-07,13434.5,0.0,13434.5,0,0.0
indep_600522,2026-04-08,13434.5,0.0,13434.5,0,0.0
indep_600522,2026-04-09,13434.5,0.0,13434.5,0,0.0
indep_600522,2026-04-10,13434.5,0.0,13434.5,0,0.0
indep_600522,2026-04-13,13434.5,0.0,13434.5,0,0.0
indep_600522,2026-04-14,13434.5,0.0,13434.5,0,0.0
indep_600522,2026-04-15,13434.5,0.0,13434.5,0,0.0
indep_600522,2026-04-16,13434.5,0.0,13434.5,0,0.0
indep_600522,2026-04-17,13434.5,0.0,13434.5,0,0.0
indep_600522,2026-04-20,13434.5,0.0,13434.5,0,0.0
indep_600522,2026-04-21,13434.5,0.0,13434.5,0,0.0
indep_600522,2026-04-22,13434.5,0.0,13434.5,0,0.0
indep_600522,2026-04-23,13434.5,0.0,13434.5,0,0.0
indep_600522,2026-04-24,13434.5,0.0,13434.5,0,0.0
indep_600522,2026-04-27,13434.5,0.0,13434.5,0,0.0
indep_600522,2026-04-28,13434.5,0.0,13434.5,0,0.0
indep_600522,2026-04-29,13434.5,0.0,13434.5,0,0.0
indep_600522,2026-04-30,13434.5,0.0,13434.5,0,0.0
indep_600522,2026-05-06,13434.5,0.0,13434.5,0,0.0
indep_600522,2026-05-07,13434.5,0.0,13434.5,0,0.0
indep_600522,2026-05-08,13434.5,0.0,13434.5,0,0.0
indep_600522,2026-05-11,13434.5,0.0,13434.5,0,0.0
indep_600522,2026-05-12,13434.5,0.0,13434.5,0,0.0
indep_600522,2026-05-13,13434.5,0.0,13434.5,0,0.0
indep_600522,2026-05-14,13434.5,0.0,13434.5,0,0.0
indep_600522,2026-05-15,13434.5,0.0,13434.5,0,0.0
indep_600522,2026-05-18,13434.5,0.0,13434.5,0,0.0
indep_600522,2026-05-19,13434.5,0.0,13434.5,0,0.0
indep_600522,2026-05-20,13434.5,0.0,13434.5,0,0.0
indep_600522,2026-05-21,13434.5,0.0,13434.5,0,0.0
indep_600522,2026-05-22,13434.5,0.0,13434.5,0,0.0
indep_600522,2026-05-25,13434.5,0.0,13434.5,0,0.0
indep_600522,2026-05-26,13434.5,0.0,13434.5,0,0.0
indep_600522,2026-05-27,9474.63,3881.3,13355.93,1,29.061
indep_600522,2026-05-28,9474.63,4027.41,13502.04,1,29.828
indep_600522,2026-05-29,9474.63,4193.4,13668.03,1,30.68
indep_600522,2026-06-01,13542.47,0.0,13542.47,0,0.0
indep_600522,2026-06-02,13542.47,0.0,13542.47,0,0.0
indep_600522,2026-06-03,13542.47,0.0,13542.47,0,0.0
indep_600522,2026-06-04,13542.47,0.0,13542.47,0,0.0
indep_600522,2026-06-05,13542.47,0.0,13542.47,0,0.0
indep_600522,2026-06-08,13542.47,0.0,13542.47,0,0.0
indep_600522,2026-06-09,13542.47,0.0,13542.47,0,0.0
indep_600522,2026-06-10,13542.47,0.0,13542.47,0,0.0
indep_600522,2026-06-11,13542.47,0.0,13542.47,0,0.0
indep_600522,2026-06-12,13542.47,0.0,13542.47,0,0.0
indep_600522,2026-06-15,13542.47,0.0,13542.47,0,0.0
indep_600522,2026-06-16,13542.47,0.0,13542.47,0,0.0
indep_600522,2026-06-17,13542.47,0.0,13542.47,0,0.0
indep_600522,2026-06-18,13542.47,0.0,13542.47,0,0.0
indep_600522,2026-06-22,13542.47,0.0,13542.47,0,0.0
indep_600522,2026-06-23,13542.47,0.0,13542.47,0,0.0
indep_600522,2026-06-24,13542.47,0.0,13542.47,0,0.0
indep_600522,2026-06-25,13542.47,0.0,13542.47,0,0.0
indep_600522,2026-06-26,13542.47,0.0,13542.47,0,0.0
indep_600522,2026-06-29,13542.47,0.0,13542.47,0,0.0
indep_600522,2026-06-30,13542.47,0.0,13542.47,0,0.0
indep_600522,2026-07-01,13542.47,0.0,13542.47,0,0.0
indep_600522,2026-07-02,13542.47,0.0,13542.47,0,0.0
indep_600522,2026-07-03,13542.47,0.0,13542.47,0,0.0
indep_600522,2026-07-06,13542.47,0.0,13542.47,0,0.0
indep_600522,2026-07-07,13542.47,0.0,13542.47,0,0.0
indep_600522,2026-07-08,13542.47,0.0,13542.47,0,0.0
indep_600522,2026-07-09,13542.47,0.0,13542.47,0,0.0
indep_600522,2026-07-10,13542.47,0.0,13542.47,0,0.0
indep_600522,2026-07-13,13542.47,0.0,13542.47,0,0.0
indep_600522,2026-07-14,13542.47,0.0,13542.47,0,0.0
indep_600522,2026-07-15,13542.47,0.0,13542.47,0,0.0
indep_600522,2026-07-16,13542.47,0.0,13542.47,0,0.0
indep_600522,2026-07-17,13542.47,0.0,13542.47,0,0.0
indep_600522,2026-07-20,13542.47,0.0,13542.47,0,0.0
indep_600522,2026-07-21,13542.47,0.0,13542.47,0,0.0
indep_600522,2026-07-22,13542.47,0.0,13542.47,0,0.0
indep_600522,2026-07-23,13542.47,0.0,13542.47,0,0.0
indep_600522,2026-07-24,13542.47,0.0,13542.47,0,0.0
indep_600522,2026-07-27,13542.47,0.0,13542.47,0,0.0
indep_600522,2026-07-28,13542.47,0.0,13542.47,0,0.0
indep_600522,2026-07-29,13542.47,0.0,13542.47,0,0.0
indep_600522,2026-07-30,13542.47,0.0,13542.47,0,0.0
indep_600522,2026-07-31,13542.47,0.0,13542.47,0,0.0
indep_600522,2026-08-03,13542.47,0.0,13542.47,0,0.0
indep_600522,2026-08-04,13542.47,0.0,13542.47,0,0.0
indep_600522,2026-08-05,13542.47,0.0,13542.47,0,0.0
indep_600522,2026-08-06,13542.47,0.0,13542.47,0,0.0
indep_600522,2026-08-07,13542.47,0.0,13542.47,0,0.0
indep_600522,2026-08-10,13542.47,0.0,13542.47,0,0.0
indep_600522,2026-08-11,13542.47,0.0,13542.47,0,0.0
indep_600522,2026-08-12,13542.47,0.0,13542.47,0,0.0
indep_600522,2026-08-13,13542.47,0.0,13542.47,0,0.0
indep_600522,2026-08-14,13542.47,0.0,13542.47,0,0.0
indep_600522,2026-08-17,13542.47,0.0,13542.47,0,0.0
indep_600522,2026-08-18,13542.47,0.0,13542.47,0,0.0
indep_600522,2026-08-19,13542.47,0.0,13542.47,0,0.0
indep_600522,2026-08-20,13542.47,0.0,13542.47,0,0.0
indep_600522,2026-08-21,13542.47,0.0,13542.47,0,0.0
indep_600522,2026-08-24,13542.47,0.0,13542.47,0,0.0
indep_600522,2026-08-25,13542.47,0.0,13542.47,0,0.0
indep_600522,2026-08-26,13542.47,0.0,13542.47,0,0.0
indep_600522,2026-08-27,13542.47,0.0,13542.47,0,0.0
indep_600522,2026-08-28,13542.47,0.0,13542.47,0,0.0
indep_600522,2026-08-31,13542.47,0.0,13542.47,0,0.0
indep_600522,2026-09-01,13542.47,0.0,13542.47,0,0.0
indep_600522,2026-09-02,13542.47,0.0,13542.47,0,0.0
indep_600522,2026-09-03,13542.47,0.0,13542.47,0,0.0
indep_600522,2026-09-04,13542.47,0.0,13542.47,0,0.0
indep_600522,2026-09-07,13542.47,0.0,13542.47,0,0.0
indep_600522,2026-09-08,13542.47,0.0,13542.47,0,0.0
indep_600522,2026-09-09,13542.47,0.0,13542.47,0,0.0
indep_600522,2026-09-10,13542.47,0.0,13542.47,0,0.0
indep_600522,2026-09-11,13542.47,0.0,13542.47,0,0.0
indep_600522,2026-09-14,13542.47,0.0,13542.47,0,0.0
indep_002396,2023-09-14,13822.47,0.0,13822.47,0,0.0
indep_002396,2023-09-15,13822.47,0.0,13822.47,0,0.0
indep_002396,2023-09-18,13822.47,0.0,13822.47,0,0.0
indep_002396,2023-09-19,13822.47,0.0,13822.47,0,0.0
indep_002396,2023-09-20,13822.47,0.0,13822.47,0,0.0
indep_002396,2023-09-21,13822.47,0.0,13822.47,0,0.0
indep_002396,2023-09-22,13822.47,0.0,13822.47,0,0.0
indep_002396,2023-09-25,13822.47,0.0,13822.47,0,0.0
indep_002396,2023-09-26,13822.47,0.0,13822.47,0,0.0
indep_002396,2023-09-27,13822.47,0.0,13822.47,0,0.0
indep_002396,2023-09-28,13822.47,0.0,13822.47,0,0.0
indep_002396,2023-10-09,13822.47,0.0,13822.47,0,0.0
indep_002396,2023-10-10,13822.47,0.0,13822.47,0,0.0
indep_002396,2023-10-11,13822.47,0.0,13822.47,0,0.0
indep_002396,2023-10-12,13822.47,0.0,13822.47,0,0.0
indep_002396,2023-10-13,13822.47,0.0,13822.47,0,0.0
indep_002396,2023-10-16,13822.47,0.0,13822.47,0,0.0
indep_002396,2023-10-17,13822.47,0.0,13822.47,0,0.0
indep_002396,2023-10-18,13822.47,0.0,13822.47,0,0.0
indep_002396,2023-10-19,13822.47,0.0,13822.47,0,0.0
indep_002396,2023-10-20,13822.47,0.0,13822.47,0,0.0
indep_002396,2023-10-23,13822.47,0.0,13822.47,0,0.0
indep_002396,2023-10-24,13822.47,0.0,13822.47,0,0.0
indep_002396,2023-10-25,13822.47,0.0,13822.47,0,0.0
indep_002396,2023-10-26,13822.47,0.0,13822.47,0,0.0
indep_002396,2023-10-27,13822.47,0.0,13822.47,0,0.0
indep_002396,2023-10-30,13822.47,0.0,13822.47,0,0.0
indep_002396,2023-10-31,13822.47,0.0,13822.47,0,0.0
indep_002396,2023-11-01,13822.47,0.0,13822.47,0,0.0
indep_002396,2023-11-02,13822.47,0.0,13822.47,0,0.0
indep_002396,2023-11-03,13822.47,0.0,13822.47,0,0.0
indep_002396,2023-11-06,13822.47,0.0,13822.47,0,0.0
indep_002396,2023-11-07,13822.47,0.0,13822.47,0,0.0
indep_002396,2023-11-08,13822.47,0.0,13822.47,0,0.0
indep_002396,2023-11-09,13822.47,0.0,13822.47,0,0.0
indep_002396,2023-11-10,13822.47,0.0,13822.47,0,0.0
indep_002396,2023-11-13,13822.47,0.0,13822.47,0,0.0
indep_002396,2023-11-14,13822.47,0.0,13822.47,0,0.0
indep_002396,2023-11-15,13822.47,0.0,13822.47,0,0.0
indep_002396,2023-11-16,13822.47,0.0,13822.47,0,0.0
indep_002396,2023-11-17,13822.47,0.0,13822.47,0,0.0
indep_002396,2023-11-20,13822.47,0.0,13822.47,0,0.0
indep_002396,2023-11-21,13822.47,0.0,13822.47,0,0.0
indep_002396,2023-11-22,13822.47,0.0,13822.47,0,0.0
indep_002396,2023-11-23,13822.47,0.0,13822.47,0,0.0
indep_002396,2023-11-24,13822.47,0.0,13822.47,0,0.0
indep_002396,2023-11-27,13822.47,0.0,13822.47,0,0.0
indep_002396,2023-11-28,13822.47,0.0,13822.47,0,0.0
indep_002396,2023-11-29,13822.47,0.0,13822.47,0,0.0
indep_002396,2023-11-30,13822.47,0.0,13822.47,0,0.0
indep_002396,2023-12-01,13822.47,0.0,13822.47,0,0.0
indep_002396,2023-12-04,13822.47,0.0,13822.47,0,0.0
indep_002396,2023-12-05,13822.47,0.0,13822.47,0,0.0
indep_002396,2023-12-06,13822.47,0.0,13822.47,0,0.0
indep_002396,2023-12-07,13822.47,0.0,13822.47,0,0.0
indep_002396,2023-12-08,13822.47,0.0,13822.47,0,0.0
indep_002396,2023-12-11,13822.47,0.0,13822.47,0,0.0
indep_002396,2023-12-12,13822.47,0.0,13822.47,0,0.0
indep_002396,2023-12-13,13822.47,0.0,13822.47,0,0.0
indep_002396,2023-12-14,13822.47,0.0,13822.47,0,0.0
indep_002396,2023-12-15,13822.47,0.0,13822.47,0,0.0
indep_002396,2023-12-18,13822.47,0.0,13822.47,0,0.0
indep_002396,2023-12-19,13822.47,0.0,13822.47,0,0.0
indep_002396,2023-12-20,13822.47,0.0,13822.47,0,0.0
indep_002396,2023-12-21,13822.47,0.0,13822.47,0,0.0
indep_002396,2023-12-22,13822.47,0.0,13822.47,0,0.0
indep_002396,2023-12-25,13822.47,0.0,13822.47,0,0.0
indep_002396,2023-12-26,13822.47,0.0,13822.47,0,0.0
indep_002396,2023-12-27,13822.47,0.0,13822.47,0,0.0
indep_002396,2023-12-28,13822.47,0.0,13822.47,0,0.0
indep_002396,2023-12-29,13822.47,0.0,13822.47,0,0.0
indep_002396,2024-01-02,13822.47,0.0,13822.47,0,0.0
indep_002396,2024-01-03,13822.47,0.0,13822.47,0,0.0
indep_002396,2024-01-04,13822.47,0.0,13822.47,0,0.0
indep_002396,2024-01-05,13822.47,0.0,13822.47,0,0.0
indep_002396,2024-01-08,13822.47,0.0,13822.47,0,0.0
indep_002396,2024-01-09,13822.47,0.0,13822.47,0,0.0
indep_002396,2024-01-10,13822.47,0.0,13822.47,0,0.0
indep_002396,2024-01-11,13822.47,0.0,13822.47,0,0.0
indep_002396,2024-01-12,13822.47,0.0,13822.47,0,0.0
indep_002396,2024-01-15,13822.47,0.0,13822.47,0,0.0
indep_002396,2024-01-16,13822.47,0.0,13822.47,0,0.0
indep_002396,2024-01-17,13822.47,0.0,13822.47,0,0.0
indep_002396,2024-01-18,13822.47,0.0,13822.47,0,0.0
indep_002396,2024-01-19,13822.47,0.0,13822.47,0,0.0
indep_002396,2024-01-22,13822.47,0.0,13822.47,0,0.0
indep_002396,2024-01-23,13822.47,0.0,13822.47,0,0.0
indep_002396,2024-01-24,13822.47,0.0,13822.47,0,0.0
indep_002396,2024-01-25,13822.47,0.0,13822.47,0,0.0
indep_002396,2024-01-26,13822.47,0.0,13822.47,0,0.0
indep_002396,2024-01-29,13822.47,0.0,13822.47,0,0.0
indep_002396,2024-01-30,13822.47,0.0,13822.47,0,0.0
indep_002396,2024-01-31,13822.47,0.0,13822.47,0,0.0
indep_002396,2024-02-01,13822.47,0.0,13822.47,0,0.0
indep_002396,2024-02-02,13822.47,0.0,13822.47,0,0.0
indep_002396,2024-02-05,13822.47,0.0,13822.47,0,0.0
indep_002396,2024-02-06,13822.47,0.0,13822.47,0,0.0
indep_002396,2024-02-07,13822.47,0.0,13822.47,0,0.0
indep_002396,2024-02-08,13822.47,0.0,13822.47,0,0.0
indep_002396,2024-02-19,13822.47,0.0,13822.47,0,0.0
indep_002396,2024-02-20,13822.47,0.0,13822.47,0,0.0
indep_002396,2024-02-21,13822.47,0.0,13822.47,0,0.0
indep_002396,2024-02-22,13822.47,0.0,13822.47,0,0.0
indep_002396,2024-02-23,13822.47,0.0,13822.47,0,0.0
indep_002396,2024-02-26,13822.47,0.0,13822.47,0,0.0
indep_002396,2024-02-27,13822.47,0.0,13822.47,0,0.0
indep_002396,2024-02-28,13822.47,0.0,13822.47,0,0.0
indep_002396,2024-02-29,13822.47,0.0,13822.47,0,0.0
indep_002396,2024-03-01,13822.47,0.0,13822.47,0,0.0
indep_002396,2024-03-04,13822.47,0.0,13822.47,0,0.0
indep_002396,2024-03-05,13822.47,0.0,13822.47,0,0.0
indep_002396,2024-03-06,13822.47,0.0,13822.47,0,0.0
indep_002396,2024-03-07,13822.47,0.0,13822.47,0,0.0
indep_002396,2024-03-08,13822.47,0.0,13822.47,0,0.0
indep_002396,2024-03-11,13822.47,0.0,13822.47,0,0.0
indep_002396,2024-03-12,13822.47,0.0,13822.47,0,0.0
indep_002396,2024-03-13,13822.47,0.0,13822.47,0,0.0
indep_002396,2024-03-14,13822.47,0.0,13822.47,0,0.0
indep_002396,2024-03-15,13822.47,0.0,13822.47,0,0.0
indep_002396,2024-03-18,13822.47,0.0,13822.47,0,0.0
indep_002396,2024-03-19,13822.47,0.0,13822.47,0,0.0
indep_002396,2024-03-20,13822.47,0.0,13822.47,0,0.0
indep_002396,2024-03-21,13822.47,0.0,13822.47,0,0.0
indep_002396,2024-03-22,13822.47,0.0,13822.47,0,0.0
indep_002396,2024-03-25,13822.47,0.0,13822.47,0,0.0
indep_002396,2024-03-26,13822.47,0.0,13822.47,0,0.0
indep_002396,2024-03-27,13822.47,0.0,13822.47,0,0.0
indep_002396,2024-03-28,13822.47,0.0,13822.47,0,0.0
indep_002396,2024-03-29,13822.47,0.0,13822.47,0,0.0
indep_002396,2024-04-01,13822.47,0.0,13822.47,0,0.0
indep_002396,2024-04-02,13822.47,0.0,13822.47,0,0.0
indep_002396,2024-04-03,13822.47,0.0,13822.47,0,0.0
indep_002396,2024-04-08,13822.47,0.0,13822.47,0,0.0
indep_002396,2024-04-09,13822.47,0.0,13822.47,0,0.0
indep_002396,2024-04-10,13822.47,0.0,13822.47,0,0.0
indep_002396,2024-04-11,13822.47,0.0,13822.47,0,0.0
indep_002396,2024-04-12,13822.47,0.0,13822.47,0,0.0
indep_002396,2024-04-15,13822.47,0.0,13822.47,0,0.0
indep_002396,2024-04-16,13822.47,0.0,13822.47,0,0.0
indep_002396,2024-04-17,13822.47,0.0,13822.47,0,0.0
indep_002396,2024-04-18,13822.47,0.0,13822.47,0,0.0
indep_002396,2024-04-19,13822.47,0.0,13822.47,0,0.0
indep_002396,2024-04-22,13822.47,0.0,13822.47,0,0.0
indep_002396,2024-04-23,13822.47,0.0,13822.47,0,0.0
indep_002396,2024-04-24,13822.47,0.0,13822.47,0,0.0
indep_002396,2024-04-25,13822.47,0.0,13822.47,0,0.0
indep_002396,2024-04-26,13822.47,0.0,13822.47,0,0.0
indep_002396,2024-04-29,13822.47,0.0,13822.47,0,0.0
indep_002396,2024-04-30,13822.47,0.0,13822.47,0,0.0
indep_002396,2024-05-06,13822.47,0.0,13822.47,0,0.0
indep_002396,2024-05-07,13822.47,0.0,13822.47,0,0.0
indep_002396,2024-05-08,13822.47,0.0,13822.47,0,0.0
indep_002396,2024-05-09,13822.47,0.0,13822.47,0,0.0
indep_002396,2024-05-10,13822.47,0.0,13822.47,0,0.0
indep_002396,2024-05-13,13822.47,0.0,13822.47,0,0.0
indep_002396,2024-05-14,13822.47,0.0,13822.47,0,0.0
indep_002396,2024-05-15,13822.47,0.0,13822.47,0,0.0
indep_002396,2024-05-16,13822.47,0.0,13822.47,0,0.0
indep_002396,2024-05-17,13822.47,0.0,13822.47,0,0.0
indep_002396,2024-05-20,13822.47,0.0,13822.47,0,0.0
indep_002396,2024-05-21,13822.47,0.0,13822.47,0,0.0
indep_002396,2024-05-22,13822.47,0.0,13822.47,0,0.0
indep_002396,2024-05-23,13822.47,0.0,13822.47,0,0.0
indep_002396,2024-05-24,13822.47,0.0,13822.47,0,0.0
indep_002396,2024-05-27,13822.47,0.0,13822.47,0,0.0
indep_002396,2024-05-28,13822.47,0.0,13822.47,0,0.0
indep_002396,2024-05-29,13822.47,0.0,13822.47,0,0.0
indep_002396,2024-05-30,13822.47,0.0,13822.47,0,0.0
indep_002396,2024-05-31,13822.47,0.0,13822.47,0,0.0
indep_002396,2024-06-03,13822.47,0.0,13822.47,0,0.0
indep_002396,2024-06-04,13822.47,0.0,13822.47,0,0.0
indep_002396,2024-06-05,13822.47,0.0,13822.47,0,0.0
indep_002396,2024-06-06,13822.47,0.0,13822.47,0,0.0
indep_002396,2024-06-07,13822.47,0.0,13822.47,0,0.0
indep_002396,2024-06-11,13822.47,0.0,13822.47,0,0.0
indep_002396,2024-06-12,13822.47,0.0,13822.47,0,0.0
indep_002396,2024-06-13,13822.47,0.0,13822.47,0,0.0
indep_002396,2024-06-14,13822.47,0.0,13822.47,0,0.0
indep_002396,2024-06-17,13822.47,0.0,13822.47,0,0.0
indep_002396,2024-06-18,13822.47,0.0,13822.47,0,0.0
indep_002396,2024-06-19,13822.47,0.0,13822.47,0,0.0
indep_002396,2024-06-20,13822.47,0.0,13822.47,0,0.0
indep_002396,2024-06-21,13822.47,0.0,13822.47,0,0.0
indep_002396,2024-06-24,13822.47,0.0,13822.47,0,0.0
indep_002396,2024-06-25,13822.47,0.0,13822.47,0,0.0
indep_002396,2024-06-26,13822.47,0.0,13822.47,0,0.0
indep_002396,2024-06-27,13822.47,0.0,13822.47,0,0.0
indep_002396,2024-06-28,13822.47,0.0,13822.47,0,0.0
indep_002396,2024-07-01,13822.47,0.0,13822.47,0,0.0
indep_002396,2024-07-02,13822.47,0.0,13822.47,0,0.0
indep_002396,2024-07-03,13822.47,0.0,13822.47,0,0.0
indep_002396,2024-07-04,13822.47,0.0,13822.47,0,0.0
indep_002396,2024-07-05,13822.47,0.0,13822.47,0,0.0
indep_002396,2024-07-08,13822.47,0.0,13822.47,0,0.0
indep_002396,2024-07-09,13822.47,0.0,13822.47,0,0.0
indep_002396,2024-07-10,13822.47,0.0,13822.47,0,0.0
indep_002396,2024-07-11,13822.47,0.0,13822.47,0,0.0
indep_002396,2024-07-12,13822.47,0.0,13822.47,0,0.0
indep_002396,2024-07-15,13822.47,0.0,13822.47,0,0.0
indep_002396,2024-07-16,13822.47,0.0,13822.47,0,0.0
indep_002396,2024-07-17,13822.47,0.0,13822.47,0,0.0
indep_002396,2024-07-18,13822.47,0.0,13822.47,0,0.0
indep_002396,2024-07-19,13822.47,0.0,13822.47,0,0.0
indep_002396,2024-07-22,13822.47,0.0,13822.47,0,0.0
indep_002396,2024-07-23,13822.47,0.0,13822.47,0,0.0
indep_002396,2024-07-24,13822.47,0.0,13822.47,0,0.0
indep_002396,2024-07-25,13822.47,0.0,13822.47,0,0.0
indep_002396,2024-07-26,13822.47,0.0,13822.47,0,0.0
indep_002396,2024-07-29,13822.47,0.0,13822.47,0,0.0
indep_002396,2024-07-30,13822.47,0.0,13822.47,0,0.0
indep_002396,2024-07-31,13822.47,0.0,13822.47,0,0.0
indep_002396,2024-08-01,13822.47,0.0,13822.47,0,0.0
indep_002396,2024-08-02,13822.47,0.0,13822.47,0,0.0
indep_002396,2024-08-05,13822.47,0.0,13822.47,0,0.0
indep_002396,2024-08-06,13822.47,0.0,13822.47,0,0.0
indep_002396,2024-08-07,13822.47,0.0,13822.47,0,0.0
indep_002396,2024-08-08,13822.47,0.0,13822.47,0,0.0
indep_002396,2024-08-09,13822.47,0.0,13822.47,0,0.0
indep_002396,2024-08-12,13822.47,0.0,13822.47,0,0.0
indep_002396,2024-08-13,13822.47,0.0,13822.47,0,0.0
indep_002396,2024-08-14,13822.47,0.0,13822.47,0,0.0
indep_002396,2024-08-15,13822.47,0.0,13822.47,0,0.0
indep_002396,2024-08-16,13822.47,0.0,13822.47,0,0.0
indep_002396,2024-08-19,13822.47,0.0,13822.47,0,0.0
indep_002396,2024-08-20,13822.47,0.0,13822.47,0,0.0
indep_002396,2024-08-21,13822.47,0.0,13822.47,0,0.0
indep_002396,2024-08-22,13822.47,0.0,13822.47,0,0.0
indep_002396,2024-08-23,13822.47,0.0,13822.47,0,0.0
indep_002396,2024-08-26,13822.47,0.0,13822.47,0,0.0
indep_002396,2024-08-27,13822.47,0.0,13822.47,0,0.0
indep_002396,2024-08-28,13822.47,0.0,13822.47,0,0.0
indep_002396,2024-08-29,13822.47,0.0,13822.47,0,0.0
indep_002396,2024-08-30,13822.47,0.0,13822.47,0,0.0
indep_002396,2024-09-02,13822.47,0.0,13822.47,0,0.0
indep_002396,2024-09-03,13822.47,0.0,13822.47,0,0.0
indep_002396,2024-09-04,13822.47,0.0,13822.47,0,0.0
indep_002396,2024-09-05,13822.47,0.0,13822.47,0,0.0
indep_002396,2024-09-06,13822.47,0.0,13822.47,0,0.0
indep_002396,2024-09-09,13822.47,0.0,13822.47,0,0.0
indep_002396,2024-09-10,13822.47,0.0,13822.47,0,0.0
indep_002396,2024-09-11,13822.47,0.0,13822.47,0,0.0
indep_002396,2024-09-12,13822.47,0.0,13822.47,0,0.0
indep_002396,2024-09-13,13822.47,0.0,13822.47,0,0.0
indep_002396,2024-09-18,13822.47,0.0,13822.47,0,0.0
indep_002396,2024-09-19,13822.47,0.0,13822.47,0,0.0
indep_002396,2024-09-20,13822.47,0.0,13822.47,0,0.0
indep_002396,2024-09-23,13822.47,0.0,13822.47,0,0.0
indep_002396,2024-09-24,13822.47,0.0,13822.47,0,0.0
indep_002396,2024-09-25,13822.47,0.0,13822.47,0,0.0
indep_002396,2024-09-26,13822.47,0.0,13822.47,0,0.0
indep_002396,2024-09-27,13822.47,0.0,13822.47,0,0.0
indep_002396,2024-09-30,13822.47,0.0,13822.47,0,0.0
indep_002396,2024-10-08,13822.47,0.0,13822.47,0,0.0
indep_002396,2024-10-09,13822.47,0.0,13822.47,0,0.0
indep_002396,2024-10-10,10056.14,3721.34,13777.48,1,27.01
indep_002396,2024-10-11,13585.8,0.0,13585.8,0,0.0
indep_002396,2024-10-14,13585.8,0.0,13585.8,0,0.0
indep_002396,2024-10-15,13585.8,0.0,13585.8,0,0.0
indep_002396,2024-10-16,13585.8,0.0,13585.8,0,0.0
indep_002396,2024-10-17,13585.8,0.0,13585.8,0,0.0
indep_002396,2024-10-18,13585.8,0.0,13585.8,0,0.0
indep_002396,2024-10-21,13585.8,0.0,13585.8,0,0.0
indep_002396,2024-10-22,13585.8,0.0,13585.8,0,0.0
indep_002396,2024-10-23,9941.76,3664.78,13606.54,1,26.934
indep_002396,2024-10-24,9941.76,3696.45,13638.21,1,27.104
indep_002396,2024-10-25,9941.76,3809.56,13751.32,1,27.703
indep_002396,2024-10-28,9941.76,3888.74,13830.5,1,28.117
indep_002396,2024-10-29,9941.76,3843.49,13785.25,1,27.881
indep_002396,2024-10-30,9941.76,3915.89,13857.64,1,28.258
indep_002396,2024-10-31,9941.76,3961.13,13902.89,1,28.491
indep_002396,2024-11-01,9941.76,3805.04,13746.79,1,27.679
indep_002396,2024-11-04,9941.76,3958.87,13900.62,1,28.48
indep_002396,2024-11-05,9941.76,4049.36,13991.11,1,28.942
indep_002396,2024-11-06,9941.76,3995.06,13936.82,1,28.666
indep_002396,2024-11-07,9941.76,4008.64,13950.39,1,28.735
indep_002396,2024-11-08,9941.76,4049.36,13991.11,1,28.942
indep_002396,2024-11-11,9941.76,4223.55,14165.3,1,29.816
indep_002396,2024-11-12,9941.76,4404.52,14346.28,1,30.701
indep_002396,2024-11-13,9941.76,4268.79,14210.55,1,30.04
indep_002396,2024-11-14,14100.46,0.0,14100.46,0,0.0
indep_002396,2024-11-15,14100.46,0.0,14100.46,0,0.0
indep_002396,2024-11-18,14100.46,0.0,14100.46,0,0.0
indep_002396,2024-11-19,14100.46,0.0,14100.46,0,0.0
indep_002396,2024-11-20,14100.46,0.0,14100.46,0,0.0
indep_002396,2024-11-21,9983.14,4071.98,14055.12,1,28.971
indep_002396,2024-11-22,9983.14,3927.2,13910.34,1,28.232
indep_002396,2024-11-25,13842.3,0.0,13842.3,0,0.0
indep_002396,2024-11-26,13842.3,0.0,13842.3,0,0.0
indep_002396,2024-11-27,13842.3,0.0,13842.3,0,0.0
indep_002396,2024-11-28,13842.3,0.0,13842.3,0,0.0
indep_002396,2024-11-29,13842.3,0.0,13842.3,0,0.0
indep_002396,2024-12-02,13842.3,0.0,13842.3,0,0.0
indep_002396,2024-12-03,9892.55,3940.77,13833.32,1,28.488
indep_002396,2024-12-04,9892.55,3859.33,13751.88,1,28.064
indep_002396,2024-12-05,9892.55,3900.05,13792.6,1,28.276
indep_002396,2024-12-06,9892.55,3943.03,13835.58,1,28.499
indep_002396,2024-12-09,9892.55,3915.89,13808.43,1,28.359
indep_002396,2024-12-10,9892.55,3963.39,13855.94,1,28.604
indep_002396,2024-12-11,9892.55,4071.98,13964.53,1,29.159
indep_002396,2024-12-12,9892.55,4114.96,14007.51,1,29.377
indep_002396,2024-12-13,9892.55,4031.26,13923.81,1,28.952
indep_002396,2024-12-16,9892.55,4006.37,13898.92,1,28.825
indep_002396,2024-12-17,9892.55,3961.13,13853.68,1,28.593
indep_002396,2024-12-18,9892.55,4029.0,13921.54,1,28.941
indep_002396,2024-12-19,9892.55,4431.67,14324.22,1,30.938
indep_002396,2024-12-20,9892.55,4316.3,14208.84,1,30.378
indep_002396,2024-12-23,9892.55,4289.15,14181.7,1,30.244
indep_002396,2024-12-24,9892.55,4332.13,14224.68,1,30.455
indep_002396,2024-12-25,14111.16,0.0,14111.16,0,0.0
indep_002396,2024-12-26,14111.16,0.0,14111.16,0,0.0
indep_002396,2024-12-27,14111.16,0.0,14111.16,0,0.0
indep_002396,2024-12-30,14111.16,0.0,14111.16,0,0.0
indep_002396,2024-12-31,14111.16,0.0,14111.16,0,0.0
indep_002396,2025-01-02,9864.76,4078.76,13943.53,1,29.252
indep_002396,2025-01-03,13846.74,0.0,13846.74,0,0.0
indep_002396,2025-01-06,13846.74,0.0,13846.74,0,0.0
indep_002396,2025-01-07,13846.74,0.0,13846.74,0,0.0
indep_002396,2025-01-08,13846.74,0.0,13846.74,0,0.0
indep_002396,2025-01-09,13846.74,0.0,13846.74,0,0.0
indep_002396,2025-01-10,13846.74,0.0,13846.74,0,0.0
indep_002396,2025-01-13,13846.74,0.0,13846.74,0,0.0
indep_002396,2025-01-14,13846.74,0.0,13846.74,0,0.0
indep_002396,2025-01-15,13846.74,0.0,13846.74,0,0.0
indep_002396,2025-01-16,13846.74,0.0,13846.74,0,0.0
indep_002396,2025-01-17,13846.74,0.0,13846.74,0,0.0
indep_002396,2025-01-20,13846.74,0.0,13846.74,0,0.0
indep_002396,2025-01-21,13846.74,0.0,13846.74,0,0.0
indep_002396,2025-01-22,13846.74,0.0,13846.74,0,0.0
indep_002396,2025-01-23,13846.74,0.0,13846.74,0,0.0
indep_002396,2025-01-24,13846.74,0.0,13846.74,0,0.0
indep_002396,2025-01-27,13846.74,0.0,13846.74,0,0.0
indep_002396,2025-02-05,13846.74,0.0,13846.74,0,0.0
indep_002396,2025-02-06,13846.74,0.0,13846.74,0,0.0
indep_002396,2025-02-07,13846.74,0.0,13846.74,0,0.0
indep_002396,2025-02-10,13846.74,0.0,13846.74,0,0.0
indep_002396,2025-02-11,13846.74,0.0,13846.74,0,0.0
indep_002396,2025-02-12,13846.74,0.0,13846.74,0,0.0
indep_002396,2025-02-13,13846.74,0.0,13846.74,0,0.0
indep_002396,2025-02-14,13846.74,0.0,13846.74,0,0.0
indep_002396,2025-02-17,13846.74,0.0,13846.74,0,0.0
indep_002396,2025-02-18,13846.74,0.0,13846.74,0,0.0
indep_002396,2025-02-19,13846.74,0.0,13846.74,0,0.0
indep_002396,2025-02-20,13846.74,0.0,13846.74,0,0.0
indep_002396,2025-02-21,13846.74,0.0,13846.74,0,0.0
indep_002396,2025-02-24,13846.74,0.0,13846.74,0,0.0
indep_002396,2025-02-25,13846.74,0.0,13846.74,0,0.0
indep_002396,2025-02-26,13846.74,0.0,13846.74,0,0.0
indep_002396,2025-02-27,13846.74,0.0,13846.74,0,0.0
indep_002396,2025-02-28,10582.37,3183.68,13766.06,1,23.127
indep_002396,2025-03-03,10582.37,3152.01,13734.39,1,22.95
indep_002396,2025-03-04,10582.37,3215.35,13797.73,1,23.304
indep_002396,2025-03-05,10582.37,3286.24,13868.61,1,23.696
indep_002396,2025-03-06,10582.37,3348.07,13930.44,1,24.034
indep_002396,2025-03-07,10582.37,3314.89,13897.27,1,23.853
indep_002396,2025-03-10,10582.37,3271.16,13853.53,1,23.612
indep_002396,2025-03-11,10582.37,3231.94,13814.32,1,23.396
indep_002396,2025-03-12,10582.37,3367.68,13950.05,1,24.141
indep_002396,2025-03-13,10582.37,3268.14,13850.51,1,23.596
indep_002396,2025-03-14,10582.37,3326.96,13909.33,1,23.919
indep_002396,2025-03-17,10582.37,3308.86,13891.23,1,23.82
indep_002396,2025-03-18,10582.37,3361.64,13944.02,1,24.108
indep_002396,2025-03-19,10582.37,3215.35,13797.73,1,23.304
indep_002396,2025-03-20,10582.37,3203.29,13785.66,1,23.236
indep_002396,2025-03-21,10582.37,3127.88,13710.26,1,22.814
indep_002396,2025-03-24,13640.74,0.0,13640.74,0,0.0
indep_002396,2025-03-25,13640.74,0.0,13640.74,0,0.0
indep_002396,2025-03-26,13640.74,0.0,13640.74,0,0.0
indep_002396,2025-03-27,13640.74,0.0,13640.74,0,0.0
indep_002396,2025-03-28,13640.74,0.0,13640.74,0,0.0
indep_002396,2025-03-31,13640.74,0.0,13640.74,0,0.0
indep_002396,2025-04-01,13640.74,0.0,13640.74,0,0.0
indep_002396,2025-04-02,13640.74,0.0,13640.74,0,0.0
indep_002396,2025-04-03,13640.74,0.0,13640.74,0,0.0
indep_002396,2025-04-07,13640.74,0.0,13640.74,0,0.0
indep_002396,2025-04-08,13640.74,0.0,13640.74,0,0.0
indep_002396,2025-04-09,13640.74,0.0,13640.74,0,0.0
indep_002396,2025-04-10,13640.74,0.0,13640.74,0,0.0
indep_002396,2025-04-11,13640.74,0.0,13640.74,0,0.0
indep_002396,2025-04-14,13640.74,0.0,13640.74,0,0.0
indep_002396,2025-04-15,13640.74,0.0,13640.74,0,0.0
indep_002396,2025-04-16,13640.74,0.0,13640.74,0,0.0
indep_002396,2025-04-17,13640.74,0.0,13640.74,0,0.0
indep_002396,2025-04-18,13640.74,0.0,13640.74,0,0.0
indep_002396,2025-04-21,13640.74,0.0,13640.74,0,0.0
indep_002396,2025-04-22,13640.74,0.0,13640.74,0,0.0
indep_002396,2025-04-23,13640.74,0.0,13640.74,0,0.0
indep_002396,2025-04-24,13640.74,0.0,13640.74,0,0.0
indep_002396,2025-04-25,13640.74,0.0,13640.74,0,0.0
indep_002396,2025-04-28,13640.74,0.0,13640.74,0,0.0
indep_002396,2025-04-29,13640.74,0.0,13640.74,0,0.0
indep_002396,2025-04-30,13640.74,0.0,13640.74,0,0.0
indep_002396,2025-05-06,13640.74,0.0,13640.74,0,0.0
indep_002396,2025-05-07,13640.74,0.0,13640.74,0,0.0
indep_002396,2025-05-08,13640.74,0.0,13640.74,0,0.0
indep_002396,2025-05-09,13640.74,0.0,13640.74,0,0.0
indep_002396,2025-05-12,13640.74,0.0,13640.74,0,0.0
indep_002396,2025-05-13,13640.74,0.0,13640.74,0,0.0
indep_002396,2025-05-14,13640.74,0.0,13640.74,0,0.0
indep_002396,2025-05-15,13640.74,0.0,13640.74,0,0.0
indep_002396,2025-05-16,13640.74,0.0,13640.74,0,0.0
indep_002396,2025-05-19,13640.74,0.0,13640.74,0,0.0
indep_002396,2025-05-20,13640.74,0.0,13640.74,0,0.0
indep_002396,2025-05-21,13640.74,0.0,13640.74,0,0.0
indep_002396,2025-05-22,13640.74,0.0,13640.74,0,0.0
indep_002396,2025-05-23,13640.74,0.0,13640.74,0,0.0
indep_002396,2025-05-26,13640.74,0.0,13640.74,0,0.0
indep_002396,2025-05-27,13640.74,0.0,13640.74,0,0.0
indep_002396,2025-05-28,13640.74,0.0,13640.74,0,0.0
indep_002396,2025-05-29,13640.74,0.0,13640.74,0,0.0
indep_002396,2025-05-30,13640.74,0.0,13640.74,0,0.0
indep_002396,2025-06-03,13640.74,0.0,13640.74,0,0.0
indep_002396,2025-06-04,13640.74,0.0,13640.74,0,0.0
indep_002396,2025-06-05,13640.74,0.0,13640.74,0,0.0
indep_002396,2025-06-06,13640.74,0.0,13640.74,0,0.0
indep_002396,2025-06-09,13640.74,0.0,13640.74,0,0.0
indep_002396,2025-06-10,13640.74,0.0,13640.74,0,0.0
indep_002396,2025-06-11,13640.74,0.0,13640.74,0,0.0
indep_002396,2025-06-12,13640.74,0.0,13640.74,0,0.0
indep_002396,2025-06-13,13640.74,0.0,13640.74,0,0.0
indep_002396,2025-06-16,13640.74,0.0,13640.74,0,0.0
indep_002396,2025-06-17,13640.74,0.0,13640.74,0,0.0
indep_002396,2025-06-18,13640.74,0.0,13640.74,0,0.0
indep_002396,2025-06-19,13640.74,0.0,13640.74,0,0.0
indep_002396,2025-06-20,13640.74,0.0,13640.74,0,0.0
indep_002396,2025-06-23,13640.74,0.0,13640.74,0,0.0
indep_002396,2025-06-24,13640.74,0.0,13640.74,0,0.0
indep_002396,2025-06-25,13640.74,0.0,13640.74,0,0.0
indep_002396,2025-06-26,13640.74,0.0,13640.74,0,0.0
indep_002396,2025-06-27,13640.74,0.0,13640.74,0,0.0
indep_002396,2025-06-30,13640.74,0.0,13640.74,0,0.0
indep_002396,2025-07-01,13640.74,0.0,13640.74,0,0.0
indep_002396,2025-07-02,13640.74,0.0,13640.74,0,0.0
indep_002396,2025-07-03,13640.74,0.0,13640.74,0,0.0
indep_002396,2025-07-04,13640.74,0.0,13640.74,0,0.0
indep_002396,2025-07-07,13640.74,0.0,13640.74,0,0.0
indep_002396,2025-07-08,13640.74,0.0,13640.74,0,0.0
indep_002396,2025-07-09,13640.74,0.0,13640.74,0,0.0
indep_002396,2025-07-10,13640.74,0.0,13640.74,0,0.0
indep_002396,2025-07-11,13640.74,0.0,13640.74,0,0.0
indep_002396,2025-07-14,13640.74,0.0,13640.74,0,0.0
indep_002396,2025-07-15,13640.74,0.0,13640.74,0,0.0
indep_002396,2025-07-16,13640.74,0.0,13640.74,0,0.0
indep_002396,2025-07-17,13640.74,0.0,13640.74,0,0.0
indep_002396,2025-07-18,13640.74,0.0,13640.74,0,0.0
indep_002396,2025-07-21,13640.74,0.0,13640.74,0,0.0
indep_002396,2025-07-22,13640.74,0.0,13640.74,0,0.0
indep_002396,2025-07-23,13640.74,0.0,13640.74,0,0.0
indep_002396,2025-07-24,13640.74,0.0,13640.74,0,0.0
indep_002396,2025-07-25,13640.74,0.0,13640.74,0,0.0
indep_002396,2025-07-28,13640.74,0.0,13640.74,0,0.0
indep_002396,2025-07-29,13640.74,0.0,13640.74,0,0.0
indep_002396,2025-07-30,13640.74,0.0,13640.74,0,0.0
indep_002396,2025-07-31,13640.74,0.0,13640.74,0,0.0
indep_002396,2025-08-01,13640.74,0.0,13640.74,0,0.0
indep_002396,2025-08-04,13640.74,0.0,13640.74,0,0.0
indep_002396,2025-08-05,13640.74,0.0,13640.74,0,0.0
indep_002396,2025-08-06,13640.74,0.0,13640.74,0,0.0
indep_002396,2025-08-07,13640.74,0.0,13640.74,0,0.0
indep_002396,2025-08-08,13640.74,0.0,13640.74,0,0.0
indep_002396,2025-08-11,13640.74,0.0,13640.74,0,0.0
indep_002396,2025-08-12,13640.74,0.0,13640.74,0,0.0
indep_002396,2025-08-13,13640.74,0.0,13640.74,0,0.0
indep_002396,2025-08-14,13640.74,0.0,13640.74,0,0.0
indep_002396,2025-08-15,13640.74,0.0,13640.74,0,0.0
indep_002396,2025-08-18,13640.74,0.0,13640.74,0,0.0
indep_002396,2025-08-19,13640.74,0.0,13640.74,0,0.0
indep_002396,2025-08-20,13640.74,0.0,13640.74,0,0.0
indep_002396,2025-08-21,13640.74,0.0,13640.74,0,0.0
indep_002396,2025-08-22,13640.74,0.0,13640.74,0,0.0
indep_002396,2025-08-25,13640.74,0.0,13640.74,0,0.0
indep_002396,2025-08-26,13640.74,0.0,13640.74,0,0.0
indep_002396,2025-08-27,13640.74,0.0,13640.74,0,0.0
indep_002396,2025-08-28,13640.74,0.0,13640.74,0,0.0
indep_002396,2025-08-29,13640.74,0.0,13640.74,0,0.0
indep_002396,2025-09-01,13640.74,0.0,13640.74,0,0.0
indep_002396,2025-09-02,13640.74,0.0,13640.74,0,0.0
indep_002396,2025-09-03,13640.74,0.0,13640.74,0,0.0
indep_002396,2025-09-04,11275.24,2251.18,13526.42,1,16.643
indep_002396,2025-09-05,13533.27,0.0,13533.27,0,0.0
indep_002396,2025-09-08,13533.27,0.0,13533.27,0,0.0
indep_002396,2025-09-09,11281.7,2209.93,13491.63,1,16.38
indep_002396,2025-09-10,11281.7,2216.04,13497.74,1,16.418
indep_002396,2025-09-11,11281.7,2367.29,13648.99,1,17.344
indep_002396,2025-09-12,11281.7,2406.25,13687.95,1,17.579
indep_002396,2025-09-15,11281.7,2403.19,13684.9,1,17.561
indep_002396,2025-09-16,11281.7,2398.61,13680.31,1,17.533
indep_002396,2025-09-17,11281.7,2418.47,13700.17,1,17.653
indep_002396,2025-09-18,11281.7,2395.56,13677.26,1,17.515
indep_002396,2025-09-19,11281.7,2386.39,13668.09,1,17.46
indep_002396,2025-09-22,11281.7,2443.68,13725.38,1,17.804
indep_002396,2025-09-23,13592.2,0.0,13592.2,0,0.0
indep_002396,2025-09-24,13592.2,0.0,13592.2,0,0.0
indep_002396,2025-09-25,13592.2,0.0,13592.2,0,0.0
indep_002396,2025-09-26,13592.2,0.0,13592.2,0,0.0
indep_002396,2025-09-29,11243.52,2333.68,13577.2,1,17.188
indep_002396,2025-09-30,11243.52,2318.4,13561.92,1,17.095
indep_002396,2025-10-09,11243.52,2333.68,13577.2,1,17.188
indep_002396,2025-10-10,11243.52,2229.03,13472.54,1,16.545
indep_002396,2025-10-13,13368.07,0.0,13368.07,0,0.0
indep_002396,2025-10-14,13368.07,0.0,13368.07,0,0.0
indep_002396,2025-10-15,13368.07,0.0,13368.07,0,0.0
indep_002396,2025-10-16,13368.07,0.0,13368.07,0,0.0
indep_002396,2025-10-17,13368.07,0.0,13368.07,0,0.0
indep_002396,2025-10-20,13368.07,0.0,13368.07,0,0.0
indep_002396,2025-10-21,13368.07,0.0,13368.07,0,0.0
indep_002396,2025-10-22,13368.07,0.0,13368.07,0,0.0
indep_002396,2025-10-23,13368.07,0.0,13368.07,0,0.0
indep_002396,2025-10-24,13368.07,0.0,13368.07,0,0.0
indep_002396,2025-10-27,13368.07,0.0,13368.07,0,0.0
indep_002396,2025-10-28,13368.07,0.0,13368.07,0,0.0
indep_002396,2025-10-29,13368.07,0.0,13368.07,0,0.0
indep_002396,2025-10-30,13368.07,0.0,13368.07,0,0.0
indep_002396,2025-10-31,13368.07,0.0,13368.07,0,0.0
indep_002396,2025-11-03,13368.07,0.0,13368.07,0,0.0
indep_002396,2025-11-04,13368.07,0.0,13368.07,0,0.0
indep_002396,2025-11-05,13368.07,0.0,13368.07,0,0.0
indep_002396,2025-11-06,13368.07,0.0,13368.07,0,0.0
indep_002396,2025-11-07,13368.07,0.0,13368.07,0,0.0
indep_002396,2025-11-10,13368.07,0.0,13368.07,0,0.0
indep_002396,2025-11-11,13368.07,0.0,13368.07,0,0.0
indep_002396,2025-11-12,13368.07,0.0,13368.07,0,0.0
indep_002396,2025-11-13,13368.07,0.0,13368.07,0,0.0
indep_002396,2025-11-14,13368.07,0.0,13368.07,0,0.0
indep_002396,2025-11-17,13368.07,0.0,13368.07,0,0.0
indep_002396,2025-11-18,13368.07,0.0,13368.07,0,0.0
indep_002396,2025-11-19,13368.07,0.0,13368.07,0,0.0
indep_002396,2025-11-20,13368.07,0.0,13368.07,0,0.0
indep_002396,2025-11-21,13368.07,0.0,13368.07,0,0.0
indep_002396,2025-11-24,13368.07,0.0,13368.07,0,0.0
indep_002396,2025-11-25,13368.07,0.0,13368.07,0,0.0
indep_002396,2025-11-26,13368.07,0.0,13368.07,0,0.0
indep_002396,2025-11-27,13368.07,0.0,13368.07,0,0.0
indep_002396,2025-11-28,13368.07,0.0,13368.07,0,0.0
indep_002396,2025-12-01,13368.07,0.0,13368.07,0,0.0
indep_002396,2025-12-02,13368.07,0.0,13368.07,0,0.0
indep_002396,2025-12-03,13368.07,0.0,13368.07,0,0.0
indep_002396,2025-12-04,13368.07,0.0,13368.07,0,0.0
indep_002396,2025-12-05,13368.07,0.0,13368.07,0,0.0
indep_002396,2025-12-08,13368.07,0.0,13368.07,0,0.0
indep_002396,2025-12-09,13368.07,0.0,13368.07,0,0.0
indep_002396,2025-12-10,13368.07,0.0,13368.07,0,0.0
indep_002396,2025-12-11,13368.07,0.0,13368.07,0,0.0
indep_002396,2025-12-12,13368.07,0.0,13368.07,0,0.0
indep_002396,2025-12-15,13368.07,0.0,13368.07,0,0.0
indep_002396,2025-12-16,13368.07,0.0,13368.07,0,0.0
indep_002396,2025-12-17,13368.07,0.0,13368.07,0,0.0
indep_002396,2025-12-18,13368.07,0.0,13368.07,0,0.0
indep_002396,2025-12-19,13368.07,0.0,13368.07,0,0.0
indep_002396,2025-12-22,13368.07,0.0,13368.07,0,0.0
indep_002396,2025-12-23,13368.07,0.0,13368.07,0,0.0
indep_002396,2025-12-24,13368.07,0.0,13368.07,0,0.0
indep_002396,2025-12-25,13368.07,0.0,13368.07,0,0.0
indep_002396,2025-12-26,13368.07,0.0,13368.07,0,0.0
indep_002396,2025-12-29,13368.07,0.0,13368.07,0,0.0
indep_002396,2025-12-30,13368.07,0.0,13368.07,0,0.0
indep_002396,2025-12-31,13368.07,0.0,13368.07,0,0.0
indep_002396,2026-01-05,13368.07,0.0,13368.07,0,0.0
indep_002396,2026-01-06,13368.07,0.0,13368.07,0,0.0
indep_002396,2026-01-07,13368.07,0.0,13368.07,0,0.0
indep_002396,2026-01-08,13368.07,0.0,13368.07,0,0.0
indep_002396,2026-01-09,13368.07,0.0,13368.07,0,0.0
indep_002396,2026-01-12,13368.07,0.0,13368.07,0,0.0
indep_002396,2026-01-13,13368.07,0.0,13368.07,0,0.0
indep_002396,2026-01-14,13368.07,0.0,13368.07,0,0.0
indep_002396,2026-01-15,13368.07,0.0,13368.07,0,0.0
indep_002396,2026-01-16,13368.07,0.0,13368.07,0,0.0
indep_002396,2026-01-19,13368.07,0.0,13368.07,0,0.0
indep_002396,2026-01-20,13368.07,0.0,13368.07,0,0.0
indep_002396,2026-01-21,9045.8,4325.14,13370.94,1,32.347
indep_002396,2026-01-22,9045.8,4308.33,13354.13,1,32.262
indep_002396,2026-01-23,9045.8,4427.5,13473.3,1,32.861
indep_002396,2026-01-26,9045.8,4583.33,13629.13,1,33.629
indep_002396,2026-01-27,9045.8,4584.86,13630.66,1,33.636
indep_002396,2026-01-28,9045.8,4510.0,13555.8,1,33.27
indep_002396,2026-01-29,9045.8,4412.22,13458.02,1,32.785
indep_002396,2026-01-30,9045.8,4384.72,13430.52,1,32.647
indep_002396,2026-02-02,9045.8,4288.47,13334.27,1,32.161
indep_002396,2026-02-03,9045.8,4387.78,13433.58,1,32.663
indep_002396,2026-02-04,9045.8,4326.67,13372.47,1,32.355
indep_002396,2026-02-05,9045.8,4158.61,13204.41,1,31.494
indep_002396,2026-02-06,9045.8,4160.14,13205.94,1,31.502
indep_002396,2026-02-09,9045.8,4346.53,13392.33,1,32.455
indep_002396,2026-02-10,9045.8,4424.45,13470.25,1,32.846
indep_002396,2026-02-11,9045.8,4406.11,13451.91,1,32.755
indep_002396,2026-02-12,9045.8,4568.06,13613.86,1,33.554
indep_002396,2026-02-13,9045.8,4519.17,13564.97,1,33.315
indep_002396,2026-02-24,9045.8,4525.28,13571.08,1,33.345
indep_002396,2026-02-25,13486.08,0.0,13486.08,0,0.0
indep_002396,2026-02-26,13486.08,0.0,13486.08,0,0.0
indep_002396,2026-02-27,13486.08,0.0,13486.08,0,0.0
indep_002396,2026-03-02,13486.08,0.0,13486.08,0,0.0
indep_002396,2026-03-03,13486.08,0.0,13486.08,0,0.0
indep_002396,2026-03-04,13486.08,0.0,13486.08,0,0.0
indep_002396,2026-03-05,13486.08,0.0,13486.08,0,0.0
indep_002396,2026-03-06,13486.08,0.0,13486.08,0,0.0
indep_002396,2026-03-09,13486.08,0.0,13486.08,0,0.0
indep_002396,2026-03-10,13486.08,0.0,13486.08,0,0.0
indep_002396,2026-03-11,13486.08,0.0,13486.08,0,0.0
indep_002396,2026-03-12,13486.08,0.0,13486.08,0,0.0
indep_002396,2026-03-13,13486.08,0.0,13486.08,0,0.0
indep_002396,2026-03-16,13486.08,0.0,13486.08,0,0.0
indep_002396,2026-03-17,13486.08,0.0,13486.08,0,0.0
indep_002396,2026-03-18,13486.08,0.0,13486.08,0,0.0
indep_002396,2026-03-19,13486.08,0.0,13486.08,0,0.0
indep_002396,2026-03-20,13486.08,0.0,13486.08,0,0.0
indep_002396,2026-03-23,13486.08,0.0,13486.08,0,0.0
indep_002396,2026-03-24,13486.08,0.0,13486.08,0,0.0
indep_002396,2026-03-25,13486.08,0.0,13486.08,0,0.0
indep_002396,2026-03-26,13486.08,0.0,13486.08,0,0.0
indep_002396,2026-03-27,13486.08,0.0,13486.08,0,0.0
indep_002396,2026-03-30,13486.08,0.0,13486.08,0,0.0
indep_002396,2026-03-31,13486.08,0.0,13486.08,0,0.0
indep_002396,2026-04-01,13486.08,0.0,13486.08,0,0.0
indep_002396,2026-04-02,13486.08,0.0,13486.08,0,0.0
indep_002396,2026-04-03,13486.08,0.0,13486.08,0,0.0
indep_002396,2026-04-07,13486.08,0.0,13486.08,0,0.0
indep_002396,2026-04-08,13486.08,0.0,13486.08,0,0.0
indep_002396,2026-04-09,13486.08,0.0,13486.08,0,0.0
indep_002396,2026-04-10,13486.08,0.0,13486.08,0,0.0
indep_002396,2026-04-13,13486.08,0.0,13486.08,0,0.0
indep_002396,2026-04-14,13486.08,0.0,13486.08,0,0.0
indep_002396,2026-04-15,13486.08,0.0,13486.08,0,0.0
indep_002396,2026-04-16,13486.08,0.0,13486.08,0,0.0
indep_002396,2026-04-17,13486.08,0.0,13486.08,0,0.0
indep_002396,2026-04-20,13486.08,0.0,13486.08,0,0.0
indep_002396,2026-04-21,13486.08,0.0,13486.08,0,0.0
indep_002396,2026-04-22,13486.08,0.0,13486.08,0,0.0
indep_002396,2026-04-23,13486.08,0.0,13486.08,0,0.0
indep_002396,2026-04-24,13486.08,0.0,13486.08,0,0.0
indep_002396,2026-04-27,13486.08,0.0,13486.08,0,0.0
indep_002396,2026-04-28,13486.08,0.0,13486.08,0,0.0
indep_002396,2026-04-29,13486.08,0.0,13486.08,0,0.0
indep_002396,2026-04-30,13486.08,0.0,13486.08,0,0.0
indep_002396,2026-05-06,13486.08,0.0,13486.08,0,0.0
indep_002396,2026-05-07,13486.08,0.0,13486.08,0,0.0
indep_002396,2026-05-08,13486.08,0.0,13486.08,0,0.0
indep_002396,2026-05-11,13486.08,0.0,13486.08,0,0.0
indep_002396,2026-05-12,13486.08,0.0,13486.08,0,0.0
indep_002396,2026-05-13,13486.08,0.0,13486.08,0,0.0
indep_002396,2026-05-14,13486.08,0.0,13486.08,0,0.0
indep_002396,2026-05-15,13486.08,0.0,13486.08,0,0.0
indep_002396,2026-05-18,13486.08,0.0,13486.08,0,0.0
indep_002396,2026-05-19,13486.08,0.0,13486.08,0,0.0
indep_002396,2026-05-20,13486.08,0.0,13486.08,0,0.0
indep_002396,2026-05-21,13486.08,0.0,13486.08,0,0.0
indep_002396,2026-05-22,13486.08,0.0,13486.08,0,0.0
indep_002396,2026-05-25,13486.08,0.0,13486.08,0,0.0
indep_002396,2026-05-26,13486.08,0.0,13486.08,0,0.0
indep_002396,2026-05-27,13486.08,0.0,13486.08,0,0.0
indep_002396,2026-05-28,13486.08,0.0,13486.08,0,0.0
indep_002396,2026-05-29,13486.08,0.0,13486.08,0,0.0
indep_002396,2026-06-01,9066.63,4356.0,13422.63,1,32.453
indep_002396,2026-06-02,9066.63,4536.0,13602.63,1,33.347
indep_002396,2026-06-03,9066.63,4470.0,13536.63,1,33.022
indep_002396,2026-06-04,9066.63,4276.0,13342.63,1,32.048
indep_002396,2026-06-05,9066.63,4264.0,13330.63,1,31.986
indep_002396,2026-06-08,13175.41,0.0,13175.41,0,0.0
indep_002396,2026-06-09,13175.41,0.0,13175.41,0,0.0
indep_002396,2026-06-10,13175.41,0.0,13175.41,0,0.0
indep_002396,2026-06-11,13175.41,0.0,13175.41,0,0.0
indep_002396,2026-06-12,13175.41,0.0,13175.41,0,0.0
indep_002396,2026-06-15,13175.41,0.0,13175.41,0,0.0
indep_002396,2026-06-16,13175.41,0.0,13175.41,0,0.0
indep_002396,2026-06-17,13175.41,0.0,13175.41,0,0.0
indep_002396,2026-06-18,13175.41,0.0,13175.41,0,0.0
indep_002396,2026-06-22,13175.41,0.0,13175.41,0,0.0
indep_002396,2026-06-23,13175.41,0.0,13175.41,0,0.0
indep_002396,2026-06-24,13175.41,0.0,13175.41,0,0.0
indep_002396,2026-06-25,13175.41,0.0,13175.41,0,0.0
indep_002396,2026-06-26,13175.41,0.0,13175.41,0,0.0
indep_002396,2026-06-29,13175.41,0.0,13175.41,0,0.0
indep_002396,2026-06-30,13175.41,0.0,13175.41,0,0.0
indep_002396,2026-07-01,13175.41,0.0,13175.41,0,0.0
indep_002396,2026-07-02,13175.41,0.0,13175.41,0,0.0
indep_002396,2026-07-03,13175.41,0.0,13175.41,0,0.0
indep_002396,2026-07-06,13175.41,0.0,13175.41,0,0.0
indep_002396,2026-07-07,13175.41,0.0,13175.41,0,0.0
indep_002396,2026-07-08,13175.41,0.0,13175.41,0,0.0
indep_002396,2026-07-09,13175.41,0.0,13175.41,0,0.0
indep_002396,2026-07-10,13175.41,0.0,13175.41,0,0.0
indep_002396,2026-07-13,13175.41,0.0,13175.41,0,0.0
indep_002396,2026-07-14,13175.41,0.0,13175.41,0,0.0
indep_002396,2026-07-15,13175.41,0.0,13175.41,0,0.0
indep_002396,2026-07-16,13175.41,0.0,13175.41,0,0.0
indep_002396,2026-07-17,13175.41,0.0,13175.41,0,0.0
indep_002396,2026-07-20,13175.41,0.0,13175.41,0,0.0
indep_002396,2026-07-21,13175.41,0.0,13175.41,0,0.0
indep_002396,2026-07-22,13175.41,0.0,13175.41,0,0.0
indep_002396,2026-07-23,13175.41,0.0,13175.41,0,0.0
indep_002396,2026-07-24,13175.41,0.0,13175.41,0,0.0
indep_002396,2026-07-27,13175.41,0.0,13175.41,0,0.0
indep_002396,2026-07-28,10194.4,2833.0,13027.4,1,21.746
indep_002396,2026-07-29,12987.17,0.0,12987.17,0,0.0
indep_002396,2026-07-30,12987.17,0.0,12987.17,0,0.0
indep_002396,2026-07-31,12987.17,0.0,12987.17,0,0.0
indep_002396,2026-08-03,12987.17,0.0,12987.17,0,0.0
indep_002396,2026-08-04,12987.17,0.0,12987.17,0,0.0
indep_002396,2026-08-05,12987.17,0.0,12987.17,0,0.0
indep_002396,2026-08-06,12987.17,0.0,12987.17,0,0.0
indep_002396,2026-08-07,10128.3,2960.0,13088.3,1,22.616
indep_002396,2026-08-10,10128.3,3003.0,13131.3,1,22.869
indep_002396,2026-08-11,10128.3,2995.0,13123.3,1,22.822
indep_002396,2026-08-12,13063.85,0.0,13063.85,0,0.0
indep_002396,2026-08-13,13063.85,0.0,13063.85,0,0.0
indep_002396,2026-08-14,13063.85,0.0,13063.85,0,0.0
indep_002396,2026-08-17,13063.85,0.0,13063.85,0,0.0
indep_002396,2026-08-18,13063.85,0.0,13063.85,0,0.0
indep_002396,2026-08-19,9974.74,2948.0,12922.74,1,22.813
indep_002396,2026-08-20,9974.74,3015.0,12989.74,1,23.211
indep_002396,2026-08-21,9974.74,3317.0,13291.74,1,24.955
indep_002396,2026-08-24,13146.93,0.0,13146.93,0,0.0
indep_002396,2026-08-25,13146.93,0.0,13146.93,0,0.0
indep_002396,2026-08-26,13146.93,0.0,13146.93,0,0.0
indep_002396,2026-08-27,13146.93,0.0,13146.93,0,0.0
indep_002396,2026-08-28,13146.93,0.0,13146.93,0,0.0
indep_002396,2026-08-31,13146.93,0.0,13146.93,0,0.0
indep_002396,2026-09-01,13146.93,0.0,13146.93,0,0.0
indep_002396,2026-09-02,13146.93,0.0,13146.93,0,0.0
indep_002396,2026-09-03,13146.93,0.0,13146.93,0,0.0
indep_002396,2026-09-04,13146.93,0.0,13146.93,0,0.0
indep_002396,2026-09-07,13146.93,0.0,13146.93,0,0.0
indep_002396,2026-09-08,13146.93,0.0,13146.93,0,0.0
indep_002396,2026-09-09,13146.93,0.0,13146.93,0,0.0
indep_002396,2026-09-10,13146.93,0.0,13146.93,0,0.0
indep_002396,2026-09-11,9623.38,3459.0,13082.38,1,26.44
indep_002396,2026-09-14,9623.38,3482.0,13105.38,1,26.569
indep_600219,2023-09-14,13822.47,0.0,13822.47,0,0.0
indep_600219,2023-09-15,13822.47,0.0,13822.47,0,0.0
indep_600219,2023-09-18,13822.47,0.0,13822.47,0,0.0
indep_600219,2023-09-19,13822.47,0.0,13822.47,0,0.0
indep_600219,2023-09-20,13822.47,0.0,13822.47,0,0.0
indep_600219,2023-09-21,13822.47,0.0,13822.47,0,0.0
indep_600219,2023-09-22,13822.47,0.0,13822.47,0,0.0
indep_600219,2023-09-25,13822.47,0.0,13822.47,0,0.0
indep_600219,2023-09-26,13822.47,0.0,13822.47,0,0.0
indep_600219,2023-09-27,13822.47,0.0,13822.47,0,0.0
indep_600219,2023-09-28,13822.47,0.0,13822.47,0,0.0
indep_600219,2023-10-09,13822.47,0.0,13822.47,0,0.0
indep_600219,2023-10-10,13822.47,0.0,13822.47,0,0.0
indep_600219,2023-10-11,13822.47,0.0,13822.47,0,0.0
indep_600219,2023-10-12,13822.47,0.0,13822.47,0,0.0
indep_600219,2023-10-13,13822.47,0.0,13822.47,0,0.0
indep_600219,2023-10-16,13822.47,0.0,13822.47,0,0.0
indep_600219,2023-10-17,13822.47,0.0,13822.47,0,0.0
indep_600219,2023-10-18,13822.47,0.0,13822.47,0,0.0
indep_600219,2023-10-19,13822.47,0.0,13822.47,0,0.0
indep_600219,2023-10-20,13822.47,0.0,13822.47,0,0.0
indep_600219,2023-10-23,13822.47,0.0,13822.47,0,0.0
indep_600219,2023-10-24,13822.47,0.0,13822.47,0,0.0
indep_600219,2023-10-25,13822.47,0.0,13822.47,0,0.0
indep_600219,2023-10-26,13822.47,0.0,13822.47,0,0.0
indep_600219,2023-10-27,13822.47,0.0,13822.47,0,0.0
indep_600219,2023-10-30,13822.47,0.0,13822.47,0,0.0
indep_600219,2023-10-31,13822.47,0.0,13822.47,0,0.0
indep_600219,2023-11-01,13822.47,0.0,13822.47,0,0.0
indep_600219,2023-11-02,13822.47,0.0,13822.47,0,0.0
indep_600219,2023-11-03,13822.47,0.0,13822.47,0,0.0
indep_600219,2023-11-06,13822.47,0.0,13822.47,0,0.0
indep_600219,2023-11-07,13822.47,0.0,13822.47,0,0.0
indep_600219,2023-11-08,13822.47,0.0,13822.47,0,0.0
indep_600219,2023-11-09,13822.47,0.0,13822.47,0,0.0
indep_600219,2023-11-10,13822.47,0.0,13822.47,0,0.0
indep_600219,2023-11-13,13822.47,0.0,13822.47,0,0.0
indep_600219,2023-11-14,13822.47,0.0,13822.47,0,0.0
indep_600219,2023-11-15,13822.47,0.0,13822.47,0,0.0
indep_600219,2023-11-16,13822.47,0.0,13822.47,0,0.0
indep_600219,2023-11-17,13822.47,0.0,13822.47,0,0.0
indep_600219,2023-11-20,13822.47,0.0,13822.47,0,0.0
indep_600219,2023-11-21,13822.47,0.0,13822.47,0,0.0
indep_600219,2023-11-22,13822.47,0.0,13822.47,0,0.0
indep_600219,2023-11-23,13822.47,0.0,13822.47,0,0.0
indep_600219,2023-11-24,13822.47,0.0,13822.47,0,0.0
indep_600219,2023-11-27,13822.47,0.0,13822.47,0,0.0
indep_600219,2023-11-28,13822.47,0.0,13822.47,0,0.0
indep_600219,2023-11-29,13822.47,0.0,13822.47,0,0.0
indep_600219,2023-11-30,13822.47,0.0,13822.47,0,0.0
indep_600219,2023-12-01,13822.47,0.0,13822.47,0,0.0
indep_600219,2023-12-04,13822.47,0.0,13822.47,0,0.0
indep_600219,2023-12-05,13822.47,0.0,13822.47,0,0.0
indep_600219,2023-12-06,13822.47,0.0,13822.47,0,0.0
indep_600219,2023-12-07,13822.47,0.0,13822.47,0,0.0
indep_600219,2023-12-08,13822.47,0.0,13822.47,0,0.0
indep_600219,2023-12-11,13822.47,0.0,13822.47,0,0.0
indep_600219,2023-12-12,13822.47,0.0,13822.47,0,0.0
indep_600219,2023-12-13,13822.47,0.0,13822.47,0,0.0
indep_600219,2023-12-14,13822.47,0.0,13822.47,0,0.0
indep_600219,2023-12-15,13822.47,0.0,13822.47,0,0.0
indep_600219,2023-12-18,13822.47,0.0,13822.47,0,0.0
indep_600219,2023-12-19,13822.47,0.0,13822.47,0,0.0
indep_600219,2023-12-20,13822.47,0.0,13822.47,0,0.0
indep_600219,2023-12-21,13822.47,0.0,13822.47,0,0.0
indep_600219,2023-12-22,13822.47,0.0,13822.47,0,0.0
indep_600219,2023-12-25,13822.47,0.0,13822.47,0,0.0
indep_600219,2023-12-26,13822.47,0.0,13822.47,0,0.0
indep_600219,2023-12-27,13822.47,0.0,13822.47,0,0.0
indep_600219,2023-12-28,13822.47,0.0,13822.47,0,0.0
indep_600219,2023-12-29,13822.47,0.0,13822.47,0,0.0
indep_600219,2024-01-02,13822.47,0.0,13822.47,0,0.0
indep_600219,2024-01-03,13822.47,0.0,13822.47,0,0.0
indep_600219,2024-01-04,13822.47,0.0,13822.47,0,0.0
indep_600219,2024-01-05,13822.47,0.0,13822.47,0,0.0
indep_600219,2024-01-08,13822.47,0.0,13822.47,0,0.0
indep_600219,2024-01-09,13822.47,0.0,13822.47,0,0.0
indep_600219,2024-01-10,13822.47,0.0,13822.47,0,0.0
indep_600219,2024-01-11,13822.47,0.0,13822.47,0,0.0
indep_600219,2024-01-12,13822.47,0.0,13822.47,0,0.0
indep_600219,2024-01-15,13822.47,0.0,13822.47,0,0.0
indep_600219,2024-01-16,13822.47,0.0,13822.47,0,0.0
indep_600219,2024-01-17,13822.47,0.0,13822.47,0,0.0
indep_600219,2024-01-18,13822.47,0.0,13822.47,0,0.0
indep_600219,2024-01-19,13822.47,0.0,13822.47,0,0.0
indep_600219,2024-01-22,13822.47,0.0,13822.47,0,0.0
indep_600219,2024-01-23,13822.47,0.0,13822.47,0,0.0
indep_600219,2024-01-24,13822.47,0.0,13822.47,0,0.0
indep_600219,2024-01-25,13822.47,0.0,13822.47,0,0.0
indep_600219,2024-01-26,13822.47,0.0,13822.47,0,0.0
indep_600219,2024-01-29,13822.47,0.0,13822.47,0,0.0
indep_600219,2024-01-30,13822.47,0.0,13822.47,0,0.0
indep_600219,2024-01-31,13822.47,0.0,13822.47,0,0.0
indep_600219,2024-02-01,13822.47,0.0,13822.47,0,0.0
indep_600219,2024-02-02,13822.47,0.0,13822.47,0,0.0
indep_600219,2024-02-05,13822.47,0.0,13822.47,0,0.0
indep_600219,2024-02-06,13822.47,0.0,13822.47,0,0.0
indep_600219,2024-02-07,13822.47,0.0,13822.47,0,0.0
indep_600219,2024-02-08,13822.47,0.0,13822.47,0,0.0
indep_600219,2024-02-19,13822.47,0.0,13822.47,0,0.0
indep_600219,2024-02-20,13822.47,0.0,13822.47,0,0.0
indep_600219,2024-02-21,13822.47,0.0,13822.47,0,0.0
indep_600219,2024-02-22,13822.47,0.0,13822.47,0,0.0
indep_600219,2024-02-23,13822.47,0.0,13822.47,0,0.0
indep_600219,2024-02-26,13822.47,0.0,13822.47,0,0.0
indep_600219,2024-02-27,13822.47,0.0,13822.47,0,0.0
indep_600219,2024-02-28,13822.47,0.0,13822.47,0,0.0
indep_600219,2024-02-29,13822.47,0.0,13822.47,0,0.0
indep_600219,2024-03-01,13822.47,0.0,13822.47,0,0.0
indep_600219,2024-03-04,13822.47,0.0,13822.47,0,0.0
indep_600219,2024-03-05,13822.47,0.0,13822.47,0,0.0
indep_600219,2024-03-06,13822.47,0.0,13822.47,0,0.0
indep_600219,2024-03-07,13822.47,0.0,13822.47,0,0.0
indep_600219,2024-03-08,13822.47,0.0,13822.47,0,0.0
indep_600219,2024-03-11,13822.47,0.0,13822.47,0,0.0
indep_600219,2024-03-12,13822.47,0.0,13822.47,0,0.0
indep_600219,2024-03-13,13822.47,0.0,13822.47,0,0.0
indep_600219,2024-03-14,13822.47,0.0,13822.47,0,0.0
indep_600219,2024-03-15,13822.47,0.0,13822.47,0,0.0
indep_600219,2024-03-18,13822.47,0.0,13822.47,0,0.0
indep_600219,2024-03-19,13822.47,0.0,13822.47,0,0.0
indep_600219,2024-03-20,13822.47,0.0,13822.47,0,0.0
indep_600219,2024-03-21,13822.47,0.0,13822.47,0,0.0
indep_600219,2024-03-22,13822.47,0.0,13822.47,0,0.0
indep_600219,2024-03-25,13822.47,0.0,13822.47,0,0.0
indep_600219,2024-03-26,13822.47,0.0,13822.47,0,0.0
indep_600219,2024-03-27,13822.47,0.0,13822.47,0,0.0
indep_600219,2024-03-28,13822.47,0.0,13822.47,0,0.0
indep_600219,2024-03-29,13822.47,0.0,13822.47,0,0.0
indep_600219,2024-04-01,13822.47,0.0,13822.47,0,0.0
indep_600219,2024-04-02,13822.47,0.0,13822.47,0,0.0
indep_600219,2024-04-03,13822.47,0.0,13822.47,0,0.0
indep_600219,2024-04-08,13822.47,0.0,13822.47,0,0.0
indep_600219,2024-04-09,13822.47,0.0,13822.47,0,0.0
indep_600219,2024-04-10,13822.47,0.0,13822.47,0,0.0
indep_600219,2024-04-11,13822.47,0.0,13822.47,0,0.0
indep_600219,2024-04-12,13822.47,0.0,13822.47,0,0.0
indep_600219,2024-04-15,13822.47,0.0,13822.47,0,0.0
indep_600219,2024-04-16,13822.47,0.0,13822.47,0,0.0
indep_600219,2024-04-17,13822.47,0.0,13822.47,0,0.0
indep_600219,2024-04-18,13822.47,0.0,13822.47,0,0.0
indep_600219,2024-04-19,13822.47,0.0,13822.47,0,0.0
indep_600219,2024-04-22,13822.47,0.0,13822.47,0,0.0
indep_600219,2024-04-23,13822.47,0.0,13822.47,0,0.0
indep_600219,2024-04-24,13822.47,0.0,13822.47,0,0.0
indep_600219,2024-04-25,13822.47,0.0,13822.47,0,0.0
indep_600219,2024-04-26,13822.47,0.0,13822.47,0,0.0
indep_600219,2024-04-29,13822.47,0.0,13822.47,0,0.0
indep_600219,2024-04-30,13822.47,0.0,13822.47,0,0.0
indep_600219,2024-05-06,13822.47,0.0,13822.47,0,0.0
indep_600219,2024-05-07,13822.47,0.0,13822.47,0,0.0
indep_600219,2024-05-08,13822.47,0.0,13822.47,0,0.0
indep_600219,2024-05-09,13822.47,0.0,13822.47,0,0.0
indep_600219,2024-05-10,13822.47,0.0,13822.47,0,0.0
indep_600219,2024-05-13,13822.47,0.0,13822.47,0,0.0
indep_600219,2024-05-14,13822.47,0.0,13822.47,0,0.0
indep_600219,2024-05-15,13822.47,0.0,13822.47,0,0.0
indep_600219,2024-05-16,13822.47,0.0,13822.47,0,0.0
indep_600219,2024-05-17,13822.47,0.0,13822.47,0,0.0
indep_600219,2024-05-20,13822.47,0.0,13822.47,0,0.0
indep_600219,2024-05-21,13822.47,0.0,13822.47,0,0.0
indep_600219,2024-05-22,13822.47,0.0,13822.47,0,0.0
indep_600219,2024-05-23,9612.95,4177.58,13790.52,1,30.293
indep_600219,2024-05-24,9612.95,4211.63,13824.58,1,30.465
indep_600219,2024-05-27,9612.95,4359.21,13972.16,1,31.199
indep_600219,2024-05-28,9612.95,4325.15,13938.1,1,31.031
indep_600219,2024-05-29,9612.95,4461.38,14074.33,1,31.699
indep_600219,2024-05-30,9612.95,4427.32,14040.27,1,31.533
indep_600219,2024-05-31,9612.95,4370.56,13983.51,1,31.255
indep_600219,2024-06-03,9612.95,4325.15,13938.1,1,31.031
indep_600219,2024-06-04,9612.95,4415.97,14028.92,1,31.478
indep_600219,2024-06-05,9612.95,4302.45,13915.4,1,30.919
indep_600219,2024-06-06,9612.95,4347.86,13960.81,1,31.143
indep_600219,2024-06-07,9612.95,4336.5,13949.45,1,31.087
indep_600219,2024-06-11,9612.95,4268.39,13881.34,1,30.749
indep_600219,2024-06-12,9612.95,4279.74,13892.69,1,30.806
indep_600219,2024-06-13,9612.95,4200.28,13813.23,1,30.408
indep_600219,2024-06-14,9612.95,4245.69,13858.64,1,30.636
indep_600219,2024-06-17,9612.95,4211.63,13824.58,1,30.465
indep_600219,2024-06-18,9612.95,4291.1,13904.04,1,30.862
indep_600219,2024-06-19,9612.95,4291.1,13904.04,1,30.862
indep_600219,2024-06-20,9612.95,4313.8,13926.75,1,30.975
indep_600219,2024-06-21,9612.95,4325.15,13938.1,1,31.031
indep_600219,2024-06-24,9612.95,4211.63,13824.58,1,30.465
indep_600219,2024-06-25,9612.95,4291.1,13904.04,1,30.862
indep_600219,2024-06-26,9612.95,4347.86,13960.81,1,31.143
indep_600219,2024-06-27,9612.95,4211.63,13824.58,1,30.465
indep_600219,2024-06-28,9612.95,4325.15,13938.1,1,31.031
indep_600219,2024-07-01,9612.95,4404.62,14017.57,1,31.422
indep_600219,2024-07-02,9612.95,4415.97,14028.92,1,31.478
indep_600219,2024-07-03,9612.95,4472.73,14085.68,1,31.754
indep_600219,2024-07-04,9612.95,4450.03,14062.97,1,31.644
indep_600219,2024-07-05,9612.95,4529.49,14142.44,1,32.028
indep_600219,2024-07-08,9612.95,4552.19,14165.14,1,32.137
indep_600219,2024-07-09,9612.95,4620.31,14233.26,1,32.461
indep_600219,2024-07-10,9612.95,4540.84,14153.79,1,32.082
indep_600219,2024-07-11,9612.95,4631.66,14244.61,1,32.515
indep_600219,2024-07-12,9612.95,4620.31,14233.26,1,32.461
indep_600219,2024-07-15,9612.95,4608.96,14221.9,1,32.407
indep_600219,2024-07-16,9612.95,4597.6,14210.55,1,32.353
indep_600219,2024-07-17,9612.95,4461.38,14074.33,1,31.699
indep_600219,2024-07-18,13969.35,0.0,13969.35,0,0.0
indep_600219,2024-07-19,13969.35,0.0,13969.35,0,0.0
indep_600219,2024-07-22,9634.83,4268.39,13903.23,1,30.701
indep_600219,2024-07-23,13692.69,0.0,13692.69,0,0.0
indep_600219,2024-07-24,13692.69,0.0,13692.69,0,0.0
indep_600219,2024-07-25,13692.69,0.0,13692.69,0,0.0
indep_600219,2024-07-26,13692.69,0.0,13692.69,0,0.0
indep_600219,2024-07-29,13692.69,0.0,13692.69,0,0.0
indep_600219,2024-07-30,13692.69,0.0,13692.69,0,0.0
indep_600219,2024-07-31,13692.69,0.0,13692.69,0,0.0
indep_600219,2024-08-01,13692.69,0.0,13692.69,0,0.0
indep_600219,2024-08-02,13692.69,0.0,13692.69,0,0.0
indep_600219,2024-08-05,13692.69,0.0,13692.69,0,0.0
indep_600219,2024-08-06,13692.69,0.0,13692.69,0,0.0
indep_600219,2024-08-07,13692.69,0.0,13692.69,0,0.0
indep_600219,2024-08-08,13692.69,0.0,13692.69,0,0.0
indep_600219,2024-08-09,13692.69,0.0,13692.69,0,0.0
indep_600219,2024-08-12,13692.69,0.0,13692.69,0,0.0
indep_600219,2024-08-13,13692.69,0.0,13692.69,0,0.0
indep_600219,2024-08-14,13692.69,0.0,13692.69,0,0.0
indep_600219,2024-08-15,13692.69,0.0,13692.69,0,0.0
indep_600219,2024-08-16,13692.69,0.0,13692.69,0,0.0
indep_600219,2024-08-19,13692.69,0.0,13692.69,0,0.0
indep_600219,2024-08-20,13692.69,0.0,13692.69,0,0.0
indep_600219,2024-08-21,13692.69,0.0,13692.69,0,0.0
indep_600219,2024-08-22,13692.69,0.0,13692.69,0,0.0
indep_600219,2024-08-23,13692.69,0.0,13692.69,0,0.0
indep_600219,2024-08-26,13692.69,0.0,13692.69,0,0.0
indep_600219,2024-08-27,13692.69,0.0,13692.69,0,0.0
indep_600219,2024-08-28,13692.69,0.0,13692.69,0,0.0
indep_600219,2024-08-29,13692.69,0.0,13692.69,0,0.0
indep_600219,2024-08-30,13692.69,0.0,13692.69,0,0.0
indep_600219,2024-09-02,13692.69,0.0,13692.69,0,0.0
indep_600219,2024-09-03,13692.69,0.0,13692.69,0,0.0
indep_600219,2024-09-04,13692.69,0.0,13692.69,0,0.0
indep_600219,2024-09-05,13692.69,0.0,13692.69,0,0.0
indep_600219,2024-09-06,13692.69,0.0,13692.69,0,0.0
indep_600219,2024-09-09,13692.69,0.0,13692.69,0,0.0
indep_600219,2024-09-10,13692.69,0.0,13692.69,0,0.0
indep_600219,2024-09-11,13692.69,0.0,13692.69,0,0.0
indep_600219,2024-09-12,13692.69,0.0,13692.69,0,0.0
indep_600219,2024-09-13,13692.69,0.0,13692.69,0,0.0
indep_600219,2024-09-18,13692.69,0.0,13692.69,0,0.0
indep_600219,2024-09-19,13692.69,0.0,13692.69,0,0.0
indep_600219,2024-09-20,13692.69,0.0,13692.69,0,0.0
indep_600219,2024-09-23,13692.69,0.0,13692.69,0,0.0
indep_600219,2024-09-24,13692.69,0.0,13692.69,0,0.0
indep_600219,2024-09-25,13692.69,0.0,13692.69,0,0.0
indep_600219,2024-09-26,13692.69,0.0,13692.69,0,0.0
indep_600219,2024-09-27,13692.69,0.0,13692.69,0,0.0
indep_600219,2024-09-30,13692.69,0.0,13692.69,0,0.0
indep_600219,2024-10-08,13692.69,0.0,13692.69,0,0.0
indep_600219,2024-10-09,13692.69,0.0,13692.69,0,0.0
indep_600219,2024-10-10,9334.57,4432.56,13767.13,1,32.197
indep_600219,2024-10-11,9334.57,4379.66,13714.23,1,31.935
indep_600219,2024-10-14,9334.57,4686.45,14021.02,1,33.424
indep_600219,2024-10-15,13810.79,0.0,13810.79,0,0.0
indep_600219,2024-10-16,13810.79,0.0,13810.79,0,0.0
indep_600219,2024-10-17,13810.79,0.0,13810.79,0,0.0
indep_600219,2024-10-18,13810.79,0.0,13810.79,0,0.0
indep_600219,2024-10-21,9421.71,4411.4,13833.11,1,31.89
indep_600219,2024-10-22,9421.71,4506.61,13928.32,1,32.356
indep_600219,2024-10-23,9421.71,4432.56,13854.27,1,31.994
indep_600219,2024-10-24,9421.71,4474.87,13896.58,1,32.201
indep_600219,2024-10-25,9421.71,4358.51,13780.21,1,31.629
indep_600219,2024-10-28,9421.71,4485.45,13907.16,1,32.253
indep_600219,2024-10-29,9421.71,4379.66,13801.37,1,31.734
indep_600219,2024-10-30,9421.71,4316.19,13737.9,1,31.418
indep_600219,2024-10-31,9421.71,4316.19,13737.9,1,31.418
indep_600219,2024-11-01,9421.71,4400.82,13822.53,1,31.838
indep_600219,2024-11-04,9421.71,4443.14,13864.84,1,32.046
indep_600219,2024-11-05,9421.71,4570.08,13991.79,1,32.663
indep_600219,2024-11-06,9421.71,4686.45,14108.16,1,33.218
indep_600219,2024-11-07,9421.71,4802.82,14224.53,1,33.764
indep_600219,2024-11-08,9421.71,4665.29,14087.0,1,33.118
indep_600219,2024-11-11,13981.8,0.0,13981.8,0,0.0
indep_600219,2024-11-12,13981.8,0.0,13981.8,0,0.0
indep_600219,2024-11-13,9476.23,4517.19,13993.42,1,32.281
indep_600219,2024-11-14,9476.23,4453.72,13929.95,1,31.972
indep_600219,2024-11-15,9476.23,4411.4,13887.63,1,31.765
indep_600219,2024-11-18,9476.23,4358.51,13834.74,1,31.504
indep_600219,2024-11-19,9476.23,4411.4,13887.63,1,31.765
indep_600219,2024-11-20,9476.23,4379.66,13855.9,1,31.609
indep_600219,2024-11-21,9476.23,4358.51,13834.74,1,31.504
indep_600219,2024-11-22,13700.84,0.0,13700.84,0,0.0
indep_600219,2024-11-25,13700.84,0.0,13700.84,0,0.0
indep_600219,2024-11-26,13700.84,0.0,13700.84,0,0.0
indep_600219,2024-11-27,13700.84,0.0,13700.84,0,0.0
indep_600219,2024-11-28,13700.84,0.0,13700.84,0,0.0
indep_600219,2024-11-29,13700.84,0.0,13700.84,0,0.0
indep_600219,2024-12-02,13700.84,0.0,13700.84,0,0.0
indep_600219,2024-12-03,13700.84,0.0,13700.84,0,0.0
indep_600219,2024-12-04,13700.84,0.0,13700.84,0,0.0
indep_600219,2024-12-05,13700.84,0.0,13700.84,0,0.0
indep_600219,2024-12-06,13700.84,0.0,13700.84,0,0.0
indep_600219,2024-12-09,13700.84,0.0,13700.84,0,0.0
indep_600219,2024-12-10,13700.84,0.0,13700.84,0,0.0
indep_600219,2024-12-11,13700.84,0.0,13700.84,0,0.0
indep_600219,2024-12-12,13700.84,0.0,13700.84,0,0.0
indep_600219,2024-12-13,13700.84,0.0,13700.84,0,0.0
indep_600219,2024-12-16,13700.84,0.0,13700.84,0,0.0
indep_600219,2024-12-17,13700.84,0.0,13700.84,0,0.0
indep_600219,2024-12-18,13700.84,0.0,13700.84,0,0.0
indep_600219,2024-12-19,13700.84,0.0,13700.84,0,0.0
indep_600219,2024-12-20,13700.84,0.0,13700.84,0,0.0
indep_600219,2024-12-23,13700.84,0.0,13700.84,0,0.0
indep_600219,2024-12-24,13700.84,0.0,13700.84,0,0.0
indep_600219,2024-12-25,13700.84,0.0,13700.84,0,0.0
indep_600219,2024-12-26,13700.84,0.0,13700.84,0,0.0
indep_600219,2024-12-27,13700.84,0.0,13700.84,0,0.0
indep_600219,2024-12-30,13700.84,0.0,13700.84,0,0.0
indep_600219,2024-12-31,13700.84,0.0,13700.84,0,0.0
indep_600219,2025-01-02,13700.84,0.0,13700.84,0,0.0
indep_600219,2025-01-03,13700.84,0.0,13700.84,0,0.0
indep_600219,2025-01-06,13700.84,0.0,13700.84,0,0.0
indep_600219,2025-01-07,13700.84,0.0,13700.84,0,0.0
indep_600219,2025-01-08,13700.84,0.0,13700.84,0,0.0
indep_600219,2025-01-09,13700.84,0.0,13700.84,0,0.0
indep_600219,2025-01-10,13700.84,0.0,13700.84,0,0.0
indep_600219,2025-01-13,13700.84,0.0,13700.84,0,0.0
indep_600219,2025-01-14,13700.84,0.0,13700.84,0,0.0
indep_600219,2025-01-15,13700.84,0.0,13700.84,0,0.0
indep_600219,2025-01-16,13700.84,0.0,13700.84,0,0.0
indep_600219,2025-01-17,13700.84,0.0,13700.84,0,0.0
indep_600219,2025-01-20,13700.84,0.0,13700.84,0,0.0
indep_600219,2025-01-21,13700.84,0.0,13700.84,0,0.0
indep_600219,2025-01-22,13700.84,0.0,13700.84,0,0.0
indep_600219,2025-01-23,13700.84,0.0,13700.84,0,0.0
indep_600219,2025-01-24,13700.84,0.0,13700.84,0,0.0
indep_600219,2025-01-27,13700.84,0.0,13700.84,0,0.0
indep_600219,2025-02-05,13700.84,0.0,13700.84,0,0.0
indep_600219,2025-02-06,13700.84,0.0,13700.84,0,0.0
indep_600219,2025-02-07,13700.84,0.0,13700.84,0,0.0
indep_600219,2025-02-10,13700.84,0.0,13700.84,0,0.0
indep_600219,2025-02-11,13700.84,0.0,13700.84,0,0.0
indep_600219,2025-02-12,13700.84,0.0,13700.84,0,0.0
indep_600219,2025-02-13,13700.84,0.0,13700.84,0,0.0
indep_600219,2025-02-14,13700.84,0.0,13700.84,0,0.0
indep_600219,2025-02-17,13700.84,0.0,13700.84,0,0.0
indep_600219,2025-02-18,13700.84,0.0,13700.84,0,0.0
indep_600219,2025-02-19,13700.84,0.0,13700.84,0,0.0
indep_600219,2025-02-20,13700.84,0.0,13700.84,0,0.0
indep_600219,2025-02-21,13700.84,0.0,13700.84,0,0.0
indep_600219,2025-02-24,13700.84,0.0,13700.84,0,0.0
indep_600219,2025-02-25,13700.84,0.0,13700.84,0,0.0
indep_600219,2025-02-26,13700.84,0.0,13700.84,0,0.0
indep_600219,2025-02-27,13700.84,0.0,13700.84,0,0.0
indep_600219,2025-02-28,13700.84,0.0,13700.84,0,0.0
indep_600219,2025-03-03,13700.84,0.0,13700.84,0,0.0
indep_600219,2025-03-04,13700.84,0.0,13700.84,0,0.0
indep_600219,2025-03-05,13700.84,0.0,13700.84,0,0.0
indep_600219,2025-03-06,13700.84,0.0,13700.84,0,0.0
indep_600219,2025-03-07,13700.84,0.0,13700.84,0,0.0
indep_600219,2025-03-10,13700.84,0.0,13700.84,0,0.0
indep_600219,2025-03-11,13700.84,0.0,13700.84,0,0.0
indep_600219,2025-03-12,13700.84,0.0,13700.84,0,0.0
indep_600219,2025-03-13,13700.84,0.0,13700.84,0,0.0
indep_600219,2025-03-14,13700.84,0.0,13700.84,0,0.0
indep_600219,2025-03-17,13700.84,0.0,13700.84,0,0.0
indep_600219,2025-03-18,13700.84,0.0,13700.84,0,0.0
indep_600219,2025-03-19,13700.84,0.0,13700.84,0,0.0
indep_600219,2025-03-20,13700.84,0.0,13700.84,0,0.0
indep_600219,2025-03-21,13700.84,0.0,13700.84,0,0.0
indep_600219,2025-03-24,13700.84,0.0,13700.84,0,0.0
indep_600219,2025-03-25,13700.84,0.0,13700.84,0,0.0
indep_600219,2025-03-26,13700.84,0.0,13700.84,0,0.0
indep_600219,2025-03-27,13700.84,0.0,13700.84,0,0.0
indep_600219,2025-03-28,13700.84,0.0,13700.84,0,0.0
indep_600219,2025-03-31,13700.84,0.0,13700.84,0,0.0
indep_600219,2025-04-01,13700.84,0.0,13700.84,0,0.0
indep_600219,2025-04-02,13700.84,0.0,13700.84,0,0.0
indep_600219,2025-04-03,13700.84,0.0,13700.84,0,0.0
indep_600219,2025-04-07,13700.84,0.0,13700.84,0,0.0
indep_600219,2025-04-08,13700.84,0.0,13700.84,0,0.0
indep_600219,2025-04-09,13700.84,0.0,13700.84,0,0.0
indep_600219,2025-04-10,13700.84,0.0,13700.84,0,0.0
indep_600219,2025-04-11,13700.84,0.0,13700.84,0,0.0
indep_600219,2025-04-14,13700.84,0.0,13700.84,0,0.0
indep_600219,2025-04-15,13700.84,0.0,13700.84,0,0.0
indep_600219,2025-04-16,13700.84,0.0,13700.84,0,0.0
indep_600219,2025-04-17,13700.84,0.0,13700.84,0,0.0
indep_600219,2025-04-18,13700.84,0.0,13700.84,0,0.0
indep_600219,2025-04-21,13700.84,0.0,13700.84,0,0.0
indep_600219,2025-04-22,13700.84,0.0,13700.84,0,0.0
indep_600219,2025-04-23,13700.84,0.0,13700.84,0,0.0
indep_600219,2025-04-24,13700.84,0.0,13700.84,0,0.0
indep_600219,2025-04-25,13700.84,0.0,13700.84,0,0.0
indep_600219,2025-04-28,13700.84,0.0,13700.84,0,0.0
indep_600219,2025-04-29,13700.84,0.0,13700.84,0,0.0
indep_600219,2025-04-30,13700.84,0.0,13700.84,0,0.0
indep_600219,2025-05-06,13700.84,0.0,13700.84,0,0.0
indep_600219,2025-05-07,13700.84,0.0,13700.84,0,0.0
indep_600219,2025-05-08,13700.84,0.0,13700.84,0,0.0
indep_600219,2025-05-09,13700.84,0.0,13700.84,0,0.0
indep_600219,2025-05-12,13700.84,0.0,13700.84,0,0.0
indep_600219,2025-05-13,13700.84,0.0,13700.84,0,0.0
indep_600219,2025-05-14,13700.84,0.0,13700.84,0,0.0
indep_600219,2025-05-15,13700.84,0.0,13700.84,0,0.0
indep_600219,2025-05-16,13700.84,0.0,13700.84,0,0.0
indep_600219,2025-05-19,13700.84,0.0,13700.84,0,0.0
indep_600219,2025-05-20,13700.84,0.0,13700.84,0,0.0
indep_600219,2025-05-21,13700.84,0.0,13700.84,0,0.0
indep_600219,2025-05-22,13700.84,0.0,13700.84,0,0.0
indep_600219,2025-05-23,13700.84,0.0,13700.84,0,0.0
indep_600219,2025-05-26,13700.84,0.0,13700.84,0,0.0
indep_600219,2025-05-27,13700.84,0.0,13700.84,0,0.0
indep_600219,2025-05-28,13700.84,0.0,13700.84,0,0.0
indep_600219,2025-05-29,13700.84,0.0,13700.84,0,0.0
indep_600219,2025-05-30,13700.84,0.0,13700.84,0,0.0
indep_600219,2025-06-03,13700.84,0.0,13700.84,0,0.0
indep_600219,2025-06-04,13700.84,0.0,13700.84,0,0.0
indep_600219,2025-06-05,13700.84,0.0,13700.84,0,0.0
indep_600219,2025-06-06,13700.84,0.0,13700.84,0,0.0
indep_600219,2025-06-09,13700.84,0.0,13700.84,0,0.0
indep_600219,2025-06-10,13700.84,0.0,13700.84,0,0.0
indep_600219,2025-06-11,13700.84,0.0,13700.84,0,0.0
indep_600219,2025-06-12,13700.84,0.0,13700.84,0,0.0
indep_600219,2025-06-13,13700.84,0.0,13700.84,0,0.0
indep_600219,2025-06-16,13700.84,0.0,13700.84,0,0.0
indep_600219,2025-06-17,13700.84,0.0,13700.84,0,0.0
indep_600219,2025-06-18,13700.84,0.0,13700.84,0,0.0
indep_600219,2025-06-19,13700.84,0.0,13700.84,0,0.0
indep_600219,2025-06-20,13700.84,0.0,13700.84,0,0.0
indep_600219,2025-06-23,13700.84,0.0,13700.84,0,0.0
indep_600219,2025-06-24,13700.84,0.0,13700.84,0,0.0
indep_600219,2025-06-25,13700.84,0.0,13700.84,0,0.0
indep_600219,2025-06-26,13700.84,0.0,13700.84,0,0.0
indep_600219,2025-06-27,13700.84,0.0,13700.84,0,0.0
indep_600219,2025-06-30,13700.84,0.0,13700.84,0,0.0
indep_600219,2025-07-01,13700.84,0.0,13700.84,0,0.0
indep_600219,2025-07-02,13700.84,0.0,13700.84,0,0.0
indep_600219,2025-07-03,13700.84,0.0,13700.84,0,0.0
indep_600219,2025-07-04,13700.84,0.0,13700.84,0,0.0
indep_600219,2025-07-07,13700.84,0.0,13700.84,0,0.0
indep_600219,2025-07-08,13700.84,0.0,13700.84,0,0.0
indep_600219,2025-07-09,13700.84,0.0,13700.84,0,0.0
indep_600219,2025-07-10,13700.84,0.0,13700.84,0,0.0
indep_600219,2025-07-11,13700.84,0.0,13700.84,0,0.0
indep_600219,2025-07-14,13700.84,0.0,13700.84,0,0.0
indep_600219,2025-07-15,13700.84,0.0,13700.84,0,0.0
indep_600219,2025-07-16,13700.84,0.0,13700.84,0,0.0
indep_600219,2025-07-17,13700.84,0.0,13700.84,0,0.0
indep_600219,2025-07-18,13700.84,0.0,13700.84,0,0.0
indep_600219,2025-07-21,13700.84,0.0,13700.84,0,0.0
indep_600219,2025-07-22,13700.84,0.0,13700.84,0,0.0
indep_600219,2025-07-23,13700.84,0.0,13700.84,0,0.0
indep_600219,2025-07-24,13700.84,0.0,13700.84,0,0.0
indep_600219,2025-07-25,13700.84,0.0,13700.84,0,0.0
indep_600219,2025-07-28,13700.84,0.0,13700.84,0,0.0
indep_600219,2025-07-29,13700.84,0.0,13700.84,0,0.0
indep_600219,2025-07-30,13700.84,0.0,13700.84,0,0.0
indep_600219,2025-07-31,13700.84,0.0,13700.84,0,0.0
indep_600219,2025-08-01,9365.54,4304.02,13669.56,1,31.486
indep_600219,2025-08-04,9365.54,4336.87,13702.42,1,31.65
indep_600219,2025-08-05,9365.54,4402.59,13768.13,1,31.977
indep_600219,2025-08-06,9365.54,4424.49,13790.03,1,32.085
indep_600219,2025-08-07,9365.54,4446.39,13811.94,1,32.192
indep_600219,2025-08-08,9365.54,4512.1,13877.65,1,32.513
indep_600219,2025-08-11,9365.54,4501.15,13866.7,1,32.46
indep_600219,2025-08-12,9365.54,4512.1,13877.65,1,32.513
indep_600219,2025-08-13,9365.54,4555.91,13921.45,1,32.726
indep_600219,2025-08-14,9365.54,4534.01,13899.55,1,32.62
indep_600219,2025-08-15,9365.54,4643.52,14009.07,1,33.147
indep_600219,2025-08-18,9365.54,4534.01,13899.55,1,32.62
indep_600219,2025-08-19,9365.54,4490.2,13855.74,1,32.407
indep_600219,2025-08-20,9365.54,4555.91,13921.45,1,32.726
indep_600219,2025-08-21,9365.54,4555.91,13921.45,1,32.726
indep_600219,2025-08-22,9365.54,4577.81,13943.36,1,32.831
indep_600219,2025-08-25,9365.54,4687.33,14052.87,1,33.355
indep_600219,2025-08-26,9365.54,4774.94,14140.49,1,33.768
indep_600219,2025-08-27,9365.54,4621.62,13987.16,1,33.042
indep_600219,2025-08-28,9365.54,4599.72,13965.26,1,32.937
indep_600219,2025-08-29,13817.81,0.0,13817.81,0,0.0
indep_600219,2025-09-01,13817.81,0.0,13817.81,0,0.0
indep_600219,2025-09-02,13817.81,0.0,13817.81,0,0.0
indep_600219,2025-09-03,13817.81,0.0,13817.81,0,0.0
indep_600219,2025-09-04,13817.81,0.0,13817.81,0,0.0
indep_600219,2025-09-05,13817.81,0.0,13817.81,0,0.0
indep_600219,2025-09-08,13817.81,0.0,13817.81,0,0.0
indep_600219,2025-09-09,13817.81,0.0,13817.81,0,0.0
indep_600219,2025-09-10,13817.81,0.0,13817.81,0,0.0
indep_600219,2025-09-11,13817.81,0.0,13817.81,0,0.0
indep_600219,2025-09-12,13817.81,0.0,13817.81,0,0.0
indep_600219,2025-09-15,13817.81,0.0,13817.81,0,0.0
indep_600219,2025-09-16,13817.81,0.0,13817.81,0,0.0
indep_600219,2025-09-17,13817.81,0.0,13817.81,0,0.0
indep_600219,2025-09-18,13817.81,0.0,13817.81,0,0.0
indep_600219,2025-09-19,13817.81,0.0,13817.81,0,0.0
indep_600219,2025-09-22,13817.81,0.0,13817.81,0,0.0
indep_600219,2025-09-23,13817.81,0.0,13817.81,0,0.0
indep_600219,2025-09-24,13817.81,0.0,13817.81,0,0.0
indep_600219,2025-09-25,13817.81,0.0,13817.81,0,0.0
indep_600219,2025-09-26,13817.81,0.0,13817.81,0,0.0
indep_600219,2025-09-29,13817.81,0.0,13817.81,0,0.0
indep_600219,2025-09-30,13817.81,0.0,13817.81,0,0.0
indep_600219,2025-10-09,13817.81,0.0,13817.81,0,0.0
indep_600219,2025-10-10,13817.81,0.0,13817.81,0,0.0
indep_600219,2025-10-13,13817.81,0.0,13817.81,0,0.0
indep_600219,2025-10-14,13817.81,0.0,13817.81,0,0.0
indep_600219,2025-10-15,13817.81,0.0,13817.81,0,0.0
indep_600219,2025-10-16,13817.81,0.0,13817.81,0,0.0
indep_600219,2025-10-17,13817.81,0.0,13817.81,0,0.0
indep_600219,2025-10-20,9359.38,4437.86,13797.25,1,32.165
indep_600219,2025-10-21,9359.38,4493.2,13852.58,1,32.436
indep_600219,2025-10-22,9359.38,4493.2,13852.58,1,32.436
indep_600219,2025-10-23,9359.38,4570.67,13930.05,1,32.812
indep_600219,2025-10-24,9359.38,4614.93,13974.32,1,33.024
indep_600219,2025-10-27,9359.38,4637.07,13996.45,1,33.13
indep_600219,2025-10-28,9359.38,4592.8,13952.18,1,32.918
indep_600219,2025-10-29,9359.38,5057.61,14417.0,1,35.081
indep_600219,2025-10-30,9359.38,5256.82,14616.2,1,35.966
indep_600219,2025-10-31,9359.38,5101.88,14461.27,1,35.28
indep_600219,2025-11-03,9359.38,5212.55,14571.94,1,35.771
indep_600219,2025-11-04,9359.38,5112.95,14472.33,1,35.329
indep_600219,2025-11-05,9359.38,5112.95,14472.33,1,35.329
indep_600219,2025-11-06,9359.38,5622.03,14981.41,1,37.527
indep_600219,2025-11-07,9359.38,5754.83,15114.22,1,38.076
indep_600219,2025-11-10,9359.38,5765.9,15125.28,1,38.121
indep_600219,2025-11-11,9359.38,5710.57,15069.95,1,37.894
indep_600219,2025-11-12,9359.38,5898.7,15258.09,1,38.66
indep_600219,2025-11-13,9359.38,5920.84,15280.22,1,38.748
indep_600219,2025-11-14,9359.38,5743.77,15103.15,1,38.03
indep_600219,2025-11-17,9359.38,5666.3,15025.68,1,37.711
indep_600219,2025-11-18,14961.91,0.0,14961.91,0,0.0
indep_600219,2025-11-19,14961.91,0.0,14961.91,0,0.0
indep_600219,2025-11-20,14961.91,0.0,14961.91,0,0.0
indep_600219,2025-11-21,14961.91,0.0,14961.91,0,0.0
indep_600219,2025-11-24,10102.82,4839.04,14941.86,1,32.386
indep_600219,2025-11-25,10102.82,4818.75,14921.57,1,32.294
indep_600219,2025-11-26,10102.82,4788.32,14891.14,1,32.155
indep_600219,2025-11-27,10102.82,4798.46,14901.28,1,32.202
indep_600219,2025-11-28,10102.82,4788.32,14891.14,1,32.155
indep_600219,2025-12-01,10102.82,4879.62,14982.44,1,32.569
indep_600219,2025-12-02,10102.82,4818.75,14921.57,1,32.294
indep_600219,2025-12-03,10102.82,5011.5,15114.32,1,33.157
indep_600219,2025-12-04,10102.82,4981.07,15083.89,1,33.022
indep_600219,2025-12-05,10102.82,5407.15,15509.97,1,34.862
indep_600219,2025-12-08,10102.82,5295.55,15398.38,1,34.39
indep_600219,2025-12-09,15161.17,0.0,15161.17,0,0.0
indep_600219,2025-12-10,15161.17,0.0,15161.17,0,0.0
indep_600219,2025-12-11,10109.14,5011.5,15120.64,1,33.143
indep_600219,2025-12-12,10109.14,5075.75,15184.89,1,33.426
indep_600219,2025-12-15,10109.14,4957.96,15067.1,1,32.906
indep_600219,2025-12-16,10109.14,4925.83,15034.98,1,32.763
indep_600219,2025-12-17,10109.14,5011.5,15120.64,1,33.143
indep_600219,2025-12-18,10109.14,4990.08,15099.23,1,33.049
indep_600219,2025-12-19,10109.14,5129.29,15238.43,1,33.66
indep_600219,2025-12-22,10109.14,5161.42,15270.56,1,33.8
indep_600219,2025-12-23,10109.14,5375.58,15484.73,1,34.715
indep_600219,2025-12-24,10109.14,5407.71,15516.85,1,34.851
indep_600219,2025-12-25,10109.14,5364.88,15474.02,1,34.67
indep_600219,2025-12-26,10109.14,5686.13,15795.27,1,35.999
indep_600219,2025-12-29,10109.14,5600.46,15709.6,1,35.65
indep_600219,2025-12-30,10109.14,5686.13,15795.27,1,35.999
indep_600219,2025-12-31,10109.14,5761.08,15870.23,1,36.301
indep_600219,2026-01-05,10109.14,5889.58,15998.73,1,36.813
indep_600219,2026-01-06,10109.14,6071.63,16180.77,1,37.524
indep_600219,2026-01-07,10109.14,6242.96,16352.1,1,38.178
indep_600219,2026-01-08,10109.14,6146.58,16255.73,1,37.812
indep_600219,2026-01-09,10109.14,6264.38,16373.52,1,38.259
indep_600219,2026-01-12,10109.14,6168.0,16277.14,1,37.894
indep_600219,2026-01-13,10109.14,6189.42,16298.56,1,37.975
indep_600219,2026-01-14,10109.14,6328.63,16437.77,1,38.501
indep_600219,2026-01-15,10109.14,6350.04,16459.18,1,38.581
indep_600219,2026-01-16,10109.14,6382.17,16491.31,1,38.7
indep_600219,2026-01-19,10109.14,6574.92,16684.06,1,39.408
indep_600219,2026-01-20,10109.14,7067.5,17176.64,1,41.146
indep_600219,2026-01-21,10109.14,6992.54,17101.68,1,40.888
indep_600219,2026-01-22,10109.14,6949.71,17058.85,1,40.74
indep_600219,2026-01-23,10109.14,7260.25,17369.39,1,41.799
indep_600219,2026-01-26,10109.14,7859.92,17969.06,1,43.741
indep_600219,2026-01-27,10109.14,7645.75,17754.89,1,43.063
indep_600219,2026-01-28,10109.14,8406.04,18515.18,1,45.401
indep_600219,2026-01-29,18495.46,0.0,18495.46,0,0.0
indep_600219,2026-01-30,18495.46,0.0,18495.46,0,0.0
indep_600219,2026-02-02,18495.46,0.0,18495.46,0,0.0
indep_600219,2026-02-03,12623.18,5984.01,18607.19,1,32.16
indep_600219,2026-02-04,12623.18,6036.58,18659.76,1,32.351
indep_600219,2026-02-05,12623.18,5782.5,18405.68,1,31.417
indep_600219,2026-02-06,18120.76,0.0,18120.76,0,0.0
indep_600219,2026-02-09,18120.76,0.0,18120.76,0,0.0
indep_600219,2026-02-10,18120.76,0.0,18120.76,0,0.0
indep_600219,2026-02-11,18120.76,0.0,18120.76,0,0.0
indep_600219,2026-02-12,12713.31,5381.43,18094.74,1,29.74
indep_600219,2026-02-13,12713.31,5217.88,17931.19,1,29.099
indep_600219,2026-02-24,12713.31,5303.55,18016.86,1,29.437
indep_600219,2026-02-25,12713.31,5490.46,18203.77,1,30.161
indep_600219,2026-02-26,12713.31,5474.88,18188.19,1,30.101
indep_600219,2026-02-27,12713.31,5513.82,18227.13,1,30.251
indep_600219,2026-03-02,12713.31,5770.82,18484.13,1,31.22
indep_600219,2026-03-03,12713.31,5607.27,18320.58,1,30.606
indep_600219,2026-03-04,12713.31,6043.39,18756.71,1,32.22
indep_600219,2026-03-05,12713.31,6043.39,18756.71,1,32.22
indep_600219,2026-03-06,18491.57,0.0,18491.57,0,0.0
indep_600219,2026-03-09,18491.57,0.0,18491.57,0,0.0
indep_600219,2026-03-10,18491.57,0.0,18491.57,0,0.0
indep_600219,2026-03-11,18491.57,0.0,18491.57,0,0.0
indep_600219,2026-03-12,18491.57,0.0,18491.57,0,0.0
indep_600219,2026-03-13,18491.57,0.0,18491.57,0,0.0
indep_600219,2026-03-16,18491.57,0.0,18491.57,0,0.0
indep_600219,2026-03-17,18491.57,0.0,18491.57,0,0.0
indep_600219,2026-03-18,18491.57,0.0,18491.57,0,0.0
indep_600219,2026-03-19,18491.57,0.0,18491.57,0,0.0
indep_600219,2026-03-20,18491.57,0.0,18491.57,0,0.0
indep_600219,2026-03-23,18491.57,0.0,18491.57,0,0.0
indep_600219,2026-03-24,18491.57,0.0,18491.57,0,0.0
indep_600219,2026-03-25,18491.57,0.0,18491.57,0,0.0
indep_600219,2026-03-26,18491.57,0.0,18491.57,0,0.0
indep_600219,2026-03-27,18491.57,0.0,18491.57,0,0.0
indep_600219,2026-03-30,18491.57,0.0,18491.57,0,0.0
indep_600219,2026-03-31,18491.57,0.0,18491.57,0,0.0
indep_600219,2026-04-01,18491.57,0.0,18491.57,0,0.0
indep_600219,2026-04-02,18491.57,0.0,18491.57,0,0.0
indep_600219,2026-04-03,18491.57,0.0,18491.57,0,0.0
indep_600219,2026-04-07,18491.57,0.0,18491.57,0,0.0
indep_600219,2026-04-08,18491.57,0.0,18491.57,0,0.0
indep_600219,2026-04-09,18491.57,0.0,18491.57,0,0.0
indep_600219,2026-04-10,18491.57,0.0,18491.57,0,0.0
indep_600219,2026-04-13,18491.57,0.0,18491.57,0,0.0
indep_600219,2026-04-14,18491.57,0.0,18491.57,0,0.0
indep_600219,2026-04-15,18491.57,0.0,18491.57,0,0.0
indep_600219,2026-04-16,18491.57,0.0,18491.57,0,0.0
indep_600219,2026-04-17,18491.57,0.0,18491.57,0,0.0
indep_600219,2026-04-20,18491.57,0.0,18491.57,0,0.0
indep_600219,2026-04-21,18491.57,0.0,18491.57,0,0.0
indep_600219,2026-04-22,18491.57,0.0,18491.57,0,0.0
indep_600219,2026-04-23,18491.57,0.0,18491.57,0,0.0
indep_600219,2026-04-24,18491.57,0.0,18491.57,0,0.0
indep_600219,2026-04-27,18491.57,0.0,18491.57,0,0.0
indep_600219,2026-04-28,18491.57,0.0,18491.57,0,0.0
indep_600219,2026-04-29,18491.57,0.0,18491.57,0,0.0
indep_600219,2026-04-30,18491.57,0.0,18491.57,0,0.0
indep_600219,2026-05-06,18491.57,0.0,18491.57,0,0.0
indep_600219,2026-05-07,18491.57,0.0,18491.57,0,0.0
indep_600219,2026-05-08,18491.57,0.0,18491.57,0,0.0
indep_600219,2026-05-11,18491.57,0.0,18491.57,0,0.0
indep_600219,2026-05-12,18491.57,0.0,18491.57,0,0.0
indep_600219,2026-05-13,18491.57,0.0,18491.57,0,0.0
indep_600219,2026-05-14,18491.57,0.0,18491.57,0,0.0
indep_600219,2026-05-15,18491.57,0.0,18491.57,0,0.0
indep_600219,2026-05-18,18491.57,0.0,18491.57,0,0.0
indep_600219,2026-05-19,18491.57,0.0,18491.57,0,0.0
indep_600219,2026-05-20,18491.57,0.0,18491.57,0,0.0
indep_600219,2026-05-21,18491.57,0.0,18491.57,0,0.0
indep_600219,2026-05-22,18491.57,0.0,18491.57,0,0.0
indep_600219,2026-05-25,18491.57,0.0,18491.57,0,0.0
indep_600219,2026-05-26,18491.57,0.0,18491.57,0,0.0
indep_600219,2026-05-27,18491.57,0.0,18491.57,0,0.0
indep_600219,2026-05-28,18491.57,0.0,18491.57,0,0.0
indep_600219,2026-05-29,18491.57,0.0,18491.57,0,0.0
indep_600219,2026-06-01,18491.57,0.0,18491.57,0,0.0
indep_600219,2026-06-02,18491.57,0.0,18491.57,0,0.0
indep_600219,2026-06-03,18491.57,0.0,18491.57,0,0.0
indep_600219,2026-06-04,18491.57,0.0,18491.57,0,0.0
indep_600219,2026-06-05,18491.57,0.0,18491.57,0,0.0
indep_600219,2026-06-08,18491.57,0.0,18491.57,0,0.0
indep_600219,2026-06-09,18491.57,0.0,18491.57,0,0.0
indep_600219,2026-06-10,18491.57,0.0,18491.57,0,0.0
indep_600219,2026-06-11,18491.57,0.0,18491.57,0,0.0
indep_600219,2026-06-12,18491.57,0.0,18491.57,0,0.0
indep_600219,2026-06-15,18491.57,0.0,18491.57,0,0.0
indep_600219,2026-06-16,18491.57,0.0,18491.57,0,0.0
indep_600219,2026-06-17,18491.57,0.0,18491.57,0,0.0
indep_600219,2026-06-18,18491.57,0.0,18491.57,0,0.0
indep_600219,2026-06-22,18491.57,0.0,18491.57,0,0.0
indep_600219,2026-06-23,18491.57,0.0,18491.57,0,0.0
indep_600219,2026-06-24,18491.57,0.0,18491.57,0,0.0
indep_600219,2026-06-25,18491.57,0.0,18491.57,0,0.0
indep_600219,2026-06-26,18491.57,0.0,18491.57,0,0.0
indep_600219,2026-06-29,18491.57,0.0,18491.57,0,0.0
indep_600219,2026-06-30,18491.57,0.0,18491.57,0,0.0
indep_600219,2026-07-01,18491.57,0.0,18491.57,0,0.0
indep_600219,2026-07-02,18491.57,0.0,18491.57,0,0.0
indep_600219,2026-07-03,18491.57,0.0,18491.57,0,0.0
indep_600219,2026-07-06,18491.57,0.0,18491.57,0,0.0
indep_600219,2026-07-07,18491.57,0.0,18491.57,0,0.0
indep_600219,2026-07-08,18491.57,0.0,18491.57,0,0.0
indep_600219,2026-07-09,18491.57,0.0,18491.57,0,0.0
indep_600219,2026-07-10,18491.57,0.0,18491.57,0,0.0
indep_600219,2026-07-13,18491.57,0.0,18491.57,0,0.0
indep_600219,2026-07-14,18491.57,0.0,18491.57,0,0.0
indep_600219,2026-07-15,18491.57,0.0,18491.57,0,0.0
indep_600219,2026-07-16,18491.57,0.0,18491.57,0,0.0
indep_600219,2026-07-17,18491.57,0.0,18491.57,0,0.0
indep_600219,2026-07-20,18491.57,0.0,18491.57,0,0.0
indep_600219,2026-07-21,18491.57,0.0,18491.57,0,0.0
indep_600219,2026-07-22,18491.57,0.0,18491.57,0,0.0
indep_600219,2026-07-23,18491.57,0.0,18491.57,0,0.0
indep_600219,2026-07-24,18491.57,0.0,18491.57,0,0.0
indep_600219,2026-07-27,18491.57,0.0,18491.57,0,0.0
indep_600219,2026-07-28,18491.57,0.0,18491.57,0,0.0
indep_600219,2026-07-29,18491.57,0.0,18491.57,0,0.0
indep_600219,2026-07-30,18491.57,0.0,18491.57,0,0.0
indep_600219,2026-07-31,18491.57,0.0,18491.57,0,0.0
indep_600219,2026-08-03,18491.57,0.0,18491.57,0,0.0
indep_600219,2026-08-04,18491.57,0.0,18491.57,0,0.0
indep_600219,2026-08-05,18491.57,0.0,18491.57,0,0.0
indep_600219,2026-08-06,18491.57,0.0,18491.57,0,0.0
indep_600219,2026-08-07,18491.57,0.0,18491.57,0,0.0
indep_600219,2026-08-10,18491.57,0.0,18491.57,0,0.0
indep_600219,2026-08-11,18491.57,0.0,18491.57,0,0.0
indep_600219,2026-08-12,18491.57,0.0,18491.57,0,0.0
indep_600219,2026-08-13,18491.57,0.0,18491.57,0,0.0
indep_600219,2026-08-14,18491.57,0.0,18491.57,0,0.0
indep_600219,2026-08-17,18491.57,0.0,18491.57,0,0.0
indep_600219,2026-08-18,18491.57,0.0,18491.57,0,0.0
indep_600219,2026-08-19,18491.57,0.0,18491.57,0,0.0
indep_600219,2026-08-20,18491.57,0.0,18491.57,0,0.0
indep_600219,2026-08-21,18491.57,0.0,18491.57,0,0.0
indep_600219,2026-08-24,18491.57,0.0,18491.57,0,0.0
indep_600219,2026-08-25,18491.57,0.0,18491.57,0,0.0
indep_600219,2026-08-26,18491.57,0.0,18491.57,0,0.0
indep_600219,2026-08-27,18491.57,0.0,18491.57,0,0.0
indep_600219,2026-08-28,18491.57,0.0,18491.57,0,0.0
indep_600219,2026-08-31,18491.57,0.0,18491.57,0,0.0
indep_600219,2026-09-01,18491.57,0.0,18491.57,0,0.0
indep_600219,2026-09-02,18491.57,0.0,18491.57,0,0.0
indep_600219,2026-09-03,18491.57,0.0,18491.57,0,0.0
indep_600219,2026-09-04,18491.57,0.0,18491.57,0,0.0
indep_600219,2026-09-07,18491.57,0.0,18491.57,0,0.0
indep_600219,2026-09-08,18491.57,0.0,18491.57,0,0.0
indep_600219,2026-09-09,18491.57,0.0,18491.57,0,0.0
indep_600219,2026-09-10,18491.57,0.0,18491.57,0,0.0
indep_600219,2026-09-11,18491.57,0.0,18491.57,0,0.0
indep_600219,2026-09-14,18491.57,0.0,18491.57,0,0.0
indep_000878,2023-09-14,13822.47,0.0,13822.47,0,0.0
indep_000878,2023-09-15,13822.47,0.0,13822.47,0,0.0
indep_000878,2023-09-18,13822.47,0.0,13822.47,0,0.0
indep_000878,2023-09-19,13822.47,0.0,13822.47,0,0.0
indep_000878,2023-09-20,13822.47,0.0,13822.47,0,0.0
indep_000878,2023-09-21,13822.47,0.0,13822.47,0,0.0
indep_000878,2023-09-22,9364.3,4494.03,13858.33,1,32.428
indep_000878,2023-09-25,9364.3,4475.14,13839.43,1,32.336
indep_000878,2023-09-26,9364.3,4456.24,13820.54,1,32.244
indep_000878,2023-09-27,9364.3,4456.24,13820.54,1,32.244
indep_000878,2023-09-28,9364.3,4452.46,13816.76,1,32.225
indep_000878,2023-10-09,9364.3,4407.1,13771.4,1,32.002
indep_000878,2023-10-10,9364.3,4373.09,13737.38,1,31.833
indep_000878,2023-10-11,9364.3,4350.41,13714.71,1,31.721
indep_000878,2023-10-12,9364.3,4433.56,13797.86,1,32.132
indep_000878,2023-10-13,9364.3,4305.05,13669.35,1,31.494
indep_000878,2023-10-16,9364.3,4308.83,13673.13,1,31.513
indep_000878,2023-10-17,9364.3,4320.17,13684.47,1,31.57
indep_000878,2023-10-18,9364.3,4244.58,13608.87,1,31.19
indep_000878,2023-10-19,9364.3,4203.0,13567.3,1,30.979
indep_000878,2023-10-20,13544.63,0.0,13544.63,0,0.0
indep_000878,2023-10-23,13544.63,0.0,13544.63,0,0.0
indep_000878,2023-10-24,13544.63,0.0,13544.63,0,0.0
indep_000878,2023-10-25,13544.63,0.0,13544.63,0,0.0
indep_000878,2023-10-26,13544.63,0.0,13544.63,0,0.0
indep_000878,2023-10-27,13544.63,0.0,13544.63,0,0.0
indep_000878,2023-10-30,13544.63,0.0,13544.63,0,0.0
indep_000878,2023-10-31,13544.63,0.0,13544.63,0,0.0
indep_000878,2023-11-01,13544.63,0.0,13544.63,0,0.0
indep_000878,2023-11-02,13544.63,0.0,13544.63,0,0.0
indep_000878,2023-11-03,13544.63,0.0,13544.63,0,0.0
indep_000878,2023-11-06,13544.63,0.0,13544.63,0,0.0
indep_000878,2023-11-07,13544.63,0.0,13544.63,0,0.0
indep_000878,2023-11-08,13544.63,0.0,13544.63,0,0.0
indep_000878,2023-11-09,13544.63,0.0,13544.63,0,0.0
indep_000878,2023-11-10,13544.63,0.0,13544.63,0,0.0
indep_000878,2023-11-13,13544.63,0.0,13544.63,0,0.0
indep_000878,2023-11-14,13544.63,0.0,13544.63,0,0.0
indep_000878,2023-11-15,13544.63,0.0,13544.63,0,0.0
indep_000878,2023-11-16,13544.63,0.0,13544.63,0,0.0
indep_000878,2023-11-17,13544.63,0.0,13544.63,0,0.0
indep_000878,2023-11-20,13544.63,0.0,13544.63,0,0.0
indep_000878,2023-11-21,13544.63,0.0,13544.63,0,0.0
indep_000878,2023-11-22,13544.63,0.0,13544.63,0,0.0
indep_000878,2023-11-23,13544.63,0.0,13544.63,0,0.0
indep_000878,2023-11-24,13544.63,0.0,13544.63,0,0.0
indep_000878,2023-11-27,13544.63,0.0,13544.63,0,0.0
indep_000878,2023-11-28,13544.63,0.0,13544.63,0,0.0
indep_000878,2023-11-29,13544.63,0.0,13544.63,0,0.0
indep_000878,2023-11-30,13544.63,0.0,13544.63,0,0.0
indep_000878,2023-12-01,13544.63,0.0,13544.63,0,0.0
indep_000878,2023-12-04,13544.63,0.0,13544.63,0,0.0
indep_000878,2023-12-05,13544.63,0.0,13544.63,0,0.0
indep_000878,2023-12-06,13544.63,0.0,13544.63,0,0.0
indep_000878,2023-12-07,13544.63,0.0,13544.63,0,0.0
indep_000878,2023-12-08,13544.63,0.0,13544.63,0,0.0
indep_000878,2023-12-11,13544.63,0.0,13544.63,0,0.0
indep_000878,2023-12-12,13544.63,0.0,13544.63,0,0.0
indep_000878,2023-12-13,13544.63,0.0,13544.63,0,0.0
indep_000878,2023-12-14,13544.63,0.0,13544.63,0,0.0
indep_000878,2023-12-15,13544.63,0.0,13544.63,0,0.0
indep_000878,2023-12-18,13544.63,0.0,13544.63,0,0.0
indep_000878,2023-12-19,13544.63,0.0,13544.63,0,0.0
indep_000878,2023-12-20,13544.63,0.0,13544.63,0,0.0
indep_000878,2023-12-21,13544.63,0.0,13544.63,0,0.0
indep_000878,2023-12-22,13544.63,0.0,13544.63,0,0.0
indep_000878,2023-12-25,13544.63,0.0,13544.63,0,0.0
indep_000878,2023-12-26,13544.63,0.0,13544.63,0,0.0
indep_000878,2023-12-27,13544.63,0.0,13544.63,0,0.0
indep_000878,2023-12-28,13544.63,0.0,13544.63,0,0.0
indep_000878,2023-12-29,13544.63,0.0,13544.63,0,0.0
indep_000878,2024-01-02,13544.63,0.0,13544.63,0,0.0
indep_000878,2024-01-03,13544.63,0.0,13544.63,0,0.0
indep_000878,2024-01-04,13544.63,0.0,13544.63,0,0.0
indep_000878,2024-01-05,13544.63,0.0,13544.63,0,0.0
indep_000878,2024-01-08,13544.63,0.0,13544.63,0,0.0
indep_000878,2024-01-09,13544.63,0.0,13544.63,0,0.0
indep_000878,2024-01-10,13544.63,0.0,13544.63,0,0.0
indep_000878,2024-01-11,13544.63,0.0,13544.63,0,0.0
indep_000878,2024-01-12,13544.63,0.0,13544.63,0,0.0
indep_000878,2024-01-15,13544.63,0.0,13544.63,0,0.0
indep_000878,2024-01-16,13544.63,0.0,13544.63,0,0.0
indep_000878,2024-01-17,13544.63,0.0,13544.63,0,0.0
indep_000878,2024-01-18,13544.63,0.0,13544.63,0,0.0
indep_000878,2024-01-19,13544.63,0.0,13544.63,0,0.0
indep_000878,2024-01-22,13544.63,0.0,13544.63,0,0.0
indep_000878,2024-01-23,13544.63,0.0,13544.63,0,0.0
indep_000878,2024-01-24,13544.63,0.0,13544.63,0,0.0
indep_000878,2024-01-25,13544.63,0.0,13544.63,0,0.0
indep_000878,2024-01-26,13544.63,0.0,13544.63,0,0.0
indep_000878,2024-01-29,13544.63,0.0,13544.63,0,0.0
indep_000878,2024-01-30,13544.63,0.0,13544.63,0,0.0
indep_000878,2024-01-31,13544.63,0.0,13544.63,0,0.0
indep_000878,2024-02-01,13544.63,0.0,13544.63,0,0.0
indep_000878,2024-02-02,13544.63,0.0,13544.63,0,0.0
indep_000878,2024-02-05,13544.63,0.0,13544.63,0,0.0
indep_000878,2024-02-06,13544.63,0.0,13544.63,0,0.0
indep_000878,2024-02-07,13544.63,0.0,13544.63,0,0.0
indep_000878,2024-02-08,13544.63,0.0,13544.63,0,0.0
indep_000878,2024-02-19,13544.63,0.0,13544.63,0,0.0
indep_000878,2024-02-20,13544.63,0.0,13544.63,0,0.0
indep_000878,2024-02-21,13544.63,0.0,13544.63,0,0.0
indep_000878,2024-02-22,13544.63,0.0,13544.63,0,0.0
indep_000878,2024-02-23,13544.63,0.0,13544.63,0,0.0
indep_000878,2024-02-26,13544.63,0.0,13544.63,0,0.0
indep_000878,2024-02-27,13544.63,0.0,13544.63,0,0.0
indep_000878,2024-02-28,13544.63,0.0,13544.63,0,0.0
indep_000878,2024-02-29,13544.63,0.0,13544.63,0,0.0
indep_000878,2024-03-01,13544.63,0.0,13544.63,0,0.0
indep_000878,2024-03-04,13544.63,0.0,13544.63,0,0.0
indep_000878,2024-03-05,13544.63,0.0,13544.63,0,0.0
indep_000878,2024-03-06,13544.63,0.0,13544.63,0,0.0
indep_000878,2024-03-07,13544.63,0.0,13544.63,0,0.0
indep_000878,2024-03-08,13544.63,0.0,13544.63,0,0.0
indep_000878,2024-03-11,13544.63,0.0,13544.63,0,0.0
indep_000878,2024-03-12,13544.63,0.0,13544.63,0,0.0
indep_000878,2024-03-13,13544.63,0.0,13544.63,0,0.0
indep_000878,2024-03-14,13544.63,0.0,13544.63,0,0.0
indep_000878,2024-03-15,13544.63,0.0,13544.63,0,0.0
indep_000878,2024-03-18,13544.63,0.0,13544.63,0,0.0
indep_000878,2024-03-19,13544.63,0.0,13544.63,0,0.0
indep_000878,2024-03-20,13544.63,0.0,13544.63,0,0.0
indep_000878,2024-03-21,13544.63,0.0,13544.63,0,0.0
indep_000878,2024-03-22,13544.63,0.0,13544.63,0,0.0
indep_000878,2024-03-25,13544.63,0.0,13544.63,0,0.0
indep_000878,2024-03-26,13544.63,0.0,13544.63,0,0.0
indep_000878,2024-03-27,13544.63,0.0,13544.63,0,0.0
indep_000878,2024-03-28,13544.63,0.0,13544.63,0,0.0
indep_000878,2024-03-29,13544.63,0.0,13544.63,0,0.0
indep_000878,2024-04-01,13544.63,0.0,13544.63,0,0.0
indep_000878,2024-04-02,13544.63,0.0,13544.63,0,0.0
indep_000878,2024-04-03,13544.63,0.0,13544.63,0,0.0
indep_000878,2024-04-08,13544.63,0.0,13544.63,0,0.0
indep_000878,2024-04-09,13544.63,0.0,13544.63,0,0.0
indep_000878,2024-04-10,13544.63,0.0,13544.63,0,0.0
indep_000878,2024-04-11,9569.8,3997.01,13566.81,1,29.462
indep_000878,2024-04-12,9569.8,4056.54,13626.34,1,29.77
indep_000878,2024-04-15,9569.8,4084.88,13654.69,1,29.916
indep_000878,2024-04-16,9569.8,3809.91,13379.71,1,28.475
indep_000878,2024-04-17,9569.8,4005.51,13575.31,1,29.506
indep_000878,2024-04-18,9569.8,4158.59,13728.39,1,30.292
indep_000878,2024-04-19,13653.62,0.0,13653.62,0,0.0
indep_000878,2024-04-22,13653.62,0.0,13653.62,0,0.0
indep_000878,2024-04-23,13653.62,0.0,13653.62,0,0.0
indep_000878,2024-04-24,9877.42,3917.63,13795.06,1,28.399
indep_000878,2024-04-25,9877.42,3894.96,13772.38,1,28.281
indep_000878,2024-04-26,9877.42,4016.85,13894.27,1,28.91
indep_000878,2024-04-29,9877.42,3982.83,13860.26,1,28.736
indep_000878,2024-04-30,9877.42,3985.67,13863.09,1,28.75
indep_000878,2024-05-06,13754.55,0.0,13754.55,0,0.0
indep_000878,2024-05-07,13754.55,0.0,13754.55,0,0.0
indep_000878,2024-05-08,9819.45,3934.64,13754.09,1,28.607
indep_000878,2024-05-09,9819.45,4005.51,13824.96,1,28.973
indep_000878,2024-05-10,9819.45,4067.88,13887.33,1,29.292
indep_000878,2024-05-13,9819.45,4031.02,13850.47,1,29.104
indep_000878,2024-05-14,9819.45,4138.75,13958.19,1,29.651
indep_000878,2024-05-15,9819.45,4082.05,13901.5,1,29.364
indep_000878,2024-05-16,9819.45,4025.35,13844.8,1,29.075
indep_000878,2024-05-17,9819.45,4118.9,13938.35,1,29.551
indep_000878,2024-05-20,9819.45,4436.39,14255.84,1,31.12
indep_000878,2024-05-21,9819.45,4257.81,14077.25,1,30.246
indep_000878,2024-05-22,13981.15,0.0,13981.15,0,0.0
indep_000878,2024-05-23,13981.15,0.0,13981.15,0,0.0
indep_000878,2024-05-24,9984.84,3967.03,13951.87,1,28.434
indep_000878,2024-05-27,9984.84,4004.65,13989.48,1,28.626
indep_000878,2024-05-28,9984.84,4033.58,14018.42,1,28.773
indep_000878,2024-05-29,9984.84,4146.43,14131.27,1,29.342
indep_000878,2024-05-30,9984.84,3955.46,13940.29,1,28.374
indep_000878,2024-05-31,9984.84,3938.09,13922.93,1,28.285
indep_000878,2024-06-03,9984.84,3865.76,13850.6,1,27.91
indep_000878,2024-06-04,9984.84,3923.63,13908.47,1,28.21
indep_000878,2024-06-05,9984.84,3807.89,13792.72,1,27.608
indep_000878,2024-06-06,9984.84,3848.39,13833.23,1,27.82
indep_000878,2024-06-07,9984.84,3862.86,13847.7,1,27.895
indep_000878,2024-06-11,13730.17,0.0,13730.17,0,0.0
indep_000878,2024-06-12,13730.17,0.0,13730.17,0,0.0
indep_000878,2024-06-13,13730.17,0.0,13730.17,0,0.0
indep_000878,2024-06-14,13730.17,0.0,13730.17,0,0.0
indep_000878,2024-06-17,13730.17,0.0,13730.17,0,0.0
indep_000878,2024-06-18,13730.17,0.0,13730.17,0,0.0
indep_000878,2024-06-19,13730.17,0.0,13730.17,0,0.0
indep_000878,2024-06-20,13730.17,0.0,13730.17,0,0.0
indep_000878,2024-06-21,13730.17,0.0,13730.17,0,0.0
indep_000878,2024-06-24,13730.17,0.0,13730.17,0,0.0
indep_000878,2024-06-25,13730.17,0.0,13730.17,0,0.0
indep_000878,2024-06-26,13730.17,0.0,13730.17,0,0.0
indep_000878,2024-06-27,13730.17,0.0,13730.17,0,0.0
indep_000878,2024-06-28,13730.17,0.0,13730.17,0,0.0
indep_000878,2024-07-01,13730.17,0.0,13730.17,0,0.0
indep_000878,2024-07-02,13730.17,0.0,13730.17,0,0.0
indep_000878,2024-07-03,13730.17,0.0,13730.17,0,0.0
indep_000878,2024-07-04,13730.17,0.0,13730.17,0,0.0
indep_000878,2024-07-05,13730.17,0.0,13730.17,0,0.0
indep_000878,2024-07-08,13730.17,0.0,13730.17,0,0.0
indep_000878,2024-07-09,13730.17,0.0,13730.17,0,0.0
indep_000878,2024-07-10,13730.17,0.0,13730.17,0,0.0
indep_000878,2024-07-11,13730.17,0.0,13730.17,0,0.0
indep_000878,2024-07-12,13730.17,0.0,13730.17,0,0.0
indep_000878,2024-07-15,13730.17,0.0,13730.17,0,0.0
indep_000878,2024-07-16,13730.17,0.0,13730.17,0,0.0
indep_000878,2024-07-17,13730.17,0.0,13730.17,0,0.0
indep_000878,2024-07-18,13730.17,0.0,13730.17,0,0.0
indep_000878,2024-07-19,13730.17,0.0,13730.17,0,0.0
indep_000878,2024-07-22,13730.17,0.0,13730.17,0,0.0
indep_000878,2024-07-23,13730.17,0.0,13730.17,0,0.0
indep_000878,2024-07-24,13730.17,0.0,13730.17,0,0.0
indep_000878,2024-07-25,13730.17,0.0,13730.17,0,0.0
indep_000878,2024-07-26,13730.17,0.0,13730.17,0,0.0
indep_000878,2024-07-29,13730.17,0.0,13730.17,0,0.0
indep_000878,2024-07-30,13730.17,0.0,13730.17,0,0.0
indep_000878,2024-07-31,13730.17,0.0,13730.17,0,0.0
indep_000878,2024-08-01,13730.17,0.0,13730.17,0,0.0
indep_000878,2024-08-02,13730.17,0.0,13730.17,0,0.0
indep_000878,2024-08-05,13730.17,0.0,13730.17,0,0.0
indep_000878,2024-08-06,13730.17,0.0,13730.17,0,0.0
indep_000878,2024-08-07,13730.17,0.0,13730.17,0,0.0
indep_000878,2024-08-08,13730.17,0.0,13730.17,0,0.0
indep_000878,2024-08-09,13730.17,0.0,13730.17,0,0.0
indep_000878,2024-08-12,13730.17,0.0,13730.17,0,0.0
indep_000878,2024-08-13,13730.17,0.0,13730.17,0,0.0
indep_000878,2024-08-14,13730.17,0.0,13730.17,0,0.0
indep_000878,2024-08-15,13730.17,0.0,13730.17,0,0.0
indep_000878,2024-08-16,13730.17,0.0,13730.17,0,0.0
indep_000878,2024-08-19,13730.17,0.0,13730.17,0,0.0
indep_000878,2024-08-20,13730.17,0.0,13730.17,0,0.0
indep_000878,2024-08-21,13730.17,0.0,13730.17,0,0.0
indep_000878,2024-08-22,13730.17,0.0,13730.17,0,0.0
indep_000878,2024-08-23,13730.17,0.0,13730.17,0,0.0
indep_000878,2024-08-26,13730.17,0.0,13730.17,0,0.0
indep_000878,2024-08-27,13730.17,0.0,13730.17,0,0.0
indep_000878,2024-08-28,13730.17,0.0,13730.17,0,0.0
indep_000878,2024-08-29,13730.17,0.0,13730.17,0,0.0
indep_000878,2024-08-30,13730.17,0.0,13730.17,0,0.0
indep_000878,2024-09-02,13730.17,0.0,13730.17,0,0.0
indep_000878,2024-09-03,13730.17,0.0,13730.17,0,0.0
indep_000878,2024-09-04,13730.17,0.0,13730.17,0,0.0
indep_000878,2024-09-05,13730.17,0.0,13730.17,0,0.0
indep_000878,2024-09-06,13730.17,0.0,13730.17,0,0.0
indep_000878,2024-09-09,13730.17,0.0,13730.17,0,0.0
indep_000878,2024-09-10,13730.17,0.0,13730.17,0,0.0
indep_000878,2024-09-11,13730.17,0.0,13730.17,0,0.0
indep_000878,2024-09-12,13730.17,0.0,13730.17,0,0.0
indep_000878,2024-09-13,13730.17,0.0,13730.17,0,0.0
indep_000878,2024-09-18,13730.17,0.0,13730.17,0,0.0
indep_000878,2024-09-19,13730.17,0.0,13730.17,0,0.0
indep_000878,2024-09-20,13730.17,0.0,13730.17,0,0.0
indep_000878,2024-09-23,13730.17,0.0,13730.17,0,0.0
indep_000878,2024-09-24,13730.17,0.0,13730.17,0,0.0
indep_000878,2024-09-25,13730.17,0.0,13730.17,0,0.0
indep_000878,2024-09-26,13730.17,0.0,13730.17,0,0.0
indep_000878,2024-09-27,13730.17,0.0,13730.17,0,0.0
indep_000878,2024-09-30,13730.17,0.0,13730.17,0,0.0
indep_000878,2024-10-08,13730.17,0.0,13730.17,0,0.0
indep_000878,2024-10-09,13730.17,0.0,13730.17,0,0.0
indep_000878,2024-10-10,9791.24,3935.77,13727.0,1,28.672
indep_000878,2024-10-11,9791.24,3860.36,13651.59,1,28.278
indep_000878,2024-10-14,9791.24,3927.06,13718.3,1,28.626
indep_000878,2024-10-15,9791.24,3811.05,13602.29,1,28.018
indep_000878,2024-10-16,9791.24,3848.76,13639.99,1,28.217
indep_000878,2024-10-17,9791.24,3790.75,13581.98,1,27.91
indep_000878,2024-10-18,9791.24,3851.66,13642.89,1,28.232
indep_000878,2024-10-21,9791.24,3889.36,13680.6,1,28.43
indep_000878,2024-10-22,9791.24,3924.16,13715.4,1,28.611
indep_000878,2024-10-23,9791.24,3924.16,13715.4,1,28.611
indep_000878,2024-10-24,9791.24,3915.46,13706.7,1,28.566
indep_000878,2024-10-25,9791.24,3900.96,13692.2,1,28.49
indep_000878,2024-10-28,9791.24,3909.66,13700.9,1,28.536
indep_000878,2024-10-29,9791.24,3845.85,13637.09,1,28.201
indep_000878,2024-10-30,9791.24,3799.45,13590.68,1,27.956
indep_000878,2024-10-31,9791.24,3805.25,13596.49,1,27.987
indep_000878,2024-11-01,9791.24,3973.47,13764.71,1,28.867
indep_000878,2024-11-04,9791.24,4051.78,13843.01,1,29.269
indep_000878,2024-11-05,9791.24,4124.29,13915.52,1,29.638
indep_000878,2024-11-06,9791.24,4086.58,13877.82,1,29.447
indep_000878,2024-11-07,9791.24,4109.79,13901.02,1,29.565
indep_000878,2024-11-08,9791.24,4072.08,13863.32,1,29.373
indep_000878,2024-11-11,9791.24,4028.58,13819.81,1,29.151
indep_000878,2024-11-12,9791.24,3935.77,13727.0,1,28.672
indep_000878,2024-11-13,9791.24,3935.77,13727.0,1,28.672
indep_000878,2024-11-14,9791.24,3848.76,13639.99,1,28.217
indep_000878,2024-11-15,9791.24,3784.95,13576.18,1,27.879
indep_000878,2024-11-18,9791.24,3747.24,13538.48,1,27.678
indep_000878,2024-11-19,9791.24,3779.15,13570.38,1,27.848
indep_000878,2024-11-20,9791.24,3787.85,13579.08,1,27.895
indep_000878,2024-11-21,9791.24,3776.25,13567.48,1,27.833
indep_000878,2024-11-22,13482.65,0.0,13482.65,0,0.0
indep_000878,2024-11-25,13482.65,0.0,13482.65,0,0.0
indep_000878,2024-11-26,13482.65,0.0,13482.65,0,0.0
indep_000878,2024-11-27,13482.65,0.0,13482.65,0,0.0
indep_000878,2024-11-28,13482.65,0.0,13482.65,0,0.0
indep_000878,2024-11-29,13482.65,0.0,13482.65,0,0.0
indep_000878,2024-12-02,13482.65,0.0,13482.65,0,0.0
indep_000878,2024-12-03,13482.65,0.0,13482.65,0,0.0
indep_000878,2024-12-04,13482.65,0.0,13482.65,0,0.0
indep_000878,2024-12-05,13482.65,0.0,13482.65,0,0.0
indep_000878,2024-12-06,13482.65,0.0,13482.65,0,0.0
indep_000878,2024-12-09,13482.65,0.0,13482.65,0,0.0
indep_000878,2024-12-10,13482.65,0.0,13482.65,0,0.0
indep_000878,2024-12-11,13482.65,0.0,13482.65,0,0.0
indep_000878,2024-12-12,13482.65,0.0,13482.65,0,0.0
indep_000878,2024-12-13,13482.65,0.0,13482.65,0,0.0
indep_000878,2024-12-16,13482.65,0.0,13482.65,0,0.0
indep_000878,2024-12-17,13482.65,0.0,13482.65,0,0.0
indep_000878,2024-12-18,13482.65,0.0,13482.65,0,0.0
indep_000878,2024-12-19,13482.65,0.0,13482.65,0,0.0
indep_000878,2024-12-20,13482.65,0.0,13482.65,0,0.0
indep_000878,2024-12-23,13482.65,0.0,13482.65,0,0.0
indep_000878,2024-12-24,13482.65,0.0,13482.65,0,0.0
indep_000878,2024-12-25,13482.65,0.0,13482.65,0,0.0
indep_000878,2024-12-26,13482.65,0.0,13482.65,0,0.0
indep_000878,2024-12-27,13482.65,0.0,13482.65,0,0.0
indep_000878,2024-12-30,13482.65,0.0,13482.65,0,0.0
indep_000878,2024-12-31,13482.65,0.0,13482.65,0,0.0
indep_000878,2025-01-02,13482.65,0.0,13482.65,0,0.0
indep_000878,2025-01-03,13482.65,0.0,13482.65,0,0.0
indep_000878,2025-01-06,13482.65,0.0,13482.65,0,0.0
indep_000878,2025-01-07,13482.65,0.0,13482.65,0,0.0
indep_000878,2025-01-08,13482.65,0.0,13482.65,0,0.0
indep_000878,2025-01-09,13482.65,0.0,13482.65,0,0.0
indep_000878,2025-01-10,13482.65,0.0,13482.65,0,0.0
indep_000878,2025-01-13,13482.65,0.0,13482.65,0,0.0
indep_000878,2025-01-14,13482.65,0.0,13482.65,0,0.0
indep_000878,2025-01-15,13482.65,0.0,13482.65,0,0.0
indep_000878,2025-01-16,13482.65,0.0,13482.65,0,0.0
indep_000878,2025-01-17,13482.65,0.0,13482.65,0,0.0
indep_000878,2025-01-20,13482.65,0.0,13482.65,0,0.0
indep_000878,2025-01-21,13482.65,0.0,13482.65,0,0.0
indep_000878,2025-01-22,13482.65,0.0,13482.65,0,0.0
indep_000878,2025-01-23,13482.65,0.0,13482.65,0,0.0
indep_000878,2025-01-24,13482.65,0.0,13482.65,0,0.0
indep_000878,2025-01-27,13482.65,0.0,13482.65,0,0.0
indep_000878,2025-02-05,13482.65,0.0,13482.65,0,0.0
indep_000878,2025-02-06,13482.65,0.0,13482.65,0,0.0
indep_000878,2025-02-07,13482.65,0.0,13482.65,0,0.0
indep_000878,2025-02-10,13482.65,0.0,13482.65,0,0.0
indep_000878,2025-02-11,13482.65,0.0,13482.65,0,0.0
indep_000878,2025-02-12,13482.65,0.0,13482.65,0,0.0
indep_000878,2025-02-13,13482.65,0.0,13482.65,0,0.0
indep_000878,2025-02-14,13482.65,0.0,13482.65,0,0.0
indep_000878,2025-02-17,13482.65,0.0,13482.65,0,0.0
indep_000878,2025-02-18,13482.65,0.0,13482.65,0,0.0
indep_000878,2025-02-19,13482.65,0.0,13482.65,0,0.0
indep_000878,2025-02-20,13482.65,0.0,13482.65,0,0.0
indep_000878,2025-02-21,13482.65,0.0,13482.65,0,0.0
indep_000878,2025-02-24,13482.65,0.0,13482.65,0,0.0
indep_000878,2025-02-25,13482.65,0.0,13482.65,0,0.0
indep_000878,2025-02-26,13482.65,0.0,13482.65,0,0.0
indep_000878,2025-02-27,13482.65,0.0,13482.65,0,0.0
indep_000878,2025-02-28,13482.65,0.0,13482.65,0,0.0
indep_000878,2025-03-03,13482.65,0.0,13482.65,0,0.0
indep_000878,2025-03-04,13482.65,0.0,13482.65,0,0.0
indep_000878,2025-03-05,9793.39,3726.94,13520.34,1,27.565
indep_000878,2025-03-06,9793.39,3828.45,13621.85,1,28.105
indep_000878,2025-03-07,9793.39,3906.76,13700.16,1,28.516
indep_000878,2025-03-10,9793.39,3892.26,13685.65,1,28.44
indep_000878,2025-03-11,9793.39,3900.96,13694.36,1,28.486
indep_000878,2025-03-12,9793.39,3950.27,13743.66,1,28.742
indep_000878,2025-03-13,9793.39,3953.17,13746.56,1,28.757
indep_000878,2025-03-14,9793.39,3996.67,13790.07,1,28.982
indep_000878,2025-03-17,9793.39,3953.17,13746.56,1,28.757
indep_000878,2025-03-18,9793.39,3979.27,13772.67,1,28.893
indep_000878,2025-03-19,9793.39,3976.37,13769.76,1,28.878
indep_000878,2025-03-20,9793.39,3979.27,13772.67,1,28.893
indep_000878,2025-03-21,9793.39,3961.87,13755.26,1,28.803
indep_000878,2025-03-24,9793.39,4135.89,13929.28,1,29.692
indep_000878,2025-03-25,9793.39,4170.69,13964.09,1,29.867
indep_000878,2025-03-26,9793.39,4045.98,13839.37,1,29.235
indep_000878,2025-03-27,13726.91,0.0,13726.91,0,0.0
indep_000878,2025-03-28,13726.91,0.0,13726.91,0,0.0
indep_000878,2025-03-31,13726.91,0.0,13726.91,0,0.0
indep_000878,2025-04-01,9959.27,3770.45,13729.71,1,27.462
indep_000878,2025-04-02,9959.27,3755.94,13715.21,1,27.385
indep_000878,2025-04-03,9959.27,3692.14,13651.4,1,27.046
indep_000878,2025-04-07,13278.83,0.0,13278.83,0,0.0
indep_000878,2025-04-08,13278.83,0.0,13278.83,0,0.0
indep_000878,2025-04-09,13278.83,0.0,13278.83,0,0.0
indep_000878,2025-04-10,13278.83,0.0,13278.83,0,0.0
indep_000878,2025-04-11,13278.83,0.0,13278.83,0,0.0
indep_000878,2025-04-14,13278.83,0.0,13278.83,0,0.0
indep_000878,2025-04-15,13278.83,0.0,13278.83,0,0.0
indep_000878,2025-04-16,13278.83,0.0,13278.83,0,0.0
indep_000878,2025-04-17,13278.83,0.0,13278.83,0,0.0
indep_000878,2025-04-18,13278.83,0.0,13278.83,0,0.0
indep_000878,2025-04-21,13278.83,0.0,13278.83,0,0.0
indep_000878,2025-04-22,13278.83,0.0,13278.83,0,0.0
indep_000878,2025-04-23,13278.83,0.0,13278.83,0,0.0
indep_000878,2025-04-24,13278.83,0.0,13278.83,0,0.0
indep_000878,2025-04-25,13278.83,0.0,13278.83,0,0.0
indep_000878,2025-04-28,13278.83,0.0,13278.83,0,0.0
indep_000878,2025-04-29,13278.83,0.0,13278.83,0,0.0
indep_000878,2025-04-30,13278.83,0.0,13278.83,0,0.0
indep_000878,2025-05-06,13278.83,0.0,13278.83,0,0.0
indep_000878,2025-05-07,13278.83,0.0,13278.83,0,0.0
indep_000878,2025-05-08,13278.83,0.0,13278.83,0,0.0
indep_000878,2025-05-09,13278.83,0.0,13278.83,0,0.0
indep_000878,2025-05-12,13278.83,0.0,13278.83,0,0.0
indep_000878,2025-05-13,13278.83,0.0,13278.83,0,0.0
indep_000878,2025-05-14,13278.83,0.0,13278.83,0,0.0
indep_000878,2025-05-15,13278.83,0.0,13278.83,0,0.0
indep_000878,2025-05-16,13278.83,0.0,13278.83,0,0.0
indep_000878,2025-05-19,13278.83,0.0,13278.83,0,0.0
indep_000878,2025-05-20,13278.83,0.0,13278.83,0,0.0
indep_000878,2025-05-21,13278.83,0.0,13278.83,0,0.0
indep_000878,2025-05-22,13278.83,0.0,13278.83,0,0.0
indep_000878,2025-05-23,13278.83,0.0,13278.83,0,0.0
indep_000878,2025-05-26,13278.83,0.0,13278.83,0,0.0
indep_000878,2025-05-27,13278.83,0.0,13278.83,0,0.0
indep_000878,2025-05-28,13278.83,0.0,13278.83,0,0.0
indep_000878,2025-05-29,13278.83,0.0,13278.83,0,0.0
indep_000878,2025-05-30,13278.83,0.0,13278.83,0,0.0
indep_000878,2025-06-03,13278.83,0.0,13278.83,0,0.0
indep_000878,2025-06-04,13278.83,0.0,13278.83,0,0.0
indep_000878,2025-06-05,13278.83,0.0,13278.83,0,0.0
indep_000878,2025-06-06,13278.83,0.0,13278.83,0,0.0
indep_000878,2025-06-09,13278.83,0.0,13278.83,0,0.0
indep_000878,2025-06-10,13278.83,0.0,13278.83,0,0.0
indep_000878,2025-06-11,13278.83,0.0,13278.83,0,0.0
indep_000878,2025-06-12,13278.83,0.0,13278.83,0,0.0
indep_000878,2025-06-13,13278.83,0.0,13278.83,0,0.0
indep_000878,2025-06-16,13278.83,0.0,13278.83,0,0.0
indep_000878,2025-06-17,13278.83,0.0,13278.83,0,0.0
indep_000878,2025-06-18,13278.83,0.0,13278.83,0,0.0
indep_000878,2025-06-19,13278.83,0.0,13278.83,0,0.0
indep_000878,2025-06-20,13278.83,0.0,13278.83,0,0.0
indep_000878,2025-06-23,13278.83,0.0,13278.83,0,0.0
indep_000878,2025-06-24,13278.83,0.0,13278.83,0,0.0
indep_000878,2025-06-25,13278.83,0.0,13278.83,0,0.0
indep_000878,2025-06-26,13278.83,0.0,13278.83,0,0.0
indep_000878,2025-06-27,13278.83,0.0,13278.83,0,0.0
indep_000878,2025-06-30,13278.83,0.0,13278.83,0,0.0
indep_000878,2025-07-01,13278.83,0.0,13278.83,0,0.0
indep_000878,2025-07-02,13278.83,0.0,13278.83,0,0.0
indep_000878,2025-07-03,13278.83,0.0,13278.83,0,0.0
indep_000878,2025-07-04,13278.83,0.0,13278.83,0,0.0
indep_000878,2025-07-07,9478.12,3783.0,13261.12,1,28.527
indep_000878,2025-07-08,9478.12,3797.8,13275.92,1,28.607
indep_000878,2025-07-09,9478.12,3762.28,13240.4,1,28.415
indep_000878,2025-07-10,9478.12,3791.88,13270.0,1,28.575
indep_000878,2025-07-11,9478.12,3857.0,13335.13,1,28.924
indep_000878,2025-07-14,9478.12,3862.92,13341.05,1,28.955
indep_000878,2025-07-15,9478.12,3824.44,13302.56,1,28.75
indep_000878,2025-07-16,9478.12,3785.96,13264.08,1,28.543
indep_000878,2025-07-17,9478.12,3791.88,13270.0,1,28.575
indep_000878,2025-07-18,9478.12,3839.24,13317.37,1,28.829
indep_000878,2025-07-21,9478.12,3999.09,13477.21,1,29.673
indep_000878,2025-07-22,9478.12,4126.37,13604.49,1,30.331
indep_000878,2025-07-23,9478.12,4031.65,13509.77,1,29.842
indep_000878,2025-07-24,9478.12,4158.93,13637.06,1,30.497
indep_000878,2025-07-25,9478.12,4081.97,13560.09,1,30.103
indep_000878,2025-07-28,9478.12,4073.09,13551.21,1,30.057
indep_000878,2025-07-29,9478.12,4037.57,13515.69,1,29.873
indep_000878,2025-07-30,9478.12,3996.13,13474.25,1,29.658
indep_000878,2025-07-31,13374.55,0.0,13374.55,0,0.0
indep_000878,2025-08-01,13374.55,0.0,13374.55,0,0.0
indep_000878,2025-08-04,13374.55,0.0,13374.55,0,0.0
indep_000878,2025-08-05,13374.55,0.0,13374.55,0,0.0
indep_000878,2025-08-06,13374.55,0.0,13374.55,0,0.0
indep_000878,2025-08-07,13374.55,0.0,13374.55,0,0.0
indep_000878,2025-08-08,13374.55,0.0,13374.55,0,0.0
indep_000878,2025-08-11,13374.55,0.0,13374.55,0,0.0
indep_000878,2025-08-12,13374.55,0.0,13374.55,0,0.0
indep_000878,2025-08-13,13374.55,0.0,13374.55,0,0.0
indep_000878,2025-08-14,13374.55,0.0,13374.55,0,0.0
indep_000878,2025-08-15,13374.55,0.0,13374.55,0,0.0
indep_000878,2025-08-18,13374.55,0.0,13374.55,0,0.0
indep_000878,2025-08-19,13374.55,0.0,13374.55,0,0.0
indep_000878,2025-08-20,13374.55,0.0,13374.55,0,0.0
indep_000878,2025-08-21,13374.55,0.0,13374.55,0,0.0
indep_000878,2025-08-22,13374.55,0.0,13374.55,0,0.0
indep_000878,2025-08-25,13374.55,0.0,13374.55,0,0.0
indep_000878,2025-08-26,13374.55,0.0,13374.55,0,0.0
indep_000878,2025-08-27,13374.55,0.0,13374.55,0,0.0
indep_000878,2025-08-28,13374.55,0.0,13374.55,0,0.0
indep_000878,2025-08-29,13374.55,0.0,13374.55,0,0.0
indep_000878,2025-09-01,13374.55,0.0,13374.55,0,0.0
indep_000878,2025-09-02,13374.55,0.0,13374.55,0,0.0
indep_000878,2025-09-03,13374.55,0.0,13374.55,0,0.0
indep_000878,2025-09-04,13374.55,0.0,13374.55,0,0.0
indep_000878,2025-09-05,13374.55,0.0,13374.55,0,0.0
indep_000878,2025-09-08,13374.55,0.0,13374.55,0,0.0
indep_000878,2025-09-09,13374.55,0.0,13374.55,0,0.0
indep_000878,2025-09-10,13374.55,0.0,13374.55,0,0.0
indep_000878,2025-09-11,13374.55,0.0,13374.55,0,0.0
indep_000878,2025-09-12,13374.55,0.0,13374.55,0,0.0
indep_000878,2025-09-15,13374.55,0.0,13374.55,0,0.0
indep_000878,2025-09-16,13374.55,0.0,13374.55,0,0.0
indep_000878,2025-09-17,13374.55,0.0,13374.55,0,0.0
indep_000878,2025-09-18,13374.55,0.0,13374.55,0,0.0
indep_000878,2025-09-19,13374.55,0.0,13374.55,0,0.0
indep_000878,2025-09-22,10376.83,3035.08,13411.92,1,22.63
indep_000878,2025-09-23,10376.83,2969.96,13346.8,1,22.252
indep_000878,2025-09-24,10376.83,2991.67,13368.5,1,22.378
indep_000878,2025-09-25,10376.83,3115.99,13492.83,1,23.094
indep_000878,2025-09-26,10376.83,3159.41,13536.24,1,23.34
indep_000878,2025-09-29,10376.83,3210.72,13587.55,1,23.63
indep_000878,2025-09-30,10376.83,3449.5,13826.33,1,24.949
indep_000878,2025-10-09,10376.83,3794.84,14171.68,1,26.778
indep_000878,2025-10-10,10376.83,3863.91,14240.74,1,27.133
indep_000878,2025-10-13,14074.25,0.0,14074.25,0,0.0
indep_000878,2025-10-14,14074.25,0.0,14074.25,0,0.0
indep_000878,2025-10-15,10468.11,3662.62,14130.74,1,25.92
indep_000878,2025-10-16,10468.11,3619.21,14087.32,1,25.691
indep_000878,2025-10-17,10468.11,3516.59,13984.71,1,25.146
indep_000878,2025-10-20,10468.11,3540.27,14008.39,1,25.273
indep_000878,2025-10-21,10468.11,3589.61,14057.72,1,25.535
indep_000878,2025-10-22,10468.11,3498.83,13966.95,1,25.051
indep_000878,2025-10-23,10468.11,3534.35,14002.47,1,25.241
indep_000878,2025-10-24,10468.11,3668.54,14136.66,1,25.951
indep_000878,2025-10-27,10468.11,3678.41,14146.52,1,26.002
indep_000878,2025-10-28,10468.11,3471.2,13939.32,1,24.902
indep_000878,2025-10-29,10468.11,3652.76,14120.87,1,25.868
indep_000878,2025-10-30,10468.11,3664.6,14132.71,1,25.93
indep_000878,2025-10-31,10468.11,3560.01,14028.12,1,25.378
indep_000878,2025-11-03,13848.0,0.0,13848.0,0,0.0
indep_000878,2025-11-04,13848.0,0.0,13848.0,0,0.0
indep_000878,2025-11-05,10490.76,3337.01,13827.77,1,24.133
indep_000878,2025-11-06,10490.76,3479.1,13969.86,1,24.904
indep_000878,2025-11-07,10490.76,3437.66,13928.42,1,24.681
indep_000878,2025-11-10,10490.76,3449.5,13940.26,1,24.745
indep_000878,2025-11-11,10490.76,3408.05,13898.82,1,24.52
indep_000878,2025-11-12,10490.76,3419.9,13910.66,1,24.585
indep_000878,2025-11-13,10490.76,3548.17,14038.93,1,25.274
indep_000878,2025-11-14,10490.76,3481.07,13971.83,1,24.915
indep_000878,2025-11-17,10490.76,3427.79,13918.55,1,24.627
indep_000878,2025-11-18,10490.76,3346.88,13837.64,1,24.187
indep_000878,2025-11-19,10490.76,3374.51,13865.27,1,24.338
indep_000878,2025-11-20,10490.76,3350.83,13841.59,1,24.208
indep_000878,2025-11-21,13637.0,0.0,13637.0,0,0.0
indep_000878,2025-11-24,13637.0,0.0,13637.0,0,0.0
indep_000878,2025-11-25,13637.0,0.0,13637.0,0,0.0
indep_000878,2025-11-26,13637.0,0.0,13637.0,0,0.0
indep_000878,2025-11-27,13637.0,0.0,13637.0,0,0.0
indep_000878,2025-11-28,13637.0,0.0,13637.0,0,0.0
indep_000878,2025-12-01,13637.0,0.0,13637.0,0,0.0
indep_000878,2025-12-02,13637.0,0.0,13637.0,0,0.0
indep_000878,2025-12-03,13637.0,0.0,13637.0,0,0.0
indep_000878,2025-12-04,13637.0,0.0,13637.0,0,0.0
indep_000878,2025-12-05,13637.0,0.0,13637.0,0,0.0
indep_000878,2025-12-08,13637.0,0.0,13637.0,0,0.0
indep_000878,2025-12-09,13637.0,0.0,13637.0,0,0.0
indep_000878,2025-12-10,13637.0,0.0,13637.0,0,0.0
indep_000878,2025-12-11,13637.0,0.0,13637.0,0,0.0
indep_000878,2025-12-12,13637.0,0.0,13637.0,0,0.0
indep_000878,2025-12-15,13637.0,0.0,13637.0,0,0.0
indep_000878,2025-12-16,13637.0,0.0,13637.0,0,0.0
indep_000878,2025-12-17,13637.0,0.0,13637.0,0,0.0
indep_000878,2025-12-18,13637.0,0.0,13637.0,0,0.0
indep_000878,2025-12-19,13637.0,0.0,13637.0,0,0.0
indep_000878,2025-12-22,13637.0,0.0,13637.0,0,0.0
indep_000878,2025-12-23,13637.0,0.0,13637.0,0,0.0
indep_000878,2025-12-24,13637.0,0.0,13637.0,0,0.0
indep_000878,2025-12-25,13637.0,0.0,13637.0,0,0.0
indep_000878,2025-12-26,13637.0,0.0,13637.0,0,0.0
indep_000878,2025-12-29,13637.0,0.0,13637.0,0,0.0
indep_000878,2025-12-30,13637.0,0.0,13637.0,0,0.0
indep_000878,2025-12-31,13637.0,0.0,13637.0,0,0.0
indep_000878,2026-01-05,13637.0,0.0,13637.0,0,0.0
indep_000878,2026-01-06,13637.0,0.0,13637.0,0,0.0
indep_000878,2026-01-07,13637.0,0.0,13637.0,0,0.0
indep_000878,2026-01-08,13637.0,0.0,13637.0,0,0.0
indep_000878,2026-01-09,13637.0,0.0,13637.0,0,0.0
indep_000878,2026-01-12,13637.0,0.0,13637.0,0,0.0
indep_000878,2026-01-13,13637.0,0.0,13637.0,0,0.0
indep_000878,2026-01-14,13637.0,0.0,13637.0,0,0.0
indep_000878,2026-01-15,13637.0,0.0,13637.0,0,0.0
indep_000878,2026-01-16,13637.0,0.0,13637.0,0,0.0
indep_000878,2026-01-19,13637.0,0.0,13637.0,0,0.0
indep_000878,2026-01-20,13637.0,0.0,13637.0,0,0.0
indep_000878,2026-01-21,13637.0,0.0,13637.0,0,0.0
indep_000878,2026-01-22,13637.0,0.0,13637.0,0,0.0
indep_000878,2026-01-23,13637.0,0.0,13637.0,0,0.0
indep_000878,2026-01-26,13637.0,0.0,13637.0,0,0.0
indep_000878,2026-01-27,13637.0,0.0,13637.0,0,0.0
indep_000878,2026-01-28,13637.0,0.0,13637.0,0,0.0
indep_000878,2026-01-29,13637.0,0.0,13637.0,0,0.0
indep_000878,2026-01-30,13637.0,0.0,13637.0,0,0.0
indep_000878,2026-02-02,11274.37,2355.25,13629.62,1,17.28
indep_000878,2026-02-03,11274.37,2436.16,13710.53,1,17.769
indep_000878,2026-02-04,11274.37,2408.53,13682.9,1,17.602
indep_000878,2026-02-05,11274.37,2269.41,13543.78,1,16.756
indep_000878,2026-02-06,13434.86,0.0,13434.86,0,0.0
indep_000878,2026-02-09,13434.86,0.0,13434.86,0,0.0
indep_000878,2026-02-10,13434.86,0.0,13434.86,0,0.0
indep_000878,2026-02-11,11167.05,2256.58,13423.63,1,16.81
indep_000878,2026-02-12,11167.05,2270.39,13437.44,1,16.896
indep_000878,2026-02-13,11167.05,2208.23,13375.28,1,16.51
indep_000878,2026-02-24,11167.05,2315.78,13482.83,1,17.176
indep_000878,2026-02-25,11167.05,2409.52,13576.57,1,17.748
indep_000878,2026-02-26,11167.05,2384.85,13551.9,1,17.598
indep_000878,2026-02-27,11167.05,2525.95,13693.0,1,18.447
indep_000878,2026-03-02,11167.05,2633.5,13800.55,1,19.083
indep_000878,2026-03-03,13636.31,0.0,13636.31,0,0.0
indep_000878,2026-03-04,13636.31,0.0,13636.31,0,0.0
indep_000878,2026-03-05,13636.31,0.0,13636.31,0,0.0
indep_000878,2026-03-06,13636.31,0.0,13636.31,0,0.0
indep_000878,2026-03-09,13636.31,0.0,13636.31,0,0.0
indep_000878,2026-03-10,13636.31,0.0,13636.31,0,0.0
indep_000878,2026-03-11,13636.31,0.0,13636.31,0,0.0
indep_000878,2026-03-12,13636.31,0.0,13636.31,0,0.0
indep_000878,2026-03-13,11352.7,2215.14,13567.84,1,16.326
indep_000878,2026-03-16,13491.46,0.0,13491.46,0,0.0
indep_000878,2026-03-17,13491.46,0.0,13491.46,0,0.0
indep_000878,2026-03-18,13491.46,0.0,13491.46,0,0.0
indep_000878,2026-03-19,13491.46,0.0,13491.46,0,0.0
indep_000878,2026-03-20,13491.46,0.0,13491.46,0,0.0
indep_000878,2026-03-23,13491.46,0.0,13491.46,0,0.0
indep_000878,2026-03-24,13491.46,0.0,13491.46,0,0.0
indep_000878,2026-03-25,13491.46,0.0,13491.46,0,0.0
indep_000878,2026-03-26,13491.46,0.0,13491.46,0,0.0
indep_000878,2026-03-27,13491.46,0.0,13491.46,0,0.0
indep_000878,2026-03-30,13491.46,0.0,13491.46,0,0.0
indep_000878,2026-03-31,13491.46,0.0,13491.46,0,0.0
indep_000878,2026-04-01,13491.46,0.0,13491.46,0,0.0
indep_000878,2026-04-02,13491.46,0.0,13491.46,0,0.0
indep_000878,2026-04-03,13491.46,0.0,13491.46,0,0.0
indep_000878,2026-04-07,13491.46,0.0,13491.46,0,0.0
indep_000878,2026-04-08,13491.46,0.0,13491.46,0,0.0
indep_000878,2026-04-09,13491.46,0.0,13491.46,0,0.0
indep_000878,2026-04-10,13491.46,0.0,13491.46,0,0.0
indep_000878,2026-04-13,13491.46,0.0,13491.46,0,0.0
indep_000878,2026-04-14,13491.46,0.0,13491.46,0,0.0
indep_000878,2026-04-15,13491.46,0.0,13491.46,0,0.0
indep_000878,2026-04-16,13491.46,0.0,13491.46,0,0.0
indep_000878,2026-04-17,13491.46,0.0,13491.46,0,0.0
indep_000878,2026-04-20,13491.46,0.0,13491.46,0,0.0
indep_000878,2026-04-21,13491.46,0.0,13491.46,0,0.0
indep_000878,2026-04-22,13491.46,0.0,13491.46,0,0.0
indep_000878,2026-04-23,13491.46,0.0,13491.46,0,0.0
indep_000878,2026-04-24,13491.46,0.0,13491.46,0,0.0
indep_000878,2026-04-27,13491.46,0.0,13491.46,0,0.0
indep_000878,2026-04-28,13491.46,0.0,13491.46,0,0.0
indep_000878,2026-04-29,13491.46,0.0,13491.46,0,0.0
indep_000878,2026-04-30,13491.46,0.0,13491.46,0,0.0
indep_000878,2026-05-06,13491.46,0.0,13491.46,0,0.0
indep_000878,2026-05-07,13491.46,0.0,13491.46,0,0.0
indep_000878,2026-05-08,13491.46,0.0,13491.46,0,0.0
indep_000878,2026-05-11,13491.46,0.0,13491.46,0,0.0
indep_000878,2026-05-12,13491.46,0.0,13491.46,0,0.0
indep_000878,2026-05-13,13491.46,0.0,13491.46,0,0.0
indep_000878,2026-05-14,13491.46,0.0,13491.46,0,0.0
indep_000878,2026-05-15,13491.46,0.0,13491.46,0,0.0
indep_000878,2026-05-18,13491.46,0.0,13491.46,0,0.0
indep_000878,2026-05-19,13491.46,0.0,13491.46,0,0.0
indep_000878,2026-05-20,13491.46,0.0,13491.46,0,0.0
indep_000878,2026-05-21,13491.46,0.0,13491.46,0,0.0
indep_000878,2026-05-22,13491.46,0.0,13491.46,0,0.0
indep_000878,2026-05-25,13491.46,0.0,13491.46,0,0.0
indep_000878,2026-05-26,13491.46,0.0,13491.46,0,0.0
indep_000878,2026-05-27,13491.46,0.0,13491.46,0,0.0
indep_000878,2026-05-28,13491.46,0.0,13491.46,0,0.0
indep_000878,2026-05-29,13491.46,0.0,13491.46,0,0.0
indep_000878,2026-06-01,13491.46,0.0,13491.46,0,0.0
indep_000878,2026-06-02,13491.46,0.0,13491.46,0,0.0
indep_000878,2026-06-03,13491.46,0.0,13491.46,0,0.0
indep_000878,2026-06-04,13491.46,0.0,13491.46,0,0.0
indep_000878,2026-06-05,13491.46,0.0,13491.46,0,0.0
indep_000878,2026-06-08,13491.46,0.0,13491.46,0,0.0
indep_000878,2026-06-09,13491.46,0.0,13491.46,0,0.0
indep_000878,2026-06-10,13491.46,0.0,13491.46,0,0.0
indep_000878,2026-06-11,13491.46,0.0,13491.46,0,0.0
indep_000878,2026-06-12,13491.46,0.0,13491.46,0,0.0
indep_000878,2026-06-15,13491.46,0.0,13491.46,0,0.0
indep_000878,2026-06-16,13491.46,0.0,13491.46,0,0.0
indep_000878,2026-06-17,13491.46,0.0,13491.46,0,0.0
indep_000878,2026-06-18,13491.46,0.0,13491.46,0,0.0
indep_000878,2026-06-22,13491.46,0.0,13491.46,0,0.0
indep_000878,2026-06-23,13491.46,0.0,13491.46,0,0.0
indep_000878,2026-06-24,13491.46,0.0,13491.46,0,0.0
indep_000878,2026-06-25,13491.46,0.0,13491.46,0,0.0
indep_000878,2026-06-26,13491.46,0.0,13491.46,0,0.0
indep_000878,2026-06-29,13491.46,0.0,13491.46,0,0.0
indep_000878,2026-06-30,13491.46,0.0,13491.46,0,0.0
indep_000878,2026-07-01,13491.46,0.0,13491.46,0,0.0
indep_000878,2026-07-02,13491.46,0.0,13491.46,0,0.0
indep_000878,2026-07-03,13491.46,0.0,13491.46,0,0.0
indep_000878,2026-07-06,13491.46,0.0,13491.46,0,0.0
indep_000878,2026-07-07,13491.46,0.0,13491.46,0,0.0
indep_000878,2026-07-08,13491.46,0.0,13491.46,0,0.0
indep_000878,2026-07-09,13491.46,0.0,13491.46,0,0.0
indep_000878,2026-07-10,13491.46,0.0,13491.46,0,0.0
indep_000878,2026-07-13,13491.46,0.0,13491.46,0,0.0
indep_000878,2026-07-14,13491.46,0.0,13491.46,0,0.0
indep_000878,2026-07-15,13491.46,0.0,13491.46,0,0.0
indep_000878,2026-07-16,13491.46,0.0,13491.46,0,0.0
indep_000878,2026-07-17,13491.46,0.0,13491.46,0,0.0
indep_000878,2026-07-20,13491.46,0.0,13491.46,0,0.0
indep_000878,2026-07-21,13491.46,0.0,13491.46,0,0.0
indep_000878,2026-07-22,13491.46,0.0,13491.46,0,0.0
indep_000878,2026-07-23,13491.46,0.0,13491.46,0,0.0
indep_000878,2026-07-24,13491.46,0.0,13491.46,0,0.0
indep_000878,2026-07-27,13491.46,0.0,13491.46,0,0.0
indep_000878,2026-07-28,13491.46,0.0,13491.46,0,0.0
indep_000878,2026-07-29,13491.46,0.0,13491.46,0,0.0
indep_000878,2026-07-30,13491.46,0.0,13491.46,0,0.0
indep_000878,2026-07-31,13491.46,0.0,13491.46,0,0.0
indep_000878,2026-08-03,13491.46,0.0,13491.46,0,0.0
indep_000878,2026-08-04,13491.46,0.0,13491.46,0,0.0
indep_000878,2026-08-05,13491.46,0.0,13491.46,0,0.0
indep_000878,2026-08-06,13491.46,0.0,13491.46,0,0.0
indep_000878,2026-08-07,13491.46,0.0,13491.46,0,0.0
indep_000878,2026-08-10,13491.46,0.0,13491.46,0,0.0
indep_000878,2026-08-11,13491.46,0.0,13491.46,0,0.0
indep_000878,2026-08-12,13491.46,0.0,13491.46,0,0.0
indep_000878,2026-08-13,13491.46,0.0,13491.46,0,0.0
indep_000878,2026-08-14,13491.46,0.0,13491.46,0,0.0
indep_000878,2026-08-17,13491.46,0.0,13491.46,0,0.0
indep_000878,2026-08-18,13491.46,0.0,13491.46,0,0.0
indep_000878,2026-08-19,13491.46,0.0,13491.46,0,0.0
indep_000878,2026-08-20,13491.46,0.0,13491.46,0,0.0
indep_000878,2026-08-21,13491.46,0.0,13491.46,0,0.0
indep_000878,2026-08-24,13491.46,0.0,13491.46,0,0.0
indep_000878,2026-08-25,13491.46,0.0,13491.46,0,0.0
indep_000878,2026-08-26,13491.46,0.0,13491.46,0,0.0
indep_000878,2026-08-27,13491.46,0.0,13491.46,0,0.0
indep_000878,2026-08-28,13491.46,0.0,13491.46,0,0.0
indep_000878,2026-08-31,13491.46,0.0,13491.46,0,0.0
indep_000878,2026-09-01,13491.46,0.0,13491.46,0,0.0
indep_000878,2026-09-02,13491.46,0.0,13491.46,0,0.0
indep_000878,2026-09-03,13491.46,0.0,13491.46,0,0.0
indep_000878,2026-09-04,13491.46,0.0,13491.46,0,0.0
indep_000878,2026-09-07,13491.46,0.0,13491.46,0,0.0
indep_000878,2026-09-08,13491.46,0.0,13491.46,0,0.0
indep_000878,2026-09-09,13491.46,0.0,13491.46,0,0.0
indep_000878,2026-09-10,13491.46,0.0,13491.46,0,0.0
indep_000878,2026-09-11,13491.46,0.0,13491.46,0,0.0
indep_000878,2026-09-14,10101.04,3366.0,13467.04,1,24.994
indep_000938,2023-09-14,13822.47,0.0,13822.47,0,0.0
indep_000938,2023-09-15,13822.47,0.0,13822.47,0,0.0
indep_000938,2023-09-18,13822.47,0.0,13822.47,0,0.0
indep_000938,2023-09-19,13822.47,0.0,13822.47,0,0.0
indep_000938,2023-09-20,13822.47,0.0,13822.47,0,0.0
indep_000938,2023-09-21,13822.47,0.0,13822.47,0,0.0
indep_000938,2023-09-22,13822.47,0.0,13822.47,0,0.0
indep_000938,2023-09-25,13822.47,0.0,13822.47,0,0.0
indep_000938,2023-09-26,13822.47,0.0,13822.47,0,0.0
indep_000938,2023-09-27,13822.47,0.0,13822.47,0,0.0
indep_000938,2023-09-28,13822.47,0.0,13822.47,0,0.0
indep_000938,2023-10-09,13822.47,0.0,13822.47,0,0.0
indep_000938,2023-10-10,13822.47,0.0,13822.47,0,0.0
indep_000938,2023-10-11,13822.47,0.0,13822.47,0,0.0
indep_000938,2023-10-12,13822.47,0.0,13822.47,0,0.0
indep_000938,2023-10-13,13822.47,0.0,13822.47,0,0.0
indep_000938,2023-10-16,13822.47,0.0,13822.47,0,0.0
indep_000938,2023-10-17,13822.47,0.0,13822.47,0,0.0
indep_000938,2023-10-18,13822.47,0.0,13822.47,0,0.0
indep_000938,2023-10-19,13822.47,0.0,13822.47,0,0.0
indep_000938,2023-10-20,13822.47,0.0,13822.47,0,0.0
indep_000938,2023-10-23,13822.47,0.0,13822.47,0,0.0
indep_000938,2023-10-24,13822.47,0.0,13822.47,0,0.0
indep_000938,2023-10-25,13822.47,0.0,13822.47,0,0.0
indep_000938,2023-10-26,13822.47,0.0,13822.47,0,0.0
indep_000938,2023-10-27,13822.47,0.0,13822.47,0,0.0
indep_000938,2023-10-30,13822.47,0.0,13822.47,0,0.0
indep_000938,2023-10-31,13822.47,0.0,13822.47,0,0.0
indep_000938,2023-11-01,13822.47,0.0,13822.47,0,0.0
indep_000938,2023-11-02,13822.47,0.0,13822.47,0,0.0
indep_000938,2023-11-03,13822.47,0.0,13822.47,0,0.0
indep_000938,2023-11-06,13822.47,0.0,13822.47,0,0.0
indep_000938,2023-11-07,13822.47,0.0,13822.47,0,0.0
indep_000938,2023-11-08,13822.47,0.0,13822.47,0,0.0
indep_000938,2023-11-09,13822.47,0.0,13822.47,0,0.0
indep_000938,2023-11-10,13822.47,0.0,13822.47,0,0.0
indep_000938,2023-11-13,13822.47,0.0,13822.47,0,0.0
indep_000938,2023-11-14,13822.47,0.0,13822.47,0,0.0
indep_000938,2023-11-15,13822.47,0.0,13822.47,0,0.0
indep_000938,2023-11-16,13822.47,0.0,13822.47,0,0.0
indep_000938,2023-11-17,13822.47,0.0,13822.47,0,0.0
indep_000938,2023-11-20,13822.47,0.0,13822.47,0,0.0
indep_000938,2023-11-21,13822.47,0.0,13822.47,0,0.0
indep_000938,2023-11-22,13822.47,0.0,13822.47,0,0.0
indep_000938,2023-11-23,13822.47,0.0,13822.47,0,0.0
indep_000938,2023-11-24,13822.47,0.0,13822.47,0,0.0
indep_000938,2023-11-27,13822.47,0.0,13822.47,0,0.0
indep_000938,2023-11-28,13822.47,0.0,13822.47,0,0.0
indep_000938,2023-11-29,13822.47,0.0,13822.47,0,0.0
indep_000938,2023-11-30,13822.47,0.0,13822.47,0,0.0
indep_000938,2023-12-01,13822.47,0.0,13822.47,0,0.0
indep_000938,2023-12-04,13822.47,0.0,13822.47,0,0.0
indep_000938,2023-12-05,13822.47,0.0,13822.47,0,0.0
indep_000938,2023-12-06,13822.47,0.0,13822.47,0,0.0
indep_000938,2023-12-07,13822.47,0.0,13822.47,0,0.0
indep_000938,2023-12-08,13822.47,0.0,13822.47,0,0.0
indep_000938,2023-12-11,13822.47,0.0,13822.47,0,0.0
indep_000938,2023-12-12,13822.47,0.0,13822.47,0,0.0
indep_000938,2023-12-13,13822.47,0.0,13822.47,0,0.0
indep_000938,2023-12-14,13822.47,0.0,13822.47,0,0.0
indep_000938,2023-12-15,13822.47,0.0,13822.47,0,0.0
indep_000938,2023-12-18,13822.47,0.0,13822.47,0,0.0
indep_000938,2023-12-19,13822.47,0.0,13822.47,0,0.0
indep_000938,2023-12-20,13822.47,0.0,13822.47,0,0.0
indep_000938,2023-12-21,13822.47,0.0,13822.47,0,0.0
indep_000938,2023-12-22,13822.47,0.0,13822.47,0,0.0
indep_000938,2023-12-25,13822.47,0.0,13822.47,0,0.0
indep_000938,2023-12-26,13822.47,0.0,13822.47,0,0.0
indep_000938,2023-12-27,13822.47,0.0,13822.47,0,0.0
indep_000938,2023-12-28,13822.47,0.0,13822.47,0,0.0
indep_000938,2023-12-29,13822.47,0.0,13822.47,0,0.0
indep_000938,2024-01-02,13822.47,0.0,13822.47,0,0.0
indep_000938,2024-01-03,13822.47,0.0,13822.47,0,0.0
indep_000938,2024-01-04,13822.47,0.0,13822.47,0,0.0
indep_000938,2024-01-05,13822.47,0.0,13822.47,0,0.0
indep_000938,2024-01-08,13822.47,0.0,13822.47,0,0.0
indep_000938,2024-01-09,13822.47,0.0,13822.47,0,0.0
indep_000938,2024-01-10,13822.47,0.0,13822.47,0,0.0
indep_000938,2024-01-11,13822.47,0.0,13822.47,0,0.0
indep_000938,2024-01-12,13822.47,0.0,13822.47,0,0.0
indep_000938,2024-01-15,13822.47,0.0,13822.47,0,0.0
indep_000938,2024-01-16,13822.47,0.0,13822.47,0,0.0
indep_000938,2024-01-17,13822.47,0.0,13822.47,0,0.0
indep_000938,2024-01-18,13822.47,0.0,13822.47,0,0.0
indep_000938,2024-01-19,13822.47,0.0,13822.47,0,0.0
indep_000938,2024-01-22,13822.47,0.0,13822.47,0,0.0
indep_000938,2024-01-23,13822.47,0.0,13822.47,0,0.0
indep_000938,2024-01-24,13822.47,0.0,13822.47,0,0.0
indep_000938,2024-01-25,13822.47,0.0,13822.47,0,0.0
indep_000938,2024-01-26,13822.47,0.0,13822.47,0,0.0
indep_000938,2024-01-29,13822.47,0.0,13822.47,0,0.0
indep_000938,2024-01-30,13822.47,0.0,13822.47,0,0.0
indep_000938,2024-01-31,13822.47,0.0,13822.47,0,0.0
indep_000938,2024-02-01,13822.47,0.0,13822.47,0,0.0
indep_000938,2024-02-02,13822.47,0.0,13822.47,0,0.0
indep_000938,2024-02-05,13822.47,0.0,13822.47,0,0.0
indep_000938,2024-02-06,13822.47,0.0,13822.47,0,0.0
indep_000938,2024-02-07,13822.47,0.0,13822.47,0,0.0
indep_000938,2024-02-08,13822.47,0.0,13822.47,0,0.0
indep_000938,2024-02-19,13822.47,0.0,13822.47,0,0.0
indep_000938,2024-02-20,13822.47,0.0,13822.47,0,0.0
indep_000938,2024-02-21,13822.47,0.0,13822.47,0,0.0
indep_000938,2024-02-22,13822.47,0.0,13822.47,0,0.0
indep_000938,2024-02-23,13822.47,0.0,13822.47,0,0.0
indep_000938,2024-02-26,13822.47,0.0,13822.47,0,0.0
indep_000938,2024-02-27,13822.47,0.0,13822.47,0,0.0
indep_000938,2024-02-28,13822.47,0.0,13822.47,0,0.0
indep_000938,2024-02-29,13822.47,0.0,13822.47,0,0.0
indep_000938,2024-03-01,13822.47,0.0,13822.47,0,0.0
indep_000938,2024-03-04,13822.47,0.0,13822.47,0,0.0
indep_000938,2024-03-05,13822.47,0.0,13822.47,0,0.0
indep_000938,2024-03-06,13822.47,0.0,13822.47,0,0.0
indep_000938,2024-03-07,13822.47,0.0,13822.47,0,0.0
indep_000938,2024-03-08,13822.47,0.0,13822.47,0,0.0
indep_000938,2024-03-11,13822.47,0.0,13822.47,0,0.0
indep_000938,2024-03-12,13822.47,0.0,13822.47,0,0.0
indep_000938,2024-03-13,13822.47,0.0,13822.47,0,0.0
indep_000938,2024-03-14,11514.86,2280.51,13795.37,1,16.531
indep_000938,2024-03-15,11514.86,2291.39,13806.25,1,16.597
indep_000938,2024-03-18,11514.86,2360.62,13875.47,1,17.013
indep_000938,2024-03-19,11514.86,2321.06,13835.91,1,16.776
indep_000938,2024-03-20,11514.86,2329.96,13844.82,1,16.829
indep_000938,2024-03-21,11514.86,2285.46,13800.31,1,16.561
indep_000938,2024-03-22,11514.86,2257.77,13772.62,1,16.393
indep_000938,2024-03-25,11514.86,2194.47,13709.33,1,16.007
indep_000938,2024-03-26,13675.58,0.0,13675.58,0,0.0
indep_000938,2024-03-27,13675.58,0.0,13675.58,0,0.0
indep_000938,2024-03-28,13675.58,0.0,13675.58,0,0.0
indep_000938,2024-03-29,9396.0,4294.01,13690.0,1,31.366
indep_000938,2024-04-01,9396.0,4367.19,13763.19,1,31.731
indep_000938,2024-04-02,9396.0,4260.38,13656.38,1,31.197
indep_000938,2024-04-03,9396.0,4153.58,13549.57,1,30.655
indep_000938,2024-04-08,9396.0,4070.51,13466.5,1,30.227
indep_000938,2024-04-09,13406.92,0.0,13406.92,0,0.0
indep_000938,2024-04-10,13406.92,0.0,13406.92,0,0.0
indep_000938,2024-04-11,13406.92,0.0,13406.92,0,0.0
indep_000938,2024-04-12,13406.92,0.0,13406.92,0,0.0
indep_000938,2024-04-15,13406.92,0.0,13406.92,0,0.0
indep_000938,2024-04-16,13406.92,0.0,13406.92,0,0.0
indep_000938,2024-04-17,13406.92,0.0,13406.92,0,0.0
indep_000938,2024-04-18,13406.92,0.0,13406.92,0,0.0
indep_000938,2024-04-19,13406.92,0.0,13406.92,0,0.0
indep_000938,2024-04-22,13406.92,0.0,13406.92,0,0.0
indep_000938,2024-04-23,13406.92,0.0,13406.92,0,0.0
indep_000938,2024-04-24,13406.92,0.0,13406.92,0,0.0
indep_000938,2024-04-25,13406.92,0.0,13406.92,0,0.0
indep_000938,2024-04-26,13406.92,0.0,13406.92,0,0.0
indep_000938,2024-04-29,13406.92,0.0,13406.92,0,0.0
indep_000938,2024-04-30,13406.92,0.0,13406.92,0,0.0
indep_000938,2024-05-06,13406.92,0.0,13406.92,0,0.0
indep_000938,2024-05-07,13406.92,0.0,13406.92,0,0.0
indep_000938,2024-05-08,13406.92,0.0,13406.92,0,0.0
indep_000938,2024-05-09,13406.92,0.0,13406.92,0,0.0
indep_000938,2024-05-10,13406.92,0.0,13406.92,0,0.0
indep_000938,2024-05-13,13406.92,0.0,13406.92,0,0.0
indep_000938,2024-05-14,13406.92,0.0,13406.92,0,0.0
indep_000938,2024-05-15,13406.92,0.0,13406.92,0,0.0
indep_000938,2024-05-16,13406.92,0.0,13406.92,0,0.0
indep_000938,2024-05-17,13406.92,0.0,13406.92,0,0.0
indep_000938,2024-05-20,13406.92,0.0,13406.92,0,0.0
indep_000938,2024-05-21,13406.92,0.0,13406.92,0,0.0
indep_000938,2024-05-22,13406.92,0.0,13406.92,0,0.0
indep_000938,2024-05-23,13406.92,0.0,13406.92,0,0.0
indep_000938,2024-05-24,13406.92,0.0,13406.92,0,0.0
indep_000938,2024-05-27,13406.92,0.0,13406.92,0,0.0
indep_000938,2024-05-28,13406.92,0.0,13406.92,0,0.0
indep_000938,2024-05-29,13406.92,0.0,13406.92,0,0.0
indep_000938,2024-05-30,13406.92,0.0,13406.92,0,0.0
indep_000938,2024-05-31,13406.92,0.0,13406.92,0,0.0
indep_000938,2024-06-03,13406.92,0.0,13406.92,0,0.0
indep_000938,2024-06-04,13406.92,0.0,13406.92,0,0.0
indep_000938,2024-06-05,13406.92,0.0,13406.92,0,0.0
indep_000938,2024-06-06,13406.92,0.0,13406.92,0,0.0
indep_000938,2024-06-07,13406.92,0.0,13406.92,0,0.0
indep_000938,2024-06-11,13406.92,0.0,13406.92,0,0.0
indep_000938,2024-06-12,13406.92,0.0,13406.92,0,0.0
indep_000938,2024-06-13,13406.92,0.0,13406.92,0,0.0
indep_000938,2024-06-14,13406.92,0.0,13406.92,0,0.0
indep_000938,2024-06-17,13406.92,0.0,13406.92,0,0.0
indep_000938,2024-06-18,13406.92,0.0,13406.92,0,0.0
indep_000938,2024-06-19,13406.92,0.0,13406.92,0,0.0
indep_000938,2024-06-20,13406.92,0.0,13406.92,0,0.0
indep_000938,2024-06-21,13406.92,0.0,13406.92,0,0.0
indep_000938,2024-06-24,11189.44,2199.31,13388.75,1,16.427
indep_000938,2024-06-25,11189.44,2133.66,13323.1,1,16.015
indep_000938,2024-06-26,11189.44,2235.12,13424.56,1,16.65
indep_000938,2024-06-27,11189.44,2174.44,13363.88,1,16.271
indep_000938,2024-06-28,11189.44,2223.19,13412.62,1,16.575
indep_000938,2024-07-01,11189.44,2252.03,13441.47,1,16.754
indep_000938,2024-07-02,11189.44,2196.33,13385.77,1,16.408
indep_000938,2024-07-03,11189.44,2170.47,13359.9,1,16.246
indep_000938,2024-07-04,11189.44,2133.66,13323.1,1,16.015
indep_000938,2024-07-05,11189.44,2165.49,13354.93,1,16.215
indep_000938,2024-07-08,11189.44,2101.83,13291.27,1,15.814
indep_000938,2024-07-09,13265.29,0.0,13265.29,0,0.0
indep_000938,2024-07-10,13265.29,0.0,13265.29,0,0.0
indep_000938,2024-07-11,13265.29,0.0,13265.29,0,0.0
indep_000938,2024-07-12,11066.72,2178.42,13245.15,1,16.447
indep_000938,2024-07-15,11066.72,2187.38,13254.1,1,16.503
indep_000938,2024-07-16,11066.72,2406.21,13472.94,1,17.86
indep_000938,2024-07-17,11066.72,2451.97,13518.69,1,18.138
indep_000938,2024-07-18,11066.72,2425.11,13491.84,1,17.975
indep_000938,2024-07-19,11066.72,2447.0,13513.72,1,18.107
indep_000938,2024-07-22,11066.72,2424.12,13490.84,1,17.969
indep_000938,2024-07-23,13406.18,0.0,13406.18,0,0.0
indep_000938,2024-07-24,13406.18,0.0,13406.18,0,0.0
indep_000938,2024-07-25,13406.18,0.0,13406.18,0,0.0
indep_000938,2024-07-26,13406.18,0.0,13406.18,0,0.0
indep_000938,2024-07-29,11135.92,2233.13,13369.05,1,16.704
indep_000938,2024-07-30,11135.92,2215.23,13351.15,1,16.592
indep_000938,2024-07-31,11135.92,2302.76,13438.68,1,17.135
indep_000938,2024-08-01,11135.92,2281.87,13417.79,1,17.006
indep_000938,2024-08-02,11135.92,2197.32,13333.24,1,16.48
indep_000938,2024-08-05,13261.7,0.0,13261.7,0,0.0
indep_000938,2024-08-06,13261.7,0.0,13261.7,0,0.0
indep_000938,2024-08-07,13261.7,0.0,13261.7,0,0.0
indep_000938,2024-08-08,13261.7,0.0,13261.7,0,0.0
indep_000938,2024-08-09,13261.7,0.0,13261.7,0,0.0
indep_000938,2024-08-12,13261.7,0.0,13261.7,0,0.0
indep_000938,2024-08-13,13261.7,0.0,13261.7,0,0.0
indep_000938,2024-08-14,13261.7,0.0,13261.7,0,0.0
indep_000938,2024-08-15,13261.7,0.0,13261.7,0,0.0
indep_000938,2024-08-16,13261.7,0.0,13261.7,0,0.0
indep_000938,2024-08-19,13261.7,0.0,13261.7,0,0.0
indep_000938,2024-08-20,13261.7,0.0,13261.7,0,0.0
indep_000938,2024-08-21,13261.7,0.0,13261.7,0,0.0
indep_000938,2024-08-22,13261.7,0.0,13261.7,0,0.0
indep_000938,2024-08-23,13261.7,0.0,13261.7,0,0.0
indep_000938,2024-08-26,13261.7,0.0,13261.7,0,0.0
indep_000938,2024-08-27,13261.7,0.0,13261.7,0,0.0
indep_000938,2024-08-28,13261.7,0.0,13261.7,0,0.0
indep_000938,2024-08-29,13261.7,0.0,13261.7,0,0.0
indep_000938,2024-08-30,13261.7,0.0,13261.7,0,0.0
indep_000938,2024-09-02,13261.7,0.0,13261.7,0,0.0
indep_000938,2024-09-03,13261.7,0.0,13261.7,0,0.0
indep_000938,2024-09-04,13261.7,0.0,13261.7,0,0.0
indep_000938,2024-09-05,13261.7,0.0,13261.7,0,0.0
indep_000938,2024-09-06,13261.7,0.0,13261.7,0,0.0
indep_000938,2024-09-09,13261.7,0.0,13261.7,0,0.0
indep_000938,2024-09-10,13261.7,0.0,13261.7,0,0.0
indep_000938,2024-09-11,13261.7,0.0,13261.7,0,0.0
indep_000938,2024-09-12,13261.7,0.0,13261.7,0,0.0
indep_000938,2024-09-13,13261.7,0.0,13261.7,0,0.0
indep_000938,2024-09-18,13261.7,0.0,13261.7,0,0.0
indep_000938,2024-09-19,13261.7,0.0,13261.7,0,0.0
indep_000938,2024-09-20,13261.7,0.0,13261.7,0,0.0
indep_000938,2024-09-23,13261.7,0.0,13261.7,0,0.0
indep_000938,2024-09-24,13261.7,0.0,13261.7,0,0.0
indep_000938,2024-09-25,13261.7,0.0,13261.7,0,0.0
indep_000938,2024-09-26,13261.7,0.0,13261.7,0,0.0
indep_000938,2024-09-27,13261.7,0.0,13261.7,0,0.0
indep_000938,2024-09-30,13261.7,0.0,13261.7,0,0.0
indep_000938,2024-10-08,13261.7,0.0,13261.7,0,0.0
indep_000938,2024-10-09,13261.7,0.0,13261.7,0,0.0
indep_000938,2024-10-10,10795.28,2427.1,13222.38,1,18.356
indep_000938,2024-10-11,13104.78,0.0,13104.78,0,0.0
indep_000938,2024-10-14,13104.78,0.0,13104.78,0,0.0
indep_000938,2024-10-15,13104.78,0.0,13104.78,0,0.0
indep_000938,2024-10-16,13104.78,0.0,13104.78,0,0.0
indep_000938,2024-10-17,13104.78,0.0,13104.78,0,0.0
indep_000938,2024-10-18,10781.75,2439.04,13220.79,1,18.449
indep_000938,2024-10-21,10781.75,2466.89,13248.64,1,18.62
indep_000938,2024-10-22,10781.75,2454.95,13236.7,1,18.547
indep_000938,2024-10-23,10781.75,2450.98,13232.72,1,18.522
indep_000938,2024-10-24,10781.75,2459.93,13241.68,1,18.577
indep_000938,2024-10-25,10781.75,2485.79,13267.54,1,18.736
indep_000938,2024-10-28,10781.75,2473.85,13255.6,1,18.663
indep_000938,2024-10-29,10781.75,2524.58,13306.33,1,18.973
indep_000938,2024-10-30,10781.75,2506.68,13288.43,1,18.864
indep_000938,2024-10-31,10781.75,2611.12,13392.87,1,19.496
indep_000938,2024-11-01,13239.03,0.0,13239.03,0,0.0
indep_000938,2024-11-04,13239.03,0.0,13239.03,0,0.0
indep_000938,2024-11-05,13239.03,0.0,13239.03,0,0.0
indep_000938,2024-11-06,13239.03,0.0,13239.03,0,0.0
indep_000938,2024-11-07,13239.03,0.0,13239.03,0,0.0
indep_000938,2024-11-08,13239.03,0.0,13239.03,0,0.0
indep_000938,2024-11-11,13239.03,0.0,13239.03,0,0.0
indep_000938,2024-11-12,13239.03,0.0,13239.03,0,0.0
indep_000938,2024-11-13,13239.03,0.0,13239.03,0,0.0
indep_000938,2024-11-14,13239.03,0.0,13239.03,0,0.0
indep_000938,2024-11-15,10526.67,2628.03,13154.7,1,19.978
indep_000938,2024-11-18,13067.82,0.0,13067.82,0,0.0
indep_000938,2024-11-19,13067.82,0.0,13067.82,0,0.0
indep_000938,2024-11-20,13067.82,0.0,13067.82,0,0.0
indep_000938,2024-11-21,13067.82,0.0,13067.82,0,0.0
indep_000938,2024-11-22,13067.82,0.0,13067.82,0,0.0
indep_000938,2024-11-25,13067.82,0.0,13067.82,0,0.0
indep_000938,2024-11-26,13067.82,0.0,13067.82,0,0.0
indep_000938,2024-11-27,13067.82,0.0,13067.82,0,0.0
indep_000938,2024-11-28,13067.82,0.0,13067.82,0,0.0
indep_000938,2024-11-29,10542.65,2521.6,13064.25,1,19.302
indep_000938,2024-12-02,10542.65,2534.53,13077.19,1,19.381
indep_000938,2024-12-03,10542.65,2486.78,13029.44,1,19.086
indep_000938,2024-12-04,10542.65,2446.0,12988.66,1,18.832
indep_000938,2024-12-05,10542.65,2469.87,13012.53,1,18.981
indep_000938,2024-12-06,10542.65,2510.66,13053.31,1,19.234
indep_000938,2024-12-09,10542.65,2472.86,13015.51,1,18.999
indep_000938,2024-12-10,10542.65,2484.8,13027.45,1,19.074
indep_000938,2024-12-11,10542.65,2500.71,13043.37,1,19.172
indep_000938,2024-12-12,10542.65,2512.65,13055.3,1,19.246
indep_000938,2024-12-13,10542.65,2443.02,12985.67,1,18.813
indep_000938,2024-12-16,10542.65,2484.8,13027.45,1,19.074
indep_000938,2024-12-17,10542.65,2546.47,13089.12,1,19.455
indep_000938,2024-12-18,10542.65,2588.25,13130.9,1,19.711
indep_000938,2024-12-19,10542.65,2744.42,13287.07,1,20.655
indep_000938,2024-12-20,10542.65,2692.69,13235.35,1,20.345
indep_000938,2024-12-23,10542.65,2705.62,13248.28,1,20.422
indep_000938,2024-12-24,10542.65,2712.59,13255.24,1,20.464
indep_000938,2024-12-25,10542.65,2748.39,13291.05,1,20.679
indep_000938,2024-12-26,10542.65,2860.8,13403.45,1,21.344
indep_000938,2024-12-27,10542.65,2880.69,13423.35,1,21.46
indep_000938,2024-12-30,10542.65,2903.57,13446.23,1,21.594
indep_000938,2024-12-31,13383.35,0.0,13383.35,0,0.0
indep_000938,2025-01-02,13383.35,0.0,13383.35,0,0.0
indep_000938,2025-01-03,13383.35,0.0,13383.35,0,0.0
indep_000938,2025-01-06,13383.35,0.0,13383.35,0,0.0
indep_000938,2025-01-07,13383.35,0.0,13383.35,0,0.0
indep_000938,2025-01-08,13383.35,0.0,13383.35,0,0.0
indep_000938,2025-01-09,13383.35,0.0,13383.35,0,0.0
indep_000938,2025-01-10,13383.35,0.0,13383.35,0,0.0
indep_000938,2025-01-13,13383.35,0.0,13383.35,0,0.0
indep_000938,2025-01-14,13383.35,0.0,13383.35,0,0.0
indep_000938,2025-01-15,13383.35,0.0,13383.35,0,0.0
indep_000938,2025-01-16,13383.35,0.0,13383.35,0,0.0
indep_000938,2025-01-17,13383.35,0.0,13383.35,0,0.0
indep_000938,2025-01-20,13383.35,0.0,13383.35,0,0.0
indep_000938,2025-01-21,13383.35,0.0,13383.35,0,0.0
indep_000938,2025-01-22,13383.35,0.0,13383.35,0,0.0
indep_000938,2025-01-23,13383.35,0.0,13383.35,0,0.0
indep_000938,2025-01-24,10766.58,2667.82,13434.41,1,19.858
indep_000938,2025-01-27,10766.58,2504.69,13271.27,1,18.873
indep_000938,2025-02-05,10766.58,2605.16,13371.74,1,19.483
indep_000938,2025-02-06,10766.58,2725.52,13492.1,1,20.201
indep_000938,2025-02-07,10766.58,2809.07,13575.66,1,20.692
indep_000938,2025-02-10,10766.58,2834.93,13601.52,1,20.843
indep_000938,2025-02-11,10766.58,2834.93,13601.52,1,20.843
indep_000938,2025-02-12,10766.58,2905.56,13672.14,1,21.252
indep_000938,2025-02-13,10766.58,2842.89,13609.48,1,20.889
indep_000938,2025-02-14,10766.58,3022.94,13789.52,1,21.922
indep_000938,2025-02-17,10766.58,3082.62,13849.2,1,22.258
indep_000938,2025-02-18,13764.04,0.0,13764.04,0,0.0
indep_000938,2025-02-19,13764.04,0.0,13764.04,0,0.0
indep_000938,2025-02-20,13764.04,0.0,13764.04,0,0.0
indep_000938,2025-02-21,13764.04,0.0,13764.04,0,0.0
indep_000938,2025-02-24,13764.04,0.0,13764.04,0,0.0
indep_000938,2025-02-25,13764.04,0.0,13764.04,0,0.0
indep_000938,2025-02-26,13764.04,0.0,13764.04,0,0.0
indep_000938,2025-02-27,13764.04,0.0,13764.04,0,0.0
indep_000938,2025-02-28,10744.01,2940.37,13684.38,1,21.487
indep_000938,2025-03-03,13573.72,0.0,13573.72,0,0.0
indep_000938,2025-03-04,13573.72,0.0,13573.72,0,0.0
indep_000938,2025-03-05,13573.72,0.0,13573.72,0,0.0
indep_000938,2025-03-06,13573.72,0.0,13573.72,0,0.0
indep_000938,2025-03-07,10561.65,2967.23,13528.88,1,21.933
indep_000938,2025-03-10,10561.65,2920.48,13482.13,1,21.662
indep_000938,2025-03-11,10561.65,2899.59,13461.24,1,21.54
indep_000938,2025-03-12,10561.65,2947.34,13508.99,1,21.818
indep_000938,2025-03-13,13383.38,0.0,13383.38,0,0.0
indep_000938,2025-03-14,13383.38,0.0,13383.38,0,0.0
indep_000938,2025-03-17,10461.92,2917.5,13379.41,1,21.806
indep_000938,2025-03-18,10461.92,2934.41,13396.32,1,21.905
indep_000938,2025-03-19,10461.92,2883.68,13345.59,1,21.608
indep_000938,2025-03-20,10461.92,2853.83,13315.75,1,21.432
indep_000938,2025-03-21,13198.77,0.0,13198.77,0,0.0
indep_000938,2025-03-24,13198.77,0.0,13198.77,0,0.0
indep_000938,2025-03-25,13198.77,0.0,13198.77,0,0.0
indep_000938,2025-03-26,13198.77,0.0,13198.77,0,0.0
indep_000938,2025-03-27,13198.77,0.0,13198.77,0,0.0
indep_000938,2025-03-28,13198.77,0.0,13198.77,0,0.0
indep_000938,2025-03-31,13198.77,0.0,13198.77,0,0.0
indep_000938,2025-04-01,13198.77,0.0,13198.77,0,0.0
indep_000938,2025-04-02,13198.77,0.0,13198.77,0,0.0
indep_000938,2025-04-03,13198.77,0.0,13198.77,0,0.0
indep_000938,2025-04-07,13198.77,0.0,13198.77,0,0.0
indep_000938,2025-04-08,13198.77,0.0,13198.77,0,0.0
indep_000938,2025-04-09,13198.77,0.0,13198.77,0,0.0
indep_000938,2025-04-10,13198.77,0.0,13198.77,0,0.0
indep_000938,2025-04-11,13198.77,0.0,13198.77,0,0.0
indep_000938,2025-04-14,13198.77,0.0,13198.77,0,0.0
indep_000938,2025-04-15,13198.77,0.0,13198.77,0,0.0
indep_000938,2025-04-16,13198.77,0.0,13198.77,0,0.0
indep_000938,2025-04-17,13198.77,0.0,13198.77,0,0.0
indep_000938,2025-04-18,13198.77,0.0,13198.77,0,0.0
indep_000938,2025-04-21,13198.77,0.0,13198.77,0,0.0
indep_000938,2025-04-22,13198.77,0.0,13198.77,0,0.0
indep_000938,2025-04-23,13198.77,0.0,13198.77,0,0.0
indep_000938,2025-04-24,13198.77,0.0,13198.77,0,0.0
indep_000938,2025-04-25,13198.77,0.0,13198.77,0,0.0
indep_000938,2025-04-28,13198.77,0.0,13198.77,0,0.0
indep_000938,2025-04-29,13198.77,0.0,13198.77,0,0.0
indep_000938,2025-04-30,13198.77,0.0,13198.77,0,0.0
indep_000938,2025-05-06,13198.77,0.0,13198.77,0,0.0
indep_000938,2025-05-07,13198.77,0.0,13198.77,0,0.0
indep_000938,2025-05-08,13198.77,0.0,13198.77,0,0.0
indep_000938,2025-05-09,13198.77,0.0,13198.77,0,0.0
indep_000938,2025-05-12,13198.77,0.0,13198.77,0,0.0
indep_000938,2025-05-13,13198.77,0.0,13198.77,0,0.0
indep_000938,2025-05-14,13198.77,0.0,13198.77,0,0.0
indep_000938,2025-05-15,13198.77,0.0,13198.77,0,0.0
indep_000938,2025-05-16,13198.77,0.0,13198.77,0,0.0
indep_000938,2025-05-19,13198.77,0.0,13198.77,0,0.0
indep_000938,2025-05-20,13198.77,0.0,13198.77,0,0.0
indep_000938,2025-05-21,13198.77,0.0,13198.77,0,0.0
indep_000938,2025-05-22,13198.77,0.0,13198.77,0,0.0
indep_000938,2025-05-23,13198.77,0.0,13198.77,0,0.0
indep_000938,2025-05-26,13198.77,0.0,13198.77,0,0.0
indep_000938,2025-05-27,13198.77,0.0,13198.77,0,0.0
indep_000938,2025-05-28,13198.77,0.0,13198.77,0,0.0
indep_000938,2025-05-29,13198.77,0.0,13198.77,0,0.0
indep_000938,2025-05-30,13198.77,0.0,13198.77,0,0.0
indep_000938,2025-06-03,13198.77,0.0,13198.77,0,0.0
indep_000938,2025-06-04,13198.77,0.0,13198.77,0,0.0
indep_000938,2025-06-05,13198.77,0.0,13198.77,0,0.0
indep_000938,2025-06-06,13198.77,0.0,13198.77,0,0.0
indep_000938,2025-06-09,13198.77,0.0,13198.77,0,0.0
indep_000938,2025-06-10,13198.77,0.0,13198.77,0,0.0
indep_000938,2025-06-11,13198.77,0.0,13198.77,0,0.0
indep_000938,2025-06-12,13198.77,0.0,13198.77,0,0.0
indep_000938,2025-06-13,13198.77,0.0,13198.77,0,0.0
indep_000938,2025-06-16,13198.77,0.0,13198.77,0,0.0
indep_000938,2025-06-17,13198.77,0.0,13198.77,0,0.0
indep_000938,2025-06-18,13198.77,0.0,13198.77,0,0.0
indep_000938,2025-06-19,13198.77,0.0,13198.77,0,0.0
indep_000938,2025-06-20,13198.77,0.0,13198.77,0,0.0
indep_000938,2025-06-23,13198.77,0.0,13198.77,0,0.0
indep_000938,2025-06-24,13198.77,0.0,13198.77,0,0.0
indep_000938,2025-06-25,13198.77,0.0,13198.77,0,0.0
indep_000938,2025-06-26,13198.77,0.0,13198.77,0,0.0
indep_000938,2025-06-27,13198.77,0.0,13198.77,0,0.0
indep_000938,2025-06-30,13198.77,0.0,13198.77,0,0.0
indep_000938,2025-07-01,13198.77,0.0,13198.77,0,0.0
indep_000938,2025-07-02,13198.77,0.0,13198.77,0,0.0
indep_000938,2025-07-03,13198.77,0.0,13198.77,0,0.0
indep_000938,2025-07-04,13198.77,0.0,13198.77,0,0.0
indep_000938,2025-07-07,13198.77,0.0,13198.77,0,0.0
indep_000938,2025-07-08,13198.77,0.0,13198.77,0,0.0
indep_000938,2025-07-09,13198.77,0.0,13198.77,0,0.0
indep_000938,2025-07-10,13198.77,0.0,13198.77,0,0.0
indep_000938,2025-07-11,13198.77,0.0,13198.77,0,0.0
indep_000938,2025-07-14,13198.77,0.0,13198.77,0,0.0
indep_000938,2025-07-15,13198.77,0.0,13198.77,0,0.0
indep_000938,2025-07-16,13198.77,0.0,13198.77,0,0.0
indep_000938,2025-07-17,13198.77,0.0,13198.77,0,0.0
indep_000938,2025-07-18,13198.77,0.0,13198.77,0,0.0
indep_000938,2025-07-21,13198.77,0.0,13198.77,0,0.0
indep_000938,2025-07-22,13198.77,0.0,13198.77,0,0.0
indep_000938,2025-07-23,13198.77,0.0,13198.77,0,0.0
indep_000938,2025-07-24,13198.77,0.0,13198.77,0,0.0
indep_000938,2025-07-25,13198.77,0.0,13198.77,0,0.0
indep_000938,2025-07-28,13198.77,0.0,13198.77,0,0.0
indep_000938,2025-07-29,13198.77,0.0,13198.77,0,0.0
indep_000938,2025-07-30,13198.77,0.0,13198.77,0,0.0
indep_000938,2025-07-31,13198.77,0.0,13198.77,0,0.0
indep_000938,2025-08-01,13198.77,0.0,13198.77,0,0.0
indep_000938,2025-08-04,13198.77,0.0,13198.77,0,0.0
indep_000938,2025-08-05,13198.77,0.0,13198.77,0,0.0
indep_000938,2025-08-06,13198.77,0.0,13198.77,0,0.0
indep_000938,2025-08-07,13198.77,0.0,13198.77,0,0.0
indep_000938,2025-08-08,13198.77,0.0,13198.77,0,0.0
indep_000938,2025-08-11,13198.77,0.0,13198.77,0,0.0
indep_000938,2025-08-12,13198.77,0.0,13198.77,0,0.0
indep_000938,2025-08-13,13198.77,0.0,13198.77,0,0.0
indep_000938,2025-08-14,13198.77,0.0,13198.77,0,0.0
indep_000938,2025-08-15,13198.77,0.0,13198.77,0,0.0
indep_000938,2025-08-18,13198.77,0.0,13198.77,0,0.0
indep_000938,2025-08-19,13198.77,0.0,13198.77,0,0.0
indep_000938,2025-08-20,13198.77,0.0,13198.77,0,0.0
indep_000938,2025-08-21,13198.77,0.0,13198.77,0,0.0
indep_000938,2025-08-22,13198.77,0.0,13198.77,0,0.0
indep_000938,2025-08-25,13198.77,0.0,13198.77,0,0.0
indep_000938,2025-08-26,13198.77,0.0,13198.77,0,0.0
indep_000938,2025-08-27,13198.77,0.0,13198.77,0,0.0
indep_000938,2025-08-28,13198.77,0.0,13198.77,0,0.0
indep_000938,2025-08-29,13198.77,0.0,13198.77,0,0.0
indep_000938,2025-09-01,13198.77,0.0,13198.77,0,0.0
indep_000938,2025-09-02,13198.77,0.0,13198.77,0,0.0
indep_000938,2025-09-03,13198.77,0.0,13198.77,0,0.0
indep_000938,2025-09-04,13198.77,0.0,13198.77,0,0.0
indep_000938,2025-09-05,13198.77,0.0,13198.77,0,0.0
indep_000938,2025-09-08,13198.77,0.0,13198.77,0,0.0
indep_000938,2025-09-09,10503.44,2628.76,13132.2,1,20.018
indep_000938,2025-09-10,10503.44,2644.73,13148.16,1,20.115
indep_000938,2025-09-11,10503.44,2860.21,13363.65,1,21.403
indep_000938,2025-09-12,10503.44,2921.07,13424.5,1,21.759
indep_000938,2025-09-15,10503.44,2869.19,13372.63,1,21.456
indep_000938,2025-09-16,10503.44,2956.98,13460.42,1,21.968
indep_000938,2025-09-17,10503.44,2934.04,13437.47,1,21.835
indep_000938,2025-09-18,10503.44,3086.68,13590.11,1,22.713
indep_000938,2025-09-19,10503.44,3007.86,13511.3,1,22.262
indep_000938,2025-09-22,10503.44,3039.79,13543.22,1,22.445
indep_000938,2025-09-23,13449.97,0.0,13449.97,0,0.0
indep_000938,2025-09-24,13449.97,0.0,13449.97,0,0.0
indep_000938,2025-09-25,13449.97,0.0,13449.97,0,0.0
indep_000938,2025-09-26,13449.97,0.0,13449.97,0,0.0
indep_000938,2025-09-29,13449.97,0.0,13449.97,0,0.0
indep_000938,2025-09-30,13449.97,0.0,13449.97,0,0.0
indep_000938,2025-10-09,13449.97,0.0,13449.97,0,0.0
indep_000938,2025-10-10,13449.97,0.0,13449.97,0,0.0
indep_000938,2025-10-13,10596.85,2894.13,13490.98,1,21.452
indep_000938,2025-10-14,10596.85,2780.4,13377.25,1,20.785
indep_000938,2025-10-15,10596.85,2836.27,13433.12,1,21.114
indep_000938,2025-10-16,10596.85,2817.32,13414.17,1,21.003
indep_000938,2025-10-17,10596.85,2702.59,13299.44,1,20.321
indep_000938,2025-10-20,10596.85,2730.52,13327.37,1,20.488
indep_000938,2025-10-21,10596.85,2798.36,13395.21,1,20.891
indep_000938,2025-10-22,10596.85,2762.45,13359.3,1,20.678
indep_000938,2025-10-23,13269.8,0.0,13269.8,0,0.0
indep_000938,2025-10-24,13269.8,0.0,13269.8,0,0.0
indep_000938,2025-10-27,13269.8,0.0,13269.8,0,0.0
indep_000938,2025-10-28,10440.65,2826.29,13266.94,1,21.303
indep_000938,2025-10-29,10440.65,2844.25,13284.9,1,21.41
indep_000938,2025-10-30,10440.65,2803.35,13244.0,1,21.167
indep_000938,2025-10-31,10440.65,2701.59,13142.24,1,20.557
indep_000938,2025-11-03,13090.63,0.0,13090.63,0,0.0
indep_000938,2025-11-04,13090.63,0.0,13090.63,0,0.0
indep_000938,2025-11-05,13090.63,0.0,13090.63,0,0.0
indep_000938,2025-11-06,13090.63,0.0,13090.63,0,0.0
indep_000938,2025-11-07,13090.63,0.0,13090.63,0,0.0
indep_000938,2025-11-10,13090.63,0.0,13090.63,0,0.0
indep_000938,2025-11-11,13090.63,0.0,13090.63,0,0.0
indep_000938,2025-11-12,13090.63,0.0,13090.63,0,0.0
indep_000938,2025-11-13,13090.63,0.0,13090.63,0,0.0
indep_000938,2025-11-14,13090.63,0.0,13090.63,0,0.0
indep_000938,2025-11-17,13090.63,0.0,13090.63,0,0.0
indep_000938,2025-11-18,13090.63,0.0,13090.63,0,0.0
indep_000938,2025-11-19,13090.63,0.0,13090.63,0,0.0
indep_000938,2025-11-20,13090.63,0.0,13090.63,0,0.0
indep_000938,2025-11-21,13090.63,0.0,13090.63,0,0.0
indep_000938,2025-11-24,13090.63,0.0,13090.63,0,0.0
indep_000938,2025-11-25,13090.63,0.0,13090.63,0,0.0
indep_000938,2025-11-26,13090.63,0.0,13090.63,0,0.0
indep_000938,2025-11-27,13090.63,0.0,13090.63,0,0.0
indep_000938,2025-11-28,13090.63,0.0,13090.63,0,0.0
indep_000938,2025-12-01,13090.63,0.0,13090.63,0,0.0
indep_000938,2025-12-02,13090.63,0.0,13090.63,0,0.0
indep_000938,2025-12-03,13090.63,0.0,13090.63,0,0.0
indep_000938,2025-12-04,13090.63,0.0,13090.63,0,0.0
indep_000938,2025-12-05,13090.63,0.0,13090.63,0,0.0
indep_000938,2025-12-08,13090.63,0.0,13090.63,0,0.0
indep_000938,2025-12-09,13090.63,0.0,13090.63,0,0.0
indep_000938,2025-12-10,13090.63,0.0,13090.63,0,0.0
indep_000938,2025-12-11,13090.63,0.0,13090.63,0,0.0
indep_000938,2025-12-12,13090.63,0.0,13090.63,0,0.0
indep_000938,2025-12-15,13090.63,0.0,13090.63,0,0.0
indep_000938,2025-12-16,13090.63,0.0,13090.63,0,0.0
indep_000938,2025-12-17,13090.63,0.0,13090.63,0,0.0
indep_000938,2025-12-18,13090.63,0.0,13090.63,0,0.0
indep_000938,2025-12-19,13090.63,0.0,13090.63,0,0.0
indep_000938,2025-12-22,13090.63,0.0,13090.63,0,0.0
indep_000938,2025-12-23,13090.63,0.0,13090.63,0,0.0
indep_000938,2025-12-24,13090.63,0.0,13090.63,0,0.0
indep_000938,2025-12-25,13090.63,0.0,13090.63,0,0.0
indep_000938,2025-12-26,13090.63,0.0,13090.63,0,0.0
indep_000938,2025-12-29,13090.63,0.0,13090.63,0,0.0
indep_000938,2025-12-30,13090.63,0.0,13090.63,0,0.0
indep_000938,2025-12-31,13090.63,0.0,13090.63,0,0.0
indep_000938,2026-01-05,13090.63,0.0,13090.63,0,0.0
indep_000938,2026-01-06,13090.63,0.0,13090.63,0,0.0
indep_000938,2026-01-07,13090.63,0.0,13090.63,0,0.0
indep_000938,2026-01-08,13090.63,0.0,13090.63,0,0.0
indep_000938,2026-01-09,13090.63,0.0,13090.63,0,0.0
indep_000938,2026-01-12,13090.63,0.0,13090.63,0,0.0
indep_000938,2026-01-13,13090.63,0.0,13090.63,0,0.0
indep_000938,2026-01-14,13090.63,0.0,13090.63,0,0.0
indep_000938,2026-01-15,13090.63,0.0,13090.63,0,0.0
indep_000938,2026-01-16,13090.63,0.0,13090.63,0,0.0
indep_000938,2026-01-19,13090.63,0.0,13090.63,0,0.0
indep_000938,2026-01-20,13090.63,0.0,13090.63,0,0.0
indep_000938,2026-01-21,13090.63,0.0,13090.63,0,0.0
indep_000938,2026-01-22,13090.63,0.0,13090.63,0,0.0
indep_000938,2026-01-23,13090.63,0.0,13090.63,0,0.0
indep_000938,2026-01-26,13090.63,0.0,13090.63,0,0.0
indep_000938,2026-01-27,13090.63,0.0,13090.63,0,0.0
indep_000938,2026-01-28,13090.63,0.0,13090.63,0,0.0
indep_000938,2026-01-29,13090.63,0.0,13090.63,0,0.0
indep_000938,2026-01-30,13090.63,0.0,13090.63,0,0.0
indep_000938,2026-02-02,13090.63,0.0,13090.63,0,0.0
indep_000938,2026-02-03,13090.63,0.0,13090.63,0,0.0
indep_000938,2026-02-04,13090.63,0.0,13090.63,0,0.0
indep_000938,2026-02-05,13090.63,0.0,13090.63,0,0.0
indep_000938,2026-02-06,13090.63,0.0,13090.63,0,0.0
indep_000938,2026-02-09,13090.63,0.0,13090.63,0,0.0
indep_000938,2026-02-10,13090.63,0.0,13090.63,0,0.0
indep_000938,2026-02-11,13090.63,0.0,13090.63,0,0.0
indep_000938,2026-02-12,13090.63,0.0,13090.63,0,0.0
indep_000938,2026-02-13,13090.63,0.0,13090.63,0,0.0
indep_000938,2026-02-24,13090.63,0.0,13090.63,0,0.0
indep_000938,2026-02-25,10541.1,2522.02,13063.11,1,19.306
indep_000938,2026-02-26,10541.1,2566.91,13108.01,1,19.583
indep_000938,2026-02-27,10541.1,2588.86,13129.95,1,19.717
indep_000938,2026-03-02,10541.1,2502.06,13043.16,1,19.183
indep_000938,2026-03-03,12929.48,0.0,12929.48,0,0.0
indep_000938,2026-03-04,12929.48,0.0,12929.48,0,0.0
indep_000938,2026-03-05,12929.48,0.0,12929.48,0,0.0
indep_000938,2026-03-06,12929.48,0.0,12929.48,0,0.0
indep_000938,2026-03-09,12929.48,0.0,12929.48,0,0.0
indep_000938,2026-03-10,12929.48,0.0,12929.48,0,0.0
indep_000938,2026-03-11,12929.48,0.0,12929.48,0,0.0
indep_000938,2026-03-12,12929.48,0.0,12929.48,0,0.0
indep_000938,2026-03-13,12929.48,0.0,12929.48,0,0.0
indep_000938,2026-03-16,10391.93,2532.99,12924.92,1,19.598
indep_000938,2026-03-17,10391.93,2439.21,12831.14,1,19.01
indep_000938,2026-03-18,10391.93,2623.77,13015.7,1,20.159
indep_000938,2026-03-19,10391.93,2670.66,13062.59,1,20.445
indep_000938,2026-03-20,12996.98,0.0,12996.98,0,0.0
indep_000938,2026-03-23,12996.98,0.0,12996.98,0,0.0
indep_000938,2026-03-24,12996.98,0.0,12996.98,0,0.0
indep_000938,2026-03-25,12996.98,0.0,12996.98,0,0.0
indep_000938,2026-03-26,12996.98,0.0,12996.98,0,0.0
indep_000938,2026-03-27,12996.98,0.0,12996.98,0,0.0
indep_000938,2026-03-30,12996.98,0.0,12996.98,0,0.0
indep_000938,2026-03-31,12996.98,0.0,12996.98,0,0.0
indep_000938,2026-04-01,12996.98,0.0,12996.98,0,0.0
indep_000938,2026-04-02,12996.98,0.0,12996.98,0,0.0
indep_000938,2026-04-03,12996.98,0.0,12996.98,0,0.0
indep_000938,2026-04-07,12996.98,0.0,12996.98,0,0.0
indep_000938,2026-04-08,12996.98,0.0,12996.98,0,0.0
indep_000938,2026-04-09,12996.98,0.0,12996.98,0,0.0
indep_000938,2026-04-10,12996.98,0.0,12996.98,0,0.0
indep_000938,2026-04-13,12996.98,0.0,12996.98,0,0.0
indep_000938,2026-04-14,12996.98,0.0,12996.98,0,0.0
indep_000938,2026-04-15,12996.98,0.0,12996.98,0,0.0
indep_000938,2026-04-16,12996.98,0.0,12996.98,0,0.0
indep_000938,2026-04-17,12996.98,0.0,12996.98,0,0.0
indep_000938,2026-04-20,12996.98,0.0,12996.98,0,0.0
indep_000938,2026-04-21,12996.98,0.0,12996.98,0,0.0
indep_000938,2026-04-22,12996.98,0.0,12996.98,0,0.0
indep_000938,2026-04-23,12996.98,0.0,12996.98,0,0.0
indep_000938,2026-04-24,12996.98,0.0,12996.98,0,0.0
indep_000938,2026-04-27,12996.98,0.0,12996.98,0,0.0
indep_000938,2026-04-28,12996.98,0.0,12996.98,0,0.0
indep_000938,2026-04-29,12996.98,0.0,12996.98,0,0.0
indep_000938,2026-04-30,12996.98,0.0,12996.98,0,0.0
indep_000938,2026-05-06,12996.98,0.0,12996.98,0,0.0
indep_000938,2026-05-07,12996.98,0.0,12996.98,0,0.0
indep_000938,2026-05-08,12996.98,0.0,12996.98,0,0.0
indep_000938,2026-05-11,12996.98,0.0,12996.98,0,0.0
indep_000938,2026-05-12,12996.98,0.0,12996.98,0,0.0
indep_000938,2026-05-13,12996.98,0.0,12996.98,0,0.0
indep_000938,2026-05-14,12996.98,0.0,12996.98,0,0.0
indep_000938,2026-05-15,12996.98,0.0,12996.98,0,0.0
indep_000938,2026-05-18,12996.98,0.0,12996.98,0,0.0
indep_000938,2026-05-19,12996.98,0.0,12996.98,0,0.0
indep_000938,2026-05-20,12996.98,0.0,12996.98,0,0.0
indep_000938,2026-05-21,12996.98,0.0,12996.98,0,0.0
indep_000938,2026-05-22,10026.02,2978.93,13004.95,1,22.906
indep_000938,2026-05-25,10026.02,3096.65,13122.67,1,23.598
indep_000938,2026-05-26,10026.02,2883.16,12909.18,1,22.334
indep_000938,2026-05-27,12809.8,0.0,12809.8,0,0.0
indep_000938,2026-05-28,12809.8,0.0,12809.8,0,0.0
indep_000938,2026-05-29,12809.8,0.0,12809.8,0,0.0
indep_000938,2026-06-01,12809.8,0.0,12809.8,0,0.0
indep_000938,2026-06-02,9991.63,2814.32,12805.95,1,21.977
indep_000938,2026-06-03,9991.63,2815.32,12806.95,1,21.983
indep_000938,2026-06-04,9991.63,2765.44,12757.07,1,21.678
indep_000938,2026-06-05,9991.63,2780.4,12772.03,1,21.769
indep_000938,2026-06-08,12631.63,0.0,12631.63,0,0.0
indep_000938,2026-06-09,12631.63,0.0,12631.63,0,0.0
indep_000938,2026-06-10,12631.63,0.0,12631.63,0,0.0
indep_000938,2026-06-11,12631.63,0.0,12631.63,0,0.0
indep_000938,2026-06-12,12631.63,0.0,12631.63,0,0.0
indep_000938,2026-06-15,12631.63,0.0,12631.63,0,0.0
indep_000938,2026-06-16,12631.63,0.0,12631.63,0,0.0
indep_000938,2026-06-17,12631.63,0.0,12631.63,0,0.0
indep_000938,2026-06-18,12631.63,0.0,12631.63,0,0.0
indep_000938,2026-06-22,12631.63,0.0,12631.63,0,0.0
indep_000938,2026-06-23,12631.63,0.0,12631.63,0,0.0
indep_000938,2026-06-24,12631.63,0.0,12631.63,0,0.0
indep_000938,2026-06-25,12631.63,0.0,12631.63,0,0.0
indep_000938,2026-06-26,12631.63,0.0,12631.63,0,0.0
indep_000938,2026-06-29,12631.63,0.0,12631.63,0,0.0
indep_000938,2026-06-30,12631.63,0.0,12631.63,0,0.0
indep_000938,2026-07-01,12631.63,0.0,12631.63,0,0.0
indep_000938,2026-07-02,12631.63,0.0,12631.63,0,0.0
indep_000938,2026-07-03,12631.63,0.0,12631.63,0,0.0
indep_000938,2026-07-06,12631.63,0.0,12631.63,0,0.0
indep_000938,2026-07-07,12631.63,0.0,12631.63,0,0.0
indep_000938,2026-07-08,12631.63,0.0,12631.63,0,0.0
indep_000938,2026-07-09,12631.63,0.0,12631.63,0,0.0
indep_000938,2026-07-10,12631.63,0.0,12631.63,0,0.0
indep_000938,2026-07-13,12631.63,0.0,12631.63,0,0.0
indep_000938,2026-07-14,12631.63,0.0,12631.63,0,0.0
indep_000938,2026-07-15,12631.63,0.0,12631.63,0,0.0
indep_000938,2026-07-16,12631.63,0.0,12631.63,0,0.0
indep_000938,2026-07-17,12631.63,0.0,12631.63,0,0.0
indep_000938,2026-07-20,12631.63,0.0,12631.63,0,0.0
indep_000938,2026-07-21,12631.63,0.0,12631.63,0,0.0
indep_000938,2026-07-22,12631.63,0.0,12631.63,0,0.0
indep_000938,2026-07-23,12631.63,0.0,12631.63,0,0.0
indep_000938,2026-07-24,12631.63,0.0,12631.63,0,0.0
indep_000938,2026-07-27,12631.63,0.0,12631.63,0,0.0
indep_000938,2026-07-28,12631.63,0.0,12631.63,0,0.0
indep_000938,2026-07-29,12631.63,0.0,12631.63,0,0.0
indep_000938,2026-07-30,9263.24,3360.0,12623.24,1,26.618
indep_000938,2026-07-31,9263.24,3489.0,12752.24,1,27.36
indep_000938,2026-08-03,9263.24,3310.0,12573.24,1,26.326
indep_000938,2026-08-04,9263.24,3432.0,12695.24,1,27.034
indep_000938,2026-08-05,12712.02,0.0,12712.02,0,0.0
indep_000938,2026-08-06,12712.02,0.0,12712.02,0,0.0
indep_000938,2026-08-07,8957.23,3800.0,12757.23,1,29.787
indep_000938,2026-08-10,8957.23,3763.0,12720.23,1,29.583
indep_000938,2026-08-11,8957.23,3739.0,12696.23,1,29.45
indep_000938,2026-08-12,8957.23,3700.0,12657.23,1,29.232
indep_000938,2026-08-13,8957.23,3960.0,12917.23,1,30.657
indep_000938,2026-08-14,8957.23,3995.0,12952.23,1,30.844
indep_000938,2026-08-17,8957.23,4103.0,13060.23,1,31.416
indep_000938,2026-08-18,12818.39,0.0,12818.39,0,0.0
indep_000938,2026-08-19,12818.39,0.0,12818.39,0,0.0
indep_000938,2026-08-20,9275.82,3566.0,12841.82,1,27.769
indep_000938,2026-08-21,9275.82,3644.0,12919.82,1,28.205
indep_000938,2026-08-24,9275.82,3449.0,12724.82,1,27.105
indep_000938,2026-08-25,9275.82,3510.0,12785.82,1,27.452
indep_000938,2026-08-26,9275.82,3490.0,12765.82,1,27.339
indep_000938,2026-08-27,9275.82,3643.0,12918.82,1,28.199
indep_000938,2026-08-28,9275.82,3589.0,12864.82,1,27.898
indep_000938,2026-08-31,9275.82,3895.0,13170.82,1,29.573
indep_000938,2026-09-01,9275.82,3832.0,13107.82,1,29.234
indep_000938,2026-09-02,9275.82,3799.0,13074.82,1,29.056
indep_000938,2026-09-03,9275.82,3813.0,13088.82,1,29.132
indep_000938,2026-09-04,12942.27,0.0,12942.27,0,0.0
indep_000938,2026-09-07,12942.27,0.0,12942.27,0,0.0
indep_000938,2026-09-08,12942.27,0.0,12942.27,0,0.0
indep_000938,2026-09-09,12942.27,0.0,12942.27,0,0.0
indep_000938,2026-09-10,12942.27,0.0,12942.27,0,0.0
indep_000938,2026-09-11,12942.27,0.0,12942.27,0,0.0
indep_000938,2026-09-14,12942.27,0.0,12942.27,0,0.0
indep_600760,2023-09-14,13822.47,0.0,13822.47,0,0.0
indep_600760,2023-09-15,13822.47,0.0,13822.47,0,0.0
indep_600760,2023-09-18,13822.47,0.0,13822.47,0,0.0
indep_600760,2023-09-19,13822.47,0.0,13822.47,0,0.0
indep_600760,2023-09-20,13822.47,0.0,13822.47,0,0.0
indep_600760,2023-09-21,13822.47,0.0,13822.47,0,0.0
indep_600760,2023-09-22,13822.47,0.0,13822.47,0,0.0
indep_600760,2023-09-25,13822.47,0.0,13822.47,0,0.0
indep_600760,2023-09-26,13822.47,0.0,13822.47,0,0.0
indep_600760,2023-09-27,13822.47,0.0,13822.47,0,0.0
indep_600760,2023-09-28,13822.47,0.0,13822.47,0,0.0
indep_600760,2023-10-09,13822.47,0.0,13822.47,0,0.0
indep_600760,2023-10-10,13822.47,0.0,13822.47,0,0.0
indep_600760,2023-10-11,13822.47,0.0,13822.47,0,0.0
indep_600760,2023-10-12,13822.47,0.0,13822.47,0,0.0
indep_600760,2023-10-13,13822.47,0.0,13822.47,0,0.0
indep_600760,2023-10-16,13822.47,0.0,13822.47,0,0.0
indep_600760,2023-10-17,13822.47,0.0,13822.47,0,0.0
indep_600760,2023-10-18,13822.47,0.0,13822.47,0,0.0
indep_600760,2023-10-19,13822.47,0.0,13822.47,0,0.0
indep_600760,2023-10-20,13822.47,0.0,13822.47,0,0.0
indep_600760,2023-10-23,13822.47,0.0,13822.47,0,0.0
indep_600760,2023-10-24,13822.47,0.0,13822.47,0,0.0
indep_600760,2023-10-25,13822.47,0.0,13822.47,0,0.0
indep_600760,2023-10-26,13822.47,0.0,13822.47,0,0.0
indep_600760,2023-10-27,13822.47,0.0,13822.47,0,0.0
indep_600760,2023-10-30,13822.47,0.0,13822.47,0,0.0
indep_600760,2023-10-31,13822.47,0.0,13822.47,0,0.0
indep_600760,2023-11-01,13822.47,0.0,13822.47,0,0.0
indep_600760,2023-11-02,13822.47,0.0,13822.47,0,0.0
indep_600760,2023-11-03,13822.47,0.0,13822.47,0,0.0
indep_600760,2023-11-06,13822.47,0.0,13822.47,0,0.0
indep_600760,2023-11-07,13822.47,0.0,13822.47,0,0.0
indep_600760,2023-11-08,13822.47,0.0,13822.47,0,0.0
indep_600760,2023-11-09,13822.47,0.0,13822.47,0,0.0
indep_600760,2023-11-10,13822.47,0.0,13822.47,0,0.0
indep_600760,2023-11-13,13822.47,0.0,13822.47,0,0.0
indep_600760,2023-11-14,13822.47,0.0,13822.47,0,0.0
indep_600760,2023-11-15,13822.47,0.0,13822.47,0,0.0
indep_600760,2023-11-16,13822.47,0.0,13822.47,0,0.0
indep_600760,2023-11-17,13822.47,0.0,13822.47,0,0.0
indep_600760,2023-11-20,13822.47,0.0,13822.47,0,0.0
indep_600760,2023-11-21,13822.47,0.0,13822.47,0,0.0
indep_600760,2023-11-22,13822.47,0.0,13822.47,0,0.0
indep_600760,2023-11-23,13822.47,0.0,13822.47,0,0.0
indep_600760,2023-11-24,13822.47,0.0,13822.47,0,0.0
indep_600760,2023-11-27,13822.47,0.0,13822.47,0,0.0
indep_600760,2023-11-28,13822.47,0.0,13822.47,0,0.0
indep_600760,2023-11-29,13822.47,0.0,13822.47,0,0.0
indep_600760,2023-11-30,13822.47,0.0,13822.47,0,0.0
indep_600760,2023-12-01,13822.47,0.0,13822.47,0,0.0
indep_600760,2023-12-04,13822.47,0.0,13822.47,0,0.0
indep_600760,2023-12-05,13822.47,0.0,13822.47,0,0.0
indep_600760,2023-12-06,13822.47,0.0,13822.47,0,0.0
indep_600760,2023-12-07,13822.47,0.0,13822.47,0,0.0
indep_600760,2023-12-08,13822.47,0.0,13822.47,0,0.0
indep_600760,2023-12-11,13822.47,0.0,13822.47,0,0.0
indep_600760,2023-12-12,13822.47,0.0,13822.47,0,0.0
indep_600760,2023-12-13,13822.47,0.0,13822.47,0,0.0
indep_600760,2023-12-14,13822.47,0.0,13822.47,0,0.0
indep_600760,2023-12-15,13822.47,0.0,13822.47,0,0.0
indep_600760,2023-12-18,13822.47,0.0,13822.47,0,0.0
indep_600760,2023-12-19,13822.47,0.0,13822.47,0,0.0
indep_600760,2023-12-20,13822.47,0.0,13822.47,0,0.0
indep_600760,2023-12-21,13822.47,0.0,13822.47,0,0.0
indep_600760,2023-12-22,13822.47,0.0,13822.47,0,0.0
indep_600760,2023-12-25,13822.47,0.0,13822.47,0,0.0
indep_600760,2023-12-26,13822.47,0.0,13822.47,0,0.0
indep_600760,2023-12-27,13822.47,0.0,13822.47,0,0.0
indep_600760,2023-12-28,13822.47,0.0,13822.47,0,0.0
indep_600760,2023-12-29,13822.47,0.0,13822.47,0,0.0
indep_600760,2024-01-02,13822.47,0.0,13822.47,0,0.0
indep_600760,2024-01-03,13822.47,0.0,13822.47,0,0.0
indep_600760,2024-01-04,13822.47,0.0,13822.47,0,0.0
indep_600760,2024-01-05,13822.47,0.0,13822.47,0,0.0
indep_600760,2024-01-08,13822.47,0.0,13822.47,0,0.0
indep_600760,2024-01-09,13822.47,0.0,13822.47,0,0.0
indep_600760,2024-01-10,13822.47,0.0,13822.47,0,0.0
indep_600760,2024-01-11,13822.47,0.0,13822.47,0,0.0
indep_600760,2024-01-12,13822.47,0.0,13822.47,0,0.0
indep_600760,2024-01-15,13822.47,0.0,13822.47,0,0.0
indep_600760,2024-01-16,13822.47,0.0,13822.47,0,0.0
indep_600760,2024-01-17,13822.47,0.0,13822.47,0,0.0
indep_600760,2024-01-18,13822.47,0.0,13822.47,0,0.0
indep_600760,2024-01-19,13822.47,0.0,13822.47,0,0.0
indep_600760,2024-01-22,13822.47,0.0,13822.47,0,0.0
indep_600760,2024-01-23,13822.47,0.0,13822.47,0,0.0
indep_600760,2024-01-24,13822.47,0.0,13822.47,0,0.0
indep_600760,2024-01-25,13822.47,0.0,13822.47,0,0.0
indep_600760,2024-01-26,13822.47,0.0,13822.47,0,0.0
indep_600760,2024-01-29,13822.47,0.0,13822.47,0,0.0
indep_600760,2024-01-30,13822.47,0.0,13822.47,0,0.0
indep_600760,2024-01-31,13822.47,0.0,13822.47,0,0.0
indep_600760,2024-02-01,13822.47,0.0,13822.47,0,0.0
indep_600760,2024-02-02,13822.47,0.0,13822.47,0,0.0
indep_600760,2024-02-05,13822.47,0.0,13822.47,0,0.0
indep_600760,2024-02-06,13822.47,0.0,13822.47,0,0.0
indep_600760,2024-02-07,13822.47,0.0,13822.47,0,0.0
indep_600760,2024-02-08,13822.47,0.0,13822.47,0,0.0
indep_600760,2024-02-19,13822.47,0.0,13822.47,0,0.0
indep_600760,2024-02-20,13822.47,0.0,13822.47,0,0.0
indep_600760,2024-02-21,13822.47,0.0,13822.47,0,0.0
indep_600760,2024-02-22,13822.47,0.0,13822.47,0,0.0
indep_600760,2024-02-23,13822.47,0.0,13822.47,0,0.0
indep_600760,2024-02-26,13822.47,0.0,13822.47,0,0.0
indep_600760,2024-02-27,13822.47,0.0,13822.47,0,0.0
indep_600760,2024-02-28,13822.47,0.0,13822.47,0,0.0
indep_600760,2024-02-29,13822.47,0.0,13822.47,0,0.0
indep_600760,2024-03-01,13822.47,0.0,13822.47,0,0.0
indep_600760,2024-03-04,13822.47,0.0,13822.47,0,0.0
indep_600760,2024-03-05,13822.47,0.0,13822.47,0,0.0
indep_600760,2024-03-06,13822.47,0.0,13822.47,0,0.0
indep_600760,2024-03-07,13822.47,0.0,13822.47,0,0.0
indep_600760,2024-03-08,13822.47,0.0,13822.47,0,0.0
indep_600760,2024-03-11,13822.47,0.0,13822.47,0,0.0
indep_600760,2024-03-12,13822.47,0.0,13822.47,0,0.0
indep_600760,2024-03-13,13822.47,0.0,13822.47,0,0.0
indep_600760,2024-03-14,13822.47,0.0,13822.47,0,0.0
indep_600760,2024-03-15,13822.47,0.0,13822.47,0,0.0
indep_600760,2024-03-18,13822.47,0.0,13822.47,0,0.0
indep_600760,2024-03-19,13822.47,0.0,13822.47,0,0.0
indep_600760,2024-03-20,13822.47,0.0,13822.47,0,0.0
indep_600760,2024-03-21,13822.47,0.0,13822.47,0,0.0
indep_600760,2024-03-22,13822.47,0.0,13822.47,0,0.0
indep_600760,2024-03-25,13822.47,0.0,13822.47,0,0.0
indep_600760,2024-03-26,13822.47,0.0,13822.47,0,0.0
indep_600760,2024-03-27,13822.47,0.0,13822.47,0,0.0
indep_600760,2024-03-28,13822.47,0.0,13822.47,0,0.0
indep_600760,2024-03-29,13822.47,0.0,13822.47,0,0.0
indep_600760,2024-04-01,13822.47,0.0,13822.47,0,0.0
indep_600760,2024-04-02,13822.47,0.0,13822.47,0,0.0
indep_600760,2024-04-03,13822.47,0.0,13822.47,0,0.0
indep_600760,2024-04-08,13822.47,0.0,13822.47,0,0.0
indep_600760,2024-04-09,13822.47,0.0,13822.47,0,0.0
indep_600760,2024-04-10,13822.47,0.0,13822.47,0,0.0
indep_600760,2024-04-11,13822.47,0.0,13822.47,0,0.0
indep_600760,2024-04-12,13822.47,0.0,13822.47,0,0.0
indep_600760,2024-04-15,13822.47,0.0,13822.47,0,0.0
indep_600760,2024-04-16,13822.47,0.0,13822.47,0,0.0
indep_600760,2024-04-17,13822.47,0.0,13822.47,0,0.0
indep_600760,2024-04-18,13822.47,0.0,13822.47,0,0.0
indep_600760,2024-04-19,13822.47,0.0,13822.47,0,0.0
indep_600760,2024-04-22,13822.47,0.0,13822.47,0,0.0
indep_600760,2024-04-23,13822.47,0.0,13822.47,0,0.0
indep_600760,2024-04-24,13822.47,0.0,13822.47,0,0.0
indep_600760,2024-04-25,13822.47,0.0,13822.47,0,0.0
indep_600760,2024-04-26,13822.47,0.0,13822.47,0,0.0
indep_600760,2024-04-29,13822.47,0.0,13822.47,0,0.0
indep_600760,2024-04-30,13822.47,0.0,13822.47,0,0.0
indep_600760,2024-05-06,13822.47,0.0,13822.47,0,0.0
indep_600760,2024-05-07,13822.47,0.0,13822.47,0,0.0
indep_600760,2024-05-08,13822.47,0.0,13822.47,0,0.0
indep_600760,2024-05-09,13822.47,0.0,13822.47,0,0.0
indep_600760,2024-05-10,13822.47,0.0,13822.47,0,0.0
indep_600760,2024-05-13,13822.47,0.0,13822.47,0,0.0
indep_600760,2024-05-14,13822.47,0.0,13822.47,0,0.0
indep_600760,2024-05-15,13822.47,0.0,13822.47,0,0.0
indep_600760,2024-05-16,13822.47,0.0,13822.47,0,0.0
indep_600760,2024-05-17,13822.47,0.0,13822.47,0,0.0
indep_600760,2024-05-20,13822.47,0.0,13822.47,0,0.0
indep_600760,2024-05-21,13822.47,0.0,13822.47,0,0.0
indep_600760,2024-05-22,13822.47,0.0,13822.47,0,0.0
indep_600760,2024-05-23,13822.47,0.0,13822.47,0,0.0
indep_600760,2024-05-24,13822.47,0.0,13822.47,0,0.0
indep_600760,2024-05-27,13822.47,0.0,13822.47,0,0.0
indep_600760,2024-05-28,10051.39,3806.09,13857.49,1,27.466
indep_600760,2024-05-29,10051.39,3802.2,13853.59,1,27.446
indep_600760,2024-05-30,10051.39,3875.22,13926.62,1,27.826
indep_600760,2024-05-31,10051.39,3855.75,13907.14,1,27.725
indep_600760,2024-06-03,10051.39,3873.28,13924.67,1,27.816
indep_600760,2024-06-04,10051.39,3977.46,14028.85,1,28.352
indep_600760,2024-06-05,10051.39,4074.83,14126.22,1,28.846
indep_600760,2024-06-06,10051.39,4019.33,14070.72,1,28.565
indep_600760,2024-06-07,10051.39,4010.56,14061.96,1,28.521
indep_600760,2024-06-11,10051.39,4136.17,14187.56,1,29.153
indep_600760,2024-06-12,10051.39,4072.88,14124.27,1,28.836
indep_600760,2024-06-13,10051.39,4079.69,14131.09,1,28.87
indep_600760,2024-06-14,10051.39,4004.72,14056.11,1,28.491
indep_600760,2024-06-17,10051.39,4068.01,14119.4,1,28.811
indep_600760,2024-06-18,10051.39,4012.51,14063.9,1,28.531
indep_600760,2024-06-19,10051.39,3988.17,14039.56,1,28.407
indep_600760,2024-06-20,10051.39,3954.74,14006.13,1,28.236
indep_600760,2024-06-21,10051.39,3963.59,14014.98,1,28.281
indep_600760,2024-06-24,10051.39,3893.77,13945.17,1,27.922
indep_600760,2024-06-25,13924.53,0.0,13924.53,0,0.0
indep_600760,2024-06-26,13924.53,0.0,13924.53,0,0.0
indep_600760,2024-06-27,13924.53,0.0,13924.53,0,0.0
indep_600760,2024-06-28,13924.53,0.0,13924.53,0,0.0
indep_600760,2024-07-01,13924.53,0.0,13924.53,0,0.0
indep_600760,2024-07-02,13924.53,0.0,13924.53,0,0.0
indep_600760,2024-07-03,10017.89,3904.59,13922.48,1,28.045
indep_600760,2024-07-04,10017.89,3940.97,13958.86,1,28.233
indep_600760,2024-07-05,10017.89,3947.85,13965.74,1,28.268
indep_600760,2024-07-08,10017.89,3907.54,13925.43,1,28.06
indep_600760,2024-07-09,10017.89,3891.81,13909.69,1,27.979
indep_600760,2024-07-10,10017.89,3946.87,13964.76,1,28.263
indep_600760,2024-07-11,10017.89,3983.25,14001.14,1,28.449
indep_600760,2024-07-12,10017.89,3971.45,13989.34,1,28.389
indep_600760,2024-07-15,10017.89,3953.75,13971.64,1,28.298
indep_600760,2024-07-16,10017.89,3985.22,14003.11,1,28.46
indep_600760,2024-07-17,10017.89,4006.85,14024.74,1,28.57
indep_600760,2024-07-18,10017.89,4129.76,14147.65,1,29.19
indep_600760,2024-07-19,10017.89,4213.34,14231.23,1,29.606
indep_600760,2024-07-22,10017.89,4195.64,14213.53,1,29.519
indep_600760,2024-07-23,10017.89,4116.98,14134.86,1,29.126
indep_600760,2024-07-24,10017.89,4124.84,14142.73,1,29.166
indep_600760,2024-07-25,10017.89,4096.33,14114.22,1,29.023
indep_600760,2024-07-26,10017.89,4297.9,14315.79,1,30.022
indep_600760,2024-07-29,10017.89,4258.57,14276.46,1,29.829
indep_600760,2024-07-30,10017.89,4252.67,14270.56,1,29.8
indep_600760,2024-07-31,10017.89,4256.6,14274.49,1,29.82
indep_600760,2024-08-01,10017.89,4221.2,14239.09,1,29.645
indep_600760,2024-08-02,10017.89,4199.57,14217.46,1,29.538
indep_600760,2024-08-05,10017.89,4133.69,14151.58,1,29.21
indep_600760,2024-08-06,10017.89,4196.62,14214.51,1,29.524
indep_600760,2024-08-07,10017.89,4220.22,14238.11,1,29.64
indep_600760,2024-08-08,14030.81,0.0,14030.81,0,0.0
indep_600760,2024-08-09,14030.81,0.0,14030.81,0,0.0
indep_600760,2024-08-12,10018.85,3975.38,13994.24,1,28.407
indep_600760,2024-08-13,10018.85,4056.01,14074.87,1,28.817
indep_600760,2024-08-14,10018.85,4019.63,14038.49,1,28.633
indep_600760,2024-08-15,10018.85,4033.4,14052.25,1,28.703
indep_600760,2024-08-16,10018.85,3933.1,13951.96,1,28.19
indep_600760,2024-08-19,10018.85,3911.47,13930.33,1,28.079
indep_600760,2024-08-20,10018.85,3867.22,13886.08,1,27.85
indep_600760,2024-08-21,10018.85,3825.93,13844.78,1,27.634
indep_600760,2024-08-22,10018.85,3892.79,13911.64,1,27.982
indep_600760,2024-08-23,10018.85,3914.42,13933.28,1,28.094
indep_600760,2024-08-26,10018.85,3852.48,13871.33,1,27.773
indep_600760,2024-08-27,10018.85,3880.99,13899.84,1,27.921
indep_600760,2024-08-28,10018.85,3988.17,14007.02,1,28.473
indep_600760,2024-08-29,10018.85,4038.31,14057.17,1,28.728
indep_600760,2024-08-30,10018.85,4053.06,14071.92,1,28.802
indep_600760,2024-09-02,10018.85,3995.05,14013.9,1,28.508
indep_600760,2024-09-03,10018.85,4059.95,14078.8,1,28.837
indep_600760,2024-09-04,10018.85,4035.36,14054.22,1,28.713
indep_600760,2024-09-05,10018.85,4042.25,14061.1,1,28.748
indep_600760,2024-09-06,10018.85,4011.77,14030.62,1,28.593
indep_600760,2024-09-09,10018.85,3964.57,13983.42,1,28.352
indep_600760,2024-09-10,10018.85,3973.42,13992.27,1,28.397
indep_600760,2024-09-11,10018.85,3982.27,14001.12,1,28.442
indep_600760,2024-09-12,10018.85,3979.32,13998.17,1,28.427
indep_600760,2024-09-13,10018.85,3980.3,13999.16,1,28.432
indep_600760,2024-09-18,10018.85,3947.85,13966.71,1,28.266
indep_600760,2024-09-19,10018.85,3855.43,13874.28,1,27.788
indep_600760,2024-09-20,13779.16,0.0,13779.16,0,0.0
indep_600760,2024-09-23,13779.16,0.0,13779.16,0,0.0
indep_600760,2024-09-24,13779.16,0.0,13779.16,0,0.0
indep_600760,2024-09-25,13779.16,0.0,13779.16,0,0.0
indep_600760,2024-09-26,13779.16,0.0,13779.16,0,0.0
indep_600760,2024-09-27,13779.16,0.0,13779.16,0,0.0
indep_600760,2024-09-30,13779.16,0.0,13779.16,0,0.0
indep_600760,2024-10-08,13779.16,0.0,13779.16,0,0.0
indep_600760,2024-10-09,13779.16,0.0,13779.16,0,0.0
indep_600760,2024-10-10,13779.16,0.0,13779.16,0,0.0
indep_600760,2024-10-11,13779.16,0.0,13779.16,0,0.0
indep_600760,2024-10-14,13779.16,0.0,13779.16,0,0.0
indep_600760,2024-10-15,13779.16,0.0,13779.16,0,0.0
indep_600760,2024-10-16,9261.29,4482.76,13744.04,1,32.616
indep_600760,2024-10-17,9261.29,4488.65,13749.94,1,32.645
indep_600760,2024-10-18,9261.29,4637.13,13898.42,1,33.364
indep_600760,2024-10-21,9261.29,4860.33,14121.62,1,34.418
indep_600760,2024-10-22,9261.29,4744.31,14005.59,1,33.874
indep_600760,2024-10-23,9261.29,4789.54,14050.83,1,34.087
indep_600760,2024-10-24,13902.26,0.0,13902.26,0,0.0
indep_600760,2024-10-25,13902.26,0.0,13902.26,0,0.0
indep_600760,2024-10-28,13902.26,0.0,13902.26,0,0.0
indep_600760,2024-10-29,13902.26,0.0,13902.26,0,0.0
indep_600760,2024-10-30,13902.26,0.0,13902.26,0,0.0
indep_600760,2024-10-31,13902.26,0.0,13902.26,0,0.0
indep_600760,2024-11-01,9344.04,4496.52,13840.56,1,32.488
indep_600760,2024-11-04,9344.04,4794.45,14138.49,1,33.911
indep_600760,2024-11-05,9344.04,5274.29,14618.33,1,36.08
indep_600760,2024-11-06,9344.04,5801.33,15145.36,1,38.304
indep_600760,2024-11-07,14725.89,0.0,14725.89,0,0.0
indep_600760,2024-11-08,14725.89,0.0,14725.89,0,0.0
indep_600760,2024-11-11,14725.89,0.0,14725.89,0,0.0
indep_600760,2024-11-12,14725.89,0.0,14725.89,0,0.0
indep_600760,2024-11-13,14725.89,0.0,14725.89,0,0.0
indep_600760,2024-11-14,14725.89,0.0,14725.89,0,0.0
indep_600760,2024-11-15,14725.89,0.0,14725.89,0,0.0
indep_600760,2024-11-18,9883.21,4851.48,14734.69,1,32.926
indep_600760,2024-11-19,9883.21,4921.3,14804.51,1,33.242
indep_600760,2024-11-20,9883.21,4995.04,14878.25,1,33.573
indep_600760,2024-11-21,9883.21,4919.33,14802.54,1,33.233
indep_600760,2024-11-22,9883.21,4857.38,14740.59,1,32.952
indep_600760,2024-11-25,9883.21,4701.04,14584.25,1,32.234
indep_600760,2024-11-26,9883.21,4678.43,14561.64,1,32.128
indep_600760,2024-11-27,9883.21,4865.25,14748.46,1,32.988
indep_600760,2024-11-28,9883.21,4796.42,14679.63,1,32.674
indep_600760,2024-11-29,9883.21,4866.23,14749.44,1,32.993
indep_600760,2024-12-02,9883.21,4896.71,14779.92,1,33.131
indep_600760,2024-12-03,9883.21,4773.8,14657.01,1,32.57
indep_600760,2024-12-04,9883.21,4691.21,14574.42,1,32.188
indep_600760,2024-12-05,9883.21,4733.49,14616.7,1,32.384
indep_600760,2024-12-06,9883.21,4765.94,14649.15,1,32.534
indep_600760,2024-12-09,9883.21,4685.31,14568.52,1,32.161
indep_600760,2024-12-10,9883.21,4733.49,14616.7,1,32.384
indep_600760,2024-12-11,9883.21,4767.91,14651.11,1,32.543
indep_600760,2024-12-12,9883.21,4966.53,14849.74,1,33.445
indep_600760,2024-12-13,9883.21,4777.74,14660.95,1,32.588
indep_600760,2024-12-16,9883.21,4861.32,14744.53,1,32.97
indep_600760,2024-12-17,9883.21,4852.47,14735.68,1,32.93
indep_600760,2024-12-18,9883.21,4916.38,14799.59,1,33.22
indep_600760,2024-12-19,9883.21,4880.98,14764.19,1,33.06
indep_600760,2024-12-20,9883.21,4925.23,14808.44,1,33.26
indep_600760,2024-12-23,9883.21,4767.91,14651.11,1,32.543
indep_600760,2024-12-24,9883.21,4778.72,14661.93,1,32.593
indep_600760,2024-12-25,9883.21,4736.44,14619.65,1,32.398
indep_600760,2024-12-26,9883.21,4877.05,14760.26,1,33.042
indep_600760,2024-12-27,9883.21,4961.61,14844.82,1,33.423
indep_600760,2024-12-30,9883.21,4926.21,14809.42,1,33.264
indep_600760,2024-12-31,9883.21,4987.18,14870.38,1,33.538
indep_600760,2025-01-02,9883.21,4751.19,14634.4,1,32.466
indep_600760,2025-01-03,14423.34,0.0,14423.34,0,0.0
indep_600760,2025-01-06,14423.34,0.0,14423.34,0,0.0
indep_600760,2025-01-07,14423.34,0.0,14423.34,0,0.0
indep_600760,2025-01-08,14423.34,0.0,14423.34,0,0.0
indep_600760,2025-01-09,14423.34,0.0,14423.34,0,0.0
indep_600760,2025-01-10,14423.34,0.0,14423.34,0,0.0
indep_600760,2025-01-13,14423.34,0.0,14423.34,0,0.0
indep_600760,2025-01-14,14423.34,0.0,14423.34,0,0.0
indep_600760,2025-01-15,14423.34,0.0,14423.34,0,0.0
indep_600760,2025-01-16,14423.34,0.0,14423.34,0,0.0
indep_600760,2025-01-17,14423.34,0.0,14423.34,0,0.0
indep_600760,2025-01-20,14423.34,0.0,14423.34,0,0.0
indep_600760,2025-01-21,14423.34,0.0,14423.34,0,0.0
indep_600760,2025-01-22,14423.34,0.0,14423.34,0,0.0
indep_600760,2025-01-23,14423.34,0.0,14423.34,0,0.0
indep_600760,2025-01-24,14423.34,0.0,14423.34,0,0.0
indep_600760,2025-01-27,14423.34,0.0,14423.34,0,0.0
indep_600760,2025-02-05,14423.34,0.0,14423.34,0,0.0
indep_600760,2025-02-06,14423.34,0.0,14423.34,0,0.0
indep_600760,2025-02-07,14423.34,0.0,14423.34,0,0.0
indep_600760,2025-02-10,14423.34,0.0,14423.34,0,0.0
indep_600760,2025-02-11,14423.34,0.0,14423.34,0,0.0
indep_600760,2025-02-12,14423.34,0.0,14423.34,0,0.0
indep_600760,2025-02-13,14423.34,0.0,14423.34,0,0.0
indep_600760,2025-02-14,14423.34,0.0,14423.34,0,0.0
indep_600760,2025-02-17,14423.34,0.0,14423.34,0,0.0
indep_600760,2025-02-18,14423.34,0.0,14423.34,0,0.0
indep_600760,2025-02-19,14423.34,0.0,14423.34,0,0.0
indep_600760,2025-02-20,14423.34,0.0,14423.34,0,0.0
indep_600760,2025-02-21,14423.34,0.0,14423.34,0,0.0
indep_600760,2025-02-24,14423.34,0.0,14423.34,0,0.0
indep_600760,2025-02-25,14423.34,0.0,14423.34,0,0.0
indep_600760,2025-02-26,14423.34,0.0,14423.34,0,0.0
indep_600760,2025-02-27,14423.34,0.0,14423.34,0,0.0
indep_600760,2025-02-28,14423.34,0.0,14423.34,0,0.0
indep_600760,2025-03-03,14423.34,0.0,14423.34,0,0.0
indep_600760,2025-03-04,14423.34,0.0,14423.34,0,0.0
indep_600760,2025-03-05,14423.34,0.0,14423.34,0,0.0
indep_600760,2025-03-06,14423.34,0.0,14423.34,0,0.0
indep_600760,2025-03-07,14423.34,0.0,14423.34,0,0.0
indep_600760,2025-03-10,14423.34,0.0,14423.34,0,0.0
indep_600760,2025-03-11,14423.34,0.0,14423.34,0,0.0
indep_600760,2025-03-12,14423.34,0.0,14423.34,0,0.0
indep_600760,2025-03-13,14423.34,0.0,14423.34,0,0.0
indep_600760,2025-03-14,14423.34,0.0,14423.34,0,0.0
indep_600760,2025-03-17,14423.34,0.0,14423.34,0,0.0
indep_600760,2025-03-18,14423.34,0.0,14423.34,0,0.0
indep_600760,2025-03-19,14423.34,0.0,14423.34,0,0.0
indep_600760,2025-03-20,14423.34,0.0,14423.34,0,0.0
indep_600760,2025-03-21,14423.34,0.0,14423.34,0,0.0
indep_600760,2025-03-24,14423.34,0.0,14423.34,0,0.0
indep_600760,2025-03-25,14423.34,0.0,14423.34,0,0.0
indep_600760,2025-03-26,14423.34,0.0,14423.34,0,0.0
indep_600760,2025-03-27,14423.34,0.0,14423.34,0,0.0
indep_600760,2025-03-28,14423.34,0.0,14423.34,0,0.0
indep_600760,2025-03-31,14423.34,0.0,14423.34,0,0.0
indep_600760,2025-04-01,14423.34,0.0,14423.34,0,0.0
indep_600760,2025-04-02,14423.34,0.0,14423.34,0,0.0
indep_600760,2025-04-03,14423.34,0.0,14423.34,0,0.0
indep_600760,2025-04-07,14423.34,0.0,14423.34,0,0.0
indep_600760,2025-04-08,14423.34,0.0,14423.34,0,0.0
indep_600760,2025-04-09,14423.34,0.0,14423.34,0,0.0
indep_600760,2025-04-10,14423.34,0.0,14423.34,0,0.0
indep_600760,2025-04-11,14423.34,0.0,14423.34,0,0.0
indep_600760,2025-04-14,14423.34,0.0,14423.34,0,0.0
indep_600760,2025-04-15,14423.34,0.0,14423.34,0,0.0
indep_600760,2025-04-16,14423.34,0.0,14423.34,0,0.0
indep_600760,2025-04-17,14423.34,0.0,14423.34,0,0.0
indep_600760,2025-04-18,14423.34,0.0,14423.34,0,0.0
indep_600760,2025-04-21,14423.34,0.0,14423.34,0,0.0
indep_600760,2025-04-22,14423.34,0.0,14423.34,0,0.0
indep_600760,2025-04-23,14423.34,0.0,14423.34,0,0.0
indep_600760,2025-04-24,14423.34,0.0,14423.34,0,0.0
indep_600760,2025-04-25,14423.34,0.0,14423.34,0,0.0
indep_600760,2025-04-28,14423.34,0.0,14423.34,0,0.0
indep_600760,2025-04-29,14423.34,0.0,14423.34,0,0.0
indep_600760,2025-04-30,14423.34,0.0,14423.34,0,0.0
indep_600760,2025-05-06,14423.34,0.0,14423.34,0,0.0
indep_600760,2025-05-07,14423.34,0.0,14423.34,0,0.0
indep_600760,2025-05-08,14423.34,0.0,14423.34,0,0.0
indep_600760,2025-05-09,14423.34,0.0,14423.34,0,0.0
indep_600760,2025-05-12,14423.34,0.0,14423.34,0,0.0
indep_600760,2025-05-13,14423.34,0.0,14423.34,0,0.0
indep_600760,2025-05-14,14423.34,0.0,14423.34,0,0.0
indep_600760,2025-05-15,14423.34,0.0,14423.34,0,0.0
indep_600760,2025-05-16,14423.34,0.0,14423.34,0,0.0
indep_600760,2025-05-19,14423.34,0.0,14423.34,0,0.0
indep_600760,2025-05-20,9834.01,4701.98,14536.0,1,32.347
indep_600760,2025-05-21,9834.01,4758.5,14592.51,1,32.609
indep_600760,2025-05-22,9834.01,4772.38,14606.4,1,32.673
indep_600760,2025-05-23,9834.01,4760.48,14594.5,1,32.618
indep_600760,2025-05-26,9834.01,4792.21,14626.23,1,32.765
indep_600760,2025-05-27,9834.01,4724.79,14558.8,1,32.453
indep_600760,2025-05-28,9834.01,4685.13,14519.14,1,32.269
indep_600760,2025-05-29,9834.01,4717.85,14551.86,1,32.421
indep_600760,2025-05-30,9834.01,4762.47,14596.48,1,32.628
indep_600760,2025-06-03,9834.01,4896.33,14730.34,1,33.24
indep_600760,2025-06-04,9834.01,4894.35,14728.36,1,33.231
indep_600760,2025-06-05,9834.01,4918.14,14752.16,1,33.338
indep_600760,2025-06-06,9834.01,4957.8,14791.82,1,33.517
indep_600760,2025-06-09,9834.01,5418.88,15252.89,1,35.527
indep_600760,2025-06-10,9834.01,5244.37,15078.38,1,34.781
indep_600760,2025-06-11,9834.01,5293.94,15127.96,1,34.994
indep_600760,2025-06-12,9834.01,5283.04,15117.05,1,34.948
indep_600760,2025-06-13,9834.01,5443.67,15277.68,1,35.632
indep_600760,2025-06-16,9834.01,5403.02,15237.03,1,35.46
indep_600760,2025-06-17,9834.01,5504.16,15338.17,1,35.885
indep_600760,2025-06-18,9834.01,5481.35,15315.36,1,35.79
indep_600760,2025-06-19,15065.1,0.0,15065.1,0,0.0
indep_600760,2025-06-20,15065.1,0.0,15065.1,0,0.0
indep_600760,2025-06-23,15065.1,0.0,15065.1,0,0.0
indep_600760,2025-06-24,15065.1,0.0,15065.1,0,0.0
indep_600760,2025-06-25,15065.1,0.0,15065.1,0,0.0
indep_600760,2025-06-26,15065.1,0.0,15065.1,0,0.0
indep_600760,2025-06-27,15065.1,0.0,15065.1,0,0.0
indep_600760,2025-06-30,15065.1,0.0,15065.1,0,0.0
indep_600760,2025-07-01,15065.1,0.0,15065.1,0,0.0
indep_600760,2025-07-02,15065.1,0.0,15065.1,0,0.0
indep_600760,2025-07-03,15065.1,0.0,15065.1,0,0.0
indep_600760,2025-07-04,15065.1,0.0,15065.1,0,0.0
indep_600760,2025-07-07,15065.1,0.0,15065.1,0,0.0
indep_600760,2025-07-08,15065.1,0.0,15065.1,0,0.0
indep_600760,2025-07-09,15065.1,0.0,15065.1,0,0.0
indep_600760,2025-07-10,15065.1,0.0,15065.1,0,0.0
indep_600760,2025-07-11,15065.1,0.0,15065.1,0,0.0
indep_600760,2025-07-14,15065.1,0.0,15065.1,0,0.0
indep_600760,2025-07-15,15065.1,0.0,15065.1,0,0.0
indep_600760,2025-07-16,15065.1,0.0,15065.1,0,0.0
indep_600760,2025-07-17,15065.1,0.0,15065.1,0,0.0
indep_600760,2025-07-18,15065.1,0.0,15065.1,0,0.0
indep_600760,2025-07-21,15065.1,0.0,15065.1,0,0.0
indep_600760,2025-07-22,15065.1,0.0,15065.1,0,0.0
indep_600760,2025-07-23,15065.1,0.0,15065.1,0,0.0
indep_600760,2025-07-24,15065.1,0.0,15065.1,0,0.0
indep_600760,2025-07-25,15065.1,0.0,15065.1,0,0.0
indep_600760,2025-07-28,15065.1,0.0,15065.1,0,0.0
indep_600760,2025-07-29,15065.1,0.0,15065.1,0,0.0
indep_600760,2025-07-30,15065.1,0.0,15065.1,0,0.0
indep_600760,2025-07-31,15065.1,0.0,15065.1,0,0.0
indep_600760,2025-08-01,15065.1,0.0,15065.1,0,0.0
indep_600760,2025-08-04,15065.1,0.0,15065.1,0,0.0
indep_600760,2025-08-05,15065.1,0.0,15065.1,0,0.0
indep_600760,2025-08-06,15065.1,0.0,15065.1,0,0.0
indep_600760,2025-08-07,15065.1,0.0,15065.1,0,0.0
indep_600760,2025-08-08,15065.1,0.0,15065.1,0,0.0
indep_600760,2025-08-11,15065.1,0.0,15065.1,0,0.0
indep_600760,2025-08-12,15065.1,0.0,15065.1,0,0.0
indep_600760,2025-08-13,15065.1,0.0,15065.1,0,0.0
indep_600760,2025-08-14,15065.1,0.0,15065.1,0,0.0
indep_600760,2025-08-15,15065.1,0.0,15065.1,0,0.0
indep_600760,2025-08-18,15065.1,0.0,15065.1,0,0.0
indep_600760,2025-08-19,15065.1,0.0,15065.1,0,0.0
indep_600760,2025-08-20,15065.1,0.0,15065.1,0,0.0
indep_600760,2025-08-21,15065.1,0.0,15065.1,0,0.0
indep_600760,2025-08-22,15065.1,0.0,15065.1,0,0.0
indep_600760,2025-08-25,15065.1,0.0,15065.1,0,0.0
indep_600760,2025-08-26,15065.1,0.0,15065.1,0,0.0
indep_600760,2025-08-27,15065.1,0.0,15065.1,0,0.0
indep_600760,2025-08-28,15065.1,0.0,15065.1,0,0.0
indep_600760,2025-08-29,15065.1,0.0,15065.1,0,0.0
indep_600760,2025-09-01,15065.1,0.0,15065.1,0,0.0
indep_600760,2025-09-02,15065.1,0.0,15065.1,0,0.0
indep_600760,2025-09-03,15065.1,0.0,15065.1,0,0.0
indep_600760,2025-09-04,15065.1,0.0,15065.1,0,0.0
indep_600760,2025-09-05,15065.1,0.0,15065.1,0,0.0
indep_600760,2025-09-08,15065.1,0.0,15065.1,0,0.0
indep_600760,2025-09-09,15065.1,0.0,15065.1,0,0.0
indep_600760,2025-09-10,15065.1,0.0,15065.1,0,0.0
indep_600760,2025-09-11,15065.1,0.0,15065.1,0,0.0
indep_600760,2025-09-12,15065.1,0.0,15065.1,0,0.0
indep_600760,2025-09-15,15065.1,0.0,15065.1,0,0.0
indep_600760,2025-09-16,15065.1,0.0,15065.1,0,0.0
indep_600760,2025-09-17,15065.1,0.0,15065.1,0,0.0
indep_600760,2025-09-18,15065.1,0.0,15065.1,0,0.0
indep_600760,2025-09-19,15065.1,0.0,15065.1,0,0.0
indep_600760,2025-09-22,15065.1,0.0,15065.1,0,0.0
indep_600760,2025-09-23,15065.1,0.0,15065.1,0,0.0
indep_600760,2025-09-24,15065.1,0.0,15065.1,0,0.0
indep_600760,2025-09-25,15065.1,0.0,15065.1,0,0.0
indep_600760,2025-09-26,15065.1,0.0,15065.1,0,0.0
indep_600760,2025-09-29,15065.1,0.0,15065.1,0,0.0
indep_600760,2025-09-30,15065.1,0.0,15065.1,0,0.0
indep_600760,2025-10-09,15065.1,0.0,15065.1,0,0.0
indep_600760,2025-10-10,15065.1,0.0,15065.1,0,0.0
indep_600760,2025-10-13,15065.1,0.0,15065.1,0,0.0
indep_600760,2025-10-14,15065.1,0.0,15065.1,0,0.0
indep_600760,2025-10-15,15065.1,0.0,15065.1,0,0.0
indep_600760,2025-10-16,15065.1,0.0,15065.1,0,0.0
indep_600760,2025-10-17,15065.1,0.0,15065.1,0,0.0
indep_600760,2025-10-20,15065.1,0.0,15065.1,0,0.0
indep_600760,2025-10-21,15065.1,0.0,15065.1,0,0.0
indep_600760,2025-10-22,15065.1,0.0,15065.1,0,0.0
indep_600760,2025-10-23,15065.1,0.0,15065.1,0,0.0
indep_600760,2025-10-24,15065.1,0.0,15065.1,0,0.0
indep_600760,2025-10-27,15065.1,0.0,15065.1,0,0.0
indep_600760,2025-10-28,15065.1,0.0,15065.1,0,0.0
indep_600760,2025-10-29,15065.1,0.0,15065.1,0,0.0
indep_600760,2025-10-30,15065.1,0.0,15065.1,0,0.0
indep_600760,2025-10-31,15065.1,0.0,15065.1,0,0.0
indep_600760,2025-11-03,15065.1,0.0,15065.1,0,0.0
indep_600760,2025-11-04,15065.1,0.0,15065.1,0,0.0
indep_600760,2025-11-05,15065.1,0.0,15065.1,0,0.0
indep_600760,2025-11-06,15065.1,0.0,15065.1,0,0.0
indep_600760,2025-11-07,15065.1,0.0,15065.1,0,0.0
indep_600760,2025-11-10,15065.1,0.0,15065.1,0,0.0
indep_600760,2025-11-11,15065.1,0.0,15065.1,0,0.0
indep_600760,2025-11-12,15065.1,0.0,15065.1,0,0.0
indep_600760,2025-11-13,15065.1,0.0,15065.1,0,0.0
indep_600760,2025-11-14,15065.1,0.0,15065.1,0,0.0
indep_600760,2025-11-17,15065.1,0.0,15065.1,0,0.0
indep_600760,2025-11-18,15065.1,0.0,15065.1,0,0.0
indep_600760,2025-11-19,15065.1,0.0,15065.1,0,0.0
indep_600760,2025-11-20,15065.1,0.0,15065.1,0,0.0
indep_600760,2025-11-21,15065.1,0.0,15065.1,0,0.0
indep_600760,2025-11-24,15065.1,0.0,15065.1,0,0.0
indep_600760,2025-11-25,15065.1,0.0,15065.1,0,0.0
indep_600760,2025-11-26,15065.1,0.0,15065.1,0,0.0
indep_600760,2025-11-27,15065.1,0.0,15065.1,0,0.0
indep_600760,2025-11-28,15065.1,0.0,15065.1,0,0.0
indep_600760,2025-12-01,15065.1,0.0,15065.1,0,0.0
indep_600760,2025-12-02,15065.1,0.0,15065.1,0,0.0
indep_600760,2025-12-03,15065.1,0.0,15065.1,0,0.0
indep_600760,2025-12-04,15065.1,0.0,15065.1,0,0.0
indep_600760,2025-12-05,15065.1,0.0,15065.1,0,0.0
indep_600760,2025-12-08,15065.1,0.0,15065.1,0,0.0
indep_600760,2025-12-09,15065.1,0.0,15065.1,0,0.0
indep_600760,2025-12-10,15065.1,0.0,15065.1,0,0.0
indep_600760,2025-12-11,15065.1,0.0,15065.1,0,0.0
indep_600760,2025-12-12,15065.1,0.0,15065.1,0,0.0
indep_600760,2025-12-15,15065.1,0.0,15065.1,0,0.0
indep_600760,2025-12-16,15065.1,0.0,15065.1,0,0.0
indep_600760,2025-12-17,15065.1,0.0,15065.1,0,0.0
indep_600760,2025-12-18,15065.1,0.0,15065.1,0,0.0
indep_600760,2025-12-19,15065.1,0.0,15065.1,0,0.0
indep_600760,2025-12-22,15065.1,0.0,15065.1,0,0.0
indep_600760,2025-12-23,15065.1,0.0,15065.1,0,0.0
indep_600760,2025-12-24,15065.1,0.0,15065.1,0,0.0
indep_600760,2025-12-25,15065.1,0.0,15065.1,0,0.0
indep_600760,2025-12-26,15065.1,0.0,15065.1,0,0.0
indep_600760,2025-12-29,15065.1,0.0,15065.1,0,0.0
indep_600760,2025-12-30,15065.1,0.0,15065.1,0,0.0
indep_600760,2025-12-31,15065.1,0.0,15065.1,0,0.0
indep_600760,2026-01-05,15065.1,0.0,15065.1,0,0.0
indep_600760,2026-01-06,15065.1,0.0,15065.1,0,0.0
indep_600760,2026-01-07,15065.1,0.0,15065.1,0,0.0
indep_600760,2026-01-08,15065.1,0.0,15065.1,0,0.0
indep_600760,2026-01-09,15065.1,0.0,15065.1,0,0.0
indep_600760,2026-01-12,15065.1,0.0,15065.1,0,0.0
indep_600760,2026-01-13,15065.1,0.0,15065.1,0,0.0
indep_600760,2026-01-14,15065.1,0.0,15065.1,0,0.0
indep_600760,2026-01-15,15065.1,0.0,15065.1,0,0.0
indep_600760,2026-01-16,15065.1,0.0,15065.1,0,0.0
indep_600760,2026-01-19,15065.1,0.0,15065.1,0,0.0
indep_600760,2026-01-20,15065.1,0.0,15065.1,0,0.0
indep_600760,2026-01-21,15065.1,0.0,15065.1,0,0.0
indep_600760,2026-01-22,15065.1,0.0,15065.1,0,0.0
indep_600760,2026-01-23,15065.1,0.0,15065.1,0,0.0
indep_600760,2026-01-26,15065.1,0.0,15065.1,0,0.0
indep_600760,2026-01-27,15065.1,0.0,15065.1,0,0.0
indep_600760,2026-01-28,15065.1,0.0,15065.1,0,0.0
indep_600760,2026-01-29,15065.1,0.0,15065.1,0,0.0
indep_600760,2026-01-30,15065.1,0.0,15065.1,0,0.0
indep_600760,2026-02-02,15065.1,0.0,15065.1,0,0.0
indep_600760,2026-02-03,15065.1,0.0,15065.1,0,0.0
indep_600760,2026-02-04,15065.1,0.0,15065.1,0,0.0
indep_600760,2026-02-05,15065.1,0.0,15065.1,0,0.0
indep_600760,2026-02-06,15065.1,0.0,15065.1,0,0.0
indep_600760,2026-02-09,15065.1,0.0,15065.1,0,0.0
indep_600760,2026-02-10,15065.1,0.0,15065.1,0,0.0
indep_600760,2026-02-11,15065.1,0.0,15065.1,0,0.0
indep_600760,2026-02-12,15065.1,0.0,15065.1,0,0.0
indep_600760,2026-02-13,15065.1,0.0,15065.1,0,0.0
indep_600760,2026-02-24,15065.1,0.0,15065.1,0,0.0
indep_600760,2026-02-25,15065.1,0.0,15065.1,0,0.0
indep_600760,2026-02-26,15065.1,0.0,15065.1,0,0.0
indep_600760,2026-02-27,15065.1,0.0,15065.1,0,0.0
indep_600760,2026-03-02,15065.1,0.0,15065.1,0,0.0
indep_600760,2026-03-03,15065.1,0.0,15065.1,0,0.0
indep_600760,2026-03-04,15065.1,0.0,15065.1,0,0.0
indep_600760,2026-03-05,15065.1,0.0,15065.1,0,0.0
indep_600760,2026-03-06,15065.1,0.0,15065.1,0,0.0
indep_600760,2026-03-09,15065.1,0.0,15065.1,0,0.0
indep_600760,2026-03-10,15065.1,0.0,15065.1,0,0.0
indep_600760,2026-03-11,15065.1,0.0,15065.1,0,0.0
indep_600760,2026-03-12,15065.1,0.0,15065.1,0,0.0
indep_600760,2026-03-13,15065.1,0.0,15065.1,0,0.0
indep_600760,2026-03-16,15065.1,0.0,15065.1,0,0.0
indep_600760,2026-03-17,15065.1,0.0,15065.1,0,0.0
indep_600760,2026-03-18,15065.1,0.0,15065.1,0,0.0
indep_600760,2026-03-19,15065.1,0.0,15065.1,0,0.0
indep_600760,2026-03-20,15065.1,0.0,15065.1,0,0.0
indep_600760,2026-03-23,15065.1,0.0,15065.1,0,0.0
indep_600760,2026-03-24,15065.1,0.0,15065.1,0,0.0
indep_600760,2026-03-25,15065.1,0.0,15065.1,0,0.0
indep_600760,2026-03-26,15065.1,0.0,15065.1,0,0.0
indep_600760,2026-03-27,15065.1,0.0,15065.1,0,0.0
indep_600760,2026-03-30,15065.1,0.0,15065.1,0,0.0
indep_600760,2026-03-31,15065.1,0.0,15065.1,0,0.0
indep_600760,2026-04-01,15065.1,0.0,15065.1,0,0.0
indep_600760,2026-04-02,15065.1,0.0,15065.1,0,0.0
indep_600760,2026-04-03,15065.1,0.0,15065.1,0,0.0
indep_600760,2026-04-07,15065.1,0.0,15065.1,0,0.0
indep_600760,2026-04-08,15065.1,0.0,15065.1,0,0.0
indep_600760,2026-04-09,15065.1,0.0,15065.1,0,0.0
indep_600760,2026-04-10,15065.1,0.0,15065.1,0,0.0
indep_600760,2026-04-13,15065.1,0.0,15065.1,0,0.0
indep_600760,2026-04-14,15065.1,0.0,15065.1,0,0.0
indep_600760,2026-04-15,15065.1,0.0,15065.1,0,0.0
indep_600760,2026-04-16,15065.1,0.0,15065.1,0,0.0
indep_600760,2026-04-17,15065.1,0.0,15065.1,0,0.0
indep_600760,2026-04-20,15065.1,0.0,15065.1,0,0.0
indep_600760,2026-04-21,15065.1,0.0,15065.1,0,0.0
indep_600760,2026-04-22,15065.1,0.0,15065.1,0,0.0
indep_600760,2026-04-23,15065.1,0.0,15065.1,0,0.0
indep_600760,2026-04-24,15065.1,0.0,15065.1,0,0.0
indep_600760,2026-04-27,15065.1,0.0,15065.1,0,0.0
indep_600760,2026-04-28,15065.1,0.0,15065.1,0,0.0
indep_600760,2026-04-29,15065.1,0.0,15065.1,0,0.0
indep_600760,2026-04-30,15065.1,0.0,15065.1,0,0.0
indep_600760,2026-05-06,15065.1,0.0,15065.1,0,0.0
indep_600760,2026-05-07,15065.1,0.0,15065.1,0,0.0
indep_600760,2026-05-08,15065.1,0.0,15065.1,0,0.0
indep_600760,2026-05-11,15065.1,0.0,15065.1,0,0.0
indep_600760,2026-05-12,15065.1,0.0,15065.1,0,0.0
indep_600760,2026-05-13,15065.1,0.0,15065.1,0,0.0
indep_600760,2026-05-14,15065.1,0.0,15065.1,0,0.0
indep_600760,2026-05-15,15065.1,0.0,15065.1,0,0.0
indep_600760,2026-05-18,15065.1,0.0,15065.1,0,0.0
indep_600760,2026-05-19,15065.1,0.0,15065.1,0,0.0
indep_600760,2026-05-20,15065.1,0.0,15065.1,0,0.0
indep_600760,2026-05-21,15065.1,0.0,15065.1,0,0.0
indep_600760,2026-05-22,15065.1,0.0,15065.1,0,0.0
indep_600760,2026-05-25,15065.1,0.0,15065.1,0,0.0
indep_600760,2026-05-26,15065.1,0.0,15065.1,0,0.0
indep_600760,2026-05-27,15065.1,0.0,15065.1,0,0.0
indep_600760,2026-05-28,15065.1,0.0,15065.1,0,0.0
indep_600760,2026-05-29,15065.1,0.0,15065.1,0,0.0
indep_600760,2026-06-01,15065.1,0.0,15065.1,0,0.0
indep_600760,2026-06-02,15065.1,0.0,15065.1,0,0.0
indep_600760,2026-06-03,15065.1,0.0,15065.1,0,0.0
indep_600760,2026-06-04,15065.1,0.0,15065.1,0,0.0
indep_600760,2026-06-05,15065.1,0.0,15065.1,0,0.0
indep_600760,2026-06-08,15065.1,0.0,15065.1,0,0.0
indep_600760,2026-06-09,15065.1,0.0,15065.1,0,0.0
indep_600760,2026-06-10,15065.1,0.0,15065.1,0,0.0
indep_600760,2026-06-11,15065.1,0.0,15065.1,0,0.0
indep_600760,2026-06-12,15065.1,0.0,15065.1,0,0.0
indep_600760,2026-06-15,15065.1,0.0,15065.1,0,0.0
indep_600760,2026-06-16,15065.1,0.0,15065.1,0,0.0
indep_600760,2026-06-17,15065.1,0.0,15065.1,0,0.0
indep_600760,2026-06-18,15065.1,0.0,15065.1,0,0.0
indep_600760,2026-06-22,15065.1,0.0,15065.1,0,0.0
indep_600760,2026-06-23,15065.1,0.0,15065.1,0,0.0
indep_600760,2026-06-24,15065.1,0.0,15065.1,0,0.0
indep_600760,2026-06-25,15065.1,0.0,15065.1,0,0.0
indep_600760,2026-06-26,15065.1,0.0,15065.1,0,0.0
indep_600760,2026-06-29,15065.1,0.0,15065.1,0,0.0
indep_600760,2026-06-30,15065.1,0.0,15065.1,0,0.0
indep_600760,2026-07-01,15065.1,0.0,15065.1,0,0.0
indep_600760,2026-07-02,15065.1,0.0,15065.1,0,0.0
indep_600760,2026-07-03,15065.1,0.0,15065.1,0,0.0
indep_600760,2026-07-06,15065.1,0.0,15065.1,0,0.0
indep_600760,2026-07-07,15065.1,0.0,15065.1,0,0.0
indep_600760,2026-07-08,15065.1,0.0,15065.1,0,0.0
indep_600760,2026-07-09,15065.1,0.0,15065.1,0,0.0
indep_600760,2026-07-10,15065.1,0.0,15065.1,0,0.0
indep_600760,2026-07-13,15065.1,0.0,15065.1,0,0.0
indep_600760,2026-07-14,15065.1,0.0,15065.1,0,0.0
indep_600760,2026-07-15,15065.1,0.0,15065.1,0,0.0
indep_600760,2026-07-16,15065.1,0.0,15065.1,0,0.0
indep_600760,2026-07-17,15065.1,0.0,15065.1,0,0.0
indep_600760,2026-07-20,15065.1,0.0,15065.1,0,0.0
indep_600760,2026-07-21,15065.1,0.0,15065.1,0,0.0
indep_600760,2026-07-22,15065.1,0.0,15065.1,0,0.0
indep_600760,2026-07-23,15065.1,0.0,15065.1,0,0.0
indep_600760,2026-07-24,15065.1,0.0,15065.1,0,0.0
indep_600760,2026-07-27,15065.1,0.0,15065.1,0,0.0
indep_600760,2026-07-28,15065.1,0.0,15065.1,0,0.0
indep_600760,2026-07-29,15065.1,0.0,15065.1,0,0.0
indep_600760,2026-07-30,15065.1,0.0,15065.1,0,0.0
indep_600760,2026-07-31,15065.1,0.0,15065.1,0,0.0
indep_600760,2026-08-03,15065.1,0.0,15065.1,0,0.0
indep_600760,2026-08-04,15065.1,0.0,15065.1,0,0.0
indep_600760,2026-08-05,15065.1,0.0,15065.1,0,0.0
indep_600760,2026-08-06,15065.1,0.0,15065.1,0,0.0
indep_600760,2026-08-07,15065.1,0.0,15065.1,0,0.0
indep_600760,2026-08-10,15065.1,0.0,15065.1,0,0.0
indep_600760,2026-08-11,15065.1,0.0,15065.1,0,0.0
indep_600760,2026-08-12,15065.1,0.0,15065.1,0,0.0
indep_600760,2026-08-13,15065.1,0.0,15065.1,0,0.0
indep_600760,2026-08-14,15065.1,0.0,15065.1,0,0.0
indep_600760,2026-08-17,15065.1,0.0,15065.1,0,0.0
indep_600760,2026-08-18,15065.1,0.0,15065.1,0,0.0
indep_600760,2026-08-19,15065.1,0.0,15065.1,0,0.0
indep_600760,2026-08-20,15065.1,0.0,15065.1,0,0.0
indep_600760,2026-08-21,15065.1,0.0,15065.1,0,0.0
indep_600760,2026-08-24,15065.1,0.0,15065.1,0,0.0
indep_600760,2026-08-25,15065.1,0.0,15065.1,0,0.0
indep_600760,2026-08-26,15065.1,0.0,15065.1,0,0.0
indep_600760,2026-08-27,15065.1,0.0,15065.1,0,0.0
indep_600760,2026-08-28,15065.1,0.0,15065.1,0,0.0
indep_600760,2026-08-31,15065.1,0.0,15065.1,0,0.0
indep_600760,2026-09-01,15065.1,0.0,15065.1,0,0.0
indep_600760,2026-09-02,15065.1,0.0,15065.1,0,0.0
indep_600760,2026-09-03,15065.1,0.0,15065.1,0,0.0
indep_600760,2026-09-04,15065.1,0.0,15065.1,0,0.0
indep_600760,2026-09-07,15065.1,0.0,15065.1,0,0.0
indep_600760,2026-09-08,15065.1,0.0,15065.1,0,0.0
indep_600760,2026-09-09,15065.1,0.0,15065.1,0,0.0
indep_600760,2026-09-10,15065.1,0.0,15065.1,0,0.0
indep_600760,2026-09-11,15065.1,0.0,15065.1,0,0.0
indep_600760,2026-09-14,15065.1,0.0,15065.1,0,0.0
