run,stock,name,entry_date,entry_time,entry_price,qty,buy_fee,cost_incl_fee,hard_stop,exit_date,exit_time,exit_price,exit_reason,sell_fee,pnl_net,pnl_pct,holding_days,slip_cost,partial,rank_score
portfolio_main,600988,赤峰黄金,2023-09-22,10:05,14.614951571219999,300,5.04384485471366,14.632,13.75,2023-10-09,09:35,13.73625,硬止损,7.10164625,-275.76,-6.2821,17,0.0,False,0.0
portfolio_main,000878,云南铜业,2023-09-22,10:10,11.13281832663,400,5.04453127330652,11.145,10.48,2023-10-20,09:35,10.46867255829,硬止损,7.13560920189116,-277.84,-6.2321,28,0.0,False,0.0
portfolio_main,603380,易德龙,2023-11-10,09:45,23.094436184819997,100,5.02309443618482,23.145,21.76,2023-12-08,14:35,21.73824,硬止损,6.10865024,-146.75,-6.3406,28,0.0,False,0.0
portfolio_main,002156,通富微电,2023-12-06,10:05,21.780374515899997,100,5.0217803745159,21.831,20.52,2023-12-15,09:40,22.467509999999997,盈利保护,6.14584301,57.55,2.636,9,0.0,False,0.0
portfolio_main,002156,通富微电,2023-12-25,09:55,21.6406927737,200,5.0432813855474,21.666,20.37,2024-01-08,09:50,20.34963,硬止损,7.0756622600000005,-270.33,-6.2386,14,0.0,False,0.0
portfolio_main,000938,紫光股份,2024-03-14,09:45,23.025910127219998,100,5.02302591012722,23.076,21.69,2024-03-26,11:05,21.66831,硬止损,6.10508381,-146.89,-6.3654,12,0.0,False,0.0
portfolio_main,601138,工业富联,2024-03-15,09:45,21.316255760799997,100,5.0213162557608,21.366,20.08,2024-03-22,11:15,22.74723,盈利保护,6.16010873,131.92,6.174,7,0.0,False,0.0
portfolio_main,600522,中天科技,2024-03-27,09:45,13.6303233066,300,5.0408909699198,13.647,12.83,2024-04-03,10:00,12.81717,硬止损,6.9610270100000005,-255.95,-6.2516,7,0.0,False,0.0
portfolio_main,600487,亨通光电,2024-03-27,09:50,12.101506276859999,300,5.03630451883058,12.118,11.39,2024-04-22,09:35,12.46752,盈利保护,6.9075305600000005,97.86,2.6918,26,0.0,False,0.0
portfolio_main,601138,工业富联,2024-03-28,09:45,21.269303655599998,100,5.0212693036556,21.32,20.04,2024-04-09,11:30,20.019959999999998,硬止损,6.02101796,-135.98,-6.378,12,0.0,False,0.0
portfolio_main,000938,紫光股份,2024-04-03,09:45,20.976742716929998,100,5.02097674271693,21.027,19.77,2024-04-10,09:45,19.75023,硬止损,6.00726173,-133.68,-6.3575,7,0.0,False,0.0
portfolio_main,600522,中天科技,2024-04-09,09:45,12.82402249128,300,5.03847206747384,12.841,12.07,2024-04-19,10:15,12.05793,硬止损,6.844863290000001,-241.71,-6.2746,10,0.0,False,0.0
portfolio_main,000878,云南铜业,2024-04-11,10:00,13.23263622681,200,5.02646527245362,13.258,12.46,2024-04-19,13:15,13.64634,盈利保护,6.391926680000001,71.32,2.6898,8,0.0,False,0.0
portfolio_main,600988,赤峰黄金,2024-04-22,10:45,18.421133440709998,200,5.03684226688142,18.446,17.34,2024-05-06,09:35,17.226105501150002,硬止损,6.7570627611173,-250.8,-6.7981,14,0.0,False,0.0
portfolio_main,601138,工业富联,2024-04-23,09:45,19.579027868399997,200,5.0391580557368,19.604,18.43,2024-05-09,09:40,22.637340000000002,盈利保护,7.309008680000001,599.31,15.2853,16,0.0,False,0.0
portfolio_main,000878,云南铜业,2024-04-24,14:25,12.920501133539998,200,5.02584100226708,12.946,12.17,2024-05-22,11:25,13.896090000000001,盈利保护,6.41740118,183.67,7.0941,28,0.0,False,0.0
portfolio_main,600988,赤峰黄金,2024-05-09,09:45,17.545809961679996,200,5.03509161992336,17.571,16.52,2024-05-21,09:55,18.0819,盈利保护,6.8443538,95.34,2.713,12,0.0,False,0.0
portfolio_main,600487,亨通光电,2024-05-23,10:05,14.284064574779999,200,5.02856812914956,14.309,13.45,2024-06-25,10:45,14.72526,盈利保护,6.50197652,76.71,2.6804,33,0.0,False,0.0
portfolio_main,600219,南山铝业,2024-05-23,10:10,3.2342152842999994,1200,5.0388105834116,3.238,3.04,2024-07-18,10:25,3.35664,盈利保护,7.05426368,134.82,3.4692,56,0.0,False,0.0
portfolio_main,600988,赤峰黄金,2024-05-23,11:30,17.004879721829997,100,5.01700487972183,17.055,16.03,2024-06-26,09:35,16.01397,硬止损,5.816712470000001,-109.92,-6.4453,34,0.0,False,0.0
portfolio_main,600522,中天科技,2024-06-11,09:45,13.687916221979998,100,5.01368791622198,13.738,12.91,2024-06-27,09:35,14.425559999999999,盈利保护,5.73570356,63.01,4.5869,16,0.0,False,0.0
portfolio_main,000938,紫光股份,2024-06-25,10:40,21.54713657096,100,5.02154713657096,21.597,20.3,2024-07-23,10:55,23.45652,盈利保护,6.1962825200000005,179.72,8.3214,28,0.0,False,0.0
portfolio_main,600760,中航沈飞,2024-07-04,10:55,39.01603770063999,100,5.03901603770064,39.066,36.72,2024-08-08,10:45,40.199760000000005,盈利保护,7.05018776,106.28,2.7206,35,0.0,False,0.0
portfolio_main,600219,南山铝业,2024-07-22,09:45,3.3303676305899996,700,5.02331257341413,3.338,3.14,2024-07-23,11:10,3.13686,硬止损,6.11985902,-146.6,-6.2749,1,0.0,False,0.0
portfolio_main,600988,赤峰黄金,2024-07-23,10:30,19.4607914501,200,5.0389215829002,19.486,18.32,2024-07-25,10:45,18.30168,硬止损,6.86677136,-243.73,-6.2539,2,0.0,False,0.0
portfolio_main,000938,紫光股份,2024-07-29,09:45,22.652373243499998,100,5.0226523732435,22.703,21.34,2024-08-05,13:20,21.31866,硬止损,6.087251660000001,-144.48,-6.3641,7,0.0,False,0.0
portfolio_main,600988,赤峰黄金,2024-08-02,09:45,19.4114736816,100,5.0194114736816,19.462,18.29,2024-08-06,09:45,18.27171,硬止损,5.9318572099999995,-124.93,-6.4192,4,0.0,False,0.0
portfolio_main,600460,士兰微,2024-08-07,09:45,20.886583868149998,200,5.0417731677363,20.912,19.66,2024-08-16,14:20,19.64034,硬止损,7.00331468,-261.29,-6.2475,9,0.0,False,0.0
portfolio_main,600760,中航沈飞,2024-08-12,10:15,40.06919512595999,100,5.04006919512596,40.12,37.71,2024-09-20,09:50,37.672290000000004,硬止损,6.92128679,-251.65,-6.2725,39,0.0,False,0.0
portfolio_main,600460,士兰微,2024-08-20,09:45,19.769974133909997,200,5.03953994826782,19.795,18.61,2024-08-22,09:55,18.59139,硬止损,6.89632178,-247.65,-6.2554,2,0.0,False,0.0
portfolio_main,600988,赤峰黄金,2024-08-23,09:45,17.9319406266,200,5.0358638812532,17.957,16.88,2024-09-02,09:35,16.86312,硬止损,6.72003824,-225.52,-6.2794,10,0.0,False,0.0
portfolio_main,000878,云南铜业,2024-10-10,09:45,13.112982432549998,200,5.0262259648651,13.138,12.35,2024-11-22,13:05,12.33765,硬止损,6.2584403,-166.35,-6.3309,43,0.0,False,0.0
portfolio_main,600219,南山铝业,2024-10-10,09:50,3.6188246694599995,1000,5.0361882466946,3.624,3.41,2024-10-15,11:15,3.72627,盈利保护,6.9003977,95.51,2.6356,5,0.0,False,0.0
portfolio_main,002396,星网锐捷,2024-10-10,09:55,12.537627802699998,200,5.0250752556054,12.563,11.81,2024-10-11,14:10,11.79819,硬止损,6.20341538,-159.12,-6.3328,1,0.0,False,0.0
portfolio_main,600522,中天科技,2024-10-11,14:10,14.475306385539998,100,5.01447530638554,14.525,13.65,2024-10-24,09:35,15.534450000000001,盈利保护,5.79225695,95.11,6.5477,13,0.0,False,0.0
portfolio_main,600460,士兰微,2024-10-14,10:00,23.947290907539998,100,5.0239472909075396,23.998,22.56,2024-10-16,09:35,23.979042654300002,盈利保护,6.2229311753693,-8.07,-0.3364,2,0.0,False,0.0
portfolio_main,603380,易德龙,2024-10-15,11:15,21.545076803249998,100,5.02154507680325,21.595,20.3,2024-11-14,14:20,22.21776,盈利保护,6.13310576,56.11,2.5984,30,0.0,False,0.0
portfolio_main,600487,亨通光电,2024-10-15,13:15,16.55330768091,100,5.01655330768091,16.603,15.61,2024-10-23,14:15,17.082900000000002,盈利保护,5.8712279,42.07,2.5339,8,0.0,False,0.0
portfolio_main,000938,紫光股份,2024-10-16,09:45,23.180098861919998,100,5.02318009886192,23.23,21.84,2024-11-01,14:45,24.63534,盈利保护,6.256402339999999,134.24,5.7788,16,0.0,False,0.0
portfolio_main,601138,工业富联,2024-10-24,09:45,24.149986120259996,100,5.02414998612026,24.2,22.75,2024-11-12,13:40,24.90507,盈利保护,6.2701585699999995,64.21,2.6534,19,0.0,False,0.0
portfolio_main,600219,南山铝业,2024-10-31,10:10,3.6004228259999995,300,5.010801268478,3.617,3.4,2024-11-11,09:45,3.80619,盈利保护,5.58234707,51.14,4.7125,11,0.0,False,0.0
portfolio_main,600219,南山铝业,2024-11-13,10:05,3.7504404437499996,1000,5.0375044044375,3.755,3.53,2024-11-22,14:50,3.5264699999999998,硬止损,6.7984997,-235.81,-6.279,9,0.0,False,0.0
portfolio_main,000938,紫光股份,2024-11-15,09:50,27.07331993366,100,5.02707331993366,27.124,25.5,2024-11-18,09:45,25.4745,硬止损,6.299199499999999,-171.21,-6.3122,3,0.0,False,0.0
portfolio_main,002396,星网锐捷,2024-11-15,14:25,13.692508629799999,100,5.0136925086298,13.743,12.92,2024-11-25,09:55,12.90708,硬止损,5.65826108,-89.21,-6.4918,10,0.0,False,0.0
portfolio_main,002156,通富微电,2024-11-18,09:45,30.643639926899997,100,5.0306436399269,30.694,28.85,2024-11-25,13:50,28.821150000000003,硬止损,6.46987865,-193.75,-6.3123,7,0.0,False,0.0
portfolio_main,600460,士兰微,2024-11-22,13:15,28.493487682659996,100,5.02849348768266,28.544,26.83,2024-11-25,09:55,26.803169999999998,硬止损,6.36696167,-180.43,-6.3211,3,0.0,False,0.0
portfolio_main,600522,中天科技,2024-11-25,14:45,15.322783946469997,200,5.03064556789294,15.348,14.43,2024-12-04,14:45,15.79419,盈利保护,6.61100738,82.64,2.6922,9,0.0,False,0.0
portfolio_main,603380,易德龙,2024-11-26,10:45,21.5733883365,100,5.0215733883365,21.624,20.33,2024-12-25,09:35,23.29151092425,盈利保护,6.18786705713675,160.6,7.4272,29,0.0,False,0.0
portfolio_main,600487,亨通光电,2024-11-26,14:00,16.47462291475,100,5.01647462291475,16.525,15.53,2024-12-11,10:10,17.30268,盈利保护,5.8824366800000005,71.91,4.3515,15,0.0,False,0.0
portfolio_main,002396,星网锐捷,2024-12-04,09:45,13.073552892399999,200,5.0261471057848,13.099,12.31,2024-12-25,10:00,14.085899999999999,盈利保护,6.4367618,191.01,7.2911,21,0.0,False,0.0
portfolio_main,600522,中天科技,2024-12-06,09:50,15.449418524539999,100,5.01544941852454,15.5,14.57,2024-12-25,10:00,14.55543,硬止损,5.74232693,-100.16,-6.4619,19,0.0,False,0.0
portfolio_main,002156,通富微电,2024-12-24,10:30,29.00665069302,100,5.02900665069302,29.057,27.31,2024-12-31,11:00,29.90007,盈利保护,6.52490357,77.79,2.6771,7,0.0,False,0.0
portfolio_main,000938,紫光股份,2025-01-02,09:45,27.083277020799997,100,5.0270832770208,27.134,25.51,2025-01-03,09:35,25.48449,硬止损,6.29970899,-171.21,-6.3097,1,0.0,False,0.0
portfolio_main,002396,星网锐捷,2025-01-02,09:50,14.145403071799999,200,5.0282908061436,14.171,13.32,2025-01-03,09:50,13.30668,硬止损,6.35728136,-179.13,-6.3205,1,0.0,False,0.0
portfolio_main,603380,易德龙,2025-01-02,10:10,23.11164830975,100,5.02311164830975,23.162,21.77,2025-01-03,14:20,21.74823,硬止损,6.10915973,-147.47,-6.3671,1,0.0,False,0.0
portfolio_main,603380,易德龙,2025-01-07,09:45,22.488794578249998,100,5.02248879457825,22.539,21.19,2025-01-13,09:45,21.16881,硬止损,6.0796093099999995,-143.1,-6.349,6,0.0,False,0.0
portfolio_main,603380,易德龙,2025-01-15,09:45,22.366111267499996,100,5.0223661112675,22.416,21.07,2025-02-13,10:15,24.30567,盈利保护,6.23958917,182.69,8.15,29,0.0,False,0.0
portfolio_main,000938,紫光股份,2025-01-24,09:45,26.117439568219996,100,5.02611743956822,26.168,24.6,2025-02-18,10:10,30.039930000000002,盈利保护,6.53203643,380.69,14.5481,25,0.0,False,0.0
portfolio_main,600988,赤峰黄金,2025-02-18,09:45,19.046522194699996,100,5.0190465221947,19.097,17.95,2025-02-28,14:15,17.93205,硬止损,5.91453455,-122.38,-6.4085,10,0.0,False,0.0
portfolio_main,000938,紫光股份,2025-02-28,10:00,30.150059859919995,100,5.03015005985992,30.2,28.39,2025-03-03,09:35,28.36161,硬止损,6.4464421100000004,-190.32,-6.302,3,0.0,False,0.0
portfolio_main,603380,易德龙,2025-02-28,13:15,24.31960706175,100,5.02431960706175,24.37,22.91,2025-03-31,09:35,22.88709,硬止损,6.16724159,-154.44,-6.3375,31,0.0,False,0.0
portfolio_main,002396,星网锐捷,2025-02-28,13:20,16.296651671299998,100,5.0162966516713,16.347,15.37,2025-03-24,13:45,15.354629999999998,硬止损,5.78308613,-105.0,-6.4234,24,0.0,False,0.0
portfolio_main,000878,云南铜业,2025-03-05,13:05,12.280719340889998,200,5.02456143868178,12.306,11.57,2025-03-27,09:35,13.1350733784,盈利保护,6.3397774845968,159.51,6.4809,22,0.0,False,0.0
portfolio_main,000938,紫光股份,2025-03-14,09:50,28.29804165188,100,5.02829804165188,28.348,26.65,2025-03-31,11:25,26.62335,硬止损,6.357790850000001,-178.86,-6.3092,17,0.0,False,0.0
portfolio_main,000878,云南铜业,2025-04-01,09:55,12.542011241759997,200,5.02508402248352,12.567,11.81,2025-04-07,09:35,11.087547234119999,硬止损,6.13092981788024,-302.05,-12.0174,6,0.0,False,0.0
portfolio_main,600988,赤峰黄金,2025-04-08,09:45,20.5951001256,100,5.0205951001256,20.645,19.41,2025-04-17,09:55,29.600369999999998,盈利保护,6.50961887,889.0,43.0605,9,0.0,False,0.0
portfolio_main,600988,赤峰黄金,2025-04-24,09:50,27.864539202499998,100,5.0278645392025,27.915,26.24,2025-04-28,09:35,25.928691154200003,硬止损,6.3223632488642,-204.94,-7.3414,4,0.0,False,0.0
portfolio_main,600988,赤峰黄金,2025-05-08,09:45,27.0162735843,100,5.0270162735843,27.067,25.44,2025-05-12,09:35,25.41456,硬止损,6.29614256,-171.49,-6.336,4,0.0,False,0.0
portfolio_main,600988,赤峰黄金,2025-05-14,09:45,25.931282677299997,100,5.0259312826773,25.982,24.42,2025-05-23,09:35,26.676823473000002,盈利保护,6.360517997123001,63.17,2.4313,9,0.0,False,0.0
portfolio_main,600988,赤峰黄金,2025-06-20,09:45,26.7598211881,100,5.0267598211881,26.81,25.2,2025-06-24,14:40,25.174799999999998,硬止损,6.2839148,-169.81,-6.3339,4,0.0,False,0.0
portfolio_main,000878,云南铜业,2025-07-07,09:45,12.652240981379999,200,5.02530448196276,12.677,11.92,2025-07-31,09:35,13.0113891864,盈利保护,6.327161697012801,60.48,2.3852,24,0.0,False,0.0
portfolio_main,600522,中天科技,2025-07-07,09:50,13.705757795729998,200,5.02741151559146,13.731,12.91,2025-09-03,09:40,15.37461,盈利保护,6.568210219999999,322.17,11.7317,58,0.0,False,0.0
portfolio_main,603380,易德龙,2025-07-28,09:50,27.717250210649997,100,5.02771725021065,27.768,26.1,2025-07-30,13:05,29.600369999999998,盈利保护,6.50961887,176.77,6.3662,2,0.0,False,0.0
portfolio_main,600219,南山铝业,2025-08-01,09:45,3.6085408358999995,1000,5.036085408359,3.614,3.4,2025-08-29,09:35,3.7162800000000002,盈利保护,6.8953028,95.81,2.6513,28,0.0,False,0.0
portfolio_main,600460,士兰微,2025-09-02,13:10,30.257203977,100,5.030257203977,30.308,28.49,2025-09-04,13:40,28.461509999999997,硬止损,6.451537009999999,-191.05,-6.3038,2,0.0,False,0.0
portfolio_main,002396,星网锐捷,2025-09-04,09:45,23.60483468343,100,5.02360483468343,23.655,22.24,2025-09-05,09:35,22.64192204337,退出+T+1续退出,6.15473802421187,-107.47,-4.5432,1,0.0,True,0.0
portfolio_main,002156,通富微电,2025-09-05,09:45,31.096264299099996,100,5.0310962642991,31.147,29.28,2025-09-18,14:40,34.025940000000006,盈利保护,6.7353229400000005,281.2,9.0283,13,0.0,False,0.0
portfolio_main,600487,亨通光电,2025-09-08,10:40,19.43198855598,100,5.01943198855598,19.482,18.31,2025-09-15,11:20,20.04993,盈利保护,6.02254643,50.75,2.6051,7,0.0,False,0.0
portfolio_main,002396,星网锐捷,2025-09-15,10:30,23.795997905679997,100,5.02379599790568,23.846,22.42,2025-10-10,09:50,22.39758,硬止损,6.14227658,-151.01,-6.3326,25,0.0,False,0.0
portfolio_main,600460,士兰微,2025-09-16,09:45,30.177316969799996,100,5.0301773169698,30.228,28.41,2025-10-10,14:20,31.098869999999998,盈利保护,6.5860423699999995,80.54,2.6644,24,0.0,False,0.0
portfolio_main,000878,云南铜业,2025-09-22,10:00,14.963423174699999,100,5.0149634231747,15.014,14.11,2025-10-13,09:35,18.52151536458,盈利保护,5.9445972835935805,344.85,22.9692,21,0.0,False,0.0
portfolio_main,600522,中天科技,2025-10-13,10:05,18.127550481039997,200,5.03625510096208,18.153,17.06,2025-10-17,10:25,17.042939999999998,硬止损,6.73837988,-228.7,-6.2992,4,0.0,False,0.0
portfolio_main,600487,亨通光电,2025-10-13,11:25,21.658778611469998,100,5.02165877861147,21.709,20.41,2025-10-17,14:30,20.389590000000002,硬止损,6.03986909,-137.98,-6.3559,4,0.0,False,0.0
portfolio_main,000938,紫光股份,2025-10-15,09:45,28.00160294932,100,5.02800160294932,28.052,26.37,2025-11-03,10:35,26.34363,硬止损,6.343525130000001,-177.17,-6.3158,19,0.0,False,0.0
portfolio_main,000878,云南铜业,2025-10-15,11:00,17.86721618682,100,5.01786721618682,17.917,16.84,2025-11-03,10:10,16.82316,硬止损,5.8579811600000005,-115.28,-6.4341,19,0.0,False,0.0
portfolio_main,600460,士兰微,2025-10-17,11:30,30.546794378099996,100,5.0305467943781,30.597,28.76,2025-11-03,09:35,31.47849,盈利保护,6.60540299,81.53,2.6647,17,0.0,False,0.0
portfolio_main,600219,南山铝业,2025-10-22,09:45,3.7111484209799994,200,5.00742229684196,3.736,3.51,2025-11-18,09:35,4.67532,盈利保护,5.47688264,182.35,24.4032,27,0.0,False,0.0
portfolio_main,600522,中天科技,2025-10-23,09:45,17.013233437199997,100,5.0170132334372,17.063,16.04,2025-11-05,09:35,15.906867849360001,硬止损,5.81125026031736,-121.46,-7.1184,13,0.0,False,0.0
portfolio_main,600988,赤峰黄金,2025-11-03,09:45,28.696286178559998,100,5.02869628617856,28.747,27.02,2025-11-17,09:35,29.580389999999998,盈利保护,6.508599889999999,76.87,2.6742,14,0.0,False,0.0
portfolio_main,600487,亨通光电,2025-11-03,10:10,21.77860587903,100,5.02177860587903,21.829,20.52,2025-11-12,11:05,20.49948,硬止损,6.04547348,-138.98,-6.3668,9,0.0,False,0.0
portfolio_main,000878,云南铜业,2025-11-05,13:40,16.761009325059998,100,5.01676100932506,16.811,15.8,2025-11-21,11:15,15.7842,硬止损,5.804994199999999,-108.5,-6.4542,16,0.0,False,0.0
portfolio_main,600522,中天科技,2025-11-11,10:25,17.013233437199997,100,5.0170132334372,17.063,16.04,2025-11-19,11:20,16.02396,硬止损,5.81722196,-109.76,-6.4326,8,0.0,False,0.0
portfolio_main,600219,南山铝业,2025-11-24,09:45,4.412758570219999,800,5.03530206856176,4.419,4.15,2025-12-09,10:20,4.60539,盈利保护,6.8789991200000005,142.19,4.0221,15,0.0,False,0.0
portfolio_main,600219,南山铝业,2025-12-11,10:35,4.5881611075299995,800,5.03670528886024,4.594,4.32,2026-01-29,10:10,7.632359999999999,盈利保护,8.114002880000001,2422.21,65.9003,49,0.0,False,0.0
portfolio_main,600522,中天科技,2025-12-26,11:25,18.147448999679995,100,5.01814744899968,18.198,17.11,2026-01-29,13:55,20.879099999999998,盈利保护,6.064834100000001,262.08,14.402,34,0.0,False,0.0
portfolio_main,600487,亨通光电,2025-12-30,14:35,24.42479137098,100,5.02442479137098,24.475,23.01,2026-01-22,10:05,27.03294,盈利保护,6.37867994,249.41,10.1905,23,0.0,False,0.0
portfolio_main,002396,星网锐捷,2026-01-22,10:05,21.62438370092,100,5.02162438370092,21.675,20.37,2026-03-03,10:10,22.307669999999998,盈利保护,6.13769117,57.17,2.6376,40,0.0,False,0.0
portfolio_main,600988,赤峰黄金,2026-01-30,13:30,42.88064901119999,100,5.0428806490112,42.931,40.36,2026-02-02,09:35,38.51547604992,硬止损,6.96428927854592,-448.52,-10.4475,3,0.0,False,0.0
portfolio_main,000878,云南铜业,2026-02-02,09:45,23.576033741259998,100,5.02357603374126,23.626,22.21,2026-02-06,09:35,21.66593441796,硬止损,6.10496265531596,-202.14,-8.5557,4,0.0,False,0.0
portfolio_main,603380,易德龙,2026-02-02,09:50,37.8615473236,100,5.0378615473236,37.912,35.64,2026-03-04,09:35,35.60436,硬止损,6.81582236,-237.57,-6.2664,30,0.0,False,0.0
portfolio_main,600219,南山铝业,2026-02-03,09:45,6.519127264649999,300,5.01955738179395,6.536,6.14,2026-02-06,09:35,6.11709742935,硬止损,5.93591590669055,-131.56,-6.7099,3,0.0,False,0.0
portfolio_main,600460,士兰微,2026-02-05,13:50,29.7778819338,100,5.0297778819338,29.828,28.04,2026-03-03,09:50,30.68928,盈利保护,6.56515328,79.54,2.6668,26,0.0,False,0.0
portfolio_main,000878,云南铜业,2026-03-04,14:40,23.793324374819996,100,5.02379332437482,23.844,22.41,2026-03-09,09:35,22.38759,硬止损,6.14176709,-151.74,-6.3639,5,0.0,False,0.0
portfolio_main,600522,中天科技,2026-03-06,09:45,27.161477943599998,100,5.0271614779436,27.212,25.58,2026-03-09,09:35,25.554419999999997,硬止损,6.303275419999999,-172.04,-6.3221,3,0.0,False,0.0
portfolio_main,600219,南山铝业,2026-03-06,13:05,7.2499711283999995,500,5.036249855642,7.26,6.82,2026-03-16,10:55,6.81318,硬止损,6.7373609,-230.17,-6.3407,10,0.0,False,0.0
portfolio_main,600988,赤峰黄金,2026-03-09,09:45,38.46354511999999,100,5.03846354512,38.514,36.2,2026-03-16,09:35,39.83013,盈利保护,7.03133663,124.59,3.2349,7,0.0,False,0.0
portfolio_main,000938,紫光股份,2026-03-16,10:15,25.325272852879994,100,5.02532527285288,25.376,23.85,2026-03-20,14:45,26.11386,盈利保护,6.3318068599999995,67.5,2.6601,4,0.0,False,0.0
portfolio_main,600522,中天科技,2026-03-17,09:45,26.863000164,100,5.026863000164,26.913,25.3,2026-03-23,09:35,24.426276472799998,硬止损,6.2457401001128,-254.94,-9.4728,6,0.0,False,0.0
portfolio_main,600988,赤峰黄金,2026-03-18,09:45,39.56533957375999,100,5.03956533957376,39.616,37.24,2026-03-23,09:35,36.39553986816,硬止损,6.85617253327616,-328.88,-8.3016,5,0.0,False,0.0
portfolio_main,600522,中天科技,2026-03-27,09:45,26.146653492959995,100,5.02614665349296,26.197,24.63,2026-04-01,09:40,28.71126,盈利保护,6.46427426,244.97,9.3511,5,0.0,False,0.0
portfolio_main,000938,紫光股份,2026-05-22,10:05,29.659329800099997,100,5.0296593298001,29.71,27.93,2026-05-27,13:45,27.90207,硬止损,6.42300557,-187.18,-6.3003,5,0.0,False,0.0
portfolio_main,603380,易德龙,2026-05-26,09:45,39.75068897799999,100,5.039750688978,39.801,37.41,2026-05-28,09:35,37.372589999999995,硬止损,6.90600209,-249.76,-6.2751,2,0.0,False,0.0
portfolio_main,600522,中天科技,2026-05-27,09:45,39.548305797,100,5.039548305797,39.599,37.22,2026-06-01,09:35,40.74921,盈利保护,7.07820971,107.97,2.7267,5,0.0,False,0.0
portfolio_main,603380,易德龙,2026-06-01,09:55,36.35613756775,100,5.03635613756775,36.407,34.22,2026-06-05,09:35,34.18578,硬止损,6.74347478,-228.82,-6.285,4,0.0,False,0.0
portfolio_main,600460,士兰微,2026-06-01,10:20,34.031865067199995,100,5.0340318650672,34.082,32.04,2026-06-08,09:35,31.8411274995,硬止损,6.6238975024745,-230.73,-6.7699,7,0.0,False,0.0
portfolio_main,002396,星网锐捷,2026-06-01,14:05,22.072049999999997,100,5.02207205,22.122,20.79,2026-06-08,09:35,20.5794,硬止损,6.0495494,-160.34,-7.2477,7,0.0,False,0.0
portfolio_main,600460,士兰微,2026-06-10,09:45,34.151695577999995,100,5.034151695578,34.202,32.15,2026-06-12,14:00,32.11785,硬止损,6.63801035,-215.06,-6.2878,2,0.0,False,0.0
portfolio_main,603380,易德龙,2026-06-18,09:45,37.22718999999999,100,5.03722719,37.278,35.04,2026-06-24,09:35,41.92803,盈利保护,7.13832953,457.91,12.2838,6,0.0,False,0.0
portfolio_main,603380,易德龙,2026-07-16,14:05,39.169129999999996,100,5.03916913,39.22,36.87,2026-07-17,09:50,36.83313,硬止损,6.87848963,-245.52,-6.2601,1,0.0,False,0.0
portfolio_main,002396,星网锐捷,2026-07-28,09:55,29.759729999999998,100,5.02975973,29.81,28.02,2026-07-29,09:35,27.991979999999998,硬止损,6.427590980000001,-188.23,-6.3144,1,0.0,False,0.0
portfolio_main,000938,紫光股份,2026-07-30,13:25,33.6336,100,5.0336336,33.684,31.66,2026-08-05,09:35,34.55541,盈利保护,6.76232591,80.39,2.3865,6,0.0,False,0.0
portfolio_main,002396,星网锐捷,2026-08-07,09:45,28.53851,100,5.02853851,28.589,26.87,2026-08-12,09:35,29.42055,盈利保护,6.50044805,76.68,2.682,5,0.0,False,0.0
portfolio_main,000938,紫光股份,2026-08-07,09:50,37.6376,100,5.0376376,37.688,35.43,2026-08-18,10:50,38.78118,盈利保护,6.97784018,102.34,2.7155,11,0.0,False,0.0
portfolio_main,600988,赤峰黄金,2026-08-14,09:50,38.81878,100,5.03881878,38.869,36.54,2026-08-24,13:15,48.27168,盈利保护,7.46185568,932.79,23.9982,10,0.0,False,0.0
portfolio_main,002396,星网锐捷,2026-08-19,10:15,30.840809999999994,100,5.03084081,30.891,29.04,2026-08-24,10:05,31.78818,盈利保护,6.62119718,83.08,2.6896,5,0.0,False,0.0
portfolio_main,000938,紫光股份,2026-08-20,14:00,35.315279999999994,100,5.03531528,35.366,33.24,2026-09-04,09:40,36.733230000000006,盈利保护,6.873394730000001,129.89,3.6727,15,0.0,False,0.0
portfolio_main,002396,星网锐捷,2026-09-11,09:45,35.18514999999999,100,5.03518515,35.236,33.12,,,0.0,,0.0,0.0,0.0,0,0.0,False,0.0
portfolio_main,000878,云南铜业,2026-09-14,09:45,16.92691,200,5.03385382,16.952,15.93,,,0.0,,0.0,0.0,0.0,0,0.0,False,0.0
portfolio_delay5,600988,赤峰黄金,2023-09-22,10:10,14.585446285409997,300,5.04375633885623,14.602,13.73,2023-10-09,09:35,13.71627,硬止损,7.09858931,-272.9,-6.2295,17,0.0,False,0.0
portfolio_delay5,000878,云南铜业,2023-09-22,10:15,11.13281832663,400,5.04453127330652,11.145,10.48,2023-10-20,09:35,10.46867255829,硬止损,7.13560920189116,-277.84,-6.2321,28,0.0,False,0.0
portfolio_delay5,603380,易德龙,2023-11-10,10:00,23.336457684539997,100,5.02333645768454,23.387,21.98,2023-12-05,14:55,21.95802,硬止损,6.11985902,-148.99,-6.3706,25,0.0,False,0.0
portfolio_delay5,002156,通富微电,2023-12-06,10:20,21.680601842899996,100,5.0216806018429,21.731,20.43,2023-12-15,09:55,22.35762,盈利保护,6.14023862,56.54,2.6018,9,0.0,False,0.0
portfolio_delay5,002156,通富微电,2023-12-25,10:15,21.760419981299997,200,5.0435208399626,21.786,20.48,2024-01-08,09:45,20.45952,硬止损,7.08687104,-272.31,-6.2498,14,0.0,False,0.0
portfolio_delay5,000938,紫光股份,2024-03-14,09:50,22.91701717305,100,5.02291701717305,22.967,21.59,2024-03-26,11:10,21.56841,硬止损,6.09998891,-145.98,-6.3562,12,0.0,False,0.0
portfolio_delay5,600522,中天科技,2024-03-27,09:50,13.601526848909998,300,5.04080458054673,13.618,12.8,2024-04-03,10:05,12.7872,硬止损,6.9564416,-256.3,-6.2733,7,0.0,False,0.0
portfolio_delay5,600487,亨通光电,2024-03-27,09:55,12.091762713029999,300,5.03627528813909,12.109,11.38,2024-04-22,09:35,12.45753,盈利保护,6.90600209,97.79,2.692,26,0.0,False,0.0
portfolio_delay5,601138,工业富联,2024-03-28,09:55,21.231741971439998,100,5.02123174197144,21.282,20.01,2024-04-10,09:45,19.989990000000002,硬止损,6.01948949,-135.22,-6.3535,13,0.0,False,0.0
portfolio_delay5,000938,紫光股份,2024-04-03,10:45,20.877749122229996,100,5.02087774912223,20.928,19.67,2024-04-10,10:15,19.65033,硬止损,6.00216683,-133.76,-6.3917,7,0.0,False,0.0
portfolio_delay5,600522,中天科技,2024-04-09,09:50,12.785627214359998,300,5.03835688164308,12.802,12.03,2024-04-19,10:15,12.01797,硬止损,6.83874941,-242.17,-6.3054,10,0.0,False,0.0
portfolio_delay5,000878,云南铜业,2024-04-11,10:05,13.21371894843,300,5.03964115684529,13.231,12.44,2024-04-19,13:50,13.616370000000002,盈利保护,7.083304610000001,108.67,2.7379,8,0.0,False,0.0
portfolio_delay5,600988,赤峰黄金,2024-04-22,10:55,18.44080363125,200,5.0368816072625,18.466,17.36,2024-05-06,09:35,17.226105501150002,硬止损,6.7570627611173,-254.73,-6.8974,14,0.0,False,0.0
portfolio_delay5,601138,工业富联,2024-04-23,09:50,19.579027868399997,200,5.0391580557368,19.604,18.43,2024-05-09,09:40,22.637340000000002,盈利保护,7.309008680000001,599.31,15.2853,16,0.0,False,0.0
portfolio_delay5,000878,云南铜业,2024-04-24,14:30,12.87320793759,200,5.02574641587518,12.898,12.12,2024-05-22,11:25,13.896090000000001,盈利保护,6.41740118,193.13,7.4868,28,0.0,False,0.0
portfolio_delay5,600988,赤峰黄金,2024-05-09,10:00,17.653996009649997,200,5.0353079920193,17.679,16.62,2024-05-23,09:35,16.60338,硬止损,6.69354476,-221.85,-6.2744,14,0.0,False,0.0
portfolio_delay5,600219,南山铝业,2024-05-23,10:15,3.22547416191,1300,5.04193116410483,3.229,3.04,2024-07-18,10:25,3.35664,盈利保护,7.2254523200000005,158.25,3.7695,56,0.0,False,0.0
portfolio_delay5,600487,亨通光电,2024-05-23,10:20,14.254833883289997,200,5.02850966776658,14.28,13.42,2024-05-29,09:35,14.69529,盈利保护,6.498919580000001,76.56,2.6808,6,0.0,False,0.0
portfolio_delay5,000878,云南铜业,2024-05-31,11:15,13.0628701203,100,5.0130628701203,13.113,12.33,2024-06-17,10:10,12.31767,硬止损,5.62820117,-85.16,-6.4944,17,0.0,False,0.0
portfolio_delay5,600522,中天科技,2024-06-07,10:15,13.735910318129998,100,5.01373591031813,13.786,12.96,2024-06-27,09:35,14.425559999999999,盈利保护,5.73570356,58.22,4.2228,20,0.0,False,0.0
portfolio_delay5,600487,亨通光电,2024-06-11,13:05,14.147654681159999,100,5.01414765468116,14.198,13.35,2024-06-27,09:35,14.605379999999998,盈利保护,5.74487438,35.01,2.4661,16,0.0,False,0.0
portfolio_delay5,000938,紫光股份,2024-06-25,10:50,21.427651525279998,100,5.02142765152528,21.478,20.19,2024-07-23,10:55,23.45652,盈利保护,6.1962825200000005,191.67,8.924,28,0.0,False,0.0
portfolio_delay5,600760,中航沈飞,2024-07-05,11:00,38.65186176851999,100,5.03865186176852,38.702,36.38,2024-08-08,10:45,40.16979,盈利保护,7.04865929,139.71,3.6098,34,0.0,False,0.0
portfolio_delay5,600487,亨通光电,2024-07-19,14:00,14.753393654999998,200,5.02950678731,14.779,13.89,2024-07-29,14:15,15.204780000000001,盈利保护,6.55088756,78.7,2.6625,10,0.0,False,0.0
portfolio_delay5,600988,赤峰黄金,2024-07-23,11:10,19.352292359399996,100,5.0193522923594,19.402,18.24,2024-07-26,09:35,18.22176,硬止损,5.929309760000001,-124.0,-6.391,3,0.0,False,0.0
portfolio_delay5,000938,紫光股份,2024-07-29,10:05,22.562759459239995,100,5.02256275945924,22.613,21.26,2024-08-05,13:25,21.23874,硬止损,6.08317574,-143.51,-6.3463,7,0.0,False,0.0
portfolio_delay5,600988,赤峰黄金,2024-08-02,10:10,19.263520376099997,100,5.0192635203761,19.314,18.16,2024-08-06,13:50,18.14184,硬止损,5.92523384,-123.11,-6.3744,4,0.0,False,0.0
portfolio_delay5,600460,士兰微,2024-08-07,10:10,20.89655359792,200,5.04179310719584,20.922,19.67,2024-08-16,14:20,19.65033,硬止损,7.00433366,-261.29,-6.2445,9,0.0,False,0.0
portfolio_delay5,600760,中航沈飞,2024-08-12,10:30,40.08888031147999,100,5.04008888031148,40.139,37.73,2024-09-20,09:50,37.69226999999999,硬止损,6.9223057699999995,-251.62,-6.2688,39,0.0,False,0.0
portfolio_delay5,600460,士兰微,2024-08-20,09:50,19.700186025519997,200,5.03940037205104,19.725,18.54,2024-08-22,10:00,18.521459999999998,硬止损,6.8891889200000005,-247.67,-6.278,2,0.0,False,0.0
portfolio_delay5,600988,赤峰黄金,2024-08-23,09:55,18.0009855025,200,5.036001971005,18.026,16.94,2024-09-02,09:35,16.92306,硬止损,6.72615212,-227.35,-6.306,10,0.0,False,0.0
portfolio_delay5,000878,云南铜业,2024-10-10,09:50,13.09362747693,200,5.02618725495386,13.119,12.33,2024-11-22,13:35,12.31767,硬止损,6.256402339999999,-166.47,-6.3449,43,0.0,False,0.0
portfolio_delay5,600219,南山铝业,2024-10-10,09:55,3.5838601798999994,1000,5.035838601799,3.589,3.37,2024-10-15,13:35,3.6963000000000004,盈利保护,6.8851130000000005,100.52,2.8008,5,0.0,False,0.0
portfolio_delay5,002396,星网锐捷,2024-10-10,10:10,12.469693636399997,100,5.0124696936364,12.52,11.77,2024-10-11,14:10,11.75823,硬止损,5.59966973,-81.76,-6.5303,1,0.0,False,0.0
portfolio_delay5,600522,中天科技,2024-10-11,14:40,14.21229610801,100,5.01421229610801,14.262,13.41,2024-10-24,09:35,15.534450000000001,盈利保护,5.79225695,121.41,8.5125,13,0.0,False,0.0
portfolio_delay5,600460,士兰微,2024-10-14,10:30,23.51859252743,100,5.02351859252743,23.569,22.15,2024-10-16,09:35,23.979042654300002,盈利保护,6.2229311753693,34.8,1.4765,2,0.0,False,0.0
portfolio_delay5,600487,亨通光电,2024-10-15,13:20,16.48445851052,100,5.01648445851052,16.535,15.54,2024-10-24,09:35,16.9815835179,盈利保护,5.8660607594129,38.83,2.3484,9,0.0,False,0.0
portfolio_delay5,603380,易德龙,2024-10-16,09:50,20.780665405499995,100,5.0207806654055,20.831,19.58,2024-11-01,09:45,21.54843,盈利保护,6.09896993,65.66,3.1519,16,0.0,False,0.0
portfolio_delay5,000938,紫光股份,2024-10-16,14:10,22.73202994062,100,5.02273202994062,22.782,21.42,2024-11-01,14:45,24.63534,盈利保护,6.256402339999999,179.05,7.8593,16,0.0,False,0.0
portfolio_delay5,601138,工业富联,2024-10-24,10:05,24.024506576069996,100,5.02402450657607,24.075,22.63,2024-11-11,09:35,24.3714580461,盈利保护,6.2429443603511,23.43,0.9731,18,0.0,False,0.0
portfolio_delay5,600219,南山铝业,2024-10-31,10:15,3.5915982602499996,700,5.02514118782175,3.599,3.38,2024-11-11,09:45,3.80619,盈利保护,6.35880983,138.83,5.511,11,0.0,False,0.0
portfolio_delay5,600219,南山铝业,2024-11-13,10:35,3.7504404437499996,1000,5.0375044044375,3.755,3.53,2024-11-22,14:50,3.5264699999999998,硬止损,6.7984997,-235.81,-6.279,9,0.0,False,0.0
portfolio_delay5,000938,紫光股份,2024-11-15,10:40,26.814435668019996,100,5.02681443566802,26.865,25.25,2024-11-18,14:10,25.22475,硬止损,6.28646225,-170.28,-6.3385,3,0.0,False,0.0
portfolio_delay5,002396,星网锐捷,2024-11-15,14:30,13.669863907699998,100,5.0136698639077,13.72,12.9,2024-11-25,10:00,12.8871,硬止损,5.6572421,-88.95,-6.483,10,0.0,False,0.0
portfolio_delay5,002156,通富微电,2024-11-18,14:30,29.745292176599996,100,5.0297452921766,29.796,28.01,2024-11-22,13:05,30.642184063080002,盈利保护,6.56275138721708,78.1,2.6211,4,0.0,False,0.0
portfolio_delay5,600460,士兰微,2024-11-22,13:15,28.493487682659996,100,5.02849348768266,28.544,26.83,2024-11-25,09:55,26.803169999999998,硬止损,6.36696167,-180.43,-6.3211,3,0.0,False,0.0
portfolio_delay5,600522,中天科技,2024-11-26,09:50,15.352007310639998,200,5.03070401462128,15.377,14.45,2024-12-25,10:25,14.43555,硬止损,6.4724261,-194.79,-6.3339,29,0.0,False,0.0
portfolio_delay5,603380,易德龙,2024-11-26,10:50,21.554513980999996,100,5.021554513981,21.605,20.31,2024-12-25,09:35,23.29151092425,盈利保护,6.18786705713675,162.49,7.5211,29,0.0,False,0.0
portfolio_delay5,600487,亨通光电,2024-11-26,14:05,16.454951723209998,100,5.01645495172321,16.505,15.51,2024-12-11,10:10,17.30268,盈利保护,5.8824366800000005,73.87,4.4758,15,0.0,False,0.0
portfolio_delay5,002396,星网锐捷,2024-12-05,10:05,12.930136319099999,100,5.0129301363191,12.98,12.2,2024-12-19,09:35,13.3487582796,盈利保护,5.680786672259599,31.17,2.4012,14,0.0,False,0.0
portfolio_delay5,002156,通富微电,2024-12-24,10:35,28.916815917989997,100,5.02891681591799,28.967,27.23,2024-12-31,11:05,29.81016,盈利保护,6.52031816,77.79,2.6853,7,0.0,False,0.0
portfolio_delay5,000938,紫光股份,2025-01-02,09:50,26.894092365139997,100,5.02689409236514,26.944,25.33,2025-01-03,09:50,25.304669999999998,硬止损,6.29053817,-170.26,-6.3189,1,0.0,False,0.0
portfolio_delay5,002396,星网锐捷,2025-01-02,10:00,14.092565386899999,200,5.0281851307738,14.118,13.27,2025-01-03,09:55,13.25673,硬止损,6.35218646,-178.55,-6.3235,1,0.0,False,0.0
portfolio_delay5,603380,易德龙,2025-01-02,10:15,23.055025243249997,100,5.02305502524325,23.105,21.72,2025-01-03,14:50,21.69828,硬止损,6.10661228,-146.8,-6.3537,1,0.0,False,0.0
portfolio_delay5,603380,易德龙,2025-01-07,09:55,22.43217151175,100,5.02243217151175,22.482,21.13,2025-02-13,10:15,24.30567,盈利保护,6.23958917,176.09,7.8323,37,0.0,False,0.0
portfolio_delay5,000938,紫光股份,2025-01-24,09:55,26.087568306799998,100,5.0260875683068,26.138,24.57,2025-02-18,10:10,30.039930000000002,盈利保护,6.53203643,383.68,14.679,25,0.0,False,0.0
portfolio_delay5,600988,赤峰黄金,2025-02-18,09:50,19.046522194699996,200,5.0380930443894,19.072,17.93,2025-02-28,14:25,17.91207,硬止损,6.82703114,-238.76,-6.2594,10,0.0,False,0.0
portfolio_delay5,000938,紫光股份,2025-02-28,10:05,30.010660639959998,100,5.03001066063996,30.061,28.26,2025-03-13,13:40,28.231740000000002,硬止损,6.43981874,-189.36,-6.2993,13,0.0,False,0.0
portfolio_delay5,603380,易德龙,2025-02-28,13:20,24.291295528499997,100,5.0242912955285,24.342,22.88,2025-03-31,09:35,22.85712,硬止损,6.16571312,-154.61,-6.3516,31,0.0,False,0.0
portfolio_delay5,002396,星网锐捷,2025-02-28,13:45,16.2513622271,100,5.0162513622271,16.302,15.32,2025-03-24,14:05,15.30468,硬止损,5.780538679999999,-105.47,-6.4696,24,0.0,False,0.0
portfolio_delay5,000878,云南铜业,2025-03-05,13:10,12.280719340889998,100,5.01228071934089,12.331,11.59,2025-03-27,09:35,13.1350733784,盈利保护,5.669888742298401,74.75,6.0623,22,0.0,False,0.0
portfolio_delay5,000938,紫光股份,2025-03-20,10:00,28.71623931176,100,5.02871623931176,28.767,27.04,2025-03-24,14:10,27.01296,硬止损,6.37766096,-181.73,-6.3176,4,0.0,False,0.0
portfolio_delay5,000878,云南铜业,2025-04-01,10:05,12.532333763949998,200,5.0250646675279,12.557,11.8,2025-04-07,09:35,11.087547234119999,硬止损,6.13092981788024,-300.11,-11.9496,6,0.0,False,0.0
portfolio_delay5,600988,赤峰黄金,2025-04-09,09:55,20.5951001256,100,5.0205951001256,20.645,19.41,2025-04-17,09:55,29.600369999999998,盈利保护,6.50961887,889.0,43.0605,8,0.0,False,0.0
portfolio_delay5,600988,赤峰黄金,2025-04-24,09:55,27.844812095099996,100,5.0278448120951,27.895,26.22,2025-04-28,09:35,25.928691154200003,硬止损,6.3223632488642,-202.96,-7.2759,4,0.0,False,0.0
portfolio_delay5,600988,赤峰黄金,2025-05-08,09:50,27.006410030599998,100,5.0270064100306,27.057,25.43,2025-05-12,09:35,25.40457,硬止损,6.29563307,-171.51,-6.3388,4,0.0,False,0.0
portfolio_delay5,600988,赤峰黄金,2025-05-14,09:50,25.921419123599996,100,5.0259214191236,25.972,24.41,2025-05-23,09:35,26.676823473000002,盈利保护,6.360517997123001,64.15,2.4702,9,0.0,False,0.0
portfolio_delay5,600988,赤峰黄金,2025-06-20,09:50,26.671049204799996,100,5.0266710492048,26.721,25.12,2025-06-25,10:50,25.09488,硬止损,6.27983888,-168.92,-6.3217,5,0.0,False,0.0
portfolio_delay5,000878,云南铜业,2025-07-07,10:00,12.66211782836,200,5.02532423565672,12.687,11.93,2025-07-31,09:35,13.0113891864,盈利保护,6.327161697012801,58.5,2.3055,24,0.0,False,0.0
portfolio_delay5,600522,中天科技,2025-07-07,10:05,13.734981159899998,200,5.0274699623198,13.76,12.93,2025-09-03,09:40,15.37461,盈利保护,6.568210219999999,316.33,11.4945,58,0.0,False,0.0
portfolio_delay5,600219,南山铝业,2025-08-01,09:50,3.5994052894799995,1000,5.0359940528948,3.604,3.39,2025-08-29,09:35,3.7162800000000002,盈利保护,6.8953028,104.94,2.9115,28,0.0,False,0.0
portfolio_delay5,600460,士兰微,2025-09-02,13:15,30.107415838499996,100,5.0301074158385,30.158,28.35,2025-09-04,14:15,28.32165,硬止损,6.4444041499999996,-190.05,-6.3019,2,0.0,False,0.0
portfolio_delay5,002396,星网锐捷,2025-09-04,09:50,23.505429807859997,100,5.02350542980786,23.556,22.14,2025-09-05,09:35,22.64192204337,退出+T+1续退出,6.15473802421187,-97.53,-4.1404,1,0.0,True,0.0
portfolio_delay5,002156,通富微电,2025-09-05,09:50,30.796300334799998,100,5.0307963003348,30.847,29.0,2025-09-09,09:35,31.738229999999998,盈利保护,6.6186497300000005,82.54,2.6759,4,0.0,False,0.0
portfolio_delay5,600487,亨通光电,2025-09-08,10:55,19.42200295035,100,5.01942200295035,19.472,18.3,2025-09-15,11:20,20.039939999999998,盈利保护,6.02203694,50.75,2.6064,7,0.0,False,0.0
portfolio_delay5,002396,星网锐捷,2025-09-09,09:50,22.427269234369994,100,5.02242726923437,22.477,21.13,2025-09-23,10:35,23.126849999999997,盈利保护,6.17946935,58.76,2.614,14,0.0,False,0.0
portfolio_delay5,000938,紫光股份,2025-09-09,10:00,26.863164027699995,100,5.0268631640277,26.913,25.3,2025-09-23,10:15,29.53044,盈利保护,6.50605244,255.19,9.4821,14,0.0,False,0.0
portfolio_delay5,600460,士兰微,2025-09-17,10:00,30.297147480599996,100,5.0302971474806,30.347,28.53,2025-10-10,13:10,31.228740000000002,盈利保护,6.592665740000001,81.54,2.6868,23,0.0,False,0.0
portfolio_delay5,600988,赤峰黄金,2025-09-19,13:35,27.356265896959997,100,5.02735626589696,27.407,25.76,2025-10-10,09:45,29.97999,盈利保护,6.52897949,250.82,9.1517,21,0.0,False,0.0
portfolio_delay5,000878,云南铜业,2025-09-23,11:10,14.785639929059998,100,5.01478563992906,14.836,13.95,2025-10-13,09:35,18.52151536458,盈利保护,5.9445972835935805,362.63,24.4428,20,0.0,False,0.0
portfolio_delay5,600487,亨通光电,2025-10-13,11:30,21.588879372059996,100,5.02158887937206,21.639,20.34,2025-10-17,14:40,20.31966,硬止损,6.0363026600000005,-137.98,-6.3764,4,0.0,False,0.0
portfolio_delay5,000938,紫光股份,2025-10-15,09:50,27.771917903729996,100,5.02777191790373,27.822,26.15,2025-11-05,09:35,26.123849999999997,硬止损,6.33231635,-176.17,-6.3319,21,0.0,False,0.0
portfolio_delay5,000878,云南铜业,2025-10-15,10:05,18.104260514339998,100,5.01810426051434,18.154,17.06,2025-10-23,10:15,17.042939999999998,硬止损,5.86918994,-117.02,-6.4458,8,0.0,False,0.0
portfolio_delay5,600522,中天科技,2025-10-15,10:40,17.92856529464,100,5.01792856529464,17.979,16.9,2025-10-17,14:25,16.8831,硬止损,5.8610381,-115.43,-6.4201,2,0.0,False,0.0
portfolio_delay5,600460,士兰微,2025-10-17,13:10,30.486879122699996,100,5.0304868791227,30.537,28.7,2025-10-22,09:40,31.41855,盈利保护,6.6023460499999995,81.53,2.67,5,0.0,False,0.0
portfolio_delay5,002156,通富微电,2025-10-22,10:00,40.35515199716,100,5.04035515199716,40.406,37.98,2025-10-31,09:35,42.99696,盈利保护,7.19284496,251.95,6.2355,9,0.0,False,0.0
portfolio_delay5,600522,中天科技,2025-10-23,09:50,17.003284177879998,200,5.03400656835576,17.028,16.01,2025-11-05,09:35,15.906867849360001,硬止损,6.62250052063472,-230.94,-6.781,13,0.0,False,0.0
portfolio_delay5,000878,云南铜业,2025-10-31,09:50,18.064753126419998,100,5.01806475312642,18.115,17.03,2025-11-03,10:00,17.012970000000003,硬止损,5.86766147,-116.06,-6.4071,3,0.0,False,0.0
portfolio_delay5,600988,赤峰黄金,2025-11-03,09:55,28.6863601024,100,5.0286863601024,28.737,27.01,2025-11-17,09:35,29.570400000000003,盈利保护,6.5080904,76.87,2.6749,14,0.0,False,0.0
portfolio_delay5,600487,亨通光电,2025-11-03,10:20,21.79857709029,100,5.02179857709029,21.849,20.54,2025-11-12,11:00,20.51946,硬止损,6.04649246,-138.98,-6.361,9,0.0,False,0.0
portfolio_delay5,000878,云南铜业,2025-11-05,13:50,16.780763019019997,100,5.01678076301902,16.831,15.82,2025-11-21,11:15,15.80418,硬止损,5.80601318,-108.48,-6.4453,16,0.0,False,0.0
portfolio_delay5,600522,中天科技,2025-11-11,10:05,17.132624549039996,100,5.01713262454904,17.183,16.15,2025-11-18,14:25,16.13385,硬止损,5.82282635,-110.72,-6.4435,7,0.0,False,0.0
portfolio_delay5,002156,通富微电,2025-11-17,09:50,37.92544388633,100,5.03792544388633,37.976,35.7,2025-11-21,09:55,35.664300000000004,硬止损,6.8188793,-237.97,-6.2664,4,0.0,False,0.0
portfolio_delay5,600219,南山铝业,2025-11-18,11:00,4.57892939504,400,5.01831571758016,4.591,4.32,2025-11-24,11:20,4.31568,硬止损,5.88039872,-116.2,-6.3269,6,0.0,False,0.0
portfolio_delay5,600219,南山铝业,2025-11-26,09:50,4.36660000777,800,5.03493280006216,4.373,4.11,2025-12-09,10:20,4.60539,盈利保护,6.8789991200000005,179.12,5.1201,13,0.0,False,0.0
portfolio_delay5,600219,南山铝业,2025-12-11,10:40,4.57892939504,800,5.03663143516032,4.585,4.31,2026-01-29,10:10,7.632359999999999,盈利保护,8.114002880000001,2429.59,66.2343,49,0.0,False,0.0
portfolio_delay5,600522,中天科技,2025-12-29,09:50,18.157398258999997,200,5.036314796518,18.183,17.09,2026-01-29,13:55,20.879099999999998,盈利保护,7.1296682,532.17,14.6342,31,0.0,False,0.0
portfolio_delay5,600487,亨通光电,2026-01-15,13:20,24.644474694839996,100,5.02464447469484,24.695,23.21,2026-01-22,10:05,27.03294,盈利保护,6.37867994,227.44,9.2102,7,0.0,False,0.0
portfolio_delay5,002396,星网锐捷,2026-01-29,13:05,22.12140807877,200,5.04424281615754,22.147,20.82,2026-02-05,10:55,20.79918,硬止损,7.12151636,-276.61,-6.245,7,0.0,False,0.0
portfolio_delay5,600988,赤峰黄金,2026-01-30,13:35,42.88064901119999,100,5.0428806490112,42.931,40.36,2026-02-02,09:35,38.51547604992,硬止损,6.96428927854592,-448.52,-10.4475,3,0.0,False,0.0
portfolio_delay5,000878,云南铜业,2026-02-02,09:50,23.576033741259998,100,5.02357603374126,23.626,22.21,2026-02-06,09:35,21.66593441796,硬止损,6.10496265531596,-202.14,-8.5557,4,0.0,False,0.0
portfolio_delay5,600460,士兰微,2026-02-02,10:20,31.5653537199,100,5.0315653537199,31.616,29.72,2026-02-05,09:35,29.690279999999998,硬止损,6.5142042799999995,-199.05,-6.296,3,0.0,False,0.0
portfolio_delay5,600219,南山铝业,2026-02-03,09:50,6.499638094949999,300,5.01949891428485,6.516,6.13,2026-02-06,09:35,6.11709742935,硬止损,5.93591590669055,-125.72,-6.4309,3,0.0,False,0.0
portfolio_delay5,600460,士兰微,2026-02-10,10:30,31.555367843999996,100,5.031555367844,31.606,29.71,2026-03-03,10:20,29.68029,硬止损,6.51369479,-199.05,-6.298,21,0.0,False,0.0
portfolio_delay5,000878,云南铜业,2026-02-11,10:00,22.67724066608,100,5.02267724066608,22.727,21.36,2026-03-03,14:10,24.75522,盈利保护,6.26251622,196.51,8.6465,20,0.0,False,0.0
portfolio_delay5,002396,星网锐捷,2026-02-11,10:05,22.136701136549995,100,5.02213670113655,22.187,20.86,2026-03-03,09:50,22.827150000000003,盈利保护,6.16418465,57.86,2.6078,20,0.0,False,0.0
portfolio_delay5,600522,中天科技,2026-03-06,10:10,27.340564611359994,100,5.02734056461136,27.391,25.75,2026-03-09,09:35,25.72425,硬止损,6.31193675,-172.97,-6.3149,3,0.0,False,0.0
portfolio_delay5,600219,南山铝业,2026-03-06,13:10,7.240226543549999,600,5.0434413592613,7.249,6.81,2026-03-16,10:55,6.80319,硬止损,7.0817761400000006,-274.35,-6.308,10,0.0,False,0.0
portfolio_delay5,000878,云南铜业,2026-03-13,09:50,22.746378594939998,100,5.02274637859494,22.797,21.43,2026-03-16,09:35,21.40857,硬止损,6.09183707,-144.9,-6.356,3,0.0,False,0.0
portfolio_delay5,000938,紫光股份,2026-03-16,10:20,25.295313933889997,100,5.02529531393389,25.346,23.83,2026-03-20,14:50,26.08389,盈利保护,6.33027839,67.5,2.6633,4,0.0,False,0.0
portfolio_delay5,600522,中天科技,2026-03-17,10:10,26.823203126719996,100,5.02682320312672,26.873,25.26,2026-03-23,09:35,24.426276472799998,硬止损,6.2457401001128,-250.97,-9.3388,6,0.0,False,0.0
portfolio_delay5,600988,赤峰黄金,2026-03-18,09:50,39.515709192959996,100,5.03951570919296,39.566,37.19,2026-03-23,09:35,36.39553986816,硬止损,6.85617253327616,-323.91,-8.1866,5,0.0,False,0.0
portfolio_delay5,600522,中天科技,2026-03-27,09:50,25.92776978792,100,5.02592776978792,25.978,24.42,2026-04-01,09:40,28.71126,盈利保护,6.46427426,266.86,10.2725,5,0.0,False,0.0
portfolio_delay5,000938,紫光股份,2026-05-22,10:10,29.54948043047,100,5.02954948043047,29.6,27.82,2026-05-27,13:55,27.792180000000002,硬止损,6.41740118,-187.18,-6.3236,5,0.0,False,0.0
portfolio_delay5,603380,易德龙,2026-05-26,09:50,39.681814021849995,100,5.03968181402185,39.732,37.35,2026-05-28,09:35,37.31265,硬止损,6.90294515,-248.86,-6.2634,2,0.0,False,0.0
portfolio_delay5,600522,中天科技,2026-05-27,10:45,39.91642839183999,100,5.03991642839184,39.967,37.57,2026-05-28,09:35,37.53243,硬止损,6.9141539299999994,-250.35,-6.264,1,0.0,False,0.0
portfolio_delay5,600460,士兰微,2026-06-01,10:25,33.782218169699995,100,5.0337822181697,33.833,31.8,2026-06-08,13:50,31.7682,硬止损,6.6201782,-213.06,-6.2974,7,0.0,False,0.0
portfolio_delay5,603380,易德龙,2026-06-01,10:55,36.1298341404,100,5.0361298341404,36.18,34.01,2026-06-05,09:35,33.975989999999996,硬止损,6.73277549,-227.15,-6.2784,4,0.0,False,0.0
portfolio_delay5,600460,士兰微,2026-06-10,10:05,33.732288790199995,100,5.0337322887902,33.783,31.76,2026-06-26,09:35,49.58037,盈利保护,7.52859887,1572.25,46.5401,16,0.0,False,0.0
portfolio_delay5,603380,易德龙,2026-06-18,09:50,37.187149999999995,100,5.03718715,37.238,35.0,2026-06-24,09:35,41.92803,盈利保护,7.13832953,461.91,12.4045,6,0.0,False,0.0
portfolio_delay5,600460,士兰微,2026-07-14,09:50,41.06192170079999,100,5.0410619217008,41.112,38.65,2026-07-15,14:35,38.61135,硬止损,6.9691788500000005,-257.07,-6.2528,1,0.0,False,0.0
portfolio_delay5,603380,易德龙,2026-07-16,13:40,39.769729999999996,100,5.03976973,39.82,37.43,2026-07-17,09:40,37.39257,硬止损,6.90702107,-249.66,-6.2698,1,0.0,False,0.0
portfolio_delay5,002396,星网锐捷,2026-07-28,10:00,29.28926,100,5.02928926,29.34,27.58,2026-07-29,09:35,27.552419999999998,硬止损,6.405173420000001,-185.12,-6.3095,1,0.0,False,0.0
portfolio_delay5,000938,紫光股份,2026-07-30,13:30,33.6336,100,5.0336336,33.684,31.66,2026-08-05,09:35,34.55541,盈利保护,6.76232591,80.39,2.3865,6,0.0,False,0.0
portfolio_delay5,002396,星网锐捷,2026-08-07,09:50,28.498469999999994,100,5.02849847,28.549,26.84,2026-08-12,09:35,29.38059,盈利保护,6.49841009,76.69,2.6861,5,0.0,False,0.0
portfolio_delay5,000938,紫光股份,2026-08-07,09:55,37.367329999999995,100,5.03736733,37.418,35.17,2026-08-18,11:10,38.68128,盈利保护,6.97274528,119.38,3.1906,11,0.0,False,0.0
portfolio_delay5,600988,赤峰黄金,2026-08-14,10:10,38.81878,100,5.03881878,38.869,36.54,2026-08-24,13:15,48.27168,盈利保护,7.46185568,932.79,23.9982,10,0.0,False,0.0
portfolio_delay5,002396,星网锐捷,2026-08-19,10:20,30.770739999999996,100,5.03077074,30.821,28.97,2026-08-24,11:05,31.71825,盈利保护,6.61763075,83.1,2.6963,5,0.0,False,0.0
portfolio_delay5,000938,紫光股份,2026-08-20,13:40,35.41538,100,5.03541538,35.466,33.34,2026-09-04,09:40,36.733230000000006,盈利保护,6.873394730000001,119.88,3.3801,15,0.0,False,0.0
portfolio_delay5,600988,赤峰黄金,2026-09-07,13:05,45.105059999999995,100,5.04510506,45.156,42.45,2026-09-11,09:50,42.40755,硬止损,7.16278505,-281.96,-6.2442,4,0.0,False,0.0
portfolio_delay5,002396,星网锐捷,2026-09-11,09:50,34.834799999999994,100,5.0348348,34.885,32.79,,,0.0,,0.0,0.0,0.0,0,0.0,False,0.0
portfolio_delay5,000878,云南铜业,2026-09-14,09:55,16.966949999999997,200,5.0339339,16.992,15.97,,,0.0,,0.0,0.0,0.0,0,0.0,False,0.0
portfolio_delay15,600988,赤峰黄金,2023-09-26,10:00,14.595281380679998,300,5.04378584414204,14.612,13.74,2023-10-09,09:35,13.72626,硬止损,7.10011778,-272.85,-6.2243,13,0.0,False,0.0
portfolio_delay15,000878,云南铜业,2023-09-26,11:25,11.180111522579999,400,5.04472044609032,11.193,10.52,2023-10-19,14:50,10.50948,硬止损,7.14393392,-280.44,-6.2639,23,0.0,False,0.0
portfolio_delay15,603380,易德龙,2023-11-10,10:15,23.196829896239997,100,5.02319682989624,23.247,21.85,2023-12-06,14:55,21.82815,硬止损,6.11323565,-148.0,-6.3666,26,0.0,False,0.0
portfolio_delay15,002156,通富微电,2023-12-06,10:20,21.680601842899996,100,5.0216806018429,21.731,20.43,2023-12-15,09:55,22.35762,盈利保护,6.14023862,56.54,2.6018,9,0.0,False,0.0
portfolio_delay15,002156,通富微电,2023-12-25,10:40,21.7703972486,200,5.0435407944972,21.796,20.49,2024-01-08,09:40,20.46951,硬止损,7.08789002,-272.31,-6.2469,14,0.0,False,0.0
portfolio_delay15,000938,紫光股份,2024-03-14,10:00,22.966513970399998,100,5.0229665139704,23.017,21.64,2024-03-26,11:10,21.61836,硬止损,6.102536359999999,-145.94,-6.3406,12,0.0,False,0.0
portfolio_delay15,600522,中天科技,2024-03-27,10:00,13.601526848909998,300,5.04080458054673,13.618,12.8,2024-04-03,10:05,12.7872,硬止损,6.9564416,-256.3,-6.2733,7,0.0,False,0.0
portfolio_delay15,600487,亨通光电,2024-03-27,11:00,11.965096383239999,300,5.03589528914972,11.982,11.26,2024-05-23,09:35,14.3856,盈利保护,7.2009968,713.91,19.8609,57,0.0,False,0.0
portfolio_delay15,601138,工业富联,2024-03-28,10:00,21.166009024159997,100,5.02116600902416,21.216,19.94,2024-04-10,09:45,19.920060000000003,硬止损,6.0159230599999995,-135.63,-6.3928,13,0.0,False,0.0
portfolio_delay15,000938,紫光股份,2024-04-03,13:10,20.95694399799,100,5.02095694399799,21.007,19.75,2024-04-10,09:45,19.73025,硬止损,6.00624275,-133.7,-6.3643,7,0.0,False,0.0
portfolio_delay15,600522,中天科技,2024-04-09,10:00,12.82402249128,300,5.03847206747384,12.841,12.07,2024-04-19,10:15,12.05793,硬止损,6.844863290000001,-241.71,-6.2746,10,0.0,False,0.0
portfolio_delay15,601138,工业富联,2024-04-16,10:30,20.198795657039998,100,5.02019879565704,20.249,19.03,2024-04-19,09:35,20.83914,盈利保护,6.06279614,52.95,2.615,3,0.0,False,0.0
portfolio_delay15,000878,云南铜业,2024-04-16,14:30,13.00562888625,100,5.01300562888625,13.056,12.27,2024-04-22,13:45,13.45653,盈利保护,5.68628303,34.39,2.6341,6,0.0,False,0.0
portfolio_delay15,600988,赤峰黄金,2024-04-22,11:00,18.421133440709998,200,5.03684226688142,18.446,17.34,2024-05-06,09:35,17.226105501150002,硬止损,6.7570627611173,-250.8,-6.7981,14,0.0,False,0.0
portfolio_delay15,601138,工业富联,2024-04-23,10:00,19.466342815919997,200,5.03893268563184,19.492,18.32,2024-05-09,09:40,22.637340000000002,盈利保护,7.309008680000001,621.85,15.9518,16,0.0,False,0.0
portfolio_delay15,000878,云南铜业,2024-05-08,14:40,13.147508474099999,300,5.0394425254223,13.164,12.37,2024-05-22,11:25,13.896090000000001,盈利保护,7.12610177,212.41,5.3784,14,0.0,False,0.0
portfolio_delay15,600988,赤峰黄金,2024-05-17,10:15,17.36877824682,100,5.01736877824682,17.419,16.37,2024-05-21,10:00,17.922060000000002,盈利保护,5.91402506,44.4,2.5488,4,0.0,False,0.0
portfolio_delay15,600219,南山铝业,2024-05-23,10:45,3.2429564066899994,1300,5.0421584332869696,3.247,3.05,2024-07-18,10:25,3.35664,盈利保护,7.2254523200000005,135.52,3.2107,56,0.0,False,0.0
portfolio_delay15,600988,赤峰黄金,2024-05-23,11:30,17.004879721829997,200,5.03400975944366,17.03,16.01,2024-06-26,09:35,15.993990000000002,硬止损,6.63138698,-213.84,-6.2784,34,0.0,False,0.0
portfolio_delay15,600487,亨通光电,2024-06-11,10:30,14.206116064139998,100,5.01420611606414,14.256,13.4,2024-06-25,14:25,14.66532,盈利保护,5.747931319999999,35.16,2.4662,14,0.0,False,0.0
portfolio_delay15,603380,易德龙,2024-06-24,10:25,19.09177292022,100,5.01909177292022,19.142,17.99,2024-06-25,13:20,17.972009999999997,硬止损,5.91657251,-122.91,-6.4211,1,0.0,False,0.0
portfolio_delay15,000938,紫光股份,2024-07-04,10:05,21.726364139479998,200,5.04345272827896,21.752,20.45,2024-07-23,10:55,23.45652,盈利保护,7.39256504,333.6,7.6683,19,0.0,False,0.0
portfolio_delay15,600487,亨通光电,2024-07-19,14:05,14.753393654999998,300,5.044260180965,14.77,13.88,2024-07-29,14:15,15.194790000000001,盈利保护,7.32480287,120.05,2.7093,10,0.0,False,0.0
portfolio_delay15,600988,赤峰黄金,2024-07-23,11:15,19.352292359399996,100,5.0193522923594,19.402,18.24,2024-07-26,09:35,18.22176,硬止损,5.929309760000001,-124.0,-6.391,3,0.0,False,0.0
portfolio_delay15,000938,紫光股份,2024-07-29,10:00,22.612544894939997,200,5.04522508978988,22.638,21.28,2024-08-05,13:25,21.25872,硬止损,7.16838944,-282.98,-6.2501,7,0.0,False,0.0
portfolio_delay15,600988,赤峰黄金,2024-08-07,10:15,18.208120130199998,200,5.0364162402604,18.233,17.14,2024-08-16,10:30,17.12286,硬止损,6.74653172,-228.83,-6.2752,9,0.0,False,0.0
portfolio_delay15,600460,士兰微,2024-08-08,10:00,20.50773413689,200,5.04101546827378,20.533,19.3,2024-08-19,09:35,19.19318393367,硬止损,6.95770476123434,-274.91,-6.6943,11,0.0,False,0.0
portfolio_delay15,600760,中航沈飞,2024-08-13,13:15,40.226676610119995,100,5.04022667661012,40.277,37.86,2024-08-26,10:30,37.82214,硬止损,6.92892914,-252.42,-6.2672,13,0.0,False,0.0
portfolio_delay15,600988,赤峰黄金,2024-08-23,10:15,17.9812583951,200,5.0359625167902,18.006,16.93,2024-09-02,09:35,16.91307,硬止损,6.7251331400000005,-225.4,-6.2588,10,0.0,False,0.0
portfolio_delay15,600760,中航沈飞,2024-08-30,10:00,40.36447290875999,100,5.0403644729087596,40.415,37.99,2024-09-20,09:50,37.95201,硬止损,6.93555251,-253.22,-6.2656,21,0.0,False,0.0
portfolio_delay15,000878,云南铜业,2024-10-10,10:00,12.938787831969998,300,5.03881636349591,12.956,12.18,2024-11-11,09:50,13.32666,盈利保护,7.0389789799999996,104.28,2.6831,32,0.0,False,0.0
portfolio_delay15,002396,星网锐捷,2024-10-10,10:15,12.386662988699998,300,5.0371599889661,12.403,11.66,2024-10-11,14:45,11.64834,硬止损,6.782196020000001,-233.32,-6.2702,1,0.0,False,0.0
portfolio_delay15,600219,南山铝业,2024-10-11,10:10,3.6621947862499997,800,5.02929755829,3.668,3.45,2024-11-11,09:45,3.80619,盈利保护,6.5529255200000005,103.61,3.5305,31,0.0,False,0.0
portfolio_delay15,600487,亨通光电,2024-10-16,13:30,16.15988385011,100,5.01615988385011,16.21,15.24,2024-10-24,09:35,16.933049999999998,盈利保护,5.86358555,66.44,4.0985,8,0.0,False,0.0
portfolio_delay15,601138,工业富联,2024-10-30,10:35,24.217552028669996,100,5.02421755202867,24.268,22.81,2024-11-07,09:55,22.78719,硬止损,6.16214669,-154.22,-6.355,8,0.0,False,0.0
portfolio_delay15,600219,南山铝业,2024-11-13,13:20,3.7416158779999993,1000,5.03741615878,3.747,3.52,2024-11-22,14:55,3.51648,硬止损,6.7934048,-236.97,-6.3248,9,0.0,False,0.0
portfolio_delay15,000878,云南铜业,2024-11-14,10:30,13.006530176639998,300,5.03901959052992,13.023,12.24,2024-11-22,14:40,12.22776,硬止损,6.8708472800000004,-245.54,-6.2846,8,0.0,False,0.0
portfolio_delay15,600487,亨通光电,2024-11-15,14:25,17.290977363659998,100,5.01729097736366,17.341,16.3,2024-11-25,13:55,16.2837,硬止损,5.8304687,-111.58,-6.4341,10,0.0,False,0.0
portfolio_delay15,002396,星网锐捷,2024-11-18,14:05,13.337741316899997,100,5.0133377413169,13.388,12.58,2024-12-25,10:00,14.085899999999999,盈利保护,5.7183809000000005,64.08,4.7867,37,0.0,False,0.0
portfolio_delay15,002156,通富微电,2024-11-25,10:50,29.286136659779995,100,5.02928613665978,29.336,27.58,2024-12-06,09:35,30.24972,盈利保护,6.54273572,84.79,2.8901,11,0.0,False,0.0
portfolio_delay15,600522,中天科技,2024-11-26,10:45,15.42019516037,200,5.03084039032074,15.445,14.52,2024-12-25,10:00,14.50548,硬止损,6.47955896,-194.45,-6.2949,29,0.0,False,0.0
portfolio_delay15,600460,士兰微,2024-12-05,10:05,28.184426059789995,100,5.02818442605979,28.235,26.54,2024-12-31,10:25,26.51346,硬止损,6.35218646,-178.48,-6.3212,26,0.0,False,0.0
portfolio_delay15,002156,通富微电,2024-12-16,14:40,28.417733834489997,100,5.02841773383449,28.468,26.76,2024-12-31,14:10,29.65032,盈利保护,6.51216632,111.72,3.9243,15,0.0,False,0.0
portfolio_delay15,000938,紫光股份,2025-01-02,10:00,26.953834887979998,100,5.02695383488798,27.004,25.38,2025-01-03,09:40,25.35462,硬止损,6.293085619999999,-171.24,-6.3413,1,0.0,False,0.0
portfolio_delay15,002396,星网锐捷,2025-01-02,10:15,14.0548241834,200,5.0281096483668,14.08,13.24,2025-01-03,09:55,13.22676,硬止损,6.34912952,-176.99,-6.2852,1,0.0,False,0.0
portfolio_delay15,603380,易德龙,2025-01-02,10:45,23.083336776499998,100,5.0230833367765,23.134,21.75,2025-01-03,14:40,21.72825,硬止损,6.10814075,-146.64,-6.3388,1,0.0,False,0.0
portfolio_delay15,603380,易德龙,2025-01-07,10:00,22.215116423499996,100,5.0222151164235,22.265,20.93,2025-02-13,10:15,24.30567,盈利保护,6.23958917,197.79,8.8835,37,0.0,False,0.0
portfolio_delay15,000938,紫光股份,2025-01-24,10:15,26.167225003919995,100,5.02616722500392,26.217,24.64,2025-02-18,10:10,30.039930000000002,盈利保护,6.53203643,375.71,14.3306,25,0.0,False,0.0
portfolio_delay15,600988,赤峰黄金,2025-02-18,10:15,19.095839963199996,100,5.0190958399632,19.146,18.0,2025-02-28,14:05,17.982,硬止损,5.917082,-122.32,-6.3888,10,0.0,False,0.0
portfolio_delay15,000938,紫光股份,2025-02-28,10:50,30.169974034199996,100,5.0301699740342,30.22,28.41,2025-03-03,09:35,28.38159,硬止损,6.447461090000001,-190.32,-6.2976,3,0.0,False,0.0
portfolio_delay15,002396,星网锐捷,2025-02-28,13:50,16.206072782899998,200,5.0324121455658,16.231,15.26,2025-03-24,14:10,15.24474,硬止损,6.55496348,-203.85,-6.2797,24,0.0,False,0.0
portfolio_delay15,603380,易德龙,2025-03-03,13:55,24.045928906999997,100,5.024045928907,24.096,22.65,2025-03-31,10:45,22.62735,硬止损,6.15399485,-153.04,-6.351,28,0.0,False,0.0
portfolio_delay15,600988,赤峰黄金,2025-03-11,13:45,18.484299633799996,100,5.0184842996338,18.534,17.42,2025-03-26,09:50,20.26971,盈利保护,6.03375521,167.49,9.0366,15,0.0,False,0.0
portfolio_delay15,000878,云南铜业,2025-03-28,10:00,12.78394818701,200,5.02556789637402,12.809,12.04,2025-04-07,09:35,11.087547234119999,硬止损,6.13092981788024,-350.44,-13.6792,10,0.0,False,0.0
portfolio_delay15,600988,赤峰黄金,2025-04-24,10:25,27.805357880299997,100,5.0278053578803,27.856,26.18,2025-04-28,09:35,25.928691154200003,硬止损,6.3223632488642,-199.02,-7.1446,4,0.0,False,0.0
portfolio_delay15,600988,赤峰黄金,2025-05-13,10:25,25.793192925499998,100,5.0257931929255,25.843,24.29,2025-05-23,09:35,26.59338,盈利保护,6.35626238,68.64,2.6559,10,0.0,False,0.0
portfolio_delay15,600988,赤峰黄金,2025-06-20,10:00,26.611867882599995,100,5.0266118678826,26.662,25.06,2025-06-25,14:30,25.03494,硬止损,6.27678194,-169.0,-6.3384,5,0.0,False,0.0
portfolio_delay15,000878,云南铜业,2025-07-07,10:45,12.652240981379999,200,5.02530448196276,12.677,11.92,2025-07-31,09:35,13.0113891864,盈利保护,6.327161697012801,60.48,2.3852,24,0.0,False,0.0
portfolio_delay15,600522,中天科技,2025-07-07,11:00,13.657052188779998,200,5.02731410437756,13.682,12.86,2025-09-03,09:40,15.37461,盈利保护,6.568210219999999,331.92,12.1295,58,0.0,False,0.0
portfolio_delay15,600219,南山铝业,2025-08-01,10:00,3.5994052894799995,900,5.03239464760532,3.605,3.39,2025-08-29,09:35,3.7162800000000002,盈利保护,6.70577252,93.45,2.8802,28,0.0,False,0.0
portfolio_delay15,600460,士兰微,2025-09-02,13:25,30.007557079499996,100,5.0300075570795,30.058,28.25,2025-09-04,14:15,28.22175,硬止损,6.43930925,-190.05,-6.3228,2,0.0,False,0.0
portfolio_delay15,002396,星网锐捷,2025-09-04,10:00,23.321913114499996,100,5.0233219131145,23.372,21.97,2025-09-09,13:35,21.94803,硬止损,6.11934953,-148.53,-6.355,5,0.0,False,0.0
portfolio_delay15,002156,通富微电,2025-09-05,10:00,30.886289524089996,100,5.03088628952409,30.937,29.08,2025-09-09,09:35,31.83813,盈利保护,6.62374463,83.53,2.7,4,0.0,False,0.0
portfolio_delay15,000938,紫光股份,2025-09-09,10:30,26.753314658069996,100,5.02675331465807,26.804,25.2,2025-09-23,10:15,29.53044,盈利保护,6.50605244,266.18,9.9308,14,0.0,False,0.0
portfolio_delay15,002396,星网锐捷,2025-09-15,11:15,23.80364443457,100,5.02380364443457,23.854,22.42,2025-10-10,09:50,22.39758,硬止损,6.14227658,-151.77,-6.3626,25,0.0,False,0.0
portfolio_delay15,600460,士兰微,2025-09-19,13:35,30.167331093899996,100,5.0301673310939,30.218,28.4,2025-10-10,14:20,31.08888,盈利保护,6.585532880000001,80.54,2.6653,21,0.0,False,0.0
portfolio_delay15,000878,云南铜业,2025-09-23,10:35,14.79551677604,200,5.02959103355208,14.821,13.93,2025-10-13,09:35,18.52151536458,盈利保护,6.88919456718716,733.28,24.7385,20,0.0,False,0.0
portfolio_delay15,600487,亨通光电,2025-10-13,13:10,21.60885058332,100,5.02160885058332,21.659,20.36,2025-10-17,14:35,20.33964,硬止损,6.03732164,-137.98,-6.3705,4,0.0,False,0.0
portfolio_delay15,000938,紫光股份,2025-10-15,10:30,28.00160294932,100,5.02800160294932,28.052,26.37,2025-11-03,10:35,26.34363,硬止损,6.343525130000001,-177.17,-6.3158,19,0.0,False,0.0
portfolio_delay15,000878,云南铜业,2025-10-15,10:50,17.926477268699998,200,5.0358529545374,17.952,16.87,2025-11-03,10:10,16.85313,硬止损,6.71901926,-226.42,-6.3065,19,0.0,False,0.0
portfolio_delay15,600219,南山铝业,2025-10-20,10:10,3.7111484209799994,400,5.01484459368392,3.724,3.5,2025-11-18,09:35,4.67532,盈利保护,5.953765280000001,374.7,25.1565,29,0.0,False,0.0
portfolio_delay15,600522,中天科技,2025-10-23,10:00,16.933639362639997,100,5.01693363936264,16.984,15.96,2025-11-05,09:35,15.906867849360001,硬止损,5.81125026031736,-113.51,-6.6831,13,0.0,False,0.0
portfolio_delay15,600487,亨通光电,2025-11-03,10:25,21.708706639619997,100,5.02170870663962,21.759,20.45,2025-11-12,11:05,20.42955,硬止损,6.041907050000001,-138.98,-6.3872,9,0.0,False,0.0
portfolio_delay15,600988,赤峰黄金,2025-11-04,10:15,28.755842635519997,100,5.02875584263552,28.806,27.08,2025-11-17,09:35,29.640330000000002,盈利保护,6.511656830000001,76.91,2.6699,13,0.0,False,0.0
portfolio_delay15,600522,中天科技,2025-11-11,10:15,17.082878252439997,100,5.01708287825244,17.133,16.11,2025-11-19,10:30,16.09389,硬止损,5.82078839,-109.74,-6.405,8,0.0,False,0.0
portfolio_delay15,000878,云南铜业,2025-11-18,10:55,16.90916202976,200,5.03381832405952,16.934,15.92,2025-11-21,10:40,15.90408,硬止损,6.62221616,-212.67,-6.2793,3,0.0,False,0.0
portfolio_delay15,600219,南山铝业,2025-11-24,10:00,4.37583172026,800,5.03500665376208,4.382,4.12,2025-12-09,10:20,4.60539,盈利保护,6.8789991200000005,171.73,4.8987,15,0.0,False,0.0
portfolio_delay15,600219,南山铝业,2025-12-11,10:50,4.5881611075299995,700,5.03211712775271,4.595,4.32,2026-01-29,10:10,7.632359999999999,盈利保护,7.72475252,2118.18,65.8486,49,0.0,False,0.0
portfolio_delay15,600522,中天科技,2025-12-29,10:00,18.157398258999997,200,5.036314796518,18.183,17.09,2026-01-29,13:55,20.879099999999998,盈利保护,7.1296682,532.17,14.6342,31,0.0,False,0.0
portfolio_delay15,600487,亨通光电,2026-01-15,13:50,24.69440272299,100,5.02469440272299,24.745,23.26,2026-01-22,10:05,27.03294,盈利保护,6.37867994,222.45,8.9898,7,0.0,False,0.0
portfolio_delay15,002396,星网锐捷,2026-01-29,13:15,22.12905460766,200,5.04425810921532,22.154,20.82,2026-02-05,10:55,20.79918,硬止损,7.12151636,-278.14,-6.2774,7,0.0,False,0.0
portfolio_delay15,600988,赤峰黄金,2026-01-30,13:50,42.88064901119999,100,5.0428806490112,42.931,40.36,2026-02-02,09:35,38.51547604992,硬止损,6.96428927854592,-448.52,-10.4475,3,0.0,False,0.0
portfolio_delay15,000878,云南铜业,2026-02-02,10:00,23.576033741259998,100,5.02357603374126,23.626,22.21,2026-02-06,09:35,21.66593441796,硬止损,6.10496265531596,-202.14,-8.5557,4,0.0,False,0.0
portfolio_delay15,600460,士兰微,2026-02-02,13:55,31.0361022972,100,5.0310361022972,31.086,29.22,2026-02-05,10:20,29.19078,硬止损,6.48872978,-196.05,-6.3067,3,0.0,False,0.0
portfolio_delay15,600219,南山铝业,2026-02-03,10:40,6.538616434349999,300,5.01961584930305,6.555,6.16,2026-02-06,09:35,6.11709742935,硬止损,5.93591590669055,-137.41,-6.9872,3,0.0,False,0.0
portfolio_delay15,600460,士兰微,2026-02-10,10:40,31.475480836799996,100,5.0314754808368,31.526,29.63,2026-03-03,13:05,29.600369999999998,硬止损,6.50961887,-199.05,-6.3139,21,0.0,False,0.0
portfolio_delay15,002396,星网锐捷,2026-02-11,10:30,22.19787336767,100,5.02219787336767,22.248,20.91,2026-03-09,10:15,20.88909,硬止损,6.0653435899999995,-141.97,-6.381,26,0.0,False,0.0
portfolio_delay15,000878,云南铜业,2026-02-11,11:00,22.68711751306,100,5.02268711751306,22.737,21.37,2026-03-03,14:10,24.75522,盈利保护,6.26251622,195.53,8.5993,20,0.0,False,0.0
portfolio_delay15,600219,南山铝业,2026-03-06,13:20,7.220737373849999,500,5.03610368686925,7.231,6.8,2026-03-16,10:55,6.7932,硬止损,6.732266,-225.54,-6.2382,10,0.0,False,0.0
portfolio_delay15,000938,紫光股份,2026-03-16,13:20,25.31528654655,100,5.02531528654655,25.366,23.84,2026-03-20,14:45,26.10387,盈利保护,6.33129737,67.5,2.6612,4,0.0,False,0.0
portfolio_delay15,600522,中天科技,2026-03-18,10:00,25.67903830492,100,5.02567903830492,25.729,24.19,2026-03-27,09:35,26.064624285,盈利保护,6.329295838535,27.2,1.0573,9,0.0,False,0.0
portfolio_delay15,000938,紫光股份,2026-05-22,10:20,29.170000789929997,100,5.02917000078993,29.22,27.47,2026-05-26,09:35,30.0699,盈利保护,6.5335649,78.43,2.684,4,0.0,False,0.0
portfolio_delay15,603380,易德龙,2026-05-26,10:00,39.70149258075,100,5.03970149258075,39.752,37.37,2026-05-28,09:35,37.332629999999995,硬止损,6.903964129999999,-248.83,-6.2596,2,0.0,False,0.0
portfolio_delay15,600522,中天科技,2026-05-27,10:00,39.43886394448,100,5.03943886394448,39.489,37.12,2026-06-01,09:35,40.62933,盈利保护,7.07209583,106.94,2.708,5,0.0,False,0.0
portfolio_delay15,600460,士兰微,2026-06-01,10:35,33.632430031199995,100,5.0336324300312,33.683,31.66,2026-06-26,09:35,49.58037,盈利保护,7.52859887,1582.23,46.9745,25,0.0,False,0.0
portfolio_delay15,603380,易德龙,2026-06-01,11:25,36.011762786999995,100,5.036011762787,36.062,33.9,2026-06-05,09:35,33.866099999999996,硬止损,6.7271711,-226.33,-6.2761,4,0.0,False,0.0
portfolio_delay15,600460,士兰微,2026-07-14,10:30,40.9520770659,100,5.0409520770659,41.002,38.54,2026-07-15,14:35,38.50146,硬止损,6.96357446,-257.07,-6.2695,1,0.0,False,0.0
portfolio_delay15,603380,易德龙,2026-07-16,13:50,39.589549999999996,100,5.03958955,39.64,37.26,2026-07-17,09:40,37.222739999999995,硬止损,6.89835974,-248.62,-6.2719,1,0.0,False,0.0
portfolio_delay15,002396,星网锐捷,2026-07-28,10:10,29.699669999999998,100,5.02969967,29.75,27.96,2026-07-29,09:35,27.93204,硬止损,6.424534039999999,-188.22,-6.3266,1,0.0,False,0.0
portfolio_delay15,000938,紫光股份,2026-07-30,13:40,33.6336,100,5.0336336,33.684,31.66,2026-08-05,09:35,34.55541,盈利保护,6.76232591,80.39,2.3865,6,0.0,False,0.0
portfolio_delay15,000938,紫光股份,2026-08-07,11:10,37.667629999999996,100,5.03766763,37.718,35.45,2026-08-18,10:50,38.811150000000005,盈利保护,6.9793686500000005,102.33,2.7132,11,0.0,False,0.0
portfolio_delay15,002396,星网锐捷,2026-08-10,10:45,29.409379999999995,100,5.02940938,29.46,27.69,2026-08-14,11:25,32.20776,盈利保护,6.642595760000001,268.17,9.1028,4,0.0,False,0.0
portfolio_delay15,600988,赤峰黄金,2026-08-14,10:20,38.868829999999996,100,5.03886883,38.919,36.58,2026-08-24,13:15,48.27168,盈利保护,7.46185568,927.78,23.8387,10,0.0,False,0.0
portfolio_delay15,002396,星网锐捷,2026-08-19,10:30,30.610579999999995,100,5.03061058,30.661,28.82,2026-08-21,09:45,30.92904,盈利保护,6.577381040000001,20.24,0.6601,2,0.0,False,0.0
portfolio_delay15,000938,紫光股份,2026-08-20,14:10,35.315279999999994,100,5.03531528,35.366,33.24,2026-09-04,09:40,36.733230000000006,盈利保护,6.873394730000001,129.89,3.6727,15,0.0,False,0.0
portfolio_delay15,600988,赤峰黄金,2026-09-07,13:05,45.105059999999995,100,5.04510506,45.156,42.45,2026-09-11,09:50,42.40755,硬止损,7.16278505,-281.96,-6.2442,4,0.0,False,0.0
portfolio_delay15,002396,星网锐捷,2026-09-11,10:00,34.82478999999999,100,5.03482479,34.875,32.78,,,0.0,,0.0,0.0,0.0,0,0.0,False,0.0
portfolio_delay15,000878,云南铜业,2026-09-14,10:45,16.966949999999997,200,5.0339339,16.992,15.97,,,0.0,,0.0,0.0,0.0,0,0.0,False,0.0
portfolio_100k,600988,赤峰黄金,2023-09-22,10:05,14.614951571219999,2200,8.35975229873784,14.619,13.74,2023-10-09,09:35,13.72626,硬止损,22.95030672,-1986.43,-6.1765,17,0.0,False,0.0
portfolio_100k,000878,云南铜业,2023-09-22,10:10,11.13281832663,2900,8.39414501827902,11.136,10.47,2023-10-20,09:35,10.45953,硬止损,23.05280412,-1983.98,-6.1436,28,0.0,False,0.0
portfolio_100k,603380,易德龙,2023-11-10,09:45,23.094436184819997,1300,7.805919430469159,23.1,21.71,2023-12-08,14:35,21.688290000000002,硬止损,21.42803052,-1857.22,-6.1844,28,0.0,False,0.0
portfolio_100k,002156,通富微电,2023-12-06,10:05,21.780374515899997,1400,7.928056323787599,21.786,20.48,2023-12-15,09:45,22.41756,盈利保护,23.852283840000005,860.28,2.8205,9,0.0,False,0.0
portfolio_100k,002156,通富微电,2023-12-25,09:55,21.6406927737,1400,7.8772121696268,21.646,20.35,2024-01-03,10:00,22.2777,盈利保护,23.7034728,860.23,2.8386,9,0.0,False,0.0
portfolio_100k,002156,通富微电,2024-01-05,09:45,21.4710792296,1400,7.8154728395744,21.477,20.19,2024-01-10,09:40,20.169810000000002,硬止损,21.460677840000002,-1851.05,-6.1564,5,0.0,False,0.0
portfolio_100k,000938,紫光股份,2024-03-14,09:45,23.025910127219998,1300,7.782757623000359,23.032,21.65,2024-03-26,11:10,21.628349999999998,硬止损,21.368809799999998,-1845.98,-6.1653,12,0.0,False,0.0
portfolio_100k,601138,工业富联,2024-03-15,09:45,21.316255760799997,1400,7.7591170969312,21.322,20.04,2024-03-22,11:15,22.74723,盈利保护,24.203052720000002,1971.4,6.6042,7,0.0,False,0.0
portfolio_100k,600522,中天科技,2024-03-27,09:45,13.6303233066,2200,7.7965449313752,13.634,12.82,2024-04-03,10:00,12.80718,硬止损,21.41360496,-1840.13,-6.1349,7,0.0,False,0.0
portfolio_100k,600487,亨通光电,2024-03-27,09:50,12.101506276859999,2500,7.865979079958999,12.105,11.38,2024-04-22,09:35,12.45753,盈利保护,23.669307,858.52,2.837,26,0.0,False,0.0
portfolio_100k,002156,通富微电,2024-03-27,09:55,22.2991924155,100,5.0222991924155,22.349,21.01,2024-04-09,09:45,20.98899,硬止损,6.070438490000001,-142.11,-6.3587,13,0.0,False,0.0
portfolio_100k,601138,工业富联,2024-03-28,09:45,21.269303655599998,1300,7.1890246355928,21.275,20.0,2024-04-10,09:45,19.98,硬止损,19.74024,-1703.02,-6.1576,13,0.0,False,0.0
portfolio_100k,000938,紫光股份,2024-04-03,09:45,20.976742716929998,100,5.02097674271693,21.027,19.77,2024-04-10,09:45,19.75023,硬止损,6.00726173,-133.68,-6.3575,7,0.0,False,0.0
portfolio_100k,600522,中天科技,2024-04-09,09:45,12.82402249128,2300,7.66876544978544,12.827,12.06,2024-04-19,10:15,12.04794,硬止损,21.05979912,-1813.72,-6.1476,10,0.0,False,0.0
portfolio_100k,000878,云南铜业,2024-04-11,10:00,13.23263622681,2100,7.22501937983826,13.236,12.44,2024-04-19,13:50,13.616370000000002,盈利保护,21.731726520000002,776.88,2.795,8,0.0,False,0.0
portfolio_100k,600988,赤峰黄金,2024-04-22,10:45,18.421133440709998,1600,7.663191511335359,18.426,17.32,2024-05-06,09:35,17.226105501150002,硬止损,20.946944289398402,-1940.65,-6.5826,14,0.0,False,0.0
portfolio_100k,601138,工业富联,2024-04-23,09:45,19.579027868399997,1400,7.1267661440976,19.584,18.41,2024-05-09,09:40,22.637340000000002,盈利保护,24.086129760000002,4250.42,15.5024,16,0.0,False,0.0
portfolio_100k,000878,云南铜业,2024-04-24,09:45,12.570531483509999,500,5.06285265741755,12.581,11.83,2024-05-06,09:50,12.947040000000001,盈利保护,8.301495200000002,174.89,2.7803,12,0.0,False,0.0
portfolio_100k,000878,云南铜业,2024-05-08,09:45,13.100215278149998,2300,7.833928736333698,13.104,12.32,2024-05-22,11:25,13.896090000000001,盈利保护,24.29036532,1798.39,5.9671,14,0.0,False,0.0
portfolio_100k,600988,赤峰黄金,2024-05-09,09:45,17.545809961679996,1600,7.299056944058878,17.55,16.5,2024-05-21,09:55,18.061919999999997,盈利保护,21.963294719999997,796.51,2.8365,12,0.0,False,0.0
portfolio_100k,600487,亨通光电,2024-05-23,10:05,14.284064574779999,2200,8.170484936774159,14.288,13.43,2024-05-29,09:35,14.70528,盈利保护,24.587228160000002,893.92,2.8439,6,0.0,False,0.0
portfolio_100k,600219,南山铝业,2024-05-23,10:10,3.2342152842999994,9400,7.904422154829199,3.235,3.04,2024-07-18,10:25,3.35664,盈利保护,23.97983616,1118.91,3.6795,56,0.0,False,0.0
portfolio_100k,600988,赤峰黄金,2024-05-23,11:30,17.004879721829997,100,5.01700487972183,17.055,16.03,2024-06-26,09:35,16.01397,硬止损,5.816712470000001,-109.92,-6.4453,34,0.0,False,0.0
portfolio_100k,000878,云南铜业,2024-05-29,09:45,13.564916865499997,900,5.1220842517894996,13.571,12.76,2024-06-03,14:25,12.74724,硬止损,10.85098316,-751.88,-6.1561,5,0.0,False,0.0
portfolio_100k,600487,亨通光电,2024-06-04,09:45,14.196372500309998,1100,5.15616009750341,14.201,13.35,2024-06-27,09:35,14.61537,盈利保护,13.19922257,442.54,2.833,23,0.0,False,0.0
portfolio_100k,600522,中天科技,2024-06-07,09:55,13.83189851043,100,5.01383189851043,13.882,13.05,2024-06-27,09:35,14.425559999999999,盈利保护,5.73570356,48.62,3.5021,20,0.0,False,0.0
portfolio_100k,603380,易德龙,2024-06-24,09:50,19.324485900719996,300,5.05797345770216,19.341,18.18,2024-06-25,11:20,18.16182,硬止损,7.778758460000001,-361.64,-6.2325,1,0.0,False,0.0
portfolio_100k,600760,中航沈飞,2024-06-24,13:35,39.153833999279996,300,5.11746150199784,39.171,36.82,2024-07-25,10:20,40.309650000000005,盈利保护,11.16737645,330.46,2.8121,31,0.0,False,0.0
portfolio_100k,000938,紫光股份,2024-06-24,14:40,22.124647625079998,300,5.06637394287524,22.142,20.81,2024-07-09,09:35,20.789189999999998,硬止损,8.18074607,-413.88,-6.2309,15,0.0,False,0.0
portfolio_100k,002156,通富微电,2024-07-04,13:20,22.179207790739998,1300,7.49657223327012,22.185,20.85,2024-07-05,10:35,20.829150000000002,硬止损,20.579200200000002,-1783.15,-6.1828,1,0.0,False,0.0
portfolio_100k,000938,紫光股份,2024-07-12,09:50,21.935462969419998,500,5.1096773148471,21.946,20.63,2024-07-23,10:55,23.45652,盈利保护,10.9814126,744.44,6.7844,11,0.0,False,0.0
portfolio_100k,600487,亨通光电,2024-07-18,09:45,14.6550376973,2100,8.0016505827258,14.659,13.78,2024-07-30,14:15,15.0849,盈利保护,24.075500399999996,870.63,2.8282,12,0.0,False,0.0
portfolio_100k,600988,赤峰黄金,2024-07-23,10:30,19.4607914501,400,5.0778431658004,19.473,18.3,2024-07-25,10:45,18.2817,硬止损,8.7294668,-485.44,-6.2321,2,0.0,False,0.0
portfolio_100k,000938,紫光股份,2024-07-29,09:45,22.652373243499998,1400,8.245463860634,22.658,21.3,2024-08-05,13:20,21.2787,硬止损,22.6405368,-1954.03,-6.1599,7,0.0,False,0.0
portfolio_100k,600988,赤峰黄金,2024-08-02,09:45,19.4114736816,1600,8.0751730515456,19.417,18.25,2024-08-06,09:45,18.23175,硬止损,22.169808000000003,-1917.8,-6.1732,4,0.0,False,0.0
portfolio_100k,600460,士兰微,2024-08-07,09:45,20.886583868149998,1400,7.6027165280065985,20.892,19.64,2024-08-16,14:20,19.62036,硬止损,20.876063040000002,-1801.19,-6.1582,9,0.0,False,0.0
portfolio_100k,600760,中航沈飞,2024-08-09,10:20,40.05935253319999,700,7.290802161042399,40.07,37.67,2024-09-20,09:50,37.63233,硬止损,20.02039956,-1726.23,-6.1544,42,0.0,False,0.0
portfolio_100k,600460,士兰微,2024-08-20,09:45,19.769974133909997,1400,7.196270584743239,19.775,18.59,2024-08-22,09:55,18.57141,硬止损,19.75998024,-1704.95,-6.1583,2,0.0,False,0.0
portfolio_100k,600988,赤峰黄金,2024-08-23,09:45,17.9319406266,1600,7.4596873006656,17.937,16.86,2024-09-02,09:35,16.84314,硬止损,20.48125824,-1770.02,-6.1676,10,0.0,False,0.0
portfolio_100k,000878,云南铜业,2024-10-10,09:45,13.112982432549998,2100,7.1596884081723,13.116,12.33,2024-11-22,13:35,12.31767,硬止损,19.65900132,-1696.97,-6.1609,43,0.0,False,0.0
portfolio_100k,600219,南山铝业,2024-10-10,09:50,3.6188246694599995,7600,7.150797546852958,3.62,3.4,2024-10-15,11:15,3.72627,盈利保护,21.522935519999997,787.91,2.8641,5,0.0,False,0.0
portfolio_100k,002396,星网锐捷,2024-10-10,09:55,12.537627802699998,900,5.1128386502243,12.543,11.79,2024-10-11,14:10,11.77821,硬止损,10.40619839,-699.0,-6.1918,1,0.0,False,0.0
portfolio_100k,603380,易德龙,2024-10-11,10:15,21.148715337749998,100,5.02114871533775,21.199,19.93,2024-10-30,13:45,21.808169999999997,盈利保护,6.11221667,54.81,2.5856,19,0.0,False,0.0
portfolio_100k,000938,紫光股份,2024-10-11,14:10,22.931171683419997,100,5.02293117168342,22.981,21.6,2024-11-01,14:45,24.63534,盈利保护,6.256402339999999,159.14,6.9246,21,0.0,False,0.0
portfolio_100k,002156,通富微电,2024-10-11,14:15,22.398803907479998,100,5.02239880390748,22.449,21.1,2024-10-14,09:35,21.0789,硬止损,6.0750239,-143.09,-6.3739,3,0.0,False,0.0
portfolio_100k,600522,中天科技,2024-10-11,14:35,14.270742836349998,400,5.0570829713454,14.283,13.43,2024-10-24,09:35,15.534450000000001,盈利保护,8.1690278,492.26,8.6159,13,0.0,False,0.0
portfolio_100k,600460,士兰微,2024-10-14,09:55,24.186564422019995,100,5.02418656442202,24.237,22.78,2024-10-22,09:35,26.07845261283,盈利保护,6.33000108325433,177.83,7.3374,8,0.0,False,0.0
portfolio_100k,600988,赤峰黄金,2024-10-14,10:05,18.306755667199997,500,5.091533778336,18.317,17.22,2024-10-24,09:35,19.1462810535,盈利保护,9.882301668642501,404.79,4.4198,10,0.0,False,0.0
portfolio_100k,600487,亨通光电,2024-10-15,13:15,16.55330768091,700,5.11587315376637,16.561,15.57,2024-10-24,09:35,16.9815835179,盈利保护,11.0624253158903,283.61,2.4466,9,0.0,False,0.0
portfolio_100k,600760,中航沈飞,2024-10-16,09:45,45.1282878046,200,5.0902565756092,45.154,42.44,2024-10-24,09:50,46.46349,盈利保护,9.739275979999999,252.21,2.7928,8,0.0,False,0.0
portfolio_100k,002396,星网锐捷,2024-10-23,09:45,12.130022804899998,200,5.0242600456098,12.155,11.43,2024-11-14,14:40,13.8861,盈利保护,6.4163822,339.77,13.9766,22,0.0,False,0.0
portfolio_100k,601138,工业富联,2024-10-24,09:45,24.149986120259996,1100,6.906896030394359,24.156,22.71,2024-11-12,13:45,24.85512,盈利保护,20.77888032,747.96,2.8149,19,0.0,False,0.0
portfolio_100k,600219,南山铝业,2024-10-31,10:10,3.6004228259999995,7600,7.114435504175999,3.601,3.38,2024-11-11,09:45,3.80619,盈利保护,21.98455344,1534.73,5.6073,11,0.0,False,0.0
portfolio_100k,600760,中航沈飞,2024-11-13,09:55,52.79566756463999,500,6.863436783403199,52.809,49.64,2024-11-15,15:00,49.590360000000004,硬止损,18.8443368,-1628.36,-6.1669,2,0.0,False,0.0
portfolio_100k,600219,南山铝业,2024-11-13,10:05,3.7504404437499996,1800,5.0675079279875,3.753,3.53,2024-11-22,14:50,3.5264699999999998,硬止损,8.237299460000001,-416.45,-6.1643,9,0.0,False,0.0
portfolio_100k,000938,紫光股份,2024-11-15,09:50,27.07331993366,800,5.63125054620128,27.08,25.46,2024-11-18,09:45,25.434540000000002,硬止损,15.46420032,-1332.12,-6.1489,3,0.0,False,0.0
portfolio_100k,600487,亨通光电,2024-11-15,10:40,17.290977363659998,300,5.05187293209098,17.308,16.27,2024-11-25,14:00,16.25373,硬止损,7.486820690000001,-323.71,-6.2344,10,0.0,False,0.0
portfolio_100k,002156,通富微电,2024-11-18,09:45,30.643639926899997,900,7.170611742894599,30.652,28.81,2024-11-25,13:50,28.78119,硬止损,19.68633396,-1703.06,-6.1735,7,0.0,False,0.0
portfolio_100k,601138,工业富联,2024-11-18,09:50,22.480142955269997,700,5.15736100068689,22.488,21.14,2024-11-25,13:45,21.11886,硬止损,12.53943302,-970.59,-6.1659,7,0.0,False,0.0
portfolio_100k,603380,易德龙,2024-11-18,13:50,21.328021715,100,5.021328021715,21.378,20.1,2024-12-16,13:35,21.99798,盈利保护,6.12189698,55.85,2.6126,28,0.0,False,0.0
portfolio_100k,600522,中天科技,2024-11-25,14:45,15.322783946469997,1700,6.7726705043397395,15.327,14.41,2024-12-05,09:35,15.774209999999998,盈利保护,20.38027932,740.27,2.8411,10,0.0,False,0.0
portfolio_100k,002396,星网锐捷,2024-11-26,09:45,13.111294095899998,1800,6.136085636881199,13.115,12.33,2024-12-25,10:00,14.085899999999999,盈利保护,19.2695112,1728.89,7.3238,29,0.0,False,0.0
portfolio_100k,600487,亨通光电,2024-11-29,09:45,17.00574508633,300,5.05101723525899,17.023,16.0,2024-12-05,10:00,17.51247,盈利保护,7.67940791,139.29,2.7275,6,0.0,False,0.0
portfolio_100k,600460,士兰微,2024-12-03,13:05,28.094698491859997,200,5.05618939698372,28.12,26.43,2024-12-31,11:15,26.40357,硬止损,7.6931641399999995,-350.98,-6.2407,28,0.0,False,0.0
portfolio_100k,002156,通富微电,2024-12-05,09:45,30.81332783529,800,6.40917218974032,30.821,28.97,2024-12-13,11:00,28.941029999999998,硬止损,17.59614624,-1521.84,-6.172,8,0.0,False,0.0
portfolio_100k,600487,亨通光电,2024-12-09,10:00,17.53686725791,700,5.12275807080537,17.544,16.49,2025-01-02,13:40,16.473509999999997,硬止损,10.88104307,-760.35,-6.1913,24,0.0,False,0.0
portfolio_100k,600522,中天科技,2024-12-16,10:20,15.127961518669998,100,5.01512796151867,15.178,14.27,2024-12-25,11:10,14.25573,硬止损,5.72704223,-97.97,-6.4544,9,0.0,False,0.0
portfolio_100k,002156,通富微电,2024-12-24,10:30,29.00665069302,800,6.03338334414816,29.014,27.27,2024-12-31,11:00,29.85012,盈利保护,18.148872960000002,650.59,2.8029,7,0.0,False,0.0
portfolio_100k,000938,紫光股份,2025-01-02,09:45,27.083277020799997,900,6.337486822867199,27.09,25.46,2025-01-03,09:35,25.434540000000002,硬止损,17.397225360000004,-1507.6,-6.1834,1,0.0,False,0.0
portfolio_100k,002396,星网锐捷,2025-01-02,09:50,14.145403071799999,1900,6.987829117469199,14.149,13.3,2025-01-03,09:50,13.286700000000002,硬止损,19.185994800000003,-1657.71,-6.1663,1,0.0,False,0.0
portfolio_100k,603380,易德龙,2025-01-02,10:10,23.11164830975,400,5.092446593239,23.124,21.74,2025-01-03,14:40,21.718259999999997,硬止损,9.43052504,-571.88,-6.1826,1,0.0,False,0.0
portfolio_100k,603380,易德龙,2025-01-07,09:45,22.488794578249998,1100,6.431795249379499,22.495,21.15,2025-02-13,10:15,24.30567,盈利保护,20.31954012,1971.81,7.9688,37,0.0,False,0.0
portfolio_100k,000938,紫光股份,2025-01-24,09:45,26.117439568219996,400,5.10446975827288,26.13,24.56,2025-02-18,10:10,30.039930000000002,盈利保护,11.128145720000001,1552.76,14.856,25,0.0,False,0.0
portfolio_100k,600988,赤峰黄金,2025-02-18,09:45,19.046522194699996,1400,6.932934078870799,19.051,17.91,2025-02-28,14:25,17.89209,硬止损,19.03718376,-1642.18,-6.1569,10,0.0,False,0.0
portfolio_100k,000938,紫光股份,2025-02-28,10:00,30.150059859919995,800,6.27121245086336,30.158,28.35,2025-03-13,13:10,28.32165,硬止损,17.2195632,-1486.22,-6.1602,13,0.0,False,0.0
portfolio_100k,603380,易德龙,2025-02-28,13:15,24.31960706175,1000,6.323097836054999,24.326,22.87,2025-03-31,09:35,22.84713,硬止损,17.3638188,-1496.16,-6.1505,31,0.0,False,0.0
portfolio_100k,002396,星网锐捷,2025-02-28,13:20,16.296651671299998,200,5.0325933033426,16.322,15.34,2025-03-24,13:55,15.32466,硬止损,6.56311532,-205.99,-6.3104,24,0.0,False,0.0
portfolio_100k,000878,云南铜业,2025-03-05,13:05,12.280719340889998,1000,5.1228071934089,12.286,11.55,2025-03-27,09:35,13.1350733784,盈利保护,11.698887422984,837.53,6.8171,22,0.0,False,0.0
portfolio_100k,600988,赤峰黄金,2025-03-11,11:10,18.3758005431,100,5.0183758005431,18.426,17.32,2025-03-26,09:50,20.26971,盈利保护,6.03375521,178.34,9.6787,15,0.0,False,0.0
portfolio_100k,000938,紫光股份,2025-03-17,13:25,29.164308233059998,500,5.1458215411653,29.175,27.42,2025-03-21,13:45,27.392580000000002,硬止损,11.985107900000001,-903.0,-6.1903,4,0.0,False,0.0
portfolio_100k,000878,云南铜业,2025-04-01,09:55,12.542011241759997,2000,6.521845845715198,12.545,11.79,2025-04-07,09:35,11.087547234119999,硬止损,16.853071795862398,-2932.3,-11.6869,6,0.0,False,0.0
portfolio_100k,600988,赤峰黄金,2025-04-08,09:45,20.5951001256,1100,5.8901986359216,20.6,19.36,2025-04-17,09:55,29.600369999999998,盈利保护,24.74590932,9875.16,43.5787,9,0.0,False,0.0
portfolio_100k,600988,赤峰黄金,2025-04-24,09:50,27.864539202499998,900,6.520302173385,27.872,26.2,2025-04-28,09:35,25.928691154200003,硬止损,17.735224749472803,-1766.52,-7.0422,4,0.0,False,0.0
portfolio_100k,600988,赤峰黄金,2025-05-08,09:45,27.0162735843,1000,7.0242311319179995,27.023,25.4,2025-05-12,09:35,25.374599999999997,硬止损,19.284695999999997,-1667.98,-6.1724,4,0.0,False,0.0
portfolio_100k,600988,赤峰黄金,2025-05-14,09:45,25.931282677299997,1000,6.742133496097999,25.938,24.38,2025-05-23,09:35,26.676823473000002,盈利保护,20.274385839480004,718.52,2.7702,9,0.0,False,0.0
portfolio_100k,600760,中航沈飞,2025-05-20,10:20,45.84278875175999,500,5.959562537728798,45.855,43.1,2025-06-19,10:10,52.38756,盈利保护,19.9072728,3246.52,14.16,30,0.0,False,0.0
portfolio_100k,600988,赤峰黄金,2025-06-20,09:45,26.7598211881,1000,6.957553508906,26.767,25.16,2025-06-25,10:25,25.13484,硬止损,19.102478400000003,-1651.04,-6.1682,5,0.0,False,0.0
portfolio_100k,000878,云南铜业,2025-07-07,09:45,12.652240981379999,2100,6.908123575833479,12.656,11.9,2025-07-31,09:35,13.0113891864,盈利保护,20.766177141494403,726.54,2.7337,24,0.0,False,0.0
portfolio_100k,600522,中天科技,2025-07-07,09:50,13.705757795729998,2000,7.126994053779599,13.709,12.89,2025-09-03,09:40,15.37461,盈利保护,23.3694072,3307.21,12.0619,58,0.0,False,0.0
portfolio_100k,603380,易德龙,2025-07-22,10:20,27.707410931199995,200,5.0554148218624,27.733,26.07,2025-07-30,13:05,29.600369999999998,盈利保护,8.01923774,365.52,6.59,8,0.0,False,0.0
portfolio_100k,600219,南山铝业,2025-08-01,09:45,3.6085408358999995,6900,6.473722259604599,3.609,3.39,2025-08-29,09:35,3.7162800000000002,盈利保护,19.488172320000004,717.44,2.8807,28,0.0,False,0.0
portfolio_100k,603380,易德龙,2025-08-04,10:30,28.583106802249997,100,5.02858310680225,28.633,26.92,2025-08-05,09:35,30.1462350885,盈利保护,6.5374579895135,144.75,5.0552,1,0.0,False,0.0
portfolio_100k,600460,士兰微,2025-09-02,13:10,30.257203977,900,7.080185730617999,30.265,28.45,2025-09-04,13:45,28.42155,硬止损,19.4403402,-1678.61,-6.1626,2,0.0,False,0.0
portfolio_100k,002396,星网锐捷,2025-09-04,09:45,23.60483468343,1200,7.36470842123016,23.611,22.19,2025-09-05,09:35,22.64192204337,退出+T+1续退出,20.64943290355344,-1183.51,-4.1771,1,0.0,True,0.0
portfolio_100k,002156,通富微电,2025-09-05,09:45,31.096264299099996,900,7.276525845989399,31.104,29.24,2025-09-09,09:35,32.00796,盈利保护,21.89344464,791.36,2.8269,4,0.0,False,0.0
portfolio_100k,600487,亨通光电,2025-09-08,10:40,19.43198855598,1100,5.557548727010279,19.437,18.27,2025-09-15,13:40,19.99998,盈利保护,16.71998328,602.51,2.818,7,0.0,False,0.0
portfolio_100k,002396,星网锐捷,2025-09-09,09:45,22.46550187882,1200,7.00923658619184,22.471,21.12,2025-09-23,10:35,23.126849999999997,盈利保护,21.0916872,765.52,2.8389,14,0.0,False,0.0
portfolio_100k,000938,紫光股份,2025-09-09,09:50,26.90310925302,300,5.08070932775906,26.92,25.3,2025-09-23,10:15,29.53044,盈利保护,9.51815732,773.6,9.579,14,0.0,False,0.0
portfolio_100k,600460,士兰微,2025-09-16,09:45,30.177316969799996,900,7.0614921709331995,30.185,28.37,2025-10-10,14:45,31.05891,盈利保护,21.24429444,765.13,2.8164,24,0.0,False,0.0
portfolio_100k,600988,赤峰黄金,2025-09-18,14:10,27.445600582399997,100,5.0274456005824,27.496,25.85,2025-10-10,09:45,29.97999,盈利保护,6.52897949,241.88,8.797,22,0.0,False,0.0
portfolio_100k,000878,云南铜业,2025-09-22,10:00,14.963423174699999,700,5.1047439622229,14.971,14.07,2025-10-13,09:35,18.52151536458,盈利保护,11.61218098515506,2473.95,23.6075,21,0.0,False,0.0
portfolio_100k,002396,星网锐捷,2025-09-29,09:45,23.436611047849997,600,5.1406196662871,23.445,22.04,2025-10-13,09:35,21.30645309912,硬止损,11.51977464833072,-1294.76,-9.2041,14,0.0,False,0.0
portfolio_100k,603380,易德龙,2025-10-10,09:45,45.4771496179,600,7.094435340392399,45.489,42.76,2025-10-13,09:35,41.8119443019,硬止损,19.0662466016664,-2225.28,-8.1532,3,0.0,False,0.0
portfolio_100k,600522,中天科技,2025-10-13,10:05,18.127550481039997,1500,7.069744687605598,18.132,17.04,2025-10-17,13:05,17.022959999999998,硬止损,19.406174399999998,-1683.36,-6.1892,4,0.0,False,0.0
portfolio_100k,600487,亨通光电,2025-10-13,11:25,21.658778611469998,1100,6.194410682880419,21.664,20.36,2025-10-17,14:35,20.33964,硬止损,17.00393904,-1474.25,-6.1863,4,0.0,False,0.0
portfolio_100k,000938,紫光股份,2025-10-15,09:45,28.00160294932,600,5.16800961769592,28.01,26.33,2025-11-05,09:35,26.14174567641,硬止损,12.999374176981462,-1134.08,-6.748,21,0.0,False,0.0
portfolio_100k,002156,通富微电,2025-10-15,09:50,40.96507872456999,100,5.04096507872457,41.015,38.55,2025-10-17,09:35,41.09278566042,盈利保护,7.09573206868142,0.63,0.0155,2,0.0,False,0.0
portfolio_100k,000878,云南铜业,2025-10-15,10:45,17.965984656619998,200,5.03593196931324,17.991,16.91,2025-11-03,10:05,16.89309,硬止损,6.72309518,-226.34,-6.2903,19,0.0,False,0.0
portfolio_100k,601138,工业富联,2025-10-17,09:45,61.0371796034,200,5.1220743592068,61.063,57.4,2025-10-23,09:45,62.82711,盈利保护,11.40836522,341.46,2.7959,6,0.0,False,0.0
portfolio_100k,600460,士兰微,2025-10-17,11:30,30.546794378099996,100,5.0305467943781,30.597,28.76,2025-11-03,09:35,31.47849,盈利保护,6.60540299,81.53,2.6647,17,0.0,False,0.0
portfolio_100k,600760,中航沈飞,2025-10-17,13:05,65.79630926869,400,6.842816163943759,65.813,61.86,2025-10-23,10:00,61.79814,硬止损,18.78663456,-1624.9,-6.1724,6,0.0,False,0.0
portfolio_100k,600219,南山铝业,2025-10-20,10:30,3.7019167084899993,200,5.00740383341698,3.727,3.5,2025-11-18,09:35,4.67532,盈利保护,5.47688264,184.2,24.7114,29,0.0,False,0.0
portfolio_100k,600988,赤峰黄金,2025-10-21,09:55,29.351407205119997,100,5.02935140720512,29.402,27.64,2025-10-22,09:35,26.86573329408,硬止损,6.37015239799808,-259.97,-8.8419,1,0.0,False,0.0
portfolio_100k,600522,中天科技,2025-10-22,09:45,17.40125455068,1200,5.429191419812161,17.406,16.36,2025-11-04,13:05,16.34364,硬止损,15.002307680000001,-1289.57,-6.174,13,0.0,False,0.0
portfolio_100k,600988,赤峰黄金,2025-10-29,09:45,28.77569478784,400,5.11510277915136,28.788,27.06,2025-11-17,09:35,29.62035,盈利保护,11.0425514,321.7,2.7937,19,0.0,False,0.0
portfolio_100k,601138,工业富联,2025-11-03,09:45,69.382798485,300,5.41185828183,69.401,65.24,2025-11-07,09:55,71.40852000000001,盈利保护,16.281142560000003,586.02,2.8147,4,0.0,False,0.0
portfolio_100k,002156,通富微电,2025-11-03,09:50,41.07506551148,100,5.04107506551148,41.125,38.66,2025-11-12,09:35,38.25880044246,硬止损,6.95119882256546,-293.62,-7.1396,9,0.0,False,0.0
portfolio_100k,600487,亨通光电,2025-11-03,10:10,21.77860587903,300,5.06533581763709,21.795,20.49,2025-11-12,11:05,20.46951,硬止损,8.13183503,-405.93,-6.2081,9,0.0,False,0.0
portfolio_100k,000878,云南铜业,2025-11-06,09:45,16.899285182779998,800,5.13519428146224,16.906,15.89,2025-11-21,10:50,15.87411,硬止损,11.476636880000001,-836.75,-6.1869,15,0.0,False,0.0
portfolio_100k,600522,中天科技,2025-11-11,10:00,17.132624549039996,1200,5.345378859300478,17.137,16.11,2025-11-19,10:30,16.09389,硬止损,14.84946068,-1266.68,-6.1595,8,0.0,False,0.0
portfolio_100k,601138,工业富联,2025-11-12,10:20,67.30623529629999,100,5.0673062352963,67.357,63.32,2025-11-14,14:50,63.25668,硬止损,8.22609068,-418.25,-6.2094,2,0.0,False,0.0
portfolio_100k,002156,通富微电,2025-11-14,10:35,38.465379022069996,200,5.07693075804414,38.491,36.18,2025-11-21,09:35,35.923756284,硬止损,8.664223140968,-522.07,-6.7817,7,0.0,False,0.0
portfolio_100k,600219,南山铝业,2025-11-24,09:45,4.412758570219999,5800,6.6544399238917595,4.414,4.15,2025-12-09,10:20,4.60539,盈利保护,20.30055912,1090.31,4.2589,15,0.0,False,0.0
portfolio_100k,600219,南山铝业,2025-12-11,10:35,4.5881611075299995,5600,6.68036257256368,4.589,4.31,2026-01-29,10:10,7.632359999999999,盈利保护,32.483324159999995,17008.35,66.1794,49,0.0,False,0.0
portfolio_100k,600522,中天科技,2025-12-26,11:25,18.147448999679995,1300,6.133837761891838,18.152,17.06,2026-01-29,13:55,20.879099999999998,盈利保护,20.6285508,3524.38,14.9352,34,0.0,False,0.0
portfolio_100k,600487,亨通光电,2025-12-30,10:30,24.564589849799997,200,5.0491291796996,24.59,23.11,2026-01-22,10:05,27.03294,盈利保护,7.757359879999999,480.86,9.7777,23,0.0,False,0.0
portfolio_100k,002396,星网锐捷,2026-01-22,10:20,21.57085799869,200,5.04314171599738,21.596,20.3,2026-02-25,14:30,22.21776,盈利保护,7.266211520000001,117.07,2.7105,34,0.0,False,0.0
portfolio_100k,002156,通富微电,2026-01-27,09:45,50.763901558369994,200,5.10152780311674,50.789,47.74,2026-01-29,11:15,52.257690000000004,盈利保护,10.33028438,283.33,2.7892,2,0.0,False,0.0
portfolio_100k,600988,赤峰黄金,2026-01-30,13:30,42.88064901119999,700,7.804278120038399,42.892,40.32,2026-02-02,09:35,38.51547604992,硬止损,20.49023325855744,-3083.92,-10.2714,3,0.0,False,0.0
portfolio_100k,000878,云南铜业,2026-02-02,09:45,23.576033741259998,1300,7.96869940454588,23.582,22.17,2026-02-06,09:35,21.66593441796,硬止损,21.405943204944478,-2512.5,-8.1956,4,0.0,False,0.0
portfolio_100k,002156,通富微电,2026-02-02,09:50,49.52405050592999,500,6.438126565770899,49.537,46.56,2026-02-05,10:05,46.51344,硬止损,17.6751072,-1529.42,-6.1749,3,0.0,False,0.0
portfolio_100k,603380,易德龙,2026-02-02,09:55,37.782833088,100,5.037782833088,37.833,35.56,2026-03-04,11:05,35.524440000000006,硬止损,6.81174644,-237.69,-6.2825,30,0.0,False,0.0
portfolio_100k,600460,士兰微,2026-02-02,14:30,30.886314158699996,100,5.0308863141587,30.937,29.08,2026-03-03,13:55,29.050919999999998,硬止损,6.48159692,-195.05,-6.3049,29,0.0,False,0.0
portfolio_100k,600219,南山铝业,2026-02-03,09:45,6.519127264649999,2300,5.14993992708695,6.521,6.13,2026-02-06,09:35,6.11709742935,硬止损,12.17535528462755,-941.99,-6.2803,3,0.0,False,0.0
portfolio_100k,002156,通富微电,2026-02-10,10:40,48.56416582017,600,7.576009867946519,48.577,45.66,2026-02-27,09:35,49.97997,盈利保护,22.790866320000003,819.12,2.8104,17,0.0,False,0.0
portfolio_100k,000878,云南铜业,2026-02-11,09:45,22.627856431179996,800,5.18102285144944,22.634,21.28,2026-03-03,14:10,24.75522,盈利保护,15.100129759999998,1681.61,9.2868,20,0.0,False,0.0
portfolio_100k,600219,南山铝业,2026-02-13,10:30,6.675040622249999,100,5.00667504062225,6.725,6.32,2026-03-06,09:35,7.23276,盈利保护,5.36887076,45.4,6.7503,21,0.0,False,0.0
portfolio_100k,002156,通富微电,2026-03-04,09:45,48.84413218684999,600,7.619684621148599,48.857,45.93,2026-03-09,09:35,45.88407,硬止损,20.92313592,-1804.58,-6.156,5,0.0,False,0.0
portfolio_100k,600522,中天科技,2026-03-06,09:45,27.161477943599998,1100,7.768182691869599,27.169,25.54,2026-03-09,09:35,25.51446,硬止损,21.33008856,-1840.82,-6.1596,3,0.0,False,0.0
portfolio_100k,600988,赤峰黄金,2026-03-09,09:45,38.46354511999999,700,7.000365211839998,38.474,36.17,2026-03-16,09:35,39.83013,盈利保护,21.18962916,928.42,3.4473,7,0.0,False,0.0
portfolio_100k,000878,云南铜业,2026-03-13,09:45,22.785885982859998,1300,7.70162946220668,22.792,21.42,2026-03-16,09:35,21.398580000000003,硬止损,21.141797040000004,-1832.34,-6.1842,3,0.0,False,0.0
portfolio_100k,002156,通富微电,2026-03-13,09:50,46.05446731885999,200,5.09210893463772,46.08,43.32,2026-03-23,09:35,43.24821103746,硬止损,9.41131752582092,-575.75,-6.2473,10,0.0,False,0.0
portfolio_100k,000938,紫光股份,2026-03-16,10:15,25.325272852879994,1100,7.243028035923679,25.332,23.81,2026-03-20,14:50,26.06391,盈利保护,21.78942876,783.47,2.8117,4,0.0,False,0.0
portfolio_100k,600487,亨通光电,2026-03-17,09:45,45.04506699693,500,5.8558587096009,45.057,42.35,2026-03-18,09:55,42.30765,硬止损,16.076907000000002,-1390.64,-6.1728,1,0.0,False,0.0
portfolio_100k,600522,中天科技,2026-03-17,09:50,27.00228979448,200,5.05400457958896,27.028,25.41,2026-03-20,14:10,25.38459,硬止损,7.589228179999999,-336.18,-6.2193,3,0.0,False,0.0
portfolio_100k,600988,赤峰黄金,2026-03-18,09:45,39.56533957375999,600,6.172192973506559,39.576,37.2,2026-03-23,09:35,36.39553986816,硬止损,16.59636617988096,-1924.65,-8.1054,5,0.0,False,0.0
portfolio_100k,600487,亨通光电,2026-03-23,11:00,42.059370913559995,600,6.56126186251536,42.07,39.55,2026-04-01,09:40,50.679269999999995,盈利保护,23.109747119999998,5142.27,20.3717,9,0.0,False,0.0
portfolio_100k,600522,中天科技,2026-03-27,09:45,26.146653492959995,1100,7.477942898986559,26.153,24.58,2026-04-01,09:40,28.71126,盈利保护,24.002613359999998,2789.59,9.6966,5,0.0,False,0.0
portfolio_100k,600487,亨通光电,2026-04-15,10:55,52.30460228993999,500,6.799598297692199,52.318,49.18,2026-04-28,09:40,69.01092,盈利保护,26.224149599999997,8320.14,31.8059,13,0.0,False,0.0
portfolio_100k,600487,亨通光电,2026-04-30,09:50,64.28732904593998,500,8.357352775972197,64.304,60.45,2026-05-11,09:55,73.78614,盈利保护,28.038733200000003,4713.01,14.6585,11,0.0,False,0.0
portfolio_100k,600487,亨通光电,2026-05-19,09:45,68.72093794566,500,8.9337219329358,68.739,64.61,2026-05-21,09:40,72.40752,盈利保护,27.514857600000003,1806.84,5.2571,2,0.0,False,0.0
portfolio_100k,601138,工业富联,2026-05-22,09:45,64.51699974719999,500,8.387209967135998,64.534,60.66,2026-05-29,14:20,72.71721000000001,盈利保护,27.632539800000004,4064.09,12.5952,7,0.0,False,0.0
portfolio_100k,000938,紫光股份,2026-05-22,10:05,29.659329800099997,800,6.169140598420799,29.667,27.89,2026-05-27,13:50,27.855958507649998,硬止损,16.9364227726512,-1465.8,-6.1761,5,0.0,False,0.0
portfolio_100k,603380,易德龙,2026-05-26,10:00,39.70149258075,800,8.257910456796,39.712,37.33,2026-05-28,09:35,37.29267,硬止损,22.673943360000003,-1957.99,-6.1631,2,0.0,False,0.0
portfolio_100k,600522,中天科技,2026-05-27,09:55,39.24982801739999,100,5.0392498280174,39.3,36.94,2026-06-01,09:35,40.439519999999995,盈利保护,7.062415519999999,106.87,2.7193,5,0.0,False,0.0
portfolio_100k,002156,通富微电,2026-05-29,10:05,67.5675,500,8.783774999999999,67.585,63.53,2026-06-01,09:40,63.46647,硬止损,24.1172586,-2083.42,-6.1653,3,0.0,False,0.0
portfolio_100k,603380,易德龙,2026-06-01,09:55,36.35613756775,900,8.507336190853499,36.366,34.18,2026-06-05,09:35,34.14582,硬止损,23.35574088,-2021.15,-6.1754,4,0.0,False,0.0
portfolio_100k,600460,士兰微,2026-06-01,10:20,34.031865067199995,900,7.963456425724799,34.041,32.0,2026-06-08,09:35,31.8411274995,硬止损,21.779331209658004,-2001.41,-6.5327,7,0.0,False,0.0
portfolio_100k,002396,星网锐捷,2026-06-01,14:05,22.072049999999997,1000,5.738732999999999,22.078,20.75,2026-06-08,09:35,20.5794,硬止损,15.640344000000002,-1514.03,-6.8577,7,0.0,False,0.0
portfolio_100k,601138,工业富联,2026-06-05,14:25,73.26439664544,400,7.61949725112576,73.283,68.89,2026-06-08,09:35,68.82111,硬止损,20.921617440000002,-1805.86,-6.1605,3,0.0,False,0.0
portfolio_100k,002156,通富微电,2026-06-08,09:45,64.04397999999999,500,8.325717399999998,64.061,60.22,2026-06-10,13:55,60.15978,硬止损,22.8607164,-1973.29,-6.1607,2,0.0,False,0.0
portfolio_100k,601138,工业富联,2026-06-10,09:45,72.42330078983998,400,7.532023282143359,72.442,68.1,2026-06-11,11:25,68.0319,硬止损,20.6816976,-1784.77,-6.1593,1,0.0,False,0.0
portfolio_100k,600460,士兰微,2026-06-10,10:00,33.951978059999995,500,5.1697598903,33.962,31.92,2026-06-26,09:35,49.58037,盈利保护,18.8405406,7790.19,45.8755,16,0.0,False,0.0
portfolio_100k,603380,易德龙,2026-06-18,09:45,37.22718999999999,800,7.743255519999998,37.237,35.0,2026-06-24,09:35,41.92803,盈利保护,25.492242239999996,3727.44,12.5126,6,0.0,False,0.0
portfolio_100k,601138,工业富联,2026-06-24,09:45,73.44251106192,400,7.63802115043968,73.462,69.05,2026-06-29,09:35,68.43703925519999,硬止损,20.804859933580797,-2030.63,-6.9105,5,0.0,False,0.0
portfolio_100k,600522,中天科技,2026-07-02,10:10,53.25838513996,600,8.30830808183376,53.272,50.08,2026-07-03,09:55,50.02992,硬止损,22.81364352,-1968.2,-6.1577,1,0.0,False,0.0
portfolio_100k,600460,士兰微,2026-07-03,09:50,48.4914133704,700,8.825437233412801,48.504,45.59,2026-07-06,10:35,45.544410000000006,硬止损,24.229626120000006,-2095.96,-6.1731,3,0.0,False,0.0
portfolio_100k,002156,通富微电,2026-07-03,09:55,64.76469999999999,500,8.419410999999998,64.782,60.9,2026-07-10,14:30,72.14778,盈利保护,27.4161564,3655.7,11.2863,7,0.0,False,0.0
portfolio_100k,600522,中天科技,2026-07-07,09:45,47.89573436647999,400,5.19158293746592,47.909,45.03,2026-07-08,10:05,44.984970000000004,硬止损,14.17693388,-1183.67,-6.1767,1,0.0,False,0.0
portfolio_100k,600460,士兰微,2026-07-14,09:45,41.29159684649999,800,8.588652144071997,41.302,38.82,2026-07-15,13:10,38.78118,硬止损,23.578957440000003,-2040.5,-6.1755,1,0.0,False,0.0
portfolio_100k,603380,易德龙,2026-07-16,13:35,39.90986999999999,800,8.301252959999998,39.92,37.52,2026-07-17,09:40,37.48248,硬止损,22.78934784,-1973.0,-6.178,1,0.0,False,0.0
portfolio_100k,002156,通富微电,2026-07-17,13:10,68.61854999999998,400,7.136329199999999,68.636,64.52,2026-07-20,13:40,64.45548,硬止损,19.594465919999998,-1691.96,-6.1628,3,0.0,False,0.0
portfolio_100k,002396,星网锐捷,2026-07-28,09:55,29.759729999999998,1100,8.51128278,29.767,27.98,2026-07-29,09:35,27.95202,硬止损,23.36788872,-2020.36,-6.1701,1,0.0,False,0.0
portfolio_100k,000938,紫光股份,2026-07-30,13:25,33.6336,900,7.8702624000000005,33.642,31.62,2026-08-05,09:35,34.55541,盈利保护,23.63590044,798.12,2.636,6,0.0,False,0.0
portfolio_100k,002396,星网锐捷,2026-08-07,09:45,28.53851,1100,8.16201386,28.546,26.83,2026-08-12,09:35,29.3706,盈利保护,24.5538216,882.58,2.8107,5,0.0,False,0.0
portfolio_100k,000938,紫光股份,2026-08-07,09:50,37.6376,800,7.8286208,37.647,35.39,2026-08-18,10:50,38.74122,盈利保护,23.55466176,851.51,2.8273,11,0.0,False,0.0
portfolio_100k,600988,赤峰黄金,2026-08-14,09:50,38.81878,800,8.07430624,38.829,36.5,2026-08-24,13:15,48.27168,盈利保护,29.349181440000002,7524.9,24.2246,10,0.0,False,0.0
portfolio_100k,002396,星网锐捷,2026-08-19,10:15,30.840809999999994,1100,8.820471659999999,30.849,29.0,2026-08-24,11:05,31.738229999999998,盈利保护,26.53316028,951.81,2.8049,5,0.0,False,0.0
portfolio_100k,000938,紫光股份,2026-08-20,09:45,35.37534,200,5.07075068,35.401,33.28,2026-09-04,09:40,36.733230000000006,盈利保护,8.74678946,257.76,3.6406,15,0.0,False,0.0
portfolio_100k,600988,赤峰黄金,2026-09-02,09:55,44.72467999999999,800,9.302733439999999,44.736,42.05,,,0.0,,0.0,0.0,0.0,0,0.0,False,0.0
portfolio_100k,002396,星网锐捷,2026-09-11,09:45,35.18514999999999,1000,9.148138999999999,35.194,33.08,,,0.0,,0.0,0.0,0.0,0,0.0,False,0.0
portfolio_100k,000878,云南铜业,2026-09-14,09:45,16.92691,600,5.10156146,16.935,15.92,,,0.0,,0.0,0.0,0.0,0,0.0,False,0.0
portfolio_slip0,600988,赤峰黄金,2023-09-22,10:05,14.60035122,300,5.04380105366,14.617,13.74,2023-10-09,09:35,13.74,硬止损,7.10222,-270.25,-6.1629,17,0.0,False,0.0
portfolio_slip0,000878,云南铜业,2023-09-22,10:10,11.12169663,400,5.04448678652,11.134,10.47,2023-10-20,09:35,10.47,硬止损,7.13588,-272.86,-6.1265,28,0.0,False,0.0
portfolio_slip0,603380,易德龙,2023-11-10,09:45,23.07136482,100,5.02307136482,23.122,21.73,2023-12-08,14:35,21.73,硬止损,6.10823,-145.27,-6.2828,28,0.0,False,0.0
portfolio_slip0,002156,通富微电,2023-12-06,10:05,21.7586159,200,5.0435172318,21.784,20.48,2023-12-15,09:45,22.44,盈利保护,7.288880000000001,123.94,2.8449,9,0.0,False,0.0
portfolio_slip0,002156,通富微电,2023-12-25,09:55,21.6190737,200,5.0432381474,21.644,20.35,2024-01-03,10:00,22.29,盈利保护,7.27358,121.87,2.8153,9,0.0,False,0.0
portfolio_slip0,002156,通富微电,2024-01-05,09:45,21.4496296,200,5.0428992592,21.475,20.19,2024-01-10,09:40,20.19,硬止损,7.05938,-264.03,-6.1474,5,0.0,False,0.0
portfolio_slip0,000938,紫光股份,2024-03-14,09:45,23.00290722,100,5.02300290722,23.053,21.67,2024-03-26,11:10,21.67,硬止损,6.10517,-144.42,-6.2646,12,0.0,False,0.0
portfolio_slip0,601138,工业富联,2024-03-15,09:45,21.2949608,200,5.0425899216,21.32,20.04,2024-03-22,11:15,22.77,盈利保护,7.32254,282.64,6.6285,7,0.0,False,0.0
portfolio_slip0,600522,中天科技,2024-03-27,09:45,13.6167066,300,5.0408501198,13.634,12.82,2024-04-03,10:00,12.82,硬止损,6.96146,-251.01,-6.1372,7,0.0,False,0.0
portfolio_slip0,600487,亨通光电,2024-03-27,09:50,12.08941686,300,5.03626825058,12.106,11.38,2024-04-22,09:35,12.47,盈利保护,6.90791,102.23,2.8148,26,0.0,False,0.0
portfolio_slip0,601138,工业富联,2024-03-28,09:45,21.2480556,200,5.0424961112,21.273,20.0,2024-04-10,09:45,20.0,硬止损,7.04,-261.69,-6.1508,13,0.0,False,0.0
portfolio_slip0,000938,紫光股份,2024-04-03,10:35,20.81733435,100,5.02081733435,20.868,19.62,2024-04-10,10:35,19.62,硬止损,6.00062,-130.75,-6.2659,7,0.0,False,0.0
portfolio_slip0,600522,中天科技,2024-04-09,09:45,12.81121128,200,5.02562242256,12.836,12.07,2024-04-19,10:15,12.07,硬止损,6.23114,-159.5,-6.2128,10,0.0,False,0.0
portfolio_slip0,000878,云南铜业,2024-04-11,10:00,13.21941681,300,5.03965825043,13.236,12.44,2024-04-19,13:50,13.63,盈利保护,7.08539,111.05,2.7966,8,0.0,False,0.0
portfolio_slip0,600988,赤峰黄金,2024-04-22,10:45,18.40273071,200,5.03680546142,18.428,17.32,2024-05-06,09:35,17.24334885,硬止损,6.7588215827,-243.67,-6.6115,14,0.0,False,0.0
portfolio_slip0,601138,工业富联,2024-04-23,09:45,19.5594684,200,5.0391189368,19.585,18.41,2024-05-09,09:40,22.66,盈利保护,7.31132,607.76,15.5161,16,0.0,False,0.0
portfolio_slip0,000878,云南铜业,2024-04-24,14:25,12.90759354,200,5.02581518708,12.933,12.16,2024-05-22,11:25,13.91,盈利保护,6.41882,189.04,7.3085,28,0.0,False,0.0
portfolio_slip0,600988,赤峰黄金,2024-05-09,09:45,17.52828168,200,5.03505656336,17.553,16.5,2024-05-21,09:55,18.08,盈利保护,6.84416,98.46,2.8047,12,0.0,False,0.0
portfolio_slip0,600487,亨通光电,2024-05-23,10:05,14.26979478,300,5.04280938434,14.287,13.43,2024-05-29,09:35,14.72,盈利保护,7.25216,122.77,2.8644,6,0.0,False,0.0
portfolio_slip0,600219,南山铝业,2024-05-23,10:10,3.2309843,1300,5.0420027959,3.235,3.04,2024-07-18,10:25,3.36,盈利保护,7.22768,155.45,3.6965,56,0.0,False,0.0
portfolio_slip0,600988,赤峰黄金,2024-05-28,14:05,17.14509615,100,5.01714509615,17.195,16.16,2024-06-11,09:50,16.16,硬止损,5.82416,-109.35,-6.3594,14,0.0,False,0.0
portfolio_slip0,000878,云南铜业,2024-06-04,09:50,12.9147889,100,5.0129147889,12.965,12.19,2024-06-24,09:35,12.19,硬止损,5.62169,-83.11,-6.4106,20,0.0,False,0.0
portfolio_slip0,600487,亨通光电,2024-06-11,09:45,13.99724754,200,5.02799449508,14.022,13.18,2024-06-27,09:35,14.48,盈利保护,6.47696,85.05,3.0325,16,0.0,False,0.0
portfolio_slip0,600522,中天科技,2024-06-14,09:45,13.82766966,100,5.01382766966,13.878,13.05,2024-06-27,09:35,14.44,盈利保护,5.73644,50.48,3.6377,13,0.0,False,0.0
portfolio_slip0,000938,紫光股份,2024-06-25,10:50,21.40624528,100,5.02140624528,21.456,20.17,2024-07-23,10:55,23.48,盈利保护,6.1974800000000005,196.16,9.1421,28,0.0,False,0.0
portfolio_slip0,600760,中航沈飞,2024-07-04,10:55,38.97706064,100,5.03897706064,39.027,36.69,2024-08-08,10:45,40.21,盈利保护,7.0507100000000005,111.2,2.8494,35,0.0,False,0.0
portfolio_slip0,600487,亨通光电,2024-07-18,09:45,14.6403973,100,5.0146403973,14.691,13.81,2024-07-30,10:00,15.13,盈利保护,5.77163,38.17,2.5985,12,0.0,False,0.0
portfolio_slip0,600219,南山铝业,2024-07-22,09:45,3.32704059,100,5.00332704059,3.377,3.17,2024-07-23,10:30,3.17,硬止损,5.16167,-25.87,-7.6602,1,0.0,False,0.0
portfolio_slip0,600988,赤峰黄金,2024-07-23,10:30,19.4413501,200,5.0388827002,19.467,18.3,2024-07-25,10:45,18.3,硬止损,6.8666,-240.18,-6.1689,2,0.0,False,0.0
portfolio_slip0,000938,紫光股份,2024-07-29,09:45,22.6297435,100,5.0226297435,22.68,21.32,2024-08-05,13:20,21.32,硬止损,6.08732,-142.08,-6.2647,7,0.0,False,0.0
portfolio_slip0,600988,赤峰黄金,2024-08-02,09:45,19.3920816,100,5.0193920816,19.442,18.28,2024-08-06,09:45,18.28,硬止损,5.9322799999999996,-122.16,-6.2832,4,0.0,False,0.0
portfolio_slip0,600460,士兰微,2024-08-07,09:45,20.86571815,200,5.0417314363,20.891,19.64,2024-08-16,14:20,19.64,硬止损,7.00328,-257.19,-6.1555,9,0.0,False,0.0
portfolio_slip0,600760,中航沈飞,2024-08-12,10:15,40.02916596,100,5.04002916596,40.08,37.68,2024-09-20,09:50,37.68,硬止损,6.92168,-246.88,-6.1597,39,0.0,False,0.0
portfolio_slip0,600460,士兰微,2024-08-20,09:45,19.75022391,200,5.03950044782,19.775,18.59,2024-08-22,09:55,18.59,硬止损,6.89618,-243.98,-6.1688,2,0.0,False,0.0
portfolio_slip0,600988,赤峰黄金,2024-08-23,09:45,17.9140266,200,5.0358280532,17.939,16.86,2024-09-02,09:35,16.86,硬止损,6.71972,-222.56,-6.2032,10,0.0,False,0.0
portfolio_slip0,000878,云南铜业,2024-10-10,09:45,13.09988255,300,5.03929964765,13.117,12.33,2024-11-22,13:35,12.33,硬止损,6.88649,-242.89,-6.1726,43,0.0,False,0.0
portfolio_slip0,600219,南山铝业,2024-10-10,09:50,3.61520946,1100,5.03976730406,3.62,3.4,2024-10-15,11:15,3.73,盈利保护,7.09253,114.14,2.8665,5,0.0,False,0.0
portfolio_slip0,002396,星网锐捷,2024-10-10,09:55,12.5251027,100,5.0125251027,12.575,11.82,2024-10-11,14:10,11.82,硬止损,5.60282,-81.13,-6.4512,1,0.0,False,0.0
portfolio_slip0,600522,中天科技,2024-10-11,14:35,14.25648635,100,5.01425648635,14.307,13.45,2024-10-24,09:35,15.55,盈利保护,5.79305,118.54,8.286,13,0.0,False,0.0
portfolio_slip0,600460,士兰微,2024-10-14,10:25,23.55485605,100,5.02355485605,23.605,22.19,2024-10-16,09:35,24.0030457,盈利保护,6.2241553307,33.57,1.4222,2,0.0,False,0.0
portfolio_slip0,603380,易德龙,2024-10-15,13:15,21.344426,100,5.021344426,21.395,20.11,2024-10-30,13:25,22.04,盈利保护,6.12404,58.41,2.7302,15,0.0,False,0.0
portfolio_slip0,000938,紫光股份,2024-10-16,09:45,23.15694192,100,5.02315694192,23.207,21.81,2024-11-01,14:45,24.66,盈利保护,6.25766,139.02,5.9906,16,0.0,False,0.0
portfolio_slip0,600487,亨通光电,2024-10-16,13:25,16.13391434,100,5.01613391434,16.184,15.21,2024-10-24,09:35,16.95,盈利保护,5.86445,70.73,4.3702,8,0.0,False,0.0
portfolio_slip0,601138,工业富联,2024-10-24,09:45,24.12586026,100,5.02412586026,24.176,22.73,2024-11-12,13:40,24.9,盈利保护,6.2699,66.12,2.7349,19,0.0,False,0.0
portfolio_slip0,600219,南山铝业,2024-10-31,10:10,3.596826,1000,5.03596826,3.602,3.39,2024-11-11,09:45,3.81,盈利保护,6.9431,201.19,5.5859,11,0.0,False,0.0
portfolio_slip0,600219,南山铝业,2024-11-13,10:05,3.74669375,1100,5.04121363125,3.751,3.53,2024-11-22,14:50,3.53,硬止损,6.98033,-250.38,-6.0679,9,0.0,False,0.0
portfolio_slip0,600487,亨通光电,2024-11-15,10:35,17.21474904,100,5.01721474904,17.265,16.23,2024-11-25,14:05,16.23,硬止损,5.82773,-109.32,-6.3319,10,0.0,False,0.0
portfolio_slip0,002396,星网锐捷,2024-11-15,14:30,13.6562077,100,5.0136562077,13.706,12.88,2024-11-25,10:00,12.88,硬止损,5.65688,-88.29,-6.4416,10,0.0,False,0.0
portfolio_slip0,600522,中天科技,2024-11-19,09:55,15.62861234,100,5.01562861234,15.679,14.74,2024-12-19,11:05,14.74,硬止损,5.75174,-99.63,-6.3544,30,0.0,False,0.0
portfolio_slip0,002156,通富微电,2024-11-22,14:30,30.23410344,100,5.03023410344,30.284,28.47,2024-11-27,09:40,28.47,硬止损,6.45197,-187.89,-6.2043,5,0.0,False,0.0
portfolio_slip0,603380,易德龙,2024-11-26,10:45,21.5518365,100,5.0215518365,21.602,20.31,2024-12-25,09:35,23.31482575,盈利保护,6.18905611325,165.09,7.6423,29,0.0,False,0.0
portfolio_slip0,600460,士兰微,2024-11-26,11:15,26.98101693,100,5.02698101693,27.031,25.41,2024-12-05,09:35,27.84,盈利保护,6.419840000000001,74.45,2.7543,9,0.0,False,0.0
portfolio_slip0,600487,亨通光电,2024-11-29,09:45,16.98875633,100,5.01698875633,17.039,16.02,2024-12-05,10:00,17.55,盈利保护,5.89505,45.21,2.6535,6,0.0,False,0.0
portfolio_slip0,002396,星网锐捷,2024-12-04,09:55,13.0001668,100,5.0130001668,13.05,12.27,2024-12-25,10:00,14.1,盈利保护,5.7191,99.25,7.6053,21,0.0,False,0.0
portfolio_slip0,002156,通富微电,2024-12-05,09:55,30.40362183,100,5.03040362183,30.454,28.63,2024-12-16,11:25,28.63,硬止损,6.4601299999999995,-188.85,-6.2013,11,0.0,False,0.0
portfolio_slip0,002156,通富微电,2024-12-24,10:30,28.97767302,100,5.02897767302,29.028,27.29,2024-12-31,11:00,29.9,盈利保护,6.5249,80.68,2.7793,7,0.0,False,0.0
portfolio_slip0,000938,紫光股份,2025-01-02,09:45,27.0562208,100,5.0270562208,27.106,25.48,2025-01-03,09:35,25.48,硬止损,6.29948,-168.95,-6.2328,1,0.0,False,0.0
portfolio_slip0,002396,星网锐捷,2025-01-02,09:50,14.1312718,200,5.0282625436,14.156,13.31,2025-01-03,09:50,13.31,硬止损,6.357620000000001,-175.64,-6.2036,1,0.0,False,0.0
portfolio_slip0,603380,易德龙,2025-01-02,10:10,23.08855975,100,5.02308855975,23.139,21.75,2025-01-03,14:40,21.75,硬止损,6.10925,-144.99,-6.266,1,0.0,False,0.0
portfolio_slip0,603380,易德龙,2025-01-07,09:45,22.46632825,100,5.02246632825,22.517,21.17,2025-01-13,09:45,21.17,硬止损,6.07967,-140.73,-6.2503,6,0.0,False,0.0
portfolio_slip0,603380,易德龙,2025-01-15,09:45,22.3437675,100,5.0223437675,22.394,21.05,2025-02-13,10:15,24.33,盈利保护,6.24083,187.36,8.3665,29,0.0,False,0.0
portfolio_slip0,000938,紫光股份,2025-01-24,09:45,26.09134822,100,5.02609134822,26.142,24.57,2025-02-18,10:10,30.07,盈利保护,6.53357,386.31,14.7774,25,0.0,False,0.0
portfolio_slip0,600988,赤峰黄金,2025-02-18,09:45,19.0274947,200,5.0380549894,19.053,17.91,2025-02-28,14:25,17.91,硬止损,6.8268200000000006,-235.36,-6.1767,10,0.0,False,0.0
portfolio_slip0,000938,紫光股份,2025-02-28,10:00,30.11993992,100,5.03011993992,30.17,28.36,2025-03-13,13:10,28.36,硬止损,6.44636,-187.47,-6.2138,13,0.0,False,0.0
portfolio_slip0,603380,易德龙,2025-02-28,13:15,24.29531175,100,5.02429531175,24.346,22.89,2025-03-31,09:35,22.89,硬止损,6.16739,-151.72,-6.2321,31,0.0,False,0.0
portfolio_slip0,002396,星网锐捷,2025-02-28,13:20,16.2803713,100,5.0162803713,16.331,15.35,2025-03-24,13:55,15.35,硬止损,5.78285,-103.84,-6.3584,24,0.0,False,0.0
portfolio_slip0,000878,云南铜业,2025-03-05,13:05,12.26845089,200,5.02453690178,12.294,11.56,2025-03-27,09:35,13.1482216,盈利保护,6.3411186032,164.59,6.6941,22,0.0,False,0.0
portfolio_slip0,000878,云南铜业,2025-04-01,09:55,12.52948176,300,5.03758844528,12.546,11.79,2025-04-07,09:35,11.09864588,硬止损,6.69809281964,-440.99,-11.7163,6,0.0,False,0.0
portfolio_slip0,600988,赤峰黄金,2025-04-08,09:45,20.5745256,100,5.0205745256,20.625,19.39,2025-04-17,09:55,29.63,盈利保护,6.51113,894.02,43.3468,9,0.0,False,0.0
portfolio_slip0,600988,赤峰黄金,2025-04-24,09:50,27.8367025,100,5.0278367025,27.887,26.21,2025-04-28,09:35,25.9546458,硬止损,6.3236869358,-199.56,-7.1559,4,0.0,False,0.0
portfolio_slip0,600988,赤峰黄金,2025-05-08,09:45,26.9892843,100,5.0269892843,27.04,25.42,2025-05-12,09:35,25.42,硬止损,6.29642,-168.25,-6.2224,4,0.0,False,0.0
portfolio_slip0,600988,赤峰黄金,2025-05-14,09:45,25.9053773,100,5.0259053773,25.956,24.4,2025-05-23,09:35,26.703527,盈利保护,6.361879877,68.43,2.6363,9,0.0,False,0.0
portfolio_slip0,600988,赤峰黄金,2025-06-20,09:45,26.7330881,100,5.0267330881,26.783,25.18,2025-06-24,14:40,25.18,硬止损,6.28418,-166.62,-6.221,4,0.0,False,0.0
portfolio_slip0,000878,云南铜业,2025-07-07,09:45,12.63960138,300,5.03791880414,12.656,11.9,2025-07-31,09:35,13.0244136,盈利保护,6.9927352808,103.41,2.7236,24,0.0,False,0.0
portfolio_slip0,600522,中天科技,2025-07-07,09:50,13.69206573,200,5.02738413146,13.717,12.89,2025-09-03,09:40,15.39,盈利保护,6.56978,327.99,11.9554,58,0.0,False,0.0
portfolio_slip0,600219,南山铝业,2025-08-01,09:45,3.6049359,1000,5.036049359,3.61,3.39,2025-08-29,09:35,3.72,盈利保护,6.897200000000001,103.13,2.8568,28,0.0,False,0.0
portfolio_slip0,600460,士兰微,2025-09-02,13:10,30.226977,100,5.030226977,30.277,28.46,2025-09-04,13:45,28.46,硬止损,6.45146,-188.18,-6.2152,2,0.0,False,0.0
portfolio_slip0,002396,星网锐捷,2025-09-04,09:45,23.58125343,100,5.02358125343,23.631,22.21,2025-09-05,09:35,22.66458663,退出+T+1续退出,6.15589391813,-102.85,-4.3521,1,0.0,True,0.0
portfolio_slip0,002156,通富微电,2025-09-05,09:45,31.0651991,100,5.0310651991,31.116,29.25,2025-09-18,14:40,34.06,盈利保护,6.7370600000000005,287.71,9.2466,13,0.0,False,0.0
portfolio_slip0,600487,亨通光电,2025-09-08,10:40,19.41257598,200,5.03882515196,19.438,18.27,2025-09-15,13:40,20.02,盈利保护,7.04204,109.4,2.8142,7,0.0,False,0.0
portfolio_slip0,002396,星网锐捷,2025-09-15,10:30,23.77222568,100,5.02377222568,23.822,22.39,2025-10-10,14:20,22.39,硬止损,6.14189,-149.39,-6.2709,25,0.0,False,0.0
portfolio_slip0,600460,士兰微,2025-09-16,09:45,30.1471698,100,5.0301471698,30.197,28.39,2025-10-10,14:45,31.1,盈利保护,6.5861,83.67,2.7707,24,0.0,False,0.0
portfolio_slip0,600988,赤峰黄金,2025-09-19,13:30,27.40826624,100,5.02740826624,27.459,25.81,2025-10-10,09:45,30.01,盈利保护,6.53051,248.62,9.0542,21,0.0,False,0.0
portfolio_slip0,000878,云南铜业,2025-09-23,11:30,14.7018002,100,5.0147018002,14.752,13.87,2025-10-13,09:35,18.54005542,盈利保护,5.94554282642,372.87,25.2757,20,0.0,False,0.0
portfolio_slip0,600522,中天科技,2025-10-13,10:05,18.10944104,200,5.03621888208,18.135,17.05,2025-10-17,13:05,17.05,硬止损,6.7391,-223.66,-6.1668,4,0.0,False,0.0
portfolio_slip0,600487,亨通光电,2025-10-13,11:25,21.63714147,100,5.02163714147,21.687,20.39,2025-10-17,14:30,20.39,硬止损,6.03989,-135.78,-6.2606,4,0.0,False,0.0
portfolio_slip0,603380,易德龙,2025-10-14,13:15,42.00123985,100,5.04200123985,42.052,39.53,2025-11-03,10:10,39.53,硬止损,7.016030000000001,-259.18,-6.1634,20,0.0,False,0.0
portfolio_slip0,000878,云南铜业,2025-10-15,09:50,17.98750454,100,5.01798750454,18.038,16.96,2025-11-03,10:05,16.96,硬止损,5.86496,-113.63,-6.2998,19,0.0,False,0.0
portfolio_slip0,600460,士兰微,2025-10-17,13:05,30.5462058,100,5.0305462058,30.597,28.76,2025-11-03,09:35,31.51,盈利保护,6.60701,84.74,2.7697,17,0.0,False,0.0
portfolio_slip0,600219,南山铝业,2025-10-22,09:45,3.70744098,300,5.01112232294,3.724,3.5,2025-11-18,09:35,4.68,盈利保护,5.71604,281.04,25.1548,27,0.0,False,0.0
portfolio_slip0,600522,中天科技,2025-10-23,09:45,16.9962372,100,5.0169962372,17.046,16.02,2025-11-05,09:35,15.92279064,硬止损,5.81206232264,-118.17,-6.9325,13,0.0,False,0.0
portfolio_slip0,600988,赤峰黄金,2025-11-03,09:45,28.66761856,100,5.02866761856,28.718,26.99,2025-11-17,09:35,29.58,盈利保护,6.50858,79.7,2.7753,14,0.0,False,0.0
portfolio_slip0,002156,通富微电,2025-11-03,10:10,40.58453503,100,5.04058453503,40.635,38.2,2025-11-12,09:35,38.2,硬止损,6.9482,-250.44,-6.1632,9,0.0,False,0.0
portfolio_slip0,600487,亨通光电,2025-11-05,09:45,20.70940788,100,5.02070940788,20.76,19.51,2025-11-10,10:10,21.38,盈利保护,6.09038,55.95,2.695,5,0.0,False,0.0
portfolio_slip0,600522,中天科技,2025-11-11,10:00,17.11550904,100,5.01711550904,17.166,16.14,2025-11-18,14:30,16.14,硬止损,5.82314,-108.39,-6.3144,7,0.0,False,0.0
portfolio_slip0,000878,云南铜业,2025-11-12,09:45,16.86266882,200,5.03372533764,16.888,15.87,2025-11-21,10:55,15.87,硬止损,6.61874,-210.19,-6.223,9,0.0,False,0.0
portfolio_slip0,002156,通富微电,2025-11-18,09:50,37.93750038,100,5.03793750038,37.988,35.71,2025-11-21,09:55,35.71,硬止损,6.82121,-234.61,-6.1759,3,0.0,False,0.0
portfolio_slip0,600219,南山铝业,2025-11-24,09:45,4.40835022,800,5.03526680176,4.415,4.15,2025-12-09,10:20,4.61,盈利保护,6.88088,149.4,4.2303,15,0.0,False,0.0
portfolio_slip0,600219,南山铝业,2025-12-11,10:35,4.58357753,800,5.03666862024,4.59,4.31,2026-01-29,10:10,7.64,盈利保护,8.11712,2431.98,66.2323,49,0.0,False,0.0
portfolio_slip0,600522,中天科技,2025-12-26,11:25,18.12931968,200,5.03625863936,18.155,17.07,2026-01-29,13:55,20.9,盈利保护,7.1318,541.97,14.9265,34,0.0,False,0.0
portfolio_slip0,600487,亨通光电,2026-01-08,13:50,24.57995232,100,5.02457995232,24.63,23.15,2026-01-22,10:05,27.06,盈利保护,6.380059999999999,236.6,9.6061,14,0.0,False,0.0
portfolio_slip0,002396,星网锐捷,2026-01-23,09:45,21.51875313,100,5.02151875313,21.569,20.27,2026-03-03,10:15,22.32,盈利保护,6.13832,68.96,3.1974,39,0.0,False,0.0
portfolio_slip0,002156,通富微电,2026-01-30,10:05,50.25370311,100,5.05025370311,50.304,47.29,2026-02-05,09:35,47.27703773,硬止损,7.41112892423,-310.13,-6.165,6,0.0,False,0.0
portfolio_slip0,000878,云南铜业,2026-02-02,09:45,23.55248126,100,5.02355248126,23.603,22.19,2026-02-06,09:35,21.68762204,硬止损,6.10606872404,-197.62,-8.3726,4,0.0,False,0.0
portfolio_slip0,600219,南山铝业,2026-02-03,09:45,6.51261465,300,5.01953784395,6.529,6.14,2026-02-06,09:35,6.12322065,硬止损,5.936852759450001,-127.77,-6.5231,3,0.0,False,0.0
portfolio_slip0,600460,士兰微,2026-02-05,09:45,29.5785435,100,5.0295785435,29.629,27.85,2026-02-11,14:45,30.52,盈利保护,6.55652,82.56,2.7865,6,0.0,False,0.0
portfolio_slip0,002156,通富微电,2026-02-10,10:40,48.51565017,100,5.04851565017,48.566,45.65,2026-02-27,09:35,50.02,盈利保护,7.551019999999999,137.84,2.8381,17,0.0,False,0.0
portfolio_slip0,000878,云南铜业,2026-02-11,10:20,22.52631534,100,5.02252631534,22.577,21.22,2026-03-03,14:10,24.78,盈利保护,6.26378,214.08,9.4825,20,0.0,False,0.0
portfolio_slip0,600219,南山铝业,2026-02-13,10:10,6.6781071,100,5.0066781071,6.728,6.32,2026-03-06,09:35,7.24,盈利保护,5.3692400000000005,45.81,6.8092,21,0.0,False,0.0
portfolio_slip0,600460,士兰微,2026-02-27,09:50,31.8430728,100,5.0318430728,31.893,29.98,2026-03-03,10:10,29.98,硬止损,6.528980000000001,-197.87,-6.204,4,0.0,False,0.0
portfolio_slip0,002156,通富微电,2026-03-04,09:45,48.79533685,100,5.04879533685,48.846,45.92,2026-03-09,09:35,45.92,硬止损,7.34192,-299.92,-6.1402,5,0.0,False,0.0
portfolio_slip0,600522,中天科技,2026-03-06,09:45,27.1343436,100,5.0271343436,27.185,25.55,2026-03-09,09:35,25.55,硬止损,6.30305,-169.76,-6.2449,3,0.0,False,0.0
portfolio_slip0,600988,赤峰黄金,2026-03-09,09:45,38.42512,100,5.03842512,38.476,36.17,2026-03-16,09:35,39.87,盈利保护,7.03337,132.42,3.4416,7,0.0,False,0.0
portfolio_slip0,000878,云南铜业,2026-03-13,09:45,22.76312286,200,5.04552624572,22.788,21.42,2026-03-16,09:35,21.42,硬止损,7.1848399999999994,-280.85,-6.1622,3,0.0,False,0.0
portfolio_slip0,002156,通富微电,2026-03-13,14:05,45.92854838,100,5.04592854838,45.979,43.22,2026-03-23,09:35,43.22,硬止损,7.204219999999999,-283.1,-6.1573,10,0.0,False,0.0
portfolio_slip0,000938,紫光股份,2026-03-16,10:15,25.29997288,100,5.02529997288,25.35,23.83,2026-03-20,14:50,26.11,盈利保护,6.33161,69.65,2.7473,4,0.0,False,0.0
portfolio_slip0,600522,中天科技,2026-03-18,10:45,25.63350628,100,5.02563350628,25.684,24.14,2026-03-27,09:35,26.090715,盈利保护,6.330626465,34.36,1.338,9,0.0,False,0.0
portfolio_slip0,600487,亨通光电,2026-03-23,11:00,42.01735356,100,5.04201735356,42.068,39.54,2026-04-01,09:40,50.73,盈利保护,7.58723,858.64,20.4108,9,0.0,False,0.0
portfolio_slip0,000938,紫光股份,2026-05-22,10:05,29.6297001,100,5.0296297001,29.68,27.9,2026-05-27,13:45,27.9,硬止损,6.4229,-184.42,-6.2137,5,0.0,False,0.0
portfolio_slip0,603380,易德龙,2026-05-26,09:45,39.710978,100,5.039710978,39.761,37.38,2026-05-28,09:35,37.38,硬止损,6.90638,-245.04,-6.1629,2,0.0,False,0.0
portfolio_slip0,600522,中天科技,2026-05-27,09:45,39.508797,100,5.039508797,39.559,37.19,2026-06-01,09:35,40.75,盈利保护,7.078250000000001,112.0,2.8313,5,0.0,False,0.0
portfolio_slip0,603380,易德龙,2026-06-01,09:55,36.31981775,100,5.03631981775,36.37,34.19,2026-06-05,09:35,34.19,硬止损,6.74369,-224.76,-6.1798,4,0.0,False,0.0
portfolio_slip0,600460,士兰微,2026-06-01,10:20,33.9978672,100,5.0339978672,34.048,32.01,2026-06-08,09:35,31.8730005,硬止损,6.6255230255,-224.15,-6.5832,7,0.0,False,0.0
portfolio_slip0,002396,星网锐捷,2026-06-01,14:05,22.05,100,5.02205,22.1,20.77,2026-06-08,09:35,20.6,硬止损,6.0506,-156.07,-7.062,7,0.0,False,0.0
portfolio_slip0,600460,士兰微,2026-06-10,09:45,34.117578,100,5.034117578,34.168,32.12,2026-06-12,14:00,32.12,硬止损,6.63812,-211.43,-6.188,2,0.0,False,0.0
portfolio_slip0,603380,易德龙,2026-06-18,09:45,37.19,100,5.03719,37.24,35.01,2026-06-24,09:35,41.97,盈利保护,7.1404700000000005,465.82,12.5085,6,0.0,False,0.0
portfolio_slip0,600460,士兰微,2026-07-03,14:35,47.2558383,100,5.0472558383,47.306,44.47,2026-07-08,09:55,44.47,硬止损,7.26797,-290.9,-6.1493,5,0.0,False,0.0
portfolio_slip0,600460,士兰微,2026-07-14,09:45,41.2503465,100,5.0412503465,41.301,38.82,2026-07-15,13:10,38.82,硬止损,6.97982,-255.06,-6.1756,1,0.0,False,0.0
portfolio_slip0,603380,易德龙,2026-07-16,13:35,39.87,100,5.03987,39.92,37.52,2026-07-17,09:40,37.52,硬止损,6.91352,-246.95,-6.1861,1,0.0,False,0.0
portfolio_slip0,002396,星网锐捷,2026-07-28,09:55,29.73,100,5.02973,29.78,27.99,2026-07-29,09:35,27.99,硬止损,6.42749,-185.46,-6.2275,1,0.0,False,0.0
portfolio_slip0,000938,紫光股份,2026-07-30,13:25,33.6,100,5.0336,33.65,31.63,2026-08-05,09:35,34.59,盈利保护,6.7640899999999995,87.2,2.5914,6,0.0,False,0.0
portfolio_slip0,002396,星网锐捷,2026-08-07,09:45,28.51,100,5.02851,28.56,26.85,2026-08-12,09:35,29.42,盈利保护,6.50042,79.47,2.7826,5,0.0,False,0.0
portfolio_slip0,000938,紫光股份,2026-08-07,09:50,37.6,100,5.0376,37.65,35.39,2026-08-18,10:50,38.78,盈利保护,6.97778,105.98,2.815,11,0.0,False,0.0
portfolio_slip0,600988,赤峰黄金,2026-08-14,09:50,38.78,100,5.03878,38.83,36.5,2026-08-24,13:15,48.32,盈利保护,7.464320000000001,941.5,24.2464,10,0.0,False,0.0
portfolio_slip0,002396,星网锐捷,2026-08-19,10:15,30.81,100,5.03081,30.86,29.01,2026-08-24,10:45,31.79,盈利保护,6.62129,86.35,2.798,5,0.0,False,0.0
portfolio_slip0,000938,紫光股份,2026-08-20,13:30,35.58,100,5.03558,35.63,33.49,2026-09-04,09:40,36.77,盈利保护,6.87527,107.09,3.0056,15,0.0,False,0.0
portfolio_slip0,600988,赤峰黄金,2026-09-02,09:55,44.68,100,5.04468,44.73,42.05,,,0.0,,0.0,0.0,0.0,0,0.0,False,0.0
portfolio_slip0,002396,星网锐捷,2026-09-11,09:45,35.15,100,5.03515,35.2,33.09,,,0.0,,0.0,0.0,0.0,0,0.0,False,0.0
portfolio_slip0,000878,云南铜业,2026-09-14,09:45,16.91,100,5.01691,16.96,15.94,,,0.0,,0.0,0.0,0.0,0,0.0,False,0.0
portfolio_slip2,600988,赤峰黄金,2023-09-22,10:05,14.629551922440001,300,5.04388865576732,14.646,13.77,2023-10-09,09:35,13.74246,硬止损,7.10259638,-278.27,-6.3332,17,0.0,False,0.0
portfolio_slip2,000878,云南铜业,2023-09-22,10:10,11.14394002326,400,5.04457576009304,11.157,10.49,2023-10-20,09:35,10.45819340658,硬止损,7.1334714549423195,-286.48,-6.4195,28,0.0,False,0.0
portfolio_slip2,603380,易德龙,2023-11-10,09:45,23.11750754964,100,5.02311750754964,23.168,21.78,2023-12-08,14:30,21.73644,硬止损,6.1085584399999995,-149.24,-6.4416,28,0.0,False,0.0
portfolio_slip2,002156,通富微电,2023-12-06,10:05,21.802133131799998,100,5.0218021331318,21.852,20.54,2023-12-15,09:40,22.46498,盈利保护,6.14571398,55.12,2.5223,9,0.0,False,0.0
portfolio_slip2,002156,通富微电,2023-12-25,09:55,21.6623118474,200,5.0433246236948,21.688,20.39,2024-01-08,09:50,20.34922,硬止损,7.07562044,-274.74,-6.334,14,0.0,False,0.0
portfolio_slip2,000938,紫光股份,2024-03-14,09:45,23.04891303444,100,5.02304891303444,23.099,21.71,2024-03-26,11:05,21.66658,硬止损,6.10499558,-149.36,-6.4661,12,0.0,False,0.0
portfolio_slip2,601138,工业富联,2024-03-15,09:45,21.3375507216,100,5.0213375507216,21.388,20.1,2024-03-22,11:15,22.72446,盈利保护,6.15894746,127.51,5.9619,7,0.0,False,0.0
portfolio_slip2,600522,中天科技,2024-03-27,09:45,13.6439400132,300,5.0409318200396,13.661,12.84,2024-04-03,10:00,12.81432,硬止损,6.96059096,-260.89,-6.3659,7,0.0,False,0.0
portfolio_slip2,600487,亨通光电,2024-03-27,09:50,12.11359569372,300,5.03634078708116,12.13,11.4,2024-04-22,09:35,12.46502,盈利保护,6.90714806,93.48,2.5689,26,0.0,False,0.0
portfolio_slip2,601138,工业富联,2024-03-28,09:45,21.2905517112,100,5.0212905517112,21.341,20.06,2024-04-09,11:30,20.019879999999997,硬止损,6.02101388,-138.11,-6.4716,12,0.0,False,0.0
portfolio_slip2,000938,紫光股份,2024-04-03,09:45,20.997698503859997,100,5.02099769850386,21.048,19.79,2024-04-10,09:45,19.75042,硬止损,6.00727142,-135.76,-6.4499,7,0.0,False,0.0
portfolio_slip2,600522,中天科技,2024-04-09,09:45,12.83683370256,300,5.03851050110768,12.854,12.08,2024-04-19,10:15,12.04869488886,硬止损,6.84345031799558,-248.32,-6.4398,10,0.0,False,0.0
portfolio_slip2,000878,云南铜业,2024-04-11,10:00,13.24585564362,300,5.03973756693086,13.263,12.47,2024-04-19,13:15,13.63268,盈利保护,7.0858000400000005,103.92,2.6119,8,0.0,False,0.0
portfolio_slip2,600988,赤峰黄金,2024-04-22,10:45,18.43953617142,200,5.03687907234284,18.465,17.36,2024-05-06,09:35,17.2088621523,硬止损,6.7553039395346,-257.93,-6.9843,14,0.0,False,0.0
portfolio_slip2,601138,工业富联,2024-04-23,09:45,19.5985873368,200,5.0391971746736,19.624,18.45,2024-05-09,09:40,22.61468,盈利保护,7.30669736,590.87,15.055,16,0.0,False,0.0
portfolio_slip2,000878,云南铜业,2024-04-24,14:25,12.93340872708,200,5.02586681745416,12.959,12.18,2024-05-22,11:25,13.88218,盈利保护,6.41598236,178.31,6.8801,28,0.0,False,0.0
portfolio_slip2,600988,赤峰黄金,2024-05-09,09:45,17.56333824336,200,5.03512667648672,17.589,16.53,2024-05-21,09:55,18.08376,盈利保护,6.84454352,92.2,2.6212,12,0.0,False,0.0
portfolio_slip2,600487,亨通光电,2024-05-23,10:05,14.29833436956,200,5.02859666873912,14.323,13.46,2024-06-25,10:45,14.7205,盈利保护,6.501491000000001,72.9,2.5449,33,0.0,False,0.0
portfolio_slip2,600219,南山铝业,2024-05-23,10:10,3.2374462686,1300,5.0420868014918,3.241,3.05,2024-07-18,10:25,3.35328,盈利保护,7.22322464,138.32,3.2826,56,0.0,False,0.0
portfolio_slip2,600988,赤峰黄金,2024-05-23,11:30,17.02186761366,100,5.01702186761366,17.072,16.05,2024-06-26,09:35,16.0179,硬止损,5.8169129,-111.23,-6.5154,34,0.0,False,0.0
portfolio_slip2,600522,中天科技,2024-06-14,09:45,13.85532499932,100,5.01385532499932,13.905,13.07,2024-06-27,09:35,14.411119999999999,盈利保护,5.73496712,44.83,3.224,13,0.0,False,0.0
portfolio_slip2,000938,紫光股份,2024-06-25,10:40,21.56866218192,100,5.02156866218192,21.619,20.32,2024-07-23,10:55,23.433040000000002,盈利保护,6.1950850399999995,175.22,8.105,28,0.0,False,0.0
portfolio_slip2,600760,中航沈飞,2024-07-04,10:55,39.05501476128,100,5.03905501476128,39.105,36.76,2024-07-25,10:30,40.19944,盈利保护,7.050171440000001,102.35,2.6174,21,0.0,False,0.0
portfolio_slip2,600219,南山铝业,2024-07-22,09:45,3.3336946711800004,700,5.02333586269826,3.341,3.14,2024-07-23,11:10,3.1337200000000003,硬止损,6.11873804,-151.12,-6.4621,1,0.0,False,0.0
portfolio_slip2,600988,赤峰黄金,2024-07-23,10:30,19.4802328002,200,5.0389604656004,19.505,18.33,2024-07-25,10:25,18.293339999999997,硬止损,6.865920679999999,-249.28,-6.3901,2,0.0,False,0.0
portfolio_slip2,000938,紫光股份,2024-07-29,09:45,22.675002987,100,5.022675002987,22.725,21.36,2024-08-05,13:20,21.31728,硬止损,6.08718128,-146.88,-6.4634,7,0.0,False,0.0
portfolio_slip2,600988,赤峰黄金,2024-08-02,09:45,19.4308657632,200,5.0388617315264,19.456,18.29,2024-08-06,09:45,18.25342,硬止损,6.86184884,-247.39,-6.3577,4,0.0,False,0.0
portfolio_slip2,600460,士兰微,2024-08-07,09:45,20.9074495863,100,5.0209074495863,20.958,19.7,2024-08-16,14:20,19.6606,硬止损,6.0026906,-135.71,-6.4754,9,0.0,False,0.0
portfolio_slip2,600760,中航沈飞,2024-08-09,10:20,40.0993718664,100,5.0400993718664004,40.15,37.74,2024-09-20,09:50,37.66452,硬止损,6.92089052,-255.45,-6.3623,42,0.0,False,0.0
portfolio_slip2,600460,士兰微,2024-08-20,09:45,19.78972435782,200,5.03957944871564,19.815,18.63,2024-08-22,09:40,18.59274,硬止损,6.89645948,-251.33,-6.342,2,0.0,False,0.0
portfolio_slip2,600988,赤峰黄金,2024-08-23,09:45,17.9498546532,200,5.0358997093064,17.975,16.9,2024-09-02,09:35,16.8662,硬止损,6.7203523999999994,-228.49,-6.3557,10,0.0,False,0.0
portfolio_slip2,000878,云南铜业,2024-10-10,09:45,13.1260823151,200,5.0262521646302,13.151,12.36,2024-11-22,13:05,12.33528,硬止损,6.258198559999999,-169.44,-6.4422,43,0.0,False,0.0
portfolio_slip2,600219,南山铝业,2024-10-10,09:50,3.62243987892,1000,5.0362243987892,3.627,3.41,2024-10-15,10:55,3.73252,盈利保护,6.9035852,98.14,2.7055,5,0.0,False,0.0
portfolio_slip2,002396,星网锐捷,2024-10-10,09:55,12.5501529054,200,5.0251003058108,12.575,11.82,2024-10-11,14:10,11.79636,硬止损,6.20322872,-161.99,-6.4407,1,0.0,False,0.0
portfolio_slip2,600522,中天科技,2024-10-11,14:10,14.48976723108,100,5.01448976723108,14.54,13.67,2024-10-24,09:35,15.5189,盈利保护,5.7914639,92.11,6.3348,13,0.0,False,0.0
portfolio_slip2,600460,士兰微,2024-10-14,10:00,23.97121427508,100,5.02397121427508,24.021,22.58,2024-10-16,09:35,23.9550396086,盈利保护,6.2217070200386,-12.86,-0.5355,2,0.0,False,0.0
portfolio_slip2,603380,易德龙,2024-10-15,10:55,21.5666003565,100,5.0215666003565,21.617,20.32,2024-11-13,10:40,22.225459999999998,盈利保护,6.133498459999999,54.73,2.5319,29,0.0,False,0.0
portfolio_slip2,600487,亨通光电,2024-10-15,13:15,16.56984445182,100,5.01656984445182,16.62,15.62,2024-10-23,14:15,17.08576,盈利保护,5.87137376,40.7,2.4491,8,0.0,False,0.0
portfolio_slip2,000938,紫光股份,2024-10-16,09:45,23.20325580384,100,5.02320325580384,23.253,21.86,2024-11-01,14:45,24.61068,盈利保护,6.25514468,129.46,5.5675,16,0.0,False,0.0
portfolio_slip2,601138,工业富联,2024-10-24,09:45,24.17411198052,100,5.02417411198052,24.224,22.77,2024-11-12,13:40,24.9001,盈利保护,6.2699051,61.3,2.5307,19,0.0,False,0.0
portfolio_slip2,600219,南山铝业,2024-10-31,10:10,3.6040196520000003,300,5.010812058956,3.621,3.4,2024-11-11,09:45,3.80238,盈利保护,5.581764140000001,48.92,4.5033,11,0.0,False,0.0
portfolio_slip2,600219,南山铝业,2024-11-13,10:05,3.7541871374999998,1000,5.037541871375,3.759,3.53,2024-11-22,14:50,3.5229399999999997,硬止损,6.7966994000000005,-243.08,-6.4663,9,0.0,False,0.0
portfolio_slip2,000938,紫光股份,2024-11-15,09:50,27.10036620732,100,5.02710036620732,27.151,25.52,2024-11-18,09:45,25.46896,硬止损,6.298916960000001,-174.47,-6.4259,3,0.0,False,0.0
portfolio_slip2,002396,星网锐捷,2024-11-15,14:25,13.7061874596,100,5.0137061874596,13.756,12.93,2024-11-25,09:55,12.90414,硬止损,5.65811114,-90.88,-6.6062,10,0.0,False,0.0
portfolio_slip2,002156,通富微电,2024-11-18,09:45,30.6742529538,100,5.0306742529538,30.725,28.88,2024-11-25,13:45,28.822239999999997,硬止损,6.469934240000001,-196.7,-6.4021,7,0.0,False,0.0
portfolio_slip2,600460,士兰微,2024-11-22,13:15,28.52195270532,100,5.02852195270532,28.572,26.86,2024-11-25,09:55,26.80628,硬止损,6.36712028,-182.96,-6.4035,3,0.0,False,0.0
portfolio_slip2,600522,中天科技,2024-11-25,14:45,15.33809142294,200,5.03067618284588,15.363,14.44,2024-12-25,10:25,14.411119999999999,硬止损,6.469934240000001,-196.89,-6.408,30,0.0,False,0.0
portfolio_slip2,603380,易德龙,2024-11-26,10:45,21.594940173,100,5.021594940173,21.645,20.35,2024-12-25,09:35,23.2681960985,盈利保护,6.1866780010235,156.12,7.2126,29,0.0,False,0.0
portfolio_slip2,600487,亨通光电,2024-11-26,14:00,16.491081079500002,100,5.0164910810795,16.541,15.55,2024-12-11,10:10,17.28536,盈利保护,5.88155336,68.53,4.143,15,0.0,False,0.0
portfolio_slip2,002156,通富微电,2024-12-16,14:40,28.44612317898,100,5.02844612317898,28.496,26.79,2024-12-31,14:10,29.620639999999998,盈利保护,6.51065264,105.91,3.7167,15,0.0,False,0.0
portfolio_slip2,000938,紫光股份,2025-01-02,09:45,27.1103332416,100,5.0271103332416,27.161,25.53,2025-01-03,09:35,25.47894,硬止损,6.299425940000001,-174.47,-6.4235,1,0.0,False,0.0
portfolio_slip2,002396,星网锐捷,2025-01-02,09:50,14.1595343436,200,5.0283190686872,14.185,13.33,2025-01-03,09:50,13.30334,硬止损,6.356940680000001,-182.62,-6.4374,1,0.0,False,0.0
portfolio_slip2,603380,易德龙,2025-01-02,10:10,23.134736869500003,100,5.0231347368695,23.185,21.79,2025-01-03,14:20,21.74642,硬止损,6.109067420000001,-149.96,-6.4682,1,0.0,False,0.0
portfolio_slip2,603380,易德龙,2025-01-07,09:45,22.5112609065,100,5.0225112609065,22.561,21.21,2025-01-13,09:45,21.16758,硬止损,6.079546580000001,-145.47,-6.4477,6,0.0,False,0.0
portfolio_slip2,603380,易德龙,2025-01-15,09:45,22.388455035,100,5.022388455035,22.439,21.09,2025-02-13,10:15,24.281339999999997,盈利保护,6.23834834,178.03,7.934,29,0.0,False,0.0
portfolio_slip2,000938,紫光股份,2025-01-24,09:45,26.14353091644,100,5.02614353091644,26.194,24.62,2025-02-18,10:10,30.00986,盈利保护,6.53050286,375.08,14.3193,25,0.0,False,0.0
portfolio_slip2,600988,赤峰黄金,2025-02-18,09:45,19.065549689399997,100,5.0190655496894,19.116,17.97,2025-02-28,14:15,17.93406,硬止损,5.9146370600000004,-124.08,-6.4911,10,0.0,False,0.0
portfolio_slip2,000938,紫光股份,2025-02-28,10:00,30.18017979984,100,5.0301801797998404,30.23,28.42,2025-03-03,09:35,28.36316,硬止损,6.44652116,-193.18,-6.3902,3,0.0,False,0.0
portfolio_slip2,603380,易德龙,2025-02-28,13:15,24.3439023735,100,5.0243439023735,24.394,22.93,2025-03-31,09:35,22.88414,硬止损,6.16709114,-157.17,-6.4428,31,0.0,False,0.0
portfolio_slip2,002396,星网锐捷,2025-02-28,13:20,16.3129320426,100,5.0163129320426,16.363,15.38,2025-03-24,13:45,15.34924,硬止损,5.78281124,-107.17,-6.5494,24,0.0,False,0.0
portfolio_slip2,000878,云南铜业,2025-03-05,13:05,12.29298779178,200,5.02458597558356,12.318,11.58,2025-03-27,09:35,13.1219251568,盈利保护,6.3384363659936,154.42,6.2682,22,0.0,False,0.0
portfolio_slip2,000878,云南铜业,2025-04-01,09:55,12.554540723519999,200,5.02510908144704,12.58,11.83,2025-04-07,09:35,11.07644858824,硬止损,6.12979775600048,-306.77,-12.1932,6,0.0,False,0.0
portfolio_slip2,600988,赤峰黄金,2025-04-08,09:45,20.615674651200003,100,5.0206156746512,20.666,19.43,2025-04-17,09:55,29.57074,盈利保护,6.50810774,883.98,42.7747,9,0.0,False,0.0
portfolio_slip2,600988,赤峰黄金,2025-04-24,09:50,27.892375905,100,5.027892375905,27.943,26.27,2025-04-28,09:35,25.9027365084,硬止损,6.3210395619284006,-210.31,-7.5266,4,0.0,False,0.0
portfolio_slip2,600988,赤峰黄金,2025-05-08,09:45,27.043262868600003,100,5.0270432628686,27.094,25.47,2025-05-12,09:35,25.419059999999998,硬止损,6.2963720599999995,-173.74,-6.4127,4,0.0,False,0.0
portfolio_slip2,600988,赤峰黄金,2025-05-14,09:45,25.957188054600003,100,5.0259571880546,26.007,24.45,2025-05-27,09:50,26.73642,盈利保护,6.363557419999999,66.53,2.5583,13,0.0,False,0.0
portfolio_slip2,600988,赤峰黄金,2025-06-20,09:45,26.7865542762,100,5.0267865542762,26.837,25.23,2025-06-24,14:40,25.17954,硬止损,6.28415654,-172.01,-6.4096,4,0.0,False,0.0
portfolio_slip2,000878,云南铜业,2025-07-07,09:45,12.66488058276,200,5.02532976116552,12.69,11.93,2025-07-31,09:35,12.9983647728,盈利保护,6.3258332068256005,55.35,2.1807,24,0.0,False,0.0
portfolio_slip2,600522,中天科技,2025-07-07,09:50,13.71944986146,200,5.02743889972292,13.745,12.92,2025-09-03,09:40,15.35922,盈利保护,6.5666404400000005,316.36,11.5085,58,0.0,False,0.0
portfolio_slip2,600219,南山铝业,2025-08-01,09:45,3.6121457718000003,900,5.0325093119462,3.618,3.4,2025-08-29,09:35,3.72254,盈利保护,6.70864586,87.61,2.6909,28,0.0,False,0.0
portfolio_slip2,600460,士兰微,2025-09-02,13:10,30.287430954,100,5.030287430954,30.338,28.52,2025-09-04,13:40,28.46296,硬止损,6.45161096,-193.93,-6.3923,2,0.0,False,0.0
portfolio_slip2,002396,星网锐捷,2025-09-04,09:45,23.62841593686,100,5.02362841593686,23.679,22.26,2025-09-05,09:35,22.619257456739998,退出+T+1续退出,6.15358213029374,-112.09,-4.7339,1,0.0,True,0.0
portfolio_slip2,002156,通富微电,2025-09-05,09:45,31.1273294982,100,5.0311273294982,31.178,29.31,2025-09-18,14:40,33.99188,盈利保护,6.733585880000001,274.69,8.8105,13,0.0,False,0.0
portfolio_slip2,600487,亨通光电,2025-09-08,10:40,19.45140113196,100,5.01945140113196,19.502,18.33,2025-09-15,10:25,20.04982,盈利保护,6.02254082,48.8,2.5024,7,0.0,False,0.0
portfolio_slip2,002396,星网锐捷,2025-09-15,10:30,23.81977013136,100,5.02381977013136,23.87,22.44,2025-10-10,09:50,22.395120000000002,硬止损,6.142151119999999,-153.63,-6.4362,25,0.0,False,0.0
portfolio_slip2,600460,士兰微,2025-09-16,09:45,30.2074641396,100,5.0302074641396,30.258,28.44,2025-10-10,14:20,31.107660000000003,盈利保护,6.58649066,78.4,2.5912,24,0.0,False,0.0
portfolio_slip2,000878,云南铜业,2025-09-22,10:00,14.9783716494,100,5.0149783716494,15.029,14.13,2025-10-13,09:35,18.50297530916,盈利保护,5.9436517407671605,341.5,22.7236,21,0.0,False,0.0
portfolio_slip2,600522,中天科技,2025-10-13,10:05,18.14565992208,200,5.03629131984416,18.171,17.08,2025-10-17,10:05,17.04584,硬止损,6.73867568,-231.74,-6.3767,4,0.0,False,0.0
portfolio_slip2,600487,亨通光电,2025-10-13,11:25,21.68041575294,100,5.02168041575294,21.731,20.43,2025-10-17,14:25,20.38914,硬止损,6.03984614,-140.19,-6.4512,4,0.0,False,0.0
portfolio_slip2,000938,紫光股份,2025-10-15,09:45,28.02957657864,100,5.02802957657864,28.08,26.4,2025-11-03,10:35,26.347199999999997,硬止损,6.3437072,-179.61,-6.3964,19,0.0,False,0.0
portfolio_slip2,000878,云南铜业,2025-10-17,09:45,18.053139690960002,100,5.01805313969096,18.103,17.02,2025-10-23,10:15,16.98596,硬止损,5.8662839600000005,-117.6,-6.4962,6,0.0,False,0.0
portfolio_slip2,600460,士兰微,2025-10-17,11:30,30.5773106562,100,5.0305773106562,30.628,28.79,2025-11-03,09:35,31.486900000000002,盈利保护,6.6058319,79.32,2.5899,17,0.0,False,0.0
portfolio_slip2,600219,南山铝业,2025-10-22,09:45,3.71485586196,200,5.00742971172392,3.74,3.52,2025-11-18,09:35,4.67064,盈利保护,5.47640528,180.67,24.1548,27,0.0,False,0.0
portfolio_slip2,600522,中天科技,2025-10-23,09:45,17.0302296744,100,5.0170302296744,17.08,16.06,2025-11-05,09:35,15.89094505872,硬止损,5.81043819799472,-124.76,-7.304,13,0.0,False,0.0
portfolio_slip2,000878,云南铜业,2025-10-31,09:45,18.11245997472,100,5.01811245997472,18.163,17.07,2025-11-03,10:00,17.03586,硬止损,5.86882886,-118.55,-6.527,3,0.0,False,0.0
portfolio_slip2,600988,赤峰黄金,2025-11-03,09:45,28.72495379712,100,5.02872495379712,28.775,27.05,2025-11-17,09:35,29.58072,盈利保护,6.50861672,74.04,2.573,14,0.0,False,0.0
portfolio_slip2,600487,亨通光电,2025-11-03,10:10,21.80036272806,100,5.02180036272806,21.851,20.54,2025-11-12,11:00,20.49892,硬止损,6.0454449199999996,-141.21,-6.4626,9,0.0,False,0.0
portfolio_slip2,000878,云南铜业,2025-11-05,13:40,16.77775359012,100,5.01677775359012,16.828,15.82,2025-11-21,11:15,15.78836,硬止损,5.805206360000001,-109.76,-6.5226,16,0.0,False,0.0
portfolio_slip2,600522,中天科技,2025-11-11,10:35,17.00035207848,100,5.01700035207848,17.051,16.03,2025-11-19,13:15,15.997940000000002,硬止损,5.81589494,-111.07,-6.5144,8,0.0,False,0.0
portfolio_slip2,600219,南山铝业,2025-11-24,09:45,4.41716692044,700,5.03092016844308,4.424,4.16,2025-12-09,10:20,4.60078,盈利保护,6.64247846,116.86,3.7731,15,0.0,False,0.0
portfolio_slip2,600219,南山铝业,2025-12-11,10:35,4.59274468506,700,5.03214921279542,4.6,4.32,2026-01-29,10:10,7.62472,盈利保护,7.72202504,2109.63,65.5174,49,0.0,False,0.0
portfolio_slip2,600522,中天科技,2025-12-26,11:25,18.165578319359998,100,5.01816557831936,18.216,17.12,2026-01-29,13:55,20.8582,盈利保护,6.0637682,258.18,14.1735,34,0.0,False,0.0
portfolio_slip2,600487,亨通光电,2026-01-05,13:20,24.60912106212,100,5.02460912106212,24.659,23.18,2026-01-22,10:05,27.005879999999998,盈利保护,6.37729988,228.27,9.2571,17,0.0,False,0.0
portfolio_slip2,002396,星网锐捷,2026-01-22,10:05,21.64598648184,100,5.02164598648184,21.696,20.39,2026-03-03,10:10,22.305300000000003,盈利保护,6.1375703,54.77,2.5245,40,0.0,False,0.0
portfolio_slip2,600988,赤峰黄金,2026-01-30,13:30,42.923486822399994,100,5.0429234868224,42.974,40.4,2026-02-02,09:35,38.476922019839996,硬止损,6.96232302301184,-456.66,-10.6265,3,0.0,False,0.0
portfolio_slip2,000878,云南铜业,2026-02-02,09:45,23.59958622252,100,5.02359958622252,23.65,22.23,2026-02-06,09:35,21.64424679592,硬止损,6.10385658659192,-206.66,-8.7384,4,0.0,False,0.0
portfolio_slip2,600460,士兰微,2026-02-02,10:15,31.636870947,100,5.031636870947,31.687,29.79,2026-02-05,09:35,29.7284613252,硬止损,6.516151527585199,-202.39,-6.3871,3,0.0,False,0.0
portfolio_slip2,600219,南山铝业,2026-02-03,09:45,6.5256398793,300,5.0195769196379,6.542,6.15,2026-02-06,09:35,6.1109742087,硬止损,5.9349790539311,-135.35,-6.8963,3,0.0,False,0.0
portfolio_slip2,600460,士兰微,2026-02-10,10:25,31.6068833916,100,5.0316068833916,31.657,29.76,2026-03-03,10:20,29.700480000000002,硬止损,6.51472448,-202.19,-6.3868,21,0.0,False,0.0
portfolio_slip2,000878,云南铜业,2026-02-11,09:45,22.65046168236,100,5.02265046168236,22.701,21.34,2026-03-03,14:10,24.73044,盈利保护,6.26125244,196.71,8.6655,20,0.0,False,0.0
portfolio_slip2,600522,中天科技,2026-03-06,09:45,27.1886122872,100,5.0271886122872,27.239,25.6,2026-03-09,09:35,25.5488,硬止损,6.3029888000000005,-175.31,-6.4361,3,0.0,False,0.0
portfolio_slip2,600219,南山铝业,2026-03-06,13:05,7.2572138568,500,5.036286069284,7.267,6.83,2026-03-16,10:50,6.81634,硬止损,6.7381667,-232.21,-6.3906,10,0.0,False,0.0
portfolio_slip2,600988,赤峰黄金,2026-03-09,09:55,38.3032503936,100,5.0383032503936,38.354,36.05,2026-03-16,09:35,39.790259999999996,盈利保护,7.02930326,136.63,3.5625,7,0.0,False,0.0
portfolio_slip2,000938,紫光股份,2026-03-16,10:15,25.350572825759997,100,5.02535057282576,25.401,23.88,2026-03-20,14:40,26.10768,盈利保护,6.33149168,64.35,2.5335,4,0.0,False,0.0
portfolio_slip2,600522,中天科技,2026-03-17,09:45,26.889836328,100,5.026889836328,26.94,25.32,2026-03-23,09:35,24.4018257456,硬止损,6.2444931130256,-260.07,-9.6537,6,0.0,False,0.0
portfolio_slip2,600522,中天科技,2026-03-27,09:45,26.17277402592,100,5.02617277402592,26.223,24.65,2026-04-01,09:40,28.682519999999997,盈利保护,6.46280852,239.49,9.1326,5,0.0,False,0.0
portfolio_slip2,000938,紫光股份,2026-05-22,10:05,29.6889595002,100,5.0296889595002,29.739,27.95,2026-05-27,13:45,27.894099999999998,硬止损,6.4225991,-190.94,-6.4204,5,0.0,False,0.0
portfolio_slip2,603380,易德龙,2026-05-27,09:45,38.874432828299994,100,5.0388744328283,38.925,36.59,2026-05-28,10:25,36.51682,硬止损,6.862357820000001,-247.66,-6.3626,1,0.0,False,0.0
portfolio_slip2,600522,中天科技,2026-05-28,09:45,37.93458761976,100,5.03793458761976,37.985,35.71,2026-06-01,09:35,40.19944,盈利保护,7.050171440000001,214.4,5.6443,4,0.0,False,0.0
portfolio_slip2,603380,易德龙,2026-06-01,09:55,36.3924573855,100,5.0363924573855,36.443,34.26,2026-06-05,09:35,34.19148,硬止损,6.7437654799999995,-231.88,-6.3628,4,0.0,False,0.0
portfolio_slip2,600460,士兰微,2026-06-01,10:20,34.0658629344,100,5.0340658629344,34.116,32.07,2026-06-08,09:35,31.809254499,硬止损,6.622271979449,-237.32,-6.9561,7,0.0,False,0.0
portfolio_slip2,002396,星网锐捷,2026-06-01,14:05,22.0941,100,5.0220941,22.144,20.82,2026-06-08,09:35,20.5588,硬止损,6.0484988,-164.6,-7.4331,7,0.0,False,0.0
portfolio_slip2,600460,士兰微,2026-06-10,09:45,34.185813156,100,5.034185813156,34.236,32.18,2026-06-12,14:00,32.11564,硬止损,6.63789764,-218.69,-6.3877,2,0.0,False,0.0
portfolio_slip2,002396,星网锐捷,2026-07-28,09:55,29.789460000000002,100,5.02978946,29.84,28.05,2026-07-29,09:35,27.9939,硬止损,6.4276889,-191.01,-6.4013,1,0.0,False,0.0
portfolio_slip2,000938,紫光股份,2026-07-30,13:25,33.6672,100,5.0336672,33.718,31.69,2026-08-05,09:35,34.52082,盈利保护,6.7605618199999995,73.57,2.1819,6,0.0,False,0.0
portfolio_slip2,002396,星网锐捷,2026-08-07,09:45,28.567020000000003,100,5.02856702,28.617,26.9,2026-08-12,09:35,29.42104,盈利保护,6.50047304,73.87,2.5814,5,0.0,False,0.0
portfolio_slip2,002396,星网锐捷,2026-08-19,10:15,30.87162,100,5.03087162,30.922,29.07,2026-08-24,10:05,31.7863,盈利保护,6.6211013,79.82,2.5812,5,0.0,False,0.0
portfolio_slip2,000938,紫光股份,2026-08-20,09:45,35.410680000000006,100,5.03541068,35.461,33.33,2026-09-04,09:40,36.69646,盈利保护,6.87151946,116.67,3.2901,15,0.0,False,0.0
portfolio_slip2,002396,星网锐捷,2026-09-11,09:45,35.2203,100,5.0352203,35.271,33.15,,,0.0,,0.0,0.0,0.0,0,0.0,False,0.0
portfolio_slip2,000878,云南铜业,2026-09-14,09:45,16.94382,200,5.03388764,16.969,15.95,,,0.0,,0.0,0.0,0.0,0,0.0,False,0.0
portfolio_intra_OLHC,600988,赤峰黄金,2023-09-22,10:05,14.614951571219999,300,5.04384485471366,14.632,13.75,2023-10-09,09:35,13.73625,硬止损,7.10164625,-275.76,-6.2821,17,0.0,False,0.0
portfolio_intra_OLHC,000878,云南铜业,2023-09-22,10:10,11.13281832663,400,5.04453127330652,11.145,10.48,2023-10-20,09:35,10.46867255829,硬止损,7.13560920189116,-277.84,-6.2321,28,0.0,False,0.0
portfolio_intra_OLHC,603380,易德龙,2023-11-10,09:45,23.094436184819997,100,5.02309443618482,23.145,21.76,2023-12-08,14:35,21.73824,硬止损,6.10865024,-146.75,-6.3406,28,0.0,False,0.0
portfolio_intra_OLHC,002156,通富微电,2023-12-06,10:05,21.780374515899997,100,5.0217803745159,21.831,20.52,2023-12-15,09:40,22.467509999999997,盈利保护,6.14584301,57.55,2.636,9,0.0,False,0.0
portfolio_intra_OLHC,002156,通富微电,2023-12-25,09:55,21.6406927737,200,5.0432813855474,21.666,20.37,2024-01-08,09:50,20.34963,硬止损,7.0756622600000005,-270.33,-6.2386,14,0.0,False,0.0
portfolio_intra_OLHC,000938,紫光股份,2024-03-14,09:45,23.025910127219998,100,5.02302591012722,23.076,21.69,2024-03-26,11:05,21.66831,硬止损,6.10508381,-146.89,-6.3654,12,0.0,False,0.0
portfolio_intra_OLHC,601138,工业富联,2024-03-15,09:45,21.316255760799997,100,5.0213162557608,21.366,20.08,2024-03-22,11:15,22.74723,盈利保护,6.16010873,131.92,6.174,7,0.0,False,0.0
portfolio_intra_OLHC,600522,中天科技,2024-03-27,09:45,13.6303233066,300,5.0408909699198,13.647,12.83,2024-04-03,10:00,12.81717,硬止损,6.9610270100000005,-255.95,-6.2516,7,0.0,False,0.0
portfolio_intra_OLHC,600487,亨通光电,2024-03-27,09:50,12.101506276859999,300,5.03630451883058,12.118,11.39,2024-04-22,09:35,12.46752,盈利保护,6.9075305600000005,97.86,2.6918,26,0.0,False,0.0
portfolio_intra_OLHC,601138,工业富联,2024-03-28,09:45,21.269303655599998,100,5.0212693036556,21.32,20.04,2024-04-09,11:30,20.019959999999998,硬止损,6.02101796,-135.98,-6.378,12,0.0,False,0.0
portfolio_intra_OLHC,000938,紫光股份,2024-04-03,09:45,20.976742716929998,100,5.02097674271693,21.027,19.77,2024-04-10,09:45,19.75023,硬止损,6.00726173,-133.68,-6.3575,7,0.0,False,0.0
portfolio_intra_OLHC,600522,中天科技,2024-04-09,09:45,12.82402249128,300,5.03847206747384,12.841,12.07,2024-04-19,10:15,12.05793,硬止损,6.844863290000001,-241.71,-6.2746,10,0.0,False,0.0
portfolio_intra_OLHC,000878,云南铜业,2024-04-11,10:00,13.23263622681,200,5.02646527245362,13.258,12.46,2024-04-19,13:15,13.64634,盈利保护,6.391926680000001,71.32,2.6898,8,0.0,False,0.0
portfolio_intra_OLHC,600988,赤峰黄金,2024-04-22,10:45,18.421133440709998,200,5.03684226688142,18.446,17.34,2024-05-06,09:35,17.226105501150002,硬止损,6.7570627611173,-250.8,-6.7981,14,0.0,False,0.0
portfolio_intra_OLHC,601138,工业富联,2024-04-23,09:45,19.579027868399997,200,5.0391580557368,19.604,18.43,2024-05-09,09:40,22.637340000000002,盈利保护,7.309008680000001,599.31,15.2853,16,0.0,False,0.0
portfolio_intra_OLHC,000878,云南铜业,2024-04-24,14:25,12.920501133539998,200,5.02584100226708,12.946,12.17,2024-05-22,11:25,13.896090000000001,盈利保护,6.41740118,183.67,7.0941,28,0.0,False,0.0
portfolio_intra_OLHC,600988,赤峰黄金,2024-05-09,09:45,17.545809961679996,200,5.03509161992336,17.571,16.52,2024-05-21,09:55,18.0819,盈利保护,6.8443538,95.34,2.713,12,0.0,False,0.0
portfolio_intra_OLHC,600487,亨通光电,2024-05-23,10:05,14.284064574779999,200,5.02856812914956,14.309,13.45,2024-06-25,10:45,14.72526,盈利保护,6.50197652,76.71,2.6804,33,0.0,False,0.0
portfolio_intra_OLHC,600219,南山铝业,2024-05-23,10:10,3.2342152842999994,1200,5.0388105834116,3.238,3.04,2024-07-18,10:25,3.35664,盈利保护,7.05426368,134.82,3.4692,56,0.0,False,0.0
portfolio_intra_OLHC,600988,赤峰黄金,2024-05-23,11:30,17.004879721829997,100,5.01700487972183,17.055,16.03,2024-06-26,09:35,16.01397,硬止损,5.816712470000001,-109.92,-6.4453,34,0.0,False,0.0
portfolio_intra_OLHC,600522,中天科技,2024-06-11,09:45,13.687916221979998,100,5.01368791622198,13.738,12.91,2024-06-27,09:35,14.425559999999999,盈利保护,5.73570356,63.01,4.5869,16,0.0,False,0.0
portfolio_intra_OLHC,000938,紫光股份,2024-06-25,10:40,21.54713657096,100,5.02154713657096,21.597,20.3,2024-07-23,10:55,23.45652,盈利保护,6.1962825200000005,179.72,8.3214,28,0.0,False,0.0
portfolio_intra_OLHC,600760,中航沈飞,2024-07-04,10:55,39.01603770063999,100,5.03901603770064,39.066,36.72,2024-08-08,10:45,40.199760000000005,盈利保护,7.05018776,106.28,2.7206,35,0.0,False,0.0
portfolio_intra_OLHC,600219,南山铝业,2024-07-22,09:45,3.3303676305899996,700,5.02331257341413,3.338,3.14,2024-07-23,11:10,3.13686,硬止损,6.11985902,-146.6,-6.2749,1,0.0,False,0.0
portfolio_intra_OLHC,600988,赤峰黄金,2024-07-23,10:30,19.4607914501,200,5.0389215829002,19.486,18.32,2024-07-25,10:45,18.30168,硬止损,6.86677136,-243.73,-6.2539,2,0.0,False,0.0
portfolio_intra_OLHC,000938,紫光股份,2024-07-29,09:45,22.652373243499998,100,5.0226523732435,22.703,21.34,2024-08-05,13:20,21.31866,硬止损,6.087251660000001,-144.48,-6.3641,7,0.0,False,0.0
portfolio_intra_OLHC,600988,赤峰黄金,2024-08-02,09:45,19.4114736816,100,5.0194114736816,19.462,18.29,2024-08-06,09:45,18.27171,硬止损,5.9318572099999995,-124.93,-6.4192,4,0.0,False,0.0
portfolio_intra_OLHC,600460,士兰微,2024-08-07,09:45,20.886583868149998,200,5.0417731677363,20.912,19.66,2024-08-16,14:20,19.64034,硬止损,7.00331468,-261.29,-6.2475,9,0.0,False,0.0
portfolio_intra_OLHC,600760,中航沈飞,2024-08-12,10:15,40.06919512595999,100,5.04006919512596,40.12,37.71,2024-09-20,09:50,37.672290000000004,硬止损,6.92128679,-251.65,-6.2725,39,0.0,False,0.0
portfolio_intra_OLHC,600460,士兰微,2024-08-20,09:45,19.769974133909997,200,5.03953994826782,19.795,18.61,2024-08-22,09:55,18.59139,硬止损,6.89632178,-247.65,-6.2554,2,0.0,False,0.0
portfolio_intra_OLHC,600988,赤峰黄金,2024-08-23,09:45,17.9319406266,200,5.0358638812532,17.957,16.88,2024-09-02,09:35,16.86312,硬止损,6.72003824,-225.52,-6.2794,10,0.0,False,0.0
portfolio_intra_OLHC,000878,云南铜业,2024-10-10,09:45,13.112982432549998,200,5.0262259648651,13.138,12.35,2024-11-22,13:05,12.33765,硬止损,6.2584403,-166.35,-6.3309,43,0.0,False,0.0
portfolio_intra_OLHC,600219,南山铝业,2024-10-10,09:50,3.6188246694599995,1000,5.0361882466946,3.624,3.41,2024-10-15,11:15,3.72627,盈利保护,6.9003977,95.51,2.6356,5,0.0,False,0.0
portfolio_intra_OLHC,002396,星网锐捷,2024-10-10,09:55,12.537627802699998,200,5.0250752556054,12.563,11.81,2024-10-11,14:10,11.79819,硬止损,6.20341538,-159.12,-6.3328,1,0.0,False,0.0
portfolio_intra_OLHC,600522,中天科技,2024-10-11,14:10,14.475306385539998,100,5.01447530638554,14.525,13.65,2024-10-24,09:35,15.534450000000001,盈利保护,5.79225695,95.11,6.5477,13,0.0,False,0.0
portfolio_intra_OLHC,600460,士兰微,2024-10-14,10:00,23.947290907539998,100,5.0239472909075396,23.998,22.56,2024-10-16,09:35,23.979042654300002,盈利保护,6.2229311753693,-8.07,-0.3364,2,0.0,False,0.0
portfolio_intra_OLHC,603380,易德龙,2024-10-15,11:15,21.545076803249998,100,5.02154507680325,21.595,20.3,2024-11-14,14:20,22.21776,盈利保护,6.13310576,56.11,2.5984,30,0.0,False,0.0
portfolio_intra_OLHC,600487,亨通光电,2024-10-15,13:15,16.55330768091,100,5.01655330768091,16.603,15.61,2024-10-23,14:15,17.082900000000002,盈利保护,5.8712279,42.07,2.5339,8,0.0,False,0.0
portfolio_intra_OLHC,000938,紫光股份,2024-10-16,09:45,23.180098861919998,100,5.02318009886192,23.23,21.84,2024-11-01,14:45,24.63534,盈利保护,6.256402339999999,134.24,5.7788,16,0.0,False,0.0
portfolio_intra_OLHC,601138,工业富联,2024-10-24,09:45,24.149986120259996,100,5.02414998612026,24.2,22.75,2024-11-12,13:40,24.90507,盈利保护,6.2701585699999995,64.21,2.6534,19,0.0,False,0.0
portfolio_intra_OLHC,600219,南山铝业,2024-10-31,10:10,3.6004228259999995,300,5.010801268478,3.617,3.4,2024-11-11,09:45,3.80619,盈利保护,5.58234707,51.14,4.7125,11,0.0,False,0.0
portfolio_intra_OLHC,600219,南山铝业,2024-11-13,10:05,3.7504404437499996,1000,5.0375044044375,3.755,3.53,2024-11-22,14:50,3.5264699999999998,硬止损,6.7984997,-235.81,-6.279,9,0.0,False,0.0
portfolio_intra_OLHC,000938,紫光股份,2024-11-15,09:50,27.07331993366,100,5.02707331993366,27.124,25.5,2024-11-18,09:45,25.4745,硬止损,6.299199499999999,-171.21,-6.3122,3,0.0,False,0.0
portfolio_intra_OLHC,002396,星网锐捷,2024-11-15,14:25,13.692508629799999,100,5.0136925086298,13.743,12.92,2024-11-25,09:55,12.90708,硬止损,5.65826108,-89.21,-6.4918,10,0.0,False,0.0
portfolio_intra_OLHC,002156,通富微电,2024-11-18,09:45,30.643639926899997,100,5.0306436399269,30.694,28.85,2024-11-25,13:50,28.821150000000003,硬止损,6.46987865,-193.75,-6.3123,7,0.0,False,0.0
portfolio_intra_OLHC,600460,士兰微,2024-11-22,13:15,28.493487682659996,100,5.02849348768266,28.544,26.83,2024-11-25,09:55,26.803169999999998,硬止损,6.36696167,-180.43,-6.3211,3,0.0,False,0.0
portfolio_intra_OLHC,600522,中天科技,2024-11-25,14:45,15.322783946469997,200,5.03064556789294,15.348,14.43,2024-12-04,14:45,15.79419,盈利保护,6.61100738,82.64,2.6922,9,0.0,False,0.0
portfolio_intra_OLHC,603380,易德龙,2024-11-26,10:45,21.5733883365,100,5.0215733883365,21.624,20.33,2024-12-31,10:00,23.806169999999998,盈利保护,6.214114670000001,212.04,9.8061,35,0.0,False,0.0
portfolio_intra_OLHC,600487,亨通光电,2024-11-26,14:00,16.47462291475,100,5.01647462291475,16.525,15.53,2024-12-11,10:10,17.30268,盈利保护,5.8824366800000005,71.91,4.3515,15,0.0,False,0.0
portfolio_intra_OLHC,002396,星网锐捷,2024-12-04,09:45,13.073552892399999,200,5.0261471057848,13.099,12.31,2024-12-25,10:00,14.085899999999999,盈利保护,6.4367618,191.01,7.2911,21,0.0,False,0.0
portfolio_intra_OLHC,600522,中天科技,2024-12-06,09:50,15.449418524539999,100,5.01544941852454,15.5,14.57,2024-12-25,10:00,14.55543,硬止损,5.74232693,-100.16,-6.4619,19,0.0,False,0.0
portfolio_intra_OLHC,002156,通富微电,2024-12-24,10:30,29.00665069302,100,5.02900665069302,29.057,27.31,2024-12-31,11:00,29.90007,盈利保护,6.52490357,77.79,2.6771,7,0.0,False,0.0
portfolio_intra_OLHC,000938,紫光股份,2025-01-02,09:45,27.083277020799997,100,5.0270832770208,27.134,25.51,2025-01-03,09:35,25.48449,硬止损,6.29970899,-171.21,-6.3097,1,0.0,False,0.0
portfolio_intra_OLHC,002396,星网锐捷,2025-01-02,09:50,14.145403071799999,200,5.0282908061436,14.171,13.32,2025-01-03,09:50,13.30668,硬止损,6.35728136,-179.13,-6.3205,1,0.0,False,0.0
portfolio_intra_OLHC,603380,易德龙,2025-01-06,09:55,22.281176667749996,100,5.02228117666775,22.331,20.99,2025-02-13,10:15,24.30567,盈利保护,6.23958917,191.19,8.5614,38,0.0,False,0.0
portfolio_intra_OLHC,000938,紫光股份,2025-01-24,09:45,26.117439568219996,100,5.02611743956822,26.168,24.6,2025-02-18,10:10,30.039930000000002,盈利保护,6.53203643,380.69,14.5481,25,0.0,False,0.0
portfolio_intra_OLHC,600988,赤峰黄金,2025-02-18,09:45,19.046522194699996,200,5.0380930443894,19.072,17.93,2025-02-28,14:25,17.91207,硬止损,6.82703114,-238.76,-6.2594,10,0.0,False,0.0
portfolio_intra_OLHC,000938,紫光股份,2025-02-28,10:00,30.150059859919995,100,5.03015005985992,30.2,28.39,2025-03-03,09:35,28.36161,硬止损,6.4464421100000004,-190.32,-6.302,3,0.0,False,0.0
portfolio_intra_OLHC,603380,易德龙,2025-02-28,13:15,24.31960706175,100,5.02431960706175,24.37,22.91,2025-03-31,09:35,22.88709,硬止损,6.16724159,-154.44,-6.3375,31,0.0,False,0.0
portfolio_intra_OLHC,002396,星网锐捷,2025-02-28,13:20,16.296651671299998,100,5.0162966516713,16.347,15.37,2025-03-24,13:45,15.354629999999998,硬止损,5.78308613,-105.0,-6.4234,24,0.0,False,0.0
portfolio_intra_OLHC,000878,云南铜业,2025-03-05,13:05,12.280719340889998,200,5.02456143868178,12.306,11.57,2025-03-27,09:35,13.1350733784,盈利保护,6.3397774845968,159.51,6.4809,22,0.0,False,0.0
portfolio_intra_OLHC,000938,紫光股份,2025-03-14,09:50,28.29804165188,100,5.02829804165188,28.348,26.65,2025-03-31,11:25,26.62335,硬止损,6.357790850000001,-178.86,-6.3092,17,0.0,False,0.0
portfolio_intra_OLHC,000878,云南铜业,2025-04-01,09:55,12.542011241759997,200,5.02508402248352,12.567,11.81,2025-04-07,09:35,11.087547234119999,硬止损,6.13092981788024,-302.05,-12.0174,6,0.0,False,0.0
portfolio_intra_OLHC,600988,赤峰黄金,2025-04-08,09:45,20.5951001256,100,5.0205951001256,20.645,19.41,2025-04-17,09:55,29.600369999999998,盈利保护,6.50961887,889.0,43.0605,9,0.0,False,0.0
portfolio_intra_OLHC,600988,赤峰黄金,2025-04-24,09:50,27.864539202499998,100,5.0278645392025,27.915,26.24,2025-04-28,09:35,25.928691154200003,硬止损,6.3223632488642,-204.94,-7.3414,4,0.0,False,0.0
portfolio_intra_OLHC,600988,赤峰黄金,2025-05-08,09:45,27.0162735843,100,5.0270162735843,27.067,25.44,2025-05-12,09:35,25.41456,硬止损,6.29614256,-171.49,-6.336,4,0.0,False,0.0
portfolio_intra_OLHC,600988,赤峰黄金,2025-05-14,09:45,25.931282677299997,100,5.0259312826773,25.982,24.42,2025-05-23,09:35,26.676823473000002,盈利保护,6.360517997123001,63.17,2.4313,9,0.0,False,0.0
portfolio_intra_OLHC,600988,赤峰黄金,2025-06-20,09:45,26.7598211881,100,5.0267598211881,26.81,25.2,2025-06-24,14:40,25.174799999999998,硬止损,6.2839148,-169.81,-6.3339,4,0.0,False,0.0
portfolio_intra_OLHC,000878,云南铜业,2025-07-07,09:45,12.652240981379999,200,5.02530448196276,12.677,11.92,2025-07-31,09:35,13.0113891864,盈利保护,6.327161697012801,60.48,2.3852,24,0.0,False,0.0
portfolio_intra_OLHC,600522,中天科技,2025-07-07,09:50,13.705757795729998,200,5.02741151559146,13.731,12.91,2025-09-03,09:40,15.37461,盈利保护,6.568210219999999,322.17,11.7317,58,0.0,False,0.0
portfolio_intra_OLHC,603380,易德龙,2025-07-28,09:50,27.717250210649997,100,5.02771725021065,27.768,26.1,2025-07-30,13:05,29.600369999999998,盈利保护,6.50961887,176.77,6.3662,2,0.0,False,0.0
portfolio_intra_OLHC,600219,南山铝业,2025-08-01,09:45,3.6085408358999995,1000,5.036085408359,3.614,3.4,2025-08-29,09:35,3.7162800000000002,盈利保护,6.8953028,95.81,2.6513,28,0.0,False,0.0
portfolio_intra_OLHC,600460,士兰微,2025-09-02,13:10,30.257203977,100,5.030257203977,30.308,28.49,2025-09-04,13:40,28.461509999999997,硬止损,6.451537009999999,-191.05,-6.3038,2,0.0,False,0.0
portfolio_intra_OLHC,002396,星网锐捷,2025-09-04,09:45,23.60483468343,100,5.02360483468343,23.655,22.24,2025-09-05,09:35,22.64192204337,退出+T+1续退出,6.15473802421187,-107.47,-4.5432,1,0.0,True,0.0
portfolio_intra_OLHC,002156,通富微电,2025-09-05,09:45,31.096264299099996,100,5.0310962642991,31.147,29.28,2025-09-18,14:40,34.025940000000006,盈利保护,6.7353229400000005,281.2,9.0283,13,0.0,False,0.0
portfolio_intra_OLHC,600487,亨通光电,2025-09-08,10:40,19.43198855598,100,5.01943198855598,19.482,18.31,2025-09-15,11:20,20.04993,盈利保护,6.02254643,50.75,2.6051,7,0.0,False,0.0
portfolio_intra_OLHC,002396,星网锐捷,2025-09-15,10:30,23.795997905679997,100,5.02379599790568,23.846,22.42,2025-10-10,09:50,22.39758,硬止损,6.14227658,-151.01,-6.3326,25,0.0,False,0.0
portfolio_intra_OLHC,600460,士兰微,2025-09-16,09:45,30.177316969799996,100,5.0301773169698,30.228,28.41,2025-10-10,14:20,31.098869999999998,盈利保护,6.5860423699999995,80.54,2.6644,24,0.0,False,0.0
portfolio_intra_OLHC,000878,云南铜业,2025-09-22,10:00,14.963423174699999,100,5.0149634231747,15.014,14.11,2025-10-13,09:35,18.52151536458,盈利保护,5.9445972835935805,344.85,22.9692,21,0.0,False,0.0
portfolio_intra_OLHC,600522,中天科技,2025-10-13,10:05,18.127550481039997,200,5.03625510096208,18.153,17.06,2025-10-17,10:25,17.042939999999998,硬止损,6.73837988,-228.7,-6.2992,4,0.0,False,0.0
portfolio_intra_OLHC,600487,亨通光电,2025-10-13,11:25,21.658778611469998,100,5.02165877861147,21.709,20.41,2025-10-17,14:30,20.389590000000002,硬止损,6.03986909,-137.98,-6.3559,4,0.0,False,0.0
portfolio_intra_OLHC,000938,紫光股份,2025-10-15,09:45,28.00160294932,100,5.02800160294932,28.052,26.37,2025-11-03,10:35,26.34363,硬止损,6.343525130000001,-177.17,-6.3158,19,0.0,False,0.0
portfolio_intra_OLHC,000878,云南铜业,2025-10-15,11:00,17.86721618682,100,5.01786721618682,17.917,16.84,2025-11-03,10:10,16.82316,硬止损,5.8579811600000005,-115.28,-6.4341,19,0.0,False,0.0
portfolio_intra_OLHC,600460,士兰微,2025-10-17,11:30,30.546794378099996,100,5.0305467943781,30.597,28.76,2025-11-03,09:35,31.47849,盈利保护,6.60540299,81.53,2.6647,17,0.0,False,0.0
portfolio_intra_OLHC,600219,南山铝业,2025-10-22,09:45,3.7111484209799994,200,5.00742229684196,3.736,3.51,2025-11-18,09:35,4.67532,盈利保护,5.47688264,182.35,24.4032,27,0.0,False,0.0
portfolio_intra_OLHC,600522,中天科技,2025-10-23,09:45,17.013233437199997,100,5.0170132334372,17.063,16.04,2025-11-05,09:35,15.906867849360001,硬止损,5.81125026031736,-121.46,-7.1184,13,0.0,False,0.0
portfolio_intra_OLHC,600988,赤峰黄金,2025-11-03,09:45,28.696286178559998,100,5.02869628617856,28.747,27.02,2025-11-17,09:35,29.580389999999998,盈利保护,6.508599889999999,76.87,2.6742,14,0.0,False,0.0
portfolio_intra_OLHC,600487,亨通光电,2025-11-03,10:10,21.77860587903,100,5.02177860587903,21.829,20.52,2025-11-12,11:05,20.49948,硬止损,6.04547348,-138.98,-6.3668,9,0.0,False,0.0
portfolio_intra_OLHC,000878,云南铜业,2025-11-05,13:40,16.761009325059998,100,5.01676100932506,16.811,15.8,2025-11-21,11:15,15.7842,硬止损,5.804994199999999,-108.5,-6.4542,16,0.0,False,0.0
portfolio_intra_OLHC,600522,中天科技,2025-11-11,10:10,17.10277677108,100,5.01710277677108,17.153,16.12,2025-11-19,10:15,16.10388,硬止损,5.82129788,-110.73,-6.4553,8,0.0,False,0.0
portfolio_intra_OLHC,002156,通富微电,2025-11-17,09:50,37.92544388633,100,5.03792544388633,37.976,35.7,2025-11-21,09:55,35.664300000000004,硬止损,6.8188793,-237.97,-6.2664,4,0.0,False,0.0
portfolio_intra_OLHC,600219,南山铝业,2025-11-24,09:45,4.412758570219999,800,5.03530206856176,4.419,4.15,2025-12-09,10:20,4.60539,盈利保护,6.8789991200000005,142.19,4.0221,15,0.0,False,0.0
portfolio_intra_OLHC,600219,南山铝业,2025-12-11,10:35,4.5881611075299995,800,5.03670528886024,4.594,4.32,2026-01-29,10:10,7.632359999999999,盈利保护,8.114002880000001,2422.21,65.9003,49,0.0,False,0.0
portfolio_intra_OLHC,600522,中天科技,2025-12-26,11:25,18.147448999679995,100,5.01814744899968,18.198,17.11,2026-01-29,13:55,20.879099999999998,盈利保护,6.064834100000001,262.08,14.402,34,0.0,False,0.0
portfolio_intra_OLHC,600487,亨通光电,2025-12-30,14:35,24.42479137098,100,5.02442479137098,24.475,23.01,2026-01-22,10:05,27.03294,盈利保护,6.37867994,249.41,10.1905,23,0.0,False,0.0
portfolio_intra_OLHC,002396,星网锐捷,2026-01-22,10:05,21.62438370092,100,5.02162438370092,21.675,20.37,2026-03-03,10:10,22.307669999999998,盈利保护,6.13769117,57.17,2.6376,40,0.0,False,0.0
portfolio_intra_OLHC,600988,赤峰黄金,2026-01-30,13:30,42.88064901119999,100,5.0428806490112,42.931,40.36,2026-02-02,09:35,38.51547604992,硬止损,6.96428927854592,-448.52,-10.4475,3,0.0,False,0.0
portfolio_intra_OLHC,000878,云南铜业,2026-02-02,09:45,23.576033741259998,100,5.02357603374126,23.626,22.21,2026-02-06,09:35,21.66593441796,硬止损,6.10496265531596,-202.14,-8.5557,4,0.0,False,0.0
portfolio_intra_OLHC,603380,易德龙,2026-02-02,09:50,37.8615473236,100,5.0378615473236,37.912,35.64,2026-03-04,09:35,35.60436,硬止损,6.81582236,-237.57,-6.2664,30,0.0,False,0.0
portfolio_intra_OLHC,600219,南山铝业,2026-02-03,09:45,6.519127264649999,300,5.01955738179395,6.536,6.14,2026-02-06,09:35,6.11709742935,硬止损,5.93591590669055,-131.56,-6.7099,3,0.0,False,0.0
portfolio_intra_OLHC,600460,士兰微,2026-02-05,13:50,29.7778819338,100,5.0297778819338,29.828,28.04,2026-03-03,09:50,30.68928,盈利保护,6.56515328,79.54,2.6668,26,0.0,False,0.0
portfolio_intra_OLHC,000878,云南铜业,2026-03-04,14:40,23.793324374819996,100,5.02379332437482,23.844,22.41,2026-03-09,09:35,22.38759,硬止损,6.14176709,-151.74,-6.3639,5,0.0,False,0.0
portfolio_intra_OLHC,600522,中天科技,2026-03-06,09:45,27.161477943599998,100,5.0271614779436,27.212,25.58,2026-03-09,09:35,25.554419999999997,硬止损,6.303275419999999,-172.04,-6.3221,3,0.0,False,0.0
portfolio_intra_OLHC,600219,南山铝业,2026-03-06,13:05,7.2499711283999995,500,5.036249855642,7.26,6.82,2026-03-16,10:55,6.81318,硬止损,6.7373609,-230.17,-6.3407,10,0.0,False,0.0
portfolio_intra_OLHC,600988,赤峰黄金,2026-03-09,09:45,38.46354511999999,100,5.03846354512,38.514,36.2,2026-03-16,09:35,39.83013,盈利保护,7.03133663,124.59,3.2349,7,0.0,False,0.0
portfolio_intra_OLHC,000938,紫光股份,2026-03-16,10:15,25.325272852879994,100,5.02532527285288,25.376,23.85,2026-03-20,14:45,26.11386,盈利保护,6.3318068599999995,67.5,2.6601,4,0.0,False,0.0
portfolio_intra_OLHC,600522,中天科技,2026-03-17,09:45,26.863000164,100,5.026863000164,26.913,25.3,2026-03-23,09:35,24.426276472799998,硬止损,6.2457401001128,-254.94,-9.4728,6,0.0,False,0.0
portfolio_intra_OLHC,600988,赤峰黄金,2026-03-18,09:45,39.56533957375999,100,5.03956533957376,39.616,37.24,2026-03-23,09:35,36.39553986816,硬止损,6.85617253327616,-328.88,-8.3016,5,0.0,False,0.0
portfolio_intra_OLHC,600522,中天科技,2026-03-27,09:45,26.146653492959995,100,5.02614665349296,26.197,24.63,2026-04-01,09:40,28.71126,盈利保护,6.46427426,244.97,9.3511,5,0.0,False,0.0
portfolio_intra_OLHC,000938,紫光股份,2026-05-22,10:05,29.659329800099997,100,5.0296593298001,29.71,27.93,2026-05-27,13:45,27.90207,硬止损,6.42300557,-187.18,-6.3003,5,0.0,False,0.0
portfolio_intra_OLHC,603380,易德龙,2026-05-26,09:45,39.75068897799999,100,5.039750688978,39.801,37.41,2026-05-28,09:35,37.372589999999995,硬止损,6.90600209,-249.76,-6.2751,2,0.0,False,0.0
portfolio_intra_OLHC,600522,中天科技,2026-05-27,09:45,39.548305797,100,5.039548305797,39.599,37.22,2026-06-01,09:35,40.74921,盈利保护,7.07820971,107.97,2.7267,5,0.0,False,0.0
portfolio_intra_OLHC,603380,易德龙,2026-06-01,09:55,36.35613756775,100,5.03635613756775,36.407,34.22,2026-06-05,09:35,34.18578,硬止损,6.74347478,-228.82,-6.285,4,0.0,False,0.0
portfolio_intra_OLHC,600460,士兰微,2026-06-01,10:20,34.031865067199995,100,5.0340318650672,34.082,32.04,2026-06-08,09:35,31.8411274995,硬止损,6.6238975024745,-230.73,-6.7699,7,0.0,False,0.0
portfolio_intra_OLHC,002396,星网锐捷,2026-06-01,14:05,22.072049999999997,100,5.02207205,22.122,20.79,2026-06-08,09:35,20.5794,硬止损,6.0495494,-160.34,-7.2477,7,0.0,False,0.0
portfolio_intra_OLHC,600460,士兰微,2026-06-10,09:45,34.151695577999995,100,5.034151695578,34.202,32.15,2026-06-12,14:00,32.11785,硬止损,6.63801035,-215.06,-6.2878,2,0.0,False,0.0
portfolio_intra_OLHC,603380,易德龙,2026-06-18,09:45,37.22718999999999,100,5.03722719,37.278,35.04,2026-06-24,09:35,41.92803,盈利保护,7.13832953,457.91,12.2838,6,0.0,False,0.0
portfolio_intra_OLHC,603380,易德龙,2026-07-16,14:05,39.169129999999996,100,5.03916913,39.22,36.87,2026-07-17,09:50,36.83313,硬止损,6.87848963,-245.52,-6.2601,1,0.0,False,0.0
portfolio_intra_OLHC,002396,星网锐捷,2026-07-28,09:55,29.759729999999998,100,5.02975973,29.81,28.02,2026-07-29,09:35,27.991979999999998,硬止损,6.427590980000001,-188.23,-6.3144,1,0.0,False,0.0
portfolio_intra_OLHC,000938,紫光股份,2026-07-30,13:25,33.6336,100,5.0336336,33.684,31.66,2026-08-18,11:10,38.68128,盈利保护,6.97274528,492.76,14.629,19,0.0,False,0.0
portfolio_intra_OLHC,002396,星网锐捷,2026-08-07,09:45,28.53851,100,5.02853851,28.589,26.87,2026-08-12,09:35,29.42055,盈利保护,6.50044805,76.68,2.682,5,0.0,False,0.0
portfolio_intra_OLHC,600988,赤峰黄金,2026-08-14,09:50,38.81878,100,5.03881878,38.869,36.54,2026-08-24,13:15,48.27168,盈利保护,7.46185568,932.79,23.9982,10,0.0,False,0.0
portfolio_intra_OLHC,002396,星网锐捷,2026-08-19,10:15,30.840809999999994,100,5.03084081,30.891,29.04,2026-08-24,10:05,31.78818,盈利保护,6.62119718,83.08,2.6896,5,0.0,False,0.0
portfolio_intra_OLHC,000938,紫光股份,2026-08-20,13:55,35.36532999999999,100,5.03536533,35.416,33.29,2026-09-04,09:40,36.733230000000006,盈利保护,6.873394730000001,124.88,3.5262,15,0.0,False,0.0
portfolio_intra_OLHC,600988,赤峰黄金,2026-09-09,10:40,43.35331,100,5.04335331,43.404,40.8,,,0.0,,0.0,0.0,0.0,0,0.0,False,0.0
portfolio_intra_OLHC,002396,星网锐捷,2026-09-11,09:45,35.18514999999999,100,5.03518515,35.236,33.12,,,0.0,,0.0,0.0,0.0,0,0.0,False,0.0
nb_atr2,600988,赤峰黄金,2023-09-21,10:15,14.870664048239998,300,5.04461199214472,14.887,13.99,2023-10-09,09:35,13.97601,硬止损,7.13832953,-280.58,-6.2822,18,0.0,False,0.0
nb_atr2,000878,云南铜业,2023-09-21,11:25,11.265239275289998,300,5.03379571782587,11.282,10.61,2023-10-18,14:25,10.59939,硬止损,6.62170667,-211.41,-6.2462,27,0.0,False,0.0
nb_atr2,600219,南山铝业,2023-09-26,09:45,2.6767402461799996,1000,5.0267674024618,2.682,2.52,2023-10-20,10:05,2.51748,硬止损,6.2839148,-170.57,-6.3604,24,0.0,False,0.0
nb_atr2,603380,易德龙,2023-11-10,09:45,23.094436184819997,100,5.02309443618482,23.145,21.76,2023-12-08,14:35,21.73824,硬止损,6.10865024,-146.75,-6.3406,28,0.0,False,0.0
nb_atr2,002156,通富微电,2023-12-06,09:50,22.1295788714,100,5.0221295788714,22.18,20.85,2023-12-11,09:35,22.827150000000003,盈利保护,6.16418465,58.57,2.6407,5,0.0,False,0.0
nb_atr2,002156,通富微电,2023-12-18,09:45,22.329124217399997,100,5.0223291242174,22.379,21.04,2024-01-05,13:40,21.01896,硬止损,6.07196696,-142.11,-6.3501,18,0.0,False,0.0
nb_atr2,600988,赤峰黄金,2024-01-10,14:35,13.985505473939998,300,5.04195651642182,14.002,13.16,2024-01-17,14:55,13.146840000000001,硬止损,7.011466520000001,-263.65,-6.2764,7,0.0,False,0.0
nb_atr2,000938,紫光股份,2024-03-14,09:45,23.025910127219998,100,5.02302591012722,23.076,21.69,2024-03-26,11:05,21.66831,硬止损,6.10508381,-146.89,-6.3654,12,0.0,False,0.0
nb_atr2,601138,工业富联,2024-03-15,09:45,21.316255760799997,100,5.0213162557608,21.366,20.08,2024-03-22,11:15,22.74723,盈利保护,6.16010873,131.92,6.174,7,0.0,False,0.0
nb_atr2,002156,通富微电,2024-03-15,09:50,24.843395577,100,5.024843395577,24.894,23.4,2024-03-25,11:00,23.3766,硬止损,6.1922066,-157.9,-6.3428,10,0.0,False,0.0
nb_atr2,000878,云南铜业,2024-03-26,09:45,12.173268637529999,300,5.03651980591259,12.19,11.46,2024-04-08,13:50,13.64634,盈利保护,7.08789002,429.8,11.7527,13,0.0,False,0.0
nb_atr2,601138,工业富联,2024-03-26,09:50,22.3961541804,100,5.0223961541804,22.446,21.1,2024-03-27,14:55,21.0789,硬止损,6.0750239,-142.82,-6.3628,1,0.0,False,0.0
nb_atr2,600522,中天科技,2024-03-27,09:45,13.6303233066,200,5.0272606466132,13.655,12.84,2024-04-03,10:00,12.82716,硬止损,6.30837032,-171.97,-6.2967,7,0.0,False,0.0
nb_atr2,600487,亨通光电,2024-03-27,09:50,12.101506276859999,100,5.01210150627686,12.152,11.42,2024-04-19,14:20,12.50518767462,盈利保护,5.6377645714056195,29.72,2.4456,23,0.0,False,0.0
nb_atr2,000938,紫光股份,2024-04-03,10:35,20.83815168435,100,5.02083815168435,20.888,19.63,2024-04-10,10:30,19.61037,硬止损,6.000128869999999,-133.8,-6.4054,7,0.0,False,0.0
nb_atr2,601138,工业富联,2024-04-08,10:55,20.88429639296,100,5.02088429639296,20.935,19.68,2024-04-10,11:15,19.66032,硬止损,6.00267632,-133.42,-6.3733,2,0.0,False,0.0
nb_atr2,600522,中天科技,2024-04-09,09:45,12.82402249128,300,5.03847206747384,12.841,12.07,2024-04-19,10:15,12.05793,硬止损,6.844863290000001,-241.71,-6.2746,10,0.0,False,0.0
nb_atr2,000878,云南铜业,2024-04-10,09:55,13.554229959269998,200,5.02710845991854,13.579,12.76,2024-04-16,14:50,12.74724,硬止损,6.30021848,-172.73,-6.3598,6,0.0,False,0.0
nb_atr2,601138,工业富联,2024-04-16,14:15,20.52746039344,100,5.02052746039344,20.578,19.34,2024-04-22,09:35,19.099440960480003,硬止损,5.974071488984481,-153.8,-7.474,6,0.0,False,0.0
nb_atr2,600988,赤峰黄金,2024-04-22,10:45,18.421133440709998,200,5.03684226688142,18.446,17.34,2024-05-06,09:35,17.226105501150002,硬止损,6.7570627611173,-250.8,-6.7981,14,0.0,False,0.0
nb_atr2,000878,云南铜业,2024-04-24,09:45,12.570531483509999,300,5.03771159445053,12.587,11.83,2024-05-06,09:50,12.947040000000001,盈利保护,6.98089712,100.93,2.6729,12,0.0,False,0.0
nb_atr2,600219,南山铝业,2024-04-25,09:45,2.9020526334799994,400,5.01160821053392,2.915,2.74,2024-05-23,09:35,3.19285868526,盈利保护,5.65134317179304,105.66,9.063,28,0.0,False,0.0
nb_atr2,000878,云南铜业,2024-05-08,09:45,13.100215278149998,200,5.0262004305563,13.125,12.34,2024-05-22,11:25,13.896090000000001,盈利保护,6.41740118,147.73,5.6277,14,0.0,False,0.0
nb_atr2,600988,赤峰黄金,2024-05-09,09:45,17.545809961679996,200,5.03509161992336,17.571,16.52,2024-05-21,09:55,18.0819,盈利保护,6.8443538,95.34,2.713,12,0.0,False,0.0
nb_atr2,600522,中天科技,2024-05-22,10:50,13.908689064269998,200,5.02781737812854,13.934,13.1,2024-06-03,09:35,14.33565,盈利保护,6.4622363,73.9,2.6519,12,0.0,False,0.0
nb_atr2,600487,亨通光电,2024-05-22,13:40,14.508166542869997,200,5.02901633308574,14.533,13.66,2024-07-16,10:55,14.95503,盈利保护,6.52541306,77.82,2.6772,55,0.0,False,0.0
nb_atr2,600988,赤峰黄金,2024-05-23,11:15,17.05405519818,100,5.01705405519818,17.104,16.08,2024-06-26,09:35,16.045469469,硬止损,5.818318942918999,-111.69,-6.5302,34,0.0,False,0.0
nb_atr2,000878,云南铜业,2024-05-29,09:45,13.564916865499997,100,5.0135649168655,13.615,12.8,2024-06-03,13:10,12.7872,硬止损,5.6521472,-88.44,-6.4956,5,0.0,False,0.0
nb_atr2,000938,紫光股份,2024-06-03,09:45,21.95677930446,100,5.02195677930446,22.007,20.69,2024-06-24,09:35,22.65732,盈利保护,6.15552332,58.88,2.6754,21,0.0,False,0.0
nb_atr2,601138,工业富联,2024-06-04,10:00,22.22712660168,100,5.02222712660168,22.277,20.94,2024-06-07,10:30,22.927049999999998,盈利保护,6.16927955,58.8,2.6395,3,0.0,False,0.0
nb_atr2,600522,中天科技,2024-06-11,09:45,13.687916221979998,100,5.01368791622198,13.738,12.91,2024-06-27,09:35,14.425559999999999,盈利保护,5.73570356,63.01,4.5869,16,0.0,False,0.0
nb_atr2,600219,南山铝业,2024-06-12,10:40,3.2779208962499995,100,5.00327792089625,3.328,3.13,2024-07-17,11:15,3.4265700000000003,盈利保护,5.174755070000001,4.69,1.4083,35,0.0,False,0.0
nb_atr2,600760,中航沈飞,2024-06-26,11:00,37.953037682559994,100,5.03795303768256,38.003,35.72,2024-08-08,10:45,40.16979,盈利保护,7.04865929,209.59,5.515,43,0.0,False,0.0
nb_atr2,600487,亨通光电,2024-07-19,09:45,14.82224282539,200,5.02964448565078,14.847,13.96,2024-07-29,10:30,15.274709999999999,盈利保护,6.55802042,78.91,2.6572,10,0.0,False,0.0
nb_atr2,600988,赤峰黄金,2024-07-23,09:50,19.776425168499998,100,5.0197764251685,19.827,18.64,2024-07-25,09:45,18.62136,硬止损,5.94968936,-126.48,-6.3791,2,0.0,False,0.0
nb_atr2,000938,紫光股份,2024-07-25,09:45,22.483102762119998,100,5.02248310276212,22.533,21.18,2024-08-05,13:35,21.15882,硬止损,6.07909982,-143.53,-6.3697,11,0.0,False,0.0
nb_atr2,600460,士兰微,2024-07-30,09:55,19.789913593449995,200,5.0395798271869,19.815,18.63,2024-08-05,14:45,22.29768,盈利保护,7.27436336,489.24,12.3451,6,0.0,False,0.0
nb_atr2,600487,亨通光电,2024-08-05,11:05,15.009119145019998,100,5.01500911914502,15.059,14.16,2024-08-06,11:20,14.14584,硬止损,5.72143784,-97.06,-6.4455,1,0.0,False,0.0
nb_atr2,600460,士兰微,2024-08-07,09:45,20.886583868149998,200,5.0417731677363,20.912,19.66,2024-08-16,14:20,19.64034,硬止损,7.00331468,-261.29,-6.2475,9,0.0,False,0.0
nb_atr2,600760,中航沈飞,2024-08-12,10:15,40.06919512595999,100,5.04006919512596,40.12,37.71,2024-09-20,09:50,37.672290000000004,硬止损,6.92128679,-251.65,-6.2725,39,0.0,False,0.0
nb_atr2,600460,士兰微,2024-08-20,09:45,19.769974133909997,200,5.03953994826782,19.795,18.61,2024-08-22,09:55,18.59139,硬止损,6.89632178,-247.65,-6.2554,2,0.0,False,0.0
nb_atr2,600988,赤峰黄金,2024-08-22,10:05,18.365936989399998,200,5.0367318739788,18.391,17.29,2024-08-29,09:35,17.27271,硬止损,6.76181642,-230.44,-6.2651,7,0.0,False,0.0
nb_atr2,002396,星网锐捷,2024-10-10,09:45,12.771623264399999,200,5.0255432465288,12.797,12.03,2024-10-11,10:00,12.01797,硬止损,6.22583294,-161.98,-6.329,1,0.0,False,0.0
nb_atr2,000878,云南铜业,2024-10-10,09:50,13.09362747693,200,5.02618725495386,13.119,12.33,2024-11-22,13:35,12.31767,硬止损,6.256402339999999,-166.47,-6.3449,43,0.0,False,0.0
nb_atr2,603380,易德龙,2024-10-10,09:55,22.233990779,100,5.022233990779,22.284,20.95,2024-10-11,14:10,20.92905,硬止损,6.06738155,-141.58,-6.3535,1,0.0,False,0.0
nb_atr2,600219,南山铝业,2024-10-10,10:00,3.5576368127299998,400,5.01423054725092,3.57,3.36,2024-10-15,14:45,3.67632,盈利保护,5.74996928,36.71,2.5705,5,0.0,False,0.0
nb_atr2,600522,中天科技,2024-10-11,09:55,14.709093298899997,100,5.0147090932989,14.759,13.87,2024-10-16,09:40,13.856129999999999,硬止损,5.706662629999999,-96.02,-6.5056,5,0.0,False,0.0
nb_atr2,600487,亨通光电,2024-10-11,10:10,16.50412970206,100,5.01650412970206,16.554,15.56,2024-10-24,09:35,16.9815835179,盈利保护,5.8660607594129,36.86,2.2268,13,0.0,False,0.0
nb_atr2,002156,通富微电,2024-10-15,11:25,22.12929958239,100,5.02212929958239,22.18,20.85,2024-11-04,09:35,28.09188,盈利保护,6.43268588,584.8,26.3668,20,0.0,False,0.0
nb_atr2,600460,士兰微,2024-10-16,09:45,24.964203344079998,100,5.02496420334408,25.014,23.51,2024-10-22,09:35,26.07845261283,盈利保护,6.33000108325433,100.07,4.0005,6,0.0,False,0.0
nb_atr2,603380,易德龙,2024-10-17,14:20,20.837288471999997,100,5.020837288472,20.887,19.63,2024-11-01,09:45,21.54843,盈利保护,6.09896993,59.99,2.8723,15,0.0,False,0.0
nb_atr2,601138,工业富联,2024-10-24,09:50,24.16929066552,100,5.02416929066552,24.22,22.77,2024-11-12,13:40,24.92505,盈利保护,6.27117755,64.28,2.6541,19,0.0,False,0.0
nb_atr2,600522,中天科技,2024-10-31,09:45,15.098738154499998,100,5.0150987381545,15.149,14.24,2024-11-14,14:40,16.07391,盈利保护,5.81976941,86.68,5.722,14,0.0,False,0.0
nb_atr2,600219,南山铝业,2024-10-31,10:15,3.5915982602499996,100,5.00359159826025,3.642,3.42,2024-11-11,09:45,3.80619,盈利保护,5.194115689999999,11.26,3.0924,11,0.0,False,0.0
nb_atr2,600487,亨通光电,2024-11-04,13:30,16.750019596309997,100,5.01675001959631,16.8,15.79,2024-11-14,10:50,17.742240000000002,盈利保护,5.90485424,88.3,5.2559,10,0.0,False,0.0
nb_atr2,600219,南山铝业,2024-11-13,09:45,3.7857387067499997,800,5.030285909654,3.792,3.56,2024-11-18,09:35,3.5564400000000003,硬止损,6.45102752,-194.92,-6.4253,5,0.0,False,0.0
nb_atr2,000938,紫光股份,2024-11-14,10:25,27.770316033459995,100,5.02777031603346,27.821,26.15,2024-11-18,09:35,26.123849999999997,硬止损,6.33231635,-176.01,-6.3265,4,0.0,False,0.0
nb_atr2,002396,星网锐捷,2024-11-14,14:35,13.941600572899997,100,5.0139416005729,13.992,13.15,2024-11-19,13:55,13.13685,硬止损,5.66997935,-91.16,-6.5152,5,0.0,False,0.0
nb_atr2,603380,易德龙,2024-11-15,14:25,22.035810046249996,100,5.02203581004625,22.086,20.76,2024-11-27,09:50,20.739240000000002,硬止损,6.05770124,-140.74,-6.3722,12,0.0,False,0.0
nb_atr2,002156,通富微电,2024-11-18,09:45,30.643639926899997,100,5.0306436399269,30.694,28.85,2024-11-25,13:50,28.821150000000003,硬止损,6.46987865,-193.75,-6.3123,7,0.0,False,0.0
nb_atr2,601138,工业富联,2024-11-18,09:50,22.480142955269997,100,5.02248014295527,22.53,21.18,2024-11-25,13:35,21.15882,硬止损,6.07909982,-143.23,-6.3574,7,0.0,False,0.0
nb_atr2,600522,中天科技,2024-11-19,13:55,15.429936281759998,100,5.01542993628176,15.48,14.55,2024-12-25,10:00,14.53545,硬止损,5.74130795,-100.21,-6.4732,36,0.0,False,0.0
nb_atr2,002396,星网锐捷,2024-11-26,09:45,13.111294095899998,200,5.0262225881918,13.136,12.35,2024-12-25,10:00,14.085899999999999,盈利保护,6.4367618,183.46,6.9828,29,0.0,False,0.0
nb_atr2,600487,亨通光电,2024-11-26,14:00,16.47462291475,100,5.01647462291475,16.525,15.53,2024-12-11,10:10,17.30268,盈利保护,5.8824366800000005,71.91,4.3515,15,0.0,False,0.0
nb_atr2,603380,易德龙,2024-12-04,14:20,21.611137047499994,100,5.0216111370475,21.661,20.36,2024-12-25,09:35,23.29151092425,盈利保护,6.18786705713675,156.83,7.24,21,0.0,False,0.0
nb_atr2,002156,通富微电,2024-12-24,10:25,29.046577259699998,100,5.0290465772597,29.097,27.35,2024-12-31,11:00,29.94003,盈利保护,6.52694153,77.79,2.6735,7,0.0,False,0.0
nb_atr2,002396,星网锐捷,2024-12-31,10:00,14.636038717299998,200,5.0292720774346,14.661,13.78,2025-01-02,13:45,13.766219999999999,硬止损,6.404154439999999,-185.4,-6.3227,2,0.0,False,0.0
nb_atr2,000938,紫光股份,2024-12-31,11:05,28.2781274776,100,5.0282781274776,28.328,26.63,2025-01-02,10:15,26.603369999999998,硬止损,6.35677187,-178.86,-6.3138,2,0.0,False,0.0
nb_atr2,603380,易德龙,2024-12-31,13:10,23.60238155275,100,5.02360238155275,23.653,22.23,2025-01-03,09:50,22.20777,硬止损,6.13259627,-150.62,-6.3679,3,0.0,False,0.0
nb_atr2,603380,易德龙,2025-01-07,09:45,22.488794578249998,100,5.02248879457825,22.539,21.19,2025-01-13,09:45,21.16881,硬止损,6.0796093099999995,-143.1,-6.349,6,0.0,False,0.0
nb_atr2,603380,易德龙,2025-01-15,09:45,22.366111267499996,100,5.0223661112675,22.416,21.07,2025-02-13,10:15,24.30567,盈利保护,6.23958917,182.69,8.15,29,0.0,False,0.0
nb_atr2,000938,紫光股份,2025-01-24,09:45,26.117439568219996,100,5.02611743956822,26.168,24.6,2025-02-18,10:10,30.039930000000002,盈利保护,6.53203643,380.69,14.5481,25,0.0,False,0.0
nb_atr2,600988,赤峰黄金,2025-02-12,09:50,19.4607914501,100,5.0194607914501,19.511,18.34,2025-02-28,09:35,18.309554117999998,硬止损,5.933787260018,-126.08,-6.4618,16,0.0,False,0.0
nb_atr2,603380,易德龙,2025-02-17,13:35,24.310169883999997,100,5.024310169884,24.36,22.9,2025-02-27,10:40,25.06491,盈利保护,6.2783104100000005,64.17,2.6342,10,0.0,False,0.0
nb_atr2,002156,通富微电,2025-02-27,13:40,29.954906651669997,100,5.02995490665167,30.005,28.2,2025-03-03,14:35,28.171799999999998,硬止损,6.4367618,-189.78,-6.3248,4,0.0,False,0.0
nb_atr2,002396,星网锐捷,2025-02-28,09:45,16.575936577199997,200,5.0331518731544,16.601,15.6,2025-03-03,09:35,15.5844,硬止损,6.5896088,-209.93,-6.3228,3,0.0,False,0.0
nb_atr2,000938,紫光股份,2025-02-28,13:05,30.110231511359995,100,5.03011023151136,30.161,28.35,2025-03-13,13:10,28.32165,硬止损,6.4444041499999996,-190.33,-6.3107,13,0.0,False,0.0
nb_atr2,603380,易德龙,2025-03-03,09:55,23.970431484999995,100,5.023970431485,24.021,22.58,2025-03-31,10:55,22.557419999999997,硬止损,6.15042842,-152.48,-6.3477,28,0.0,False,0.0
nb_atr2,000878,云南铜业,2025-03-05,13:05,12.280719340889998,200,5.02456143868178,12.306,11.57,2025-03-27,09:35,13.1350733784,盈利保护,6.3397774845968,159.51,6.4809,22,0.0,False,0.0
nb_atr2,002396,星网锐捷,2025-03-14,09:50,16.2211692643,200,5.0324423385286,16.246,15.27,2025-03-24,14:10,15.25473,硬止损,6.55598246,-204.88,-6.3053,10,0.0,False,0.0
nb_atr2,600988,赤峰黄金,2025-03-25,11:20,20.427419712699997,100,5.0204274197127,20.478,19.25,2025-04-07,09:35,19.786131063,盈利保护,6.009092684213,-75.16,-3.6703,13,0.0,False,0.0
nb_atr2,000878,云南铜业,2025-04-01,09:55,12.542011241759997,200,5.02508402248352,12.567,11.81,2025-04-07,09:35,11.087547234119999,硬止损,6.13092981788024,-302.05,-12.0174,6,0.0,False,0.0
nb_atr2,600988,赤峰黄金,2025-04-09,09:45,20.476737481199997,100,5.0204767374812,20.527,19.3,2025-04-17,09:55,29.600369999999998,盈利保护,6.50961887,900.83,43.8854,8,0.0,False,0.0
nb_atr2,600988,赤峰黄金,2025-04-24,09:45,28.1900364746,100,5.0281900364746,28.24,26.55,2025-04-25,13:05,26.52345,硬止损,6.35269595,-178.04,-6.3044,1,0.0,False,0.0
nb_atr2,600988,赤峰黄金,2025-05-08,09:45,27.0162735843,100,5.0270162735843,27.067,25.44,2025-05-12,09:35,25.41456,硬止损,6.29614256,-171.49,-6.336,4,0.0,False,0.0
nb_atr2,600988,赤峰黄金,2025-05-14,09:45,25.931282677299997,100,5.0259312826773,25.982,24.42,2025-05-23,09:35,26.676823473000002,盈利保护,6.360517997123001,63.17,2.4313,9,0.0,False,0.0
nb_atr2,600988,赤峰黄金,2025-05-29,09:45,25.891828462499994,100,5.0258918284625,25.942,24.39,2025-06-19,10:55,27.29268,盈利保护,6.391926680000001,128.67,4.9598,21,0.0,False,0.0
nb_atr2,002396,星网锐捷,2025-07-02,13:05,16.654139922419997,200,5.03330827984484,16.679,15.68,2025-08-28,09:35,24.65657233641,盈利保护,7.51497037831382,1587.94,47.602,57,0.0,False,0.0
nb_atr2,000878,云南铜业,2025-07-07,09:45,12.652240981379999,200,5.02530448196276,12.677,11.92,2025-07-31,09:35,13.0113891864,盈利保护,6.327161697012801,60.48,2.3852,24,0.0,False,0.0
nb_atr2,600522,中天科技,2025-07-11,10:45,13.871356859359999,100,5.01387135685936,13.921,13.09,2025-09-03,09:40,15.37461,盈利保护,5.7841051100000005,139.53,10.0224,54,0.0,False,0.0
nb_atr2,600219,南山铝业,2025-07-29,10:25,3.69076075368,400,5.01476304301472,3.703,3.48,2025-08-28,10:05,3.80619,盈利保护,5.776462759999999,35.38,2.3884,30,0.0,False,0.0
nb_atr2,000878,云南铜业,2025-08-07,13:40,13.17571387132,100,5.01317571387132,13.226,12.43,2025-08-28,13:35,13.81617,盈利保护,5.70462467,53.33,4.0321,21,0.0,False,0.0
nb_atr2,000938,紫光股份,2025-08-28,13:35,27.332520425209996,100,5.02733252042521,27.383,25.74,2025-09-02,09:55,28.171799999999998,盈利保护,6.4367618,72.46,2.6463,5,0.0,False,0.0
nb_atr2,600460,士兰微,2025-09-02,09:45,31.115989304399996,100,5.0311159893044,31.166,29.3,2025-09-04,10:30,29.2707,硬止损,6.4928057,-196.05,-6.2905,2,0.0,False,0.0
nb_atr2,600487,亨通光电,2025-09-03,09:55,20.250808217639996,200,5.04050161643528,20.276,19.06,2025-09-04,14:15,19.04094,硬止损,6.94217588,-253.96,-6.2625,1,0.0,False,0.0
nb_atr2,002396,星网锐捷,2025-09-04,09:45,23.60483468343,100,5.02360483468343,23.655,22.24,2025-09-05,09:35,22.64192204337,退出+T+1续退出,6.15473802421187,-107.47,-4.5432,1,0.0,True,0.0
nb_atr2,002156,通富微电,2025-09-05,09:45,31.096264299099996,100,5.0310962642991,31.147,29.28,2025-09-18,14:40,34.025940000000006,盈利保护,6.7353229400000005,281.2,9.0283,13,0.0,False,0.0
nb_atr2,000878,云南铜业,2025-09-05,09:50,14.499211366639999,200,5.02899842273328,14.524,13.65,2025-09-16,10:20,15.4845,盈利保护,6.579419,185.45,6.3841,11,0.0,False,0.0
nb_atr2,002396,星网锐捷,2025-09-15,10:30,23.795997905679997,100,5.02379599790568,23.846,22.42,2025-10-10,09:50,22.39758,硬止损,6.14227658,-151.01,-6.3326,25,0.0,False,0.0
nb_atr2,600487,亨通光电,2025-09-16,09:45,19.911297626219998,100,5.01991129762622,19.961,18.76,2025-09-22,09:35,22.09788,盈利保护,6.126991879999999,207.51,10.3956,6,0.0,False,0.0
nb_atr2,600522,中天科技,2025-09-17,10:30,15.500946020559999,100,5.01550094602056,15.551,14.62,2025-10-10,13:20,18.6813,盈利保护,5.9527463,307.07,19.7457,23,0.0,False,0.0
nb_atr2,000878,云南铜业,2025-09-19,09:45,15.091822185439998,100,5.01509182218544,15.142,14.23,2025-09-26,09:35,15.53481011952,盈利保护,5.79227531609552,33.49,2.2118,7,0.0,False,0.0
nb_atr2,600460,士兰微,2025-09-22,09:50,30.087444086699996,100,5.0300874440867,30.138,28.33,2025-10-10,14:50,31.00896,盈利保护,6.581456960000001,80.54,2.6724,18,0.0,False,0.0
nb_atr2,000938,紫光股份,2025-10-13,10:00,28.580808716459995,100,5.02858080871646,28.631,26.91,2025-10-23,10:00,26.88309,硬止损,6.37103759,-181.17,-6.3278,10,0.0,False,0.0
nb_atr2,600487,亨通光电,2025-10-13,10:45,21.908418752219998,200,5.04381683750444,21.934,20.62,2025-10-17,13:05,20.59938,硬止损,7.101136760000001,-273.95,-6.245,4,0.0,False,0.0
nb_atr2,600522,中天科技,2025-10-14,10:30,18.197195296279997,100,5.01819719529628,18.247,17.15,2025-10-17,10:00,17.132849999999998,硬止损,5.873775350000001,-117.33,-6.4298,3,0.0,False,0.0
nb_atr2,000878,云南铜业,2025-10-15,09:45,18.23265952508,100,5.01823265952508,18.283,17.19,2025-10-22,09:35,17.08237686366,硬止损,5.871201220046659,-125.92,-6.8872,7,0.0,False,0.0
nb_atr2,600219,南山铝业,2025-10-16,13:50,3.7665386959199996,300,5.01129961608776,3.783,3.56,2025-11-18,09:35,4.67532,盈利保护,5.715323959999999,261.91,23.0761,33,0.0,False,0.0
nb_atr2,002156,通富微电,2025-10-17,13:05,39.445261305449996,100,5.03944526130545,39.496,37.13,2025-10-31,09:35,42.99696,盈利保护,7.19284496,342.94,8.6829,14,0.0,False,0.0
nb_atr2,600460,士兰微,2025-10-17,14:25,30.1972887216,100,5.0301972887216,30.248,28.43,2025-10-21,09:35,30.89436471,盈利保护,6.57561260021,58.1,1.9209,4,0.0,False,0.0
nb_atr2,600522,中天科技,2025-10-22,09:45,17.40125455068,100,5.01740125455068,17.451,16.4,2025-11-03,10:35,16.383599999999998,硬止损,5.8355636,-112.62,-6.4532,12,0.0,False,0.0
nb_atr2,600988,赤峰黄金,2025-10-23,10:00,27.693752486399998,100,5.0276937524864,27.744,26.08,2025-10-28,09:40,28.551419999999997,盈利保护,6.45612242,74.28,2.6774,5,0.0,False,0.0
nb_atr2,000878,云南铜业,2025-10-29,09:45,17.6795560942,100,5.0176795560942,17.73,16.67,2025-11-03,10:35,16.65333,硬止损,5.84931983,-113.49,-6.4011,5,0.0,False,0.0
nb_atr2,600988,赤峰黄金,2025-11-03,09:45,28.696286178559998,100,5.02869628617856,28.747,27.02,2025-11-17,09:35,29.580389999999998,盈利保护,6.508599889999999,76.87,2.6742,14,0.0,False,0.0
nb_atr2,600460,士兰微,2025-11-03,09:55,30.876328282799996,100,5.0308763282828,30.927,29.07,2025-11-12,09:35,29.04093,硬止损,6.48108743,-195.05,-6.3069,9,0.0,False,0.0
nb_atr2,600487,亨通光电,2025-11-03,10:10,21.77860587903,100,5.02177860587903,21.829,20.52,2025-11-12,11:05,20.49948,硬止损,6.04547348,-138.98,-6.3668,9,0.0,False,0.0
nb_atr2,600522,中天科技,2025-11-11,09:45,17.2122186236,100,5.0172122186236,17.262,16.23,2025-11-17,13:45,16.21377,硬止损,5.826902270000001,-110.69,-6.4121,6,0.0,False,0.0
nb_atr2,000878,云南铜业,2025-11-12,09:45,16.879531488819996,200,5.03375906297764,16.905,15.89,2025-11-21,10:50,15.87411,硬止损,6.61915922,-212.74,-6.2923,9,0.0,False,0.0
nb_atr2,002156,通富微电,2025-11-17,09:50,37.92544388633,100,5.03792544388633,37.976,35.7,2025-11-21,09:55,35.664300000000004,硬止损,6.8188793,-237.97,-6.2664,4,0.0,False,0.0
nb_atr2,600219,南山铝业,2025-11-24,09:45,4.412758570219999,900,5.03971482713198,4.418,4.15,2025-12-09,10:20,4.60539,盈利保护,7.11387401,161.21,4.0542,15,0.0,False,0.0
nb_atr2,600988,赤峰黄金,2025-12-05,10:30,30.274532287999996,100,5.030274532288,30.325,28.51,2025-12-25,09:35,31.548419999999997,盈利保护,6.60896942,115.75,3.817,20,0.0,False,0.0
nb_atr2,600219,南山铝业,2025-12-11,09:45,4.63431966998,800,5.03707455735984,4.641,4.36,2026-01-29,10:10,7.632359999999999,盈利保护,8.114002880000001,2385.28,64.2501,49,0.0,False,0.0
nb_atr2,000878,云南铜业,2025-12-11,11:00,17.254851674059996,100,5.01725485167406,17.305,16.27,2025-12-30,09:35,18.235659087000002,盈利保护,5.930018613437,87.13,5.0352,19,0.0,False,0.0
nb_atr2,600522,中天科技,2025-12-26,11:10,18.366332704719998,100,5.01836633270472,18.417,17.31,2026-01-29,13:55,20.879099999999998,盈利保护,6.064834100000001,240.19,13.0423,34,0.0,False,0.0
nb_atr2,600487,亨通光电,2025-12-29,14:00,24.90410044122,100,5.02490410044122,24.954,23.46,2026-01-22,10:05,27.03294,盈利保护,6.37867994,201.48,8.074,24,0.0,False,0.0
nb_atr2,002396,星网锐捷,2026-01-22,09:55,21.67790940315,100,5.02167790940315,21.728,20.42,2026-03-03,10:10,22.35762,盈利保护,6.14023862,56.81,2.6145,40,0.0,False,0.0
nb_atr2,600487,亨通光电,2026-01-29,13:25,31.90400998785,100,5.03190400998785,31.954,30.04,2026-02-05,09:35,35.234730000000006,盈利保护,6.7969712300000005,321.24,10.0532,7,0.0,False,0.0
nb_atr2,603380,易德龙,2026-01-29,13:50,39.60309978624999,100,5.03960309978625,39.653,37.27,2026-01-30,09:40,37.232730000000004,硬止损,6.898869230000001,-248.98,-6.2788,1,0.0,False,0.0
nb_atr2,000878,云南铜业,2026-02-02,09:45,23.576033741259998,200,5.04715206748252,23.601,22.18,2026-02-06,09:35,21.66593441796,硬止损,7.20992531063192,-394.28,-8.3529,4,0.0,False,0.0
nb_atr2,600219,南山铝业,2026-02-03,09:45,6.519127264649999,400,5.0260765090586,6.532,6.14,2026-02-06,09:35,6.11709742935,硬止损,6.2478878755874,-172.09,-6.5866,3,0.0,False,0.0
nb_atr2,002156,通富微电,2026-02-05,11:30,46.50441326531,100,5.04650441326531,46.555,43.76,2026-03-03,10:15,49.150800000000004,盈利保护,7.506690799999999,252.09,5.4148,26,0.0,False,0.0
nb_atr2,600460,士兰微,2026-02-06,09:50,30.357062735999996,100,5.030357062736,30.407,28.58,2026-03-02,09:35,31.193342433,盈利保护,6.590860464083001,72.01,2.3681,24,0.0,False,0.0
nb_atr2,000878,云南铜业,2026-03-04,14:40,23.793324374819996,200,5.04758664874964,23.819,22.39,2026-03-09,09:35,22.36761,硬止损,7.281496219999999,-297.47,-6.2445,5,0.0,False,0.0
nb_atr2,600522,中天科技,2026-03-05,09:45,28.26584572812,100,5.02826584572812,28.316,26.62,2026-03-09,09:35,26.183776853159998,硬止损,6.33537261951116,-219.57,-7.7543,4,0.0,False,0.0
nb_atr2,002156,通富微电,2026-03-06,09:45,48.32419464872999,100,5.04832419464873,48.375,45.47,2026-03-09,09:35,45.42453,硬止损,7.316651029999999,-302.33,-6.2498,3,0.0,False,0.0
nb_atr2,600219,南山铝业,2026-03-06,13:15,7.220737373849999,100,5.00722073737385,7.271,6.83,2026-03-16,10:50,6.82317,硬止损,5.347981669999999,-50.11,-6.8922,10,0.0,False,0.0
nb_atr2,600988,赤峰黄金,2026-03-09,09:45,38.46354511999999,100,5.03846354512,38.514,36.2,2026-03-16,09:35,39.83013,盈利保护,7.03133663,124.59,3.2349,7,0.0,False,0.0
nb_atr2,002156,通富微电,2026-03-11,11:20,47.774260714179995,100,5.04777426071418,47.825,44.96,2026-03-16,09:40,44.91504,硬止损,7.290667040000001,-298.26,-6.2365,5,0.0,False,0.0
nb_atr2,000878,云南铜业,2026-03-13,09:45,22.785885982859998,100,5.02278588598286,22.836,21.47,2026-03-16,09:35,21.448529999999998,硬止损,6.0938750299999995,-144.85,-6.3431,3,0.0,False,0.0
nb_atr2,002396,星网锐捷,2026-03-16,10:10,22.6337255144,200,5.0452674510288,22.659,21.3,2026-03-17,14:35,21.2787,硬止损,7.1704273999999995,-283.22,-6.2496,1,0.0,False,0.0
nb_atr2,000938,紫光股份,2026-03-16,10:15,25.325272852879994,100,5.02532527285288,25.376,23.85,2026-03-20,14:45,26.11386,盈利保护,6.3318068599999995,67.5,2.6601,4,0.0,False,0.0
nb_atr2,600522,中天科技,2026-03-16,10:50,27.917621651919998,100,5.02791762165192,27.968,26.29,2026-03-17,13:40,26.26371,硬止损,6.339449210000001,-176.76,-6.3201,1,0.0,False,0.0
nb_atr2,600487,亨通光电,2026-03-18,09:45,42.75836330766,100,5.04275836330766,42.809,40.24,2026-04-01,09:40,50.679269999999995,盈利保护,7.58464277,779.46,18.208,14,0.0,False,0.0
nb_atr2,600522,中天科技,2026-03-23,10:50,25.380560525319996,100,5.02538056052532,25.431,23.91,2026-03-27,09:35,26.064624285,盈利保护,6.329295838535,57.05,2.2434,4,0.0,False,0.0
nb_atr2,000938,紫光股份,2026-03-26,13:10,25.554957898469997,100,5.02555495789847,25.605,24.07,2026-03-30,09:50,24.045930000000002,硬止损,6.22634243,-162.15,-6.3329,4,0.0,False,0.0
nb_atr2,600988,赤峰黄金,2026-03-30,09:55,40.538095037439994,100,5.04053809503744,40.589,38.15,2026-04-13,09:35,43.73622,盈利保护,7.23054722,307.54,7.5771,14,0.0,False,0.0
nb_atr2,600522,中天科技,2026-04-14,13:05,28.235997950159994,100,5.02823599795016,28.286,26.59,2026-04-29,09:35,33.736230000000006,盈利保护,6.72054773,538.27,19.0295,15,0.0,False,0.0
nb_atr2,600988,赤峰黄金,2026-04-16,09:45,42.51338419327999,100,5.04251338419328,42.564,40.01,2026-04-24,10:10,39.969989999999996,硬止损,7.038469490000001,-266.42,-6.2593,8,0.0,False,0.0
nb_atr2,000938,紫光股份,2026-05-13,10:00,30.59804259512,100,5.03059804259512,30.648,28.81,2026-05-14,10:40,31.888080000000002,盈利保护,6.62629208,117.35,3.8288,1,0.0,False,0.0
nb_atr2,600460,士兰微,2026-05-19,09:55,30.277175728799996,100,5.0302771757288,30.327,28.51,2026-05-21,14:35,31.208759999999998,盈利保护,6.59164676,81.54,2.6885,2,0.0,False,0.0
nb_atr2,000938,紫光股份,2026-05-22,10:05,29.659329800099997,100,5.0296593298001,29.71,27.93,2026-05-27,13:45,27.90207,硬止损,6.42300557,-187.18,-6.3003,5,0.0,False,0.0
nb_atr2,603380,易德龙,2026-05-26,09:45,39.75068897799999,100,5.039750688978,39.801,37.41,2026-05-28,09:35,37.372589999999995,硬止损,6.90600209,-249.76,-6.2751,2,0.0,False,0.0
nb_atr2,600522,中天科技,2026-05-27,09:45,39.548305797,100,5.039548305797,39.599,37.22,2026-06-01,09:35,40.74921,盈利保护,7.07820971,107.97,2.7267,5,0.0,False,0.0
nb_atr2,002396,星网锐捷,2026-05-27,09:50,22.732709999999997,100,5.02273271,22.783,21.42,2026-05-28,09:35,23.53644,退出+T+1续退出,6.20035844,69.15,3.0352,1,0.0,True,0.0
nb_atr2,002396,星网锐捷,2026-06-01,09:55,22.732709999999997,200,5.04546542,22.758,21.39,2026-06-04,11:15,21.36861,硬止损,7.179598220000001,-285.05,-6.2625,3,0.0,False,0.0
nb_atr2,600460,士兰微,2026-06-01,10:20,34.031865067199995,100,5.0340318650672,34.082,32.04,2026-06-08,09:35,31.8411274995,硬止损,6.6238975024745,-230.73,-6.7699,7,0.0,False,0.0
nb_atr2,603380,易德龙,2026-06-01,10:50,36.464369641699996,100,5.0364643696417,36.515,34.32,2026-06-04,14:25,34.28568,硬止损,6.74856968,-229.65,-6.2894,3,0.0,False,0.0
nb_atr2,600460,士兰微,2026-06-10,09:45,34.151695577999995,100,5.034151695578,34.202,32.15,2026-06-12,14:00,32.11785,硬止损,6.63801035,-215.06,-6.2878,2,0.0,False,0.0
nb_atr2,603380,易德龙,2026-06-18,09:45,37.22718999999999,100,5.03722719,37.278,35.04,2026-06-24,09:35,41.92803,盈利保护,7.13832953,457.91,12.2838,6,0.0,False,0.0
nb_atr2,603380,易德龙,2026-06-29,11:25,42.402359999999994,100,5.04240236,42.453,39.91,2026-07-02,09:35,44.4555,盈利保护,7.2672305,193.0,4.5463,3,0.0,False,0.0
nb_atr2,600460,士兰微,2026-07-03,10:15,47.93220432,100,5.04793220432,47.983,45.1,2026-07-08,09:55,45.0549,硬止损,7.297799900000001,-300.08,-6.2538,5,0.0,False,0.0
nb_atr2,600522,中天科技,2026-07-07,09:45,47.89573436647999,100,5.04789573436648,47.946,45.07,2026-07-08,10:05,45.02493,硬止损,7.29627143,-299.42,-6.245,1,0.0,False,0.0
nb_atr2,600460,士兰微,2026-07-14,09:45,41.29159684649999,100,5.0412915968465,41.342,38.86,2026-07-15,13:10,38.82114,硬止损,6.979878139999999,-259.07,-6.2664,1,0.0,False,0.0
nb_atr2,603380,易德龙,2026-07-14,10:00,41.25120999999999,100,5.04125121,41.302,38.82,2026-07-16,14:20,38.78118,硬止损,6.97784018,-259.02,-6.2715,2,0.0,False,0.0
nb_atr2,000938,紫光股份,2026-07-15,11:25,35.205169999999995,100,5.03520517,35.256,33.14,2026-07-17,09:35,36.30366,盈利保护,6.85148666,97.96,2.7786,2,0.0,False,0.0
nb_atr2,002396,星网锐捷,2026-07-27,09:45,31.000969999999995,100,5.03100097,31.051,29.19,2026-07-28,10:00,29.16081,硬止损,6.48720131,-195.53,-6.2971,1,0.0,False,0.0
nb_atr2,000938,紫光股份,2026-07-28,11:10,39.09906,100,5.03909906,39.149,36.8,2026-07-29,09:35,40.81914,退出+T+1续退出,7.0817761400000006,159.89,4.084,1,0.0,True,0.0
nb_atr2,002396,星网锐捷,2026-07-30,09:45,25.885859999999997,100,5.02588586,25.936,24.38,2026-07-31,09:35,25.914060000000003,退出+T+1续退出,6.32161706,-8.53,-0.3288,1,0.0,True,0.0
nb_atr2,000938,紫光股份,2026-08-03,09:45,35.00496999999999,100,5.03500497,35.055,32.95,2026-08-04,09:35,33.576389999999996,退出+T+1续退出,6.71239589,-154.61,-4.4103,1,0.0,True,0.0
nb_atr2,002396,星网锐捷,2026-08-07,09:45,28.53851,100,5.02853851,28.589,26.87,2026-08-12,09:35,29.42055,盈利保护,6.50044805,76.68,2.682,5,0.0,False,0.0
nb_atr2,000938,紫光股份,2026-08-07,09:50,37.6376,100,5.0376376,37.688,35.43,2026-08-18,10:50,38.78118,盈利保护,6.97784018,102.34,2.7155,11,0.0,False,0.0
nb_atr2,600988,赤峰黄金,2026-08-13,09:55,40.41036999999999,100,5.04041037,40.461,38.03,2026-08-14,09:35,37.63233,硬止损,6.91924883,-289.76,-7.1616,1,0.0,False,0.0
nb_atr2,002396,星网锐捷,2026-08-19,09:45,31.521489999999996,100,5.03152149,31.572,29.68,2026-08-20,09:35,29.94003,退出+T+1续退出,6.52694153,-169.7,-5.3752,1,0.0,True,0.0
nb_atr2,000938,紫光股份,2026-08-20,09:45,35.37534,100,5.03537534,35.426,33.3,2026-09-04,09:40,36.733230000000006,盈利保护,6.873394730000001,123.88,3.4969,15,0.0,False,0.0
nb_atr2,002396,星网锐捷,2026-08-26,10:05,29.8298,100,5.0298298,29.88,28.09,2026-08-28,09:35,33.68628,盈利保护,6.71800028,373.9,12.5134,2,0.0,False,0.0
nb_atr2,600988,赤峰黄金,2026-09-02,09:55,44.72467999999999,100,5.04472468,44.775,42.09,,,0.0,,0.0,0.0,0.0,0,0.0,False,0.0
nb_atr2,002396,星网锐捷,2026-09-10,09:45,35.985949999999995,100,5.03598595,36.036,33.87,2026-09-11,10:25,33.83613,硬止损,6.72564263,-226.74,-6.2921,1,0.0,False,0.0
nb_atr2,600219,南山铝业,2026-09-14,09:45,4.814809999999999,900,5.04333329,4.82,4.53,,,0.0,,0.0,0.0,0.0,0,0.0,False,0.0
nb_atr3,603380,易德龙,2023-11-10,09:45,23.094436184819997,100,5.02309443618482,23.145,21.76,2023-12-08,14:35,21.73824,硬止损,6.10865024,-146.75,-6.3406,28,0.0,False,0.0
nb_atr3,002156,通富微电,2023-12-25,09:55,21.6406927737,200,5.0432813855474,21.666,20.37,2024-01-08,09:50,20.34963,硬止损,7.0756622600000005,-270.33,-6.2386,14,0.0,False,0.0
nb_atr3,000938,紫光股份,2024-03-14,14:10,22.431948559019997,100,5.02243194855902,22.482,21.13,2024-03-27,09:35,21.10887,硬止损,6.07655237,-143.41,-6.3787,13,0.0,False,0.0
nb_atr3,002156,通富微电,2024-03-27,09:45,22.329124217399997,100,5.0223291242174,22.379,21.04,2024-04-09,09:40,21.01896,硬止损,6.07196696,-142.11,-6.3501,13,0.0,False,0.0
nb_atr3,600487,亨通光电,2024-03-27,09:50,12.101506276859999,300,5.03630451883058,12.118,11.39,2024-04-22,09:35,12.46752,盈利保护,6.9075305600000005,97.86,2.6918,26,0.0,False,0.0
nb_atr3,600522,中天科技,2024-03-27,10:10,13.438346922,200,5.026876693844,13.463,12.66,2024-04-08,09:35,12.64734,硬止损,6.29002868,-169.52,-6.2955,12,0.0,False,0.0
nb_atr3,601138,工业富联,2024-03-29,11:30,21.034543129599996,100,5.0210345431296,21.085,19.82,2024-04-10,09:50,19.80018,硬止损,6.0098091799999995,-134.47,-6.3775,12,0.0,False,0.0
nb_atr3,000938,紫光股份,2024-04-08,09:55,20.89754784117,100,5.02089754784117,20.948,19.69,2024-04-10,10:10,19.67031,硬止损,6.003185810000001,-133.75,-6.3848,2,0.0,False,0.0
nb_atr3,601138,工业富联,2024-04-16,10:35,20.29269986744,100,5.02029269986744,20.343,19.12,2024-04-19,09:35,20.92905,盈利保护,6.06738155,52.55,2.5831,3,0.0,False,0.0
nb_atr3,601138,工业富联,2024-04-23,09:45,19.579027868399997,200,5.0391580557368,19.604,18.43,2024-05-09,09:40,22.637340000000002,盈利保护,7.309008680000001,599.31,15.2853,16,0.0,False,0.0
nb_atr3,600988,赤峰黄金,2024-04-24,09:45,17.88020320086,100,5.01788020320086,17.93,16.85,2024-05-23,09:35,16.696071485730002,硬止损,5.85149964577223,-129.28,-7.2103,29,0.0,False,0.0
nb_atr3,000878,云南铜业,2024-04-24,09:50,12.513779648369999,100,5.01251377964837,12.564,11.81,2024-05-06,09:50,12.927059999999999,盈利保护,5.65928006,30.66,2.44,12,0.0,False,0.0
nb_atr3,000878,云南铜业,2024-05-27,10:35,13.217346041899999,300,5.0396520381257,13.234,12.44,2024-06-11,09:35,12.42756,硬止损,6.90141668,-248.88,-6.2686,15,0.0,False,0.0
nb_atr3,600988,赤峰黄金,2024-06-04,09:50,16.9554488103,200,5.0339108976206,16.981,15.96,2024-06-26,09:35,15.944040000000001,硬止损,6.62629208,-213.94,-6.2996,22,0.0,False,0.0
nb_atr3,600522,中天科技,2024-06-07,10:10,13.755107956589999,100,5.01375510795659,13.805,12.98,2024-06-27,09:35,14.425559999999999,盈利保护,5.73570356,56.3,4.0779,20,0.0,False,0.0
nb_atr3,600487,亨通光电,2024-06-11,09:45,14.011244787539999,300,5.04203373436262,14.028,13.19,2024-06-27,09:35,14.46552,盈利保护,7.21322456,124.03,2.9471,16,0.0,False,0.0
nb_atr3,603380,易德龙,2024-06-24,10:45,18.905602535819998,100,5.01890560253582,18.956,17.82,2024-06-25,14:05,17.80218,硬止损,5.90791118,-121.27,-6.3975,1,0.0,False,0.0
nb_atr3,000938,紫光股份,2024-06-25,10:25,21.716407052339996,100,5.02171640705234,21.767,20.46,2024-07-23,10:55,23.45652,盈利保护,6.1962825200000005,162.79,7.479,28,0.0,False,0.0
nb_atr3,600760,中航沈飞,2024-06-26,11:00,37.953037682559994,100,5.03795303768256,38.003,35.72,2024-08-08,10:45,40.16979,盈利保护,7.04865929,209.59,5.515,43,0.0,False,0.0
nb_atr3,600988,赤峰黄金,2024-07-23,13:50,19.076112855799998,200,5.0381522257116,19.101,17.95,2024-08-08,09:35,17.93205,硬止损,6.8290691,-240.68,-6.3001,16,0.0,False,0.0
nb_atr3,000938,紫光股份,2024-07-29,13:55,22.423360239279997,100,5.02242336023928,22.474,21.13,2024-08-05,13:35,21.10887,硬止损,6.07655237,-142.55,-6.3429,7,0.0,False,0.0
nb_atr3,600460,士兰微,2024-08-08,10:05,20.31830927126,200,5.04063661854252,20.344,19.12,2024-08-21,13:40,19.10088,硬止损,6.94828976,-255.47,-6.279,13,0.0,False,0.0
nb_atr3,000878,云南铜业,2024-10-10,09:45,13.112982432549998,300,5.03933894729765,13.13,12.34,2024-11-22,13:20,12.32766,硬止损,6.88613198,-247.52,-6.284,43,0.0,False,0.0
nb_atr3,600219,南山铝业,2024-10-10,09:50,3.6188246694599995,1100,5.03980707136406,3.623,3.41,2024-10-15,11:15,3.72627,盈利保护,7.0904374699999995,106.06,2.661,5,0.0,False,0.0
nb_atr3,002396,星网锐捷,2024-10-10,10:15,12.386662988699998,200,5.0247733259774,12.412,11.67,2024-10-11,14:45,11.65833,硬止损,6.18914966,-156.88,-6.3198,1,0.0,False,0.0
nb_atr3,600522,中天科技,2024-10-11,14:35,14.270742836349998,100,5.01427074283635,14.321,13.46,2024-10-24,09:35,15.534450000000001,盈利保护,5.79225695,115.56,8.0696,13,0.0,False,0.0
nb_atr3,600988,赤峰黄金,2024-10-14,10:10,18.346209881999997,100,5.018346209882,18.396,17.29,2024-10-24,09:35,19.1462810535,盈利保护,5.9764603337285,69.01,3.7514,10,0.0,False,0.0
nb_atr3,603380,易德龙,2024-10-15,11:15,21.545076803249998,100,5.02154507680325,21.595,20.3,2024-11-14,14:20,22.21776,盈利保护,6.13310576,56.11,2.5984,30,0.0,False,0.0
nb_atr3,000938,紫光股份,2024-10-16,09:50,22.96104294484,100,5.02296104294484,23.011,21.63,2024-11-01,14:45,24.63534,盈利保护,6.256402339999999,156.15,6.7858,16,0.0,False,0.0
nb_atr3,600219,南山铝业,2024-10-31,10:10,3.6004228259999995,500,5.01800211413,3.61,3.39,2024-11-11,09:45,3.80619,盈利保护,5.9705784500000005,91.9,5.0905,11,0.0,False,0.0
nb_atr3,600219,南山铝业,2024-11-15,14:05,3.7063176149999997,1100,5.040769493765,3.711,3.49,2024-11-25,11:30,3.48651,硬止损,6.955932110000001,-253.79,-6.2172,10,0.0,False,0.0
nb_atr3,002396,星网锐捷,2024-11-18,09:45,13.315096594799998,300,5.0399452897844,13.332,12.53,2024-12-25,10:00,14.085899999999999,盈利保护,7.155142700000001,219.05,5.4767,37,0.0,False,0.0
nb_atr3,002156,通富微电,2024-11-22,14:30,30.264337543439996,100,5.03026433754344,30.315,28.5,2024-11-27,09:40,28.4715,硬止损,6.4520465,-190.77,-6.2929,5,0.0,False,0.0
nb_atr3,600522,中天科技,2024-11-25,14:45,15.322783946469997,200,5.03064556789294,15.348,14.43,2024-12-04,14:45,15.79419,盈利保护,6.61100738,82.64,2.6922,9,0.0,False,0.0
nb_atr3,600487,亨通光电,2024-11-26,14:00,16.47462291475,100,5.01647462291475,16.525,15.53,2024-12-11,10:10,17.30268,盈利保护,5.8824366800000005,71.91,4.3515,15,0.0,False,0.0
nb_atr3,002156,通富微电,2024-12-05,09:45,30.81332783529,100,5.03081332783529,30.864,29.01,2024-12-13,10:55,28.980990000000002,硬止损,6.47803049,-194.74,-6.3098,8,0.0,False,0.0
nb_atr3,600460,士兰微,2024-12-05,09:55,28.164486600249997,100,5.02816448660025,28.215,26.52,2024-12-31,10:40,26.493479999999998,硬止损,6.35116748,-178.48,-6.3258,26,0.0,False,0.0
nb_atr3,000938,紫光股份,2025-01-02,09:50,26.894092365139997,100,5.02689409236514,26.944,25.33,2025-01-03,09:50,25.304669999999998,硬止损,6.29053817,-170.26,-6.3189,1,0.0,False,0.0
nb_atr3,002396,星网锐捷,2025-01-02,10:10,14.039727701999999,200,5.028079455404,14.065,13.22,2025-01-03,10:00,13.20678,硬止损,6.34709156,-177.96,-6.3266,1,0.0,False,0.0
nb_atr3,603380,易德龙,2025-01-02,13:30,22.705849666499997,100,5.0227058496665,22.756,21.39,2025-01-06,09:35,21.36861,硬止损,6.0897991099999995,-144.84,-6.3647,4,0.0,False,0.0
nb_atr3,603380,易德龙,2025-01-08,10:05,22.2528651345,100,5.0222528651345,22.303,20.96,2025-02-13,10:15,24.30567,盈利保护,6.23958917,194.02,8.6992,36,0.0,False,0.0
nb_atr3,000938,紫光股份,2025-01-24,09:45,26.117439568219996,100,5.02611743956822,26.168,24.6,2025-02-18,10:10,30.039930000000002,盈利保护,6.53203643,380.69,14.5481,25,0.0,False,0.0
nb_atr3,600988,赤峰黄金,2025-02-27,10:00,18.819660459599998,200,5.0376393209192,18.845,17.71,2025-03-26,09:50,20.26971,盈利保护,7.06751042,277.9,7.3735,27,0.0,False,0.0
nb_atr3,002396,星网锐捷,2025-03-03,09:45,15.7833713037,200,5.0315667426074,15.809,14.86,2025-03-13,13:05,16.2565577694,盈利保护,6.6581688924788,82.95,2.6235,10,0.0,False,0.0
nb_atr3,000938,紫光股份,2025-03-03,09:50,29.004994838819997,100,5.02900499483882,29.055,27.31,2025-03-21,14:05,27.28269,硬止损,6.39141719,-183.65,-6.3207,18,0.0,False,0.0
nb_atr3,002396,星网锐捷,2025-03-20,09:45,16.0249150061,100,5.0160249150061,16.075,15.11,2025-03-25,14:15,15.09489,硬止损,5.7698393900000005,-103.79,-6.4565,5,0.0,False,0.0
nb_atr3,000878,云南铜业,2025-03-28,09:45,12.842013053869998,300,5.03852603916161,12.859,12.09,2025-04-07,09:35,11.087547234119999,硬止损,6.69639472682036,-538.07,-13.9483,10,0.0,False,0.0
nb_atr3,600988,赤峰黄金,2025-04-25,13:05,26.730230527,100,5.026730230527,26.78,25.17,2025-05-12,09:35,25.144830000000002,硬止损,6.2823863300000005,-169.85,-6.3423,17,0.0,False,0.0
nb_atr3,600988,赤峰黄金,2025-05-14,09:45,25.931282677299997,100,5.0259312826773,25.982,24.42,2025-05-23,09:35,26.676823473000002,盈利保护,6.360517997123001,63.17,2.4313,9,0.0,False,0.0
nb_atr3,600522,中天科技,2025-07-07,09:45,13.715498917119998,200,5.02743099783424,13.741,12.92,2025-09-03,09:40,15.37461,盈利保护,6.568210219999999,320.23,11.6525,58,0.0,False,0.0
nb_atr3,000878,云南铜业,2025-07-10,10:00,12.563349358559998,300,5.03769004807568,12.58,11.83,2025-07-31,09:35,12.947040000000001,盈利保护,6.98089712,103.09,2.7315,21,0.0,False,0.0
nb_atr3,600219,南山铝业,2025-08-01,09:45,3.6085408358999995,1100,5.0396939491949,3.613,3.4,2025-08-29,09:35,3.7162800000000002,盈利保护,7.08483308,106.39,2.6768,28,0.0,False,0.0
nb_atr3,600460,士兰微,2025-09-03,13:50,29.8377971892,100,5.0298377971892,29.888,28.09,2025-09-04,14:35,28.06191,硬止损,6.43115741,-189.05,-6.3253,1,0.0,False,0.0
nb_atr3,002396,星网锐捷,2025-09-04,09:45,23.60483468343,100,5.02360483468343,23.655,22.24,2025-09-05,09:35,22.64192204337,退出+T+1续退出,6.15473802421187,-107.47,-4.5432,1,0.0,True,0.0
nb_atr3,002156,通富微电,2025-09-05,09:45,31.096264299099996,100,5.0310962642991,31.147,29.28,2025-09-18,14:40,34.025940000000006,盈利保护,6.7353229400000005,281.2,9.0283,13,0.0,False,0.0
nb_atr3,002396,星网锐捷,2025-09-09,09:45,22.46550187882,100,5.02246550187882,22.516,21.17,2025-09-23,10:35,23.16681,盈利保护,6.181507310000001,58.93,2.6171,14,0.0,False,0.0
nb_atr3,000938,紫光股份,2025-09-09,13:25,26.333889792209998,100,5.02633388979221,26.384,24.8,2025-09-23,10:15,29.53044,盈利保护,6.50605244,308.12,11.6783,14,0.0,False,0.0
nb_atr3,600460,士兰微,2025-09-17,10:45,29.9576277,100,5.0299576277,30.008,28.21,2025-10-13,09:35,29.907738224099997,盈利保护,6.5252946494291,-16.54,-0.5513,26,0.0,False,0.0
nb_atr3,000878,云南铜业,2025-09-23,13:05,14.637487224359997,200,5.02927497444872,14.663,13.78,2025-10-13,09:35,18.52151536458,盈利保护,6.88919456718716,764.89,26.0829,20,0.0,False,0.0
nb_atr3,002396,星网锐捷,2025-09-29,09:45,23.436611047849997,100,5.02343661104785,23.487,22.08,2025-10-13,09:35,21.30645309912,硬止损,6.08662910805512,-224.13,-9.5426,14,0.0,False,0.0
nb_atr3,603380,易德龙,2025-10-10,13:25,45.024542763199996,100,5.0450245427632,45.075,42.37,2025-10-13,09:35,41.8119443019,硬止损,7.1324091593969,-333.44,-7.3974,3,0.0,False,0.0
nb_atr3,603380,易德龙,2025-10-16,09:45,42.328580193899995,100,5.0423285801939,42.379,39.84,2025-10-30,09:50,39.800160000000005,硬止损,7.029808160000001,-264.91,-6.2511,14,0.0,False,0.0
nb_atr3,600522,中天科技,2025-10-17,09:45,17.470899365919998,200,5.03494179873184,17.496,16.45,2025-11-03,10:30,16.43355,硬止损,6.6762221,-219.18,-6.2637,17,0.0,False,0.0
nb_atr3,600487,亨通光电,2025-10-17,09:50,21.059642273669997,100,5.02105964227367,21.11,19.84,2025-11-03,09:40,21.718259999999997,盈利保护,6.10763126,54.73,2.5928,17,0.0,False,0.0
nb_atr3,000938,紫光股份,2025-10-17,11:25,27.4623424075,100,5.0274623424075,27.513,25.86,2025-11-12,09:35,25.834139999999998,硬止损,6.3175411399999994,-174.17,-6.3304,26,0.0,False,0.0
nb_atr3,000878,云南铜业,2025-10-31,10:50,17.965984656619998,100,5.01796598465662,18.016,16.94,2025-11-03,10:05,16.92306,硬止损,5.86307606,-115.17,-6.3928,3,0.0,False,0.0
nb_atr3,002156,通富微电,2025-11-03,09:45,40.79509914479999,100,5.0407950991448,40.846,38.4,2025-11-12,09:35,38.25880044246,硬止损,6.95119882256546,-265.62,-6.5031,9,0.0,False,0.0
nb_atr3,600988,赤峰黄金,2025-11-04,13:50,28.428282122239995,100,5.02842828212224,28.479,26.77,2025-11-17,13:05,29.33064,盈利保护,6.49586264,78.71,2.7639,13,0.0,False,0.0
nb_atr3,600487,亨通光电,2025-11-05,09:45,20.73011728788,100,5.02073011728788,20.78,19.53,2025-11-10,10:10,21.3786,盈利保护,6.0903086,53.74,2.586,5,0.0,False,0.0
nb_atr3,002156,通富微电,2025-11-14,10:35,38.465379022069996,100,5.03846537902207,38.516,36.21,2025-11-21,09:35,35.923756284,硬止损,6.832111570484001,-266.03,-6.9071,7,0.0,False,0.0
nb_atr3,000878,云南铜业,2025-11-19,09:55,16.691871396199996,200,5.0333837427924,16.717,15.71,2025-11-24,11:00,15.69429,硬止损,6.60081758,-211.15,-6.3154,5,0.0,False,0.0
nb_atr3,600219,南山铝业,2025-11-21,09:45,4.477380557649999,800,5.0358190444612,4.484,4.21,2025-12-09,10:10,4.61538,盈利保护,6.88307504,98.48,2.7455,18,0.0,False,0.0
nb_atr3,600219,南山铝业,2025-12-16,09:50,4.4630198613,800,5.0357041588904,4.469,4.2,2026-01-29,10:10,7.632359999999999,盈利保护,8.114002880000001,2522.32,70.5456,44,0.0,False,0.0
nb_atr3,600522,中天科技,2025-12-31,09:50,17.988260850559996,100,5.01798826085056,18.038,16.96,2026-01-22,13:05,18.56142,盈利保护,5.94663242,46.35,2.5696,22,0.0,False,0.0
nb_atr3,600487,亨通光电,2026-01-09,09:45,24.2650216809,100,5.0242650216809,24.315,22.86,2026-01-22,10:05,27.03294,盈利保护,6.37867994,265.39,10.9145,13,0.0,False,0.0
nb_atr3,002396,星网锐捷,2026-01-21,13:35,21.586151056469998,100,5.02158615105647,21.636,20.34,2026-02-25,14:20,22.267709999999997,盈利保护,6.13565321,57.0,2.6344,35,0.0,False,0.0
nb_atr3,600988,赤峰黄金,2026-01-30,13:30,42.88064901119999,100,5.0428806490112,42.931,40.36,2026-02-02,09:35,38.51547604992,硬止损,6.96428927854592,-448.52,-10.4475,3,0.0,False,0.0
nb_atr3,000878,云南铜业,2026-02-02,09:45,23.576033741259998,100,5.02357603374126,23.626,22.21,2026-02-06,09:35,21.66593441796,硬止损,6.10496265531596,-202.14,-8.5557,4,0.0,False,0.0
nb_atr3,603380,易德龙,2026-02-02,09:50,37.8615473236,100,5.0378615473236,37.912,35.64,2026-03-04,09:35,35.60436,硬止损,6.81582236,-237.57,-6.2664,30,0.0,False,0.0
nb_atr3,600219,南山铝业,2026-02-03,09:45,6.519127264649999,300,5.01955738179395,6.536,6.14,2026-02-06,09:35,6.11709742935,硬止损,5.93591590669055,-131.56,-6.7099,3,0.0,False,0.0
nb_atr3,600460,士兰微,2026-02-05,13:50,29.7778819338,100,5.0297778819338,29.828,28.04,2026-03-03,09:50,30.68928,盈利保护,6.56515328,79.54,2.6668,26,0.0,False,0.0
nb_atr3,600219,南山铝业,2026-02-13,10:10,6.684785207099999,100,5.0066847852071,6.735,6.33,2026-03-06,09:35,7.23276,盈利保护,5.36887076,44.42,6.5958,21,0.0,False,0.0
nb_atr3,000878,云南铜业,2026-03-04,14:40,23.793324374819996,100,5.02379332437482,23.844,22.41,2026-03-09,09:35,22.38759,硬止损,6.14176709,-151.74,-6.3639,5,0.0,False,0.0
nb_atr3,600988,赤峰黄金,2026-03-09,09:55,38.2650235968,100,5.0382650235968,38.315,36.02,2026-03-16,09:35,39.83013,盈利保护,7.03133663,144.44,3.7698,7,0.0,False,0.0
nb_atr3,000878,云南铜业,2026-03-13,09:45,22.785885982859998,200,5.04557177196572,22.811,21.44,2026-03-16,09:35,21.418560000000003,硬止损,7.18469312,-285.7,-6.2622,3,0.0,False,0.0
nb_atr3,600487,亨通光电,2026-03-18,09:45,42.75836330766,100,5.04275836330766,42.809,40.24,2026-04-01,09:40,50.679269999999995,盈利保护,7.58464277,779.46,18.208,14,0.0,False,0.0
nb_atr3,600522,中天科技,2026-03-18,09:50,25.768581638799997,100,5.0257685816388,25.819,24.27,2026-03-26,14:45,26.561093319,盈利保护,6.354615759269,67.87,2.6287,8,0.0,False,0.0
nb_atr3,603380,易德龙,2026-05-27,09:50,38.67820751794999,100,5.03867820751795,38.729,36.41,2026-05-29,13:35,36.37359,硬止损,6.85505309,-242.36,-6.2578,2,0.0,False,0.0
nb_atr3,000938,紫光股份,2026-05-27,10:55,28.720617005079998,100,5.02872061700508,28.771,27.04,2026-06-05,09:35,27.01296,硬止损,6.37766096,-182.17,-6.3318,9,0.0,False,0.0
nb_atr3,600522,中天科技,2026-05-27,14:45,38.792162088679994,100,5.03879216208868,38.843,36.51,2026-06-01,09:35,40.23972,盈利保护,7.052225719999999,132.66,3.4154,5,0.0,False,0.0
nb_atr3,600460,士兰微,2026-06-01,10:40,33.482641892699995,100,5.0334826418927,33.533,31.52,2026-06-26,09:35,49.58037,盈利保护,7.52859887,1597.21,47.631,25,0.0,False,0.0
nb_atr3,603380,易德龙,2026-06-18,09:45,37.22718999999999,100,5.03722719,37.278,35.04,2026-06-24,09:35,41.92803,盈利保护,7.13832953,457.91,12.2838,6,0.0,False,0.0
nb_atr3,600522,中天科技,2026-07-02,10:20,52.830566989199994,100,5.0528305669892,52.881,49.71,2026-07-06,09:40,49.66029,硬止损,7.532674790000001,-329.61,-6.2331,4,0.0,False,0.0
nb_atr3,600460,士兰微,2026-07-06,10:05,46.833757971,100,5.046833757971,46.884,44.07,2026-07-08,10:05,44.02593,硬止损,7.24532243,-293.07,-6.251,2,0.0,False,0.0
nb_atr3,600460,士兰微,2026-07-14,09:45,41.29159684649999,100,5.0412915968465,41.342,38.86,2026-07-15,13:10,38.82114,硬止损,6.979878139999999,-259.07,-6.2664,1,0.0,False,0.0
nb_atr3,002396,星网锐捷,2026-07-28,11:05,28.318289999999998,100,5.02831829,28.369,26.67,2026-07-29,09:45,26.643330000000002,硬止损,6.35880983,-178.88,-6.3057,1,0.0,False,0.0
nb_atr3,000938,紫光股份,2026-07-30,13:25,33.6336,100,5.0336336,33.684,31.66,2026-08-05,09:35,34.55541,盈利保护,6.76232591,80.39,2.3865,6,0.0,False,0.0
nb_atr3,002396,星网锐捷,2026-08-07,09:45,28.53851,100,5.02853851,28.589,26.87,2026-08-12,09:35,29.42055,盈利保护,6.50044805,76.68,2.682,5,0.0,False,0.0
nb_atr3,000938,紫光股份,2026-08-11,10:00,36.996959999999994,100,5.03699696,37.047,34.82,2026-08-18,11:10,38.68128,盈利保护,6.97274528,156.42,4.2222,7,0.0,False,0.0
nb_atr3,002396,星网锐捷,2026-08-19,14:30,29.709679999999995,100,5.02970968,29.76,27.97,2026-08-25,09:35,30.85911,盈利保护,6.5738146099999994,103.34,3.4724,6,0.0,False,0.0
nb_atr3,000938,紫光股份,2026-08-20,09:45,35.37534,100,5.03537534,35.426,33.3,2026-09-04,09:40,36.733230000000006,盈利保护,6.873394730000001,123.88,3.4969,15,0.0,False,0.0
nb_atr3,600988,赤峰黄金,2026-09-08,10:40,43.92388,100,5.04392388,43.974,41.34,,,0.0,,0.0,0.0,0.0,0,0.0,False,0.0
nb_atr3,002396,星网锐捷,2026-09-11,10:15,34.14411,100,5.03414411,34.194,32.14,,,0.0,,0.0,0.0,0.0,0,0.0,False,0.0
nb_vol07,600988,赤峰黄金,2023-09-26,09:45,14.62478666649,300,5.04387435999947,14.642,13.76,2023-10-09,09:35,13.74624,硬止损,7.10317472,-275.71,-6.2769,13,0.0,False,0.0
nb_vol07,000878,云南铜业,2023-09-26,10:30,11.170652883389998,400,5.04468261153356,11.183,10.51,2023-10-19,14:50,10.49949,硬止损,7.141895959999999,-280.65,-6.2739,23,0.0,False,0.0
nb_vol07,603380,易德龙,2023-11-10,09:45,23.094436184819997,100,5.02309443618482,23.145,21.76,2023-12-08,14:35,21.73824,硬止损,6.10865024,-146.75,-6.3406,28,0.0,False,0.0
nb_vol07,002156,通富微电,2023-12-06,10:05,21.780374515899997,100,5.0217803745159,21.831,20.52,2023-12-15,09:40,22.467509999999997,盈利保护,6.14584301,57.55,2.636,9,0.0,False,0.0
nb_vol07,002156,通富微电,2023-12-25,10:35,21.8003290505,200,5.043600658101,21.826,20.52,2024-01-08,09:40,20.49948,硬止损,7.09094696,-272.3,-6.2382,14,0.0,False,0.0
nb_vol07,000938,紫光股份,2024-03-14,09:45,23.025910127219998,100,5.02302591012722,23.076,21.69,2024-03-26,11:05,21.66831,硬止损,6.10508381,-146.89,-6.3654,12,0.0,False,0.0
nb_vol07,601138,工业富联,2024-03-15,09:45,21.316255760799997,100,5.0213162557608,21.366,20.08,2024-03-22,11:15,22.74723,盈利保护,6.16010873,131.92,6.174,7,0.0,False,0.0
nb_vol07,600522,中天科技,2024-03-27,09:45,13.6303233066,300,5.0408909699198,13.647,12.83,2024-04-03,10:00,12.81717,硬止损,6.9610270100000005,-255.95,-6.2516,7,0.0,False,0.0
nb_vol07,600487,亨通光电,2024-03-27,09:50,12.101506276859999,300,5.03630451883058,12.118,11.39,2024-04-22,09:35,12.46752,盈利保护,6.9075305600000005,97.86,2.6918,26,0.0,False,0.0
nb_vol07,601138,工业富联,2024-03-29,11:15,21.212961129359996,100,5.02121296112936,21.263,19.99,2024-04-10,09:45,19.97001,硬止损,6.018470509999999,-135.33,-6.3648,12,0.0,False,0.0
nb_vol07,000938,紫光股份,2024-04-03,09:45,20.976742716929998,100,5.02097674271693,21.027,19.77,2024-04-10,09:45,19.75023,硬止损,6.00726173,-133.68,-6.3575,7,0.0,False,0.0
nb_vol07,600522,中天科技,2024-04-09,09:45,12.82402249128,300,5.03847206747384,12.841,12.07,2024-04-19,10:15,12.05793,硬止损,6.844863290000001,-241.71,-6.2746,10,0.0,False,0.0
nb_vol07,000878,云南铜业,2024-04-11,10:15,13.261012144379999,300,5.03978303643314,13.278,12.48,2024-04-19,13:05,13.666319999999999,盈利保护,7.09094696,109.46,2.748,8,0.0,False,0.0
nb_vol07,601138,工业富联,2024-04-23,09:55,19.503904500079997,200,5.03900780900016,19.529,18.36,2024-05-09,09:40,22.637340000000002,盈利保护,7.309008680000001,614.34,15.7288,16,0.0,False,0.0
nb_vol07,600988,赤峰黄金,2024-04-24,09:45,17.88020320086,100,5.01788020320086,17.93,16.85,2024-05-23,09:35,16.696071485730002,硬止损,5.85149964577223,-129.28,-7.2103,29,0.0,False,0.0
nb_vol07,000878,云南铜业,2024-04-24,14:15,12.92995977273,200,5.02585991954546,12.955,12.18,2024-05-22,11:25,13.896090000000001,盈利保护,6.41740118,181.78,7.0159,28,0.0,False,0.0
nb_vol07,600487,亨通光电,2024-05-23,10:05,14.284064574779999,200,5.02856812914956,14.309,13.45,2024-06-25,10:45,14.72526,盈利保护,6.50197652,76.71,2.6804,33,0.0,False,0.0
nb_vol07,000878,云南铜业,2024-05-24,09:45,13.304238747799998,300,5.0399127162434,13.321,12.52,2024-06-11,09:35,12.50748,硬止损,6.91364444,-250.98,-6.2803,18,0.0,False,0.0
nb_vol07,600219,南山铝业,2024-05-24,10:20,3.2429564066899994,300,5.00972886922007,3.26,3.06,2024-07-18,10:25,3.35664,盈利保护,5.5135659200000005,23.58,2.4115,55,0.0,False,0.0
nb_vol07,600522,中天科技,2024-06-07,09:45,13.89909024504,100,5.01389909024504,13.949,13.11,2024-06-27,09:35,14.425559999999999,盈利保护,5.73570356,41.9,3.0036,20,0.0,False,0.0
nb_vol07,603380,易德龙,2024-06-24,09:50,19.324485900719996,100,5.01932448590072,19.375,18.21,2024-06-25,11:15,18.19179,硬止损,5.92778129,-124.22,-6.4113,1,0.0,False,0.0
nb_vol07,000938,紫光股份,2024-07-01,09:45,22.134604712219996,100,5.02213460471222,22.185,20.85,2024-07-09,09:35,20.829150000000002,硬止损,6.06228665,-141.63,-6.3841,8,0.0,False,0.0
nb_vol07,600760,中航沈飞,2024-07-03,10:10,39.006195107879996,100,5.03900619510788,39.057,36.71,2024-08-08,10:45,40.189769999999996,盈利保护,7.049678269999999,106.27,2.7209,36,0.0,False,0.0
nb_vol07,000938,紫光股份,2024-07-15,09:45,21.706449965199997,100,5.0217064499652,21.757,20.45,2024-07-23,10:55,23.45652,盈利保护,6.1962825200000005,163.79,7.5282,8,0.0,False,0.0
nb_vol07,600988,赤峰黄金,2024-07-23,10:30,19.4607914501,200,5.0389215829002,19.486,18.32,2024-07-25,10:45,18.30168,硬止损,6.86677136,-243.73,-6.2539,2,0.0,False,0.0
nb_vol07,000938,紫光股份,2024-07-29,09:45,22.652373243499998,100,5.0226523732435,22.703,21.34,2024-08-05,13:20,21.31866,硬止损,6.087251660000001,-144.48,-6.3641,7,0.0,False,0.0
nb_vol07,600460,士兰微,2024-08-07,09:45,20.886583868149998,200,5.0417731677363,20.912,19.66,2024-08-16,14:20,19.64034,硬止损,7.00331468,-261.29,-6.2475,9,0.0,False,0.0
nb_vol07,600760,中航沈飞,2024-08-12,10:15,40.06919512595999,100,5.04006919512596,40.12,37.71,2024-09-20,09:50,37.672290000000004,硬止损,6.92128679,-251.65,-6.2725,39,0.0,False,0.0
nb_vol07,600460,士兰微,2024-08-20,09:45,19.769974133909997,200,5.03953994826782,19.795,18.61,2024-08-22,09:55,18.59139,硬止损,6.89632178,-247.65,-6.2554,2,0.0,False,0.0
nb_vol07,600988,赤峰黄金,2024-08-23,09:45,17.9319406266,200,5.0358638812532,17.957,16.88,2024-09-02,09:35,16.86312,硬止损,6.72003824,-225.52,-6.2794,10,0.0,False,0.0
nb_vol07,000878,云南铜业,2024-10-10,09:45,13.112982432549998,200,5.0262259648651,13.138,12.35,2024-11-22,13:05,12.33765,硬止损,6.2584403,-166.35,-6.3309,43,0.0,False,0.0
nb_vol07,002396,星网锐捷,2024-10-10,09:55,12.537627802699998,300,5.0376128834081,12.554,11.8,2024-10-11,14:10,11.788200000000002,硬止损,6.8035946,-236.67,-6.2838,1,0.0,False,0.0
nb_vol07,603380,易德龙,2024-10-11,09:45,21.743257535999998,100,5.021743257536,21.793,20.49,2024-10-16,14:10,20.46951,硬止损,6.04394501,-138.44,-6.3524,5,0.0,False,0.0
nb_vol07,600219,南山铝业,2024-10-11,09:50,3.73279131225,100,5.00373279131225,3.783,3.56,2024-10-30,13:20,3.5564400000000003,硬止损,5.18137844,-27.82,-7.3543,19,0.0,False,0.0
nb_vol07,600522,中天科技,2024-10-11,09:55,14.709093298899997,100,5.0147090932989,14.759,13.87,2024-10-16,09:40,13.856129999999999,硬止损,5.706662629999999,-96.02,-6.5056,5,0.0,False,0.0
nb_vol07,000938,紫光股份,2024-10-11,14:10,22.931171683419997,100,5.02293117168342,22.981,21.6,2024-11-01,14:45,24.63534,盈利保护,6.256402339999999,159.14,6.9246,21,0.0,False,0.0
nb_vol07,002156,通富微电,2024-10-11,14:40,22.1592445074,100,5.0221592445074,22.209,20.88,2024-10-14,10:00,20.859119999999997,硬止损,6.06381512,-141.1,-6.3531,3,0.0,False,0.0
nb_vol07,600460,士兰微,2024-10-16,09:50,24.685050910519998,100,5.02468505091052,24.735,23.25,2024-10-22,09:35,26.07845261283,盈利保护,6.33000108325433,127.99,5.1742,6,0.0,False,0.0
nb_vol07,002396,星网锐捷,2024-10-23,09:45,12.130022804899998,200,5.0242600456098,12.155,11.43,2024-11-14,14:40,13.8861,盈利保护,6.4163822,339.77,13.9766,22,0.0,False,0.0
nb_vol07,600522,中天科技,2024-11-01,09:45,15.059773668939998,100,5.01505977366894,15.11,14.2,2024-11-14,14:40,16.07391,盈利保护,5.81976941,90.58,5.9947,13,0.0,False,0.0
nb_vol07,600219,南山铝业,2024-11-12,14:45,3.7416158779999993,600,5.022449695268,3.75,3.52,2024-11-22,14:55,3.51648,硬止损,6.07604288,-146.18,-6.4969,10,0.0,False,0.0
nb_vol07,000938,紫光股份,2024-11-15,09:50,27.07331993366,100,5.02707331993366,27.124,25.5,2024-11-18,09:45,25.4745,硬止损,6.299199499999999,-171.21,-6.3122,3,0.0,False,0.0
nb_vol07,600487,亨通光电,2024-11-15,14:10,17.330319746739995,100,5.01733031974674,17.38,16.34,2024-11-25,10:00,16.32366,硬止损,5.83250666,-111.52,-6.4161,10,0.0,False,0.0
nb_vol07,002156,通富微电,2024-11-18,09:45,30.643639926899997,100,5.0306436399269,30.694,28.85,2024-11-25,13:50,28.821150000000003,硬止损,6.46987865,-193.75,-6.3123,7,0.0,False,0.0
nb_vol07,600522,中天科技,2024-11-19,10:10,15.634499830949999,100,5.01563449983095,15.685,14.74,2024-12-19,11:05,14.72526,硬止损,5.75098826,-101.69,-6.4834,30,0.0,False,0.0
nb_vol07,603380,易德龙,2024-11-26,13:05,21.497890914499997,100,5.0214978909145,21.548,20.26,2024-12-25,09:35,23.29151092425,盈利保护,6.18786705713675,168.15,7.8036,29,0.0,False,0.0
nb_vol07,600460,士兰微,2024-11-26,14:15,26.998028217159998,100,5.02699802821716,27.048,25.43,2024-12-05,09:35,27.83214,盈利保护,6.41943914,71.96,2.6606,9,0.0,False,0.0
nb_vol07,002396,星网锐捷,2024-12-04,10:55,12.952781041199998,100,5.0129527810412,13.003,12.22,2024-12-19,09:35,13.3487582796,盈利保护,5.680786672259599,28.9,2.2229,15,0.0,False,0.0
nb_vol07,000938,紫光股份,2025-01-02,09:45,27.083277020799997,100,5.0270832770208,27.134,25.51,2025-01-03,09:35,25.48449,硬止损,6.29970899,-171.21,-6.3097,1,0.0,False,0.0
nb_vol07,002396,星网锐捷,2025-01-02,09:50,14.145403071799999,200,5.0282908061436,14.171,13.32,2025-01-03,09:50,13.30668,硬止损,6.35728136,-179.13,-6.3205,1,0.0,False,0.0
nb_vol07,603380,易德龙,2025-01-02,10:10,23.11164830975,100,5.02311164830975,23.162,21.77,2025-01-03,14:20,21.74823,硬止损,6.10915973,-147.47,-6.3671,1,0.0,False,0.0
nb_vol07,603380,易德龙,2025-01-07,09:55,22.43217151175,100,5.02243217151175,22.482,21.13,2025-02-13,10:15,24.30567,盈利保护,6.23958917,176.09,7.8323,37,0.0,False,0.0
nb_vol07,000938,紫光股份,2025-01-24,09:45,26.117439568219996,100,5.02611743956822,26.168,24.6,2025-02-18,10:10,30.039930000000002,盈利保护,6.53203643,380.69,14.5481,25,0.0,False,0.0
nb_vol07,600988,赤峰黄金,2025-02-18,09:45,19.046522194699996,100,5.0190465221947,19.097,17.95,2025-02-28,14:15,17.93205,硬止损,5.91453455,-122.38,-6.4085,10,0.0,False,0.0
nb_vol07,000938,紫光股份,2025-02-28,10:50,30.169974034199996,100,5.0301699740342,30.22,28.41,2025-03-03,09:35,28.38159,硬止损,6.447461090000001,-190.32,-6.2976,3,0.0,False,0.0
nb_vol07,002396,星网锐捷,2025-02-28,13:20,16.296651671299998,200,5.0325933033426,16.322,15.34,2025-03-24,13:55,15.32466,硬止损,6.56311532,-205.99,-6.3104,24,0.0,False,0.0
nb_vol07,603380,易德龙,2025-03-04,09:45,24.178049395499997,100,5.0241780493955,24.228,22.77,2025-03-31,09:35,22.74723,硬止损,6.16010873,-154.27,-6.3672,27,0.0,False,0.0
nb_vol07,000878,云南铜业,2025-03-05,13:05,12.280719340889998,100,5.01228071934089,12.331,11.59,2025-03-27,09:35,13.1350733784,盈利保护,5.669888742298401,74.75,6.0623,22,0.0,False,0.0
nb_vol07,000878,云南铜业,2025-04-01,09:55,12.542011241759997,200,5.02508402248352,12.567,11.81,2025-04-07,09:35,11.087547234119999,硬止损,6.13092981788024,-302.05,-12.0174,6,0.0,False,0.0
nb_vol07,600988,赤峰黄金,2025-04-08,09:45,20.5951001256,100,5.0205951001256,20.645,19.41,2025-04-17,09:55,29.600369999999998,盈利保护,6.50961887,889.0,43.0605,9,0.0,False,0.0
nb_vol07,600988,赤峰黄金,2025-04-24,10:15,27.795494326599997,100,5.0277954943266,27.846,26.18,2025-04-28,09:35,25.928691154200003,硬止损,6.3223632488642,-198.03,-7.1117,4,0.0,False,0.0
nb_vol07,600988,赤峰黄金,2025-05-08,09:45,27.0162735843,100,5.0270162735843,27.067,25.44,2025-05-12,09:35,25.41456,硬止损,6.29614256,-171.49,-6.336,4,0.0,False,0.0
nb_vol07,600988,赤峰黄金,2025-05-14,09:45,25.931282677299997,100,5.0259312826773,25.982,24.42,2025-05-23,09:35,26.676823473000002,盈利保护,6.360517997123001,63.17,2.4313,9,0.0,False,0.0
nb_vol07,600988,赤峰黄金,2025-06-20,09:45,26.7598211881,100,5.0267598211881,26.81,25.2,2025-06-24,14:40,25.174799999999998,硬止损,6.2839148,-169.81,-6.3339,4,0.0,False,0.0
nb_vol07,000878,云南铜业,2025-07-07,09:45,12.652240981379999,200,5.02530448196276,12.677,11.92,2025-07-31,09:35,13.0113891864,盈利保护,6.327161697012801,60.48,2.3852,24,0.0,False,0.0
nb_vol07,600522,中天科技,2025-07-07,09:50,13.705757795729998,200,5.02741151559146,13.731,12.91,2025-09-03,09:40,15.37461,盈利保护,6.568210219999999,322.17,11.7317,58,0.0,False,0.0
nb_vol07,600219,南山铝业,2025-08-01,09:45,3.6085408358999995,900,5.0324768675231,3.614,3.4,2025-08-29,09:35,3.7162800000000002,盈利保护,6.70577252,85.23,2.6202,28,0.0,False,0.0
nb_vol07,600460,士兰微,2025-09-02,14:35,30.446935619099996,100,5.0304469356191,30.497,28.67,2025-09-04,10:55,28.64133,硬止损,6.4607078300000005,-192.05,-6.2973,2,0.0,False,0.0
nb_vol07,002396,星网锐捷,2025-09-04,09:45,23.60483468343,100,5.02360483468343,23.655,22.24,2025-09-05,09:35,22.64192204337,退出+T+1续退出,6.15473802421187,-107.47,-4.5432,1,0.0,True,0.0
nb_vol07,002156,通富微电,2025-09-05,09:45,31.096264299099996,100,5.0310962642991,31.147,29.28,2025-09-18,14:40,34.025940000000006,盈利保护,6.7353229400000005,281.2,9.0283,13,0.0,False,0.0
nb_vol07,600487,亨通光电,2025-09-08,10:40,19.43198855598,100,5.01943198855598,19.482,18.31,2025-09-15,11:20,20.04993,盈利保护,6.02254643,50.75,2.6051,7,0.0,False,0.0
nb_vol07,002396,星网锐捷,2025-09-15,11:25,23.89540278125,100,5.02389540278125,23.946,22.51,2025-10-10,09:50,22.48749,硬止损,6.14686199,-151.96,-6.3461,25,0.0,False,0.0
nb_vol07,600988,赤峰黄金,2025-09-19,09:45,27.207374754559996,100,5.02720737475456,27.258,25.62,2025-09-23,11:10,28.05192,盈利保护,6.43064792,73.0,2.678,4,0.0,False,0.0
nb_vol07,000878,云南铜业,2025-09-22,10:00,14.963423174699999,100,5.0149634231747,15.014,14.11,2025-10-13,09:35,18.52151536458,盈利保护,5.9445972835935805,344.85,22.9692,21,0.0,False,0.0
nb_vol07,600988,赤峰黄金,2025-09-29,09:45,27.644122105599997,100,5.0276441221056,27.694,26.03,2025-10-10,09:45,29.97999,盈利保护,6.52897949,222.03,8.0172,11,0.0,False,0.0
nb_vol07,600487,亨通光电,2025-10-13,11:25,21.658778611469998,100,5.02165877861147,21.709,20.41,2025-10-17,14:30,20.389590000000002,硬止损,6.03986909,-137.98,-6.3559,4,0.0,False,0.0
nb_vol07,000938,紫光股份,2025-10-15,09:45,28.00160294932,100,5.02800160294932,28.052,26.37,2025-11-03,10:35,26.34363,硬止损,6.343525130000001,-177.17,-6.3158,19,0.0,False,0.0
nb_vol07,000878,云南铜业,2025-10-15,09:50,18.00549204454,200,5.03601098408908,18.031,16.95,2025-11-03,10:05,16.933049999999998,硬止损,6.7271711,-226.25,-6.2741,19,0.0,False,0.0
nb_vol07,600460,士兰微,2025-10-17,14:30,30.177316969799996,100,5.0301773169698,30.228,28.41,2025-10-21,09:35,30.89436471,盈利保护,6.57561260021,60.1,1.9882,4,0.0,False,0.0
nb_vol07,600522,中天科技,2025-10-22,10:00,17.381356032039996,200,5.03476271206408,17.407,16.36,2025-11-04,13:05,16.34364,硬止损,6.667051280000001,-219.25,-6.2978,13,0.0,False,0.0
nb_vol07,600988,赤峰黄金,2025-11-03,10:05,28.338947436799998,100,5.0283389474368,28.389,26.69,2025-11-17,13:05,29.33064,盈利保护,6.49586264,87.65,3.0873,14,0.0,False,0.0
nb_vol07,600487,亨通光电,2025-11-03,11:15,21.728677850879997,100,5.02172867785088,21.779,20.47,2025-11-12,11:05,20.44953,硬止损,6.042926029999999,-138.98,-6.3814,9,0.0,False,0.0
nb_vol07,600460,士兰微,2025-11-04,13:20,30.287161604699996,100,5.0302871616047,30.337,28.52,2025-11-17,13:25,28.49148,硬止损,6.453065479999999,-191.05,-6.2975,13,0.0,False,0.0
nb_vol07,600522,中天科技,2025-11-11,10:20,17.043081215159997,100,5.01704308121516,17.093,16.07,2025-11-19,11:20,16.05393,硬止损,5.81875043,-109.75,-6.4207,8,0.0,False,0.0
nb_vol07,600219,南山铝业,2025-11-19,09:45,4.56046597006,700,5.03192326179042,4.568,4.29,2025-12-09,09:35,4.70529,盈利保护,6.67978853,89.67,2.8043,20,0.0,False,0.0
nb_vol07,000878,云南铜业,2025-11-19,09:50,16.780763019019997,100,5.01678076301902,16.831,15.82,2025-11-21,11:15,15.80418,硬止损,5.80601318,-108.48,-6.4453,2,0.0,False,0.0
nb_vol07,600219,南山铝业,2025-12-11,10:35,4.5881611075299995,700,5.03211712775271,4.595,4.32,2026-01-29,10:10,7.632359999999999,盈利保护,7.72475252,2118.18,65.8486,49,0.0,False,0.0
nb_vol07,600522,中天科技,2025-12-26,11:25,18.147448999679995,100,5.01814744899968,18.198,17.11,2026-01-29,13:55,20.879099999999998,盈利保护,6.064834100000001,262.08,14.402,34,0.0,False,0.0
nb_vol07,600487,亨通光电,2026-01-15,13:25,24.69440272299,100,5.02469440272299,24.745,23.26,2026-01-22,10:05,27.03294,盈利保护,6.37867994,222.45,8.9898,7,0.0,False,0.0
nb_vol07,002396,星网锐捷,2026-01-22,10:15,21.609090643139997,100,5.02160909064314,21.659,20.36,2026-03-03,10:15,22.29768,盈利保护,6.13718168,57.7,2.664,40,0.0,False,0.0
nb_vol07,600988,赤峰黄金,2026-01-30,14:35,42.88064901119999,100,5.0428806490112,42.931,40.36,2026-02-02,09:35,38.51547604992,硬止损,6.96428927854592,-448.52,-10.4475,3,0.0,False,0.0
nb_vol07,000878,云南铜业,2026-02-02,09:45,23.576033741259998,100,5.02357603374126,23.626,22.21,2026-02-06,09:35,21.66593441796,硬止损,6.10496265531596,-202.14,-8.5557,4,0.0,False,0.0
nb_vol07,600219,南山铝业,2026-02-03,09:45,6.519127264649999,600,5.0391147635879,6.528,6.14,2026-02-06,09:35,6.11709742935,硬止损,6.8718318133811005,-253.13,-6.4631,3,0.0,False,0.0
nb_vol07,600460,士兰微,2026-02-05,13:50,29.7778819338,100,5.0297778819338,29.828,28.04,2026-03-03,09:50,30.68928,盈利保护,6.56515328,79.54,2.6668,26,0.0,False,0.0
nb_vol07,600219,南山铝业,2026-02-12,11:05,6.79197564045,300,5.02037592692135,6.809,6.4,2026-03-03,10:10,7.00299,盈利保护,6.0714574699999995,52.21,2.5562,19,0.0,False,0.0
nb_vol07,000878,云南铜业,2026-03-05,09:45,23.852585456699998,100,5.0238525854567,23.903,22.47,2026-03-09,09:35,22.43478923352,硬止损,6.14417425090952,-152.95,-6.3987,4,0.0,False,0.0
nb_vol07,600522,中天科技,2026-03-06,13:20,27.390310907959996,100,5.02739031090796,27.441,25.79,2026-03-09,09:35,25.76421,硬止损,6.31397471,-173.95,-6.3392,3,0.0,False,0.0
nb_vol07,600988,赤峰黄金,2026-03-09,09:50,38.632288414719994,100,5.03863228841472,38.683,36.36,2026-03-16,09:35,39.83013,盈利保护,7.03133663,107.71,2.7846,7,0.0,False,0.0
nb_vol07,000878,云南铜业,2026-03-13,09:45,22.785885982859998,100,5.02278588598286,22.836,21.47,2026-03-16,09:35,21.448529999999998,硬止损,6.0938750299999995,-144.85,-6.3431,3,0.0,False,0.0
nb_vol07,000938,紫光股份,2026-03-16,10:15,25.325272852879994,100,5.02532527285288,25.376,23.85,2026-03-20,14:45,26.11386,盈利保护,6.3318068599999995,67.5,2.6601,4,0.0,False,0.0
nb_vol07,600522,中天科技,2026-03-17,09:45,26.863000164,100,5.026863000164,26.913,25.3,2026-03-23,09:35,24.426276472799998,硬止损,6.2457401001128,-254.94,-9.4728,6,0.0,False,0.0
nb_vol07,600522,中天科技,2026-03-27,09:45,26.146653492959995,100,5.02614665349296,26.197,24.63,2026-04-01,09:40,28.71126,盈利保护,6.46427426,244.97,9.3511,5,0.0,False,0.0
nb_vol07,603380,易德龙,2026-05-26,09:50,39.681814021849995,100,5.03968181402185,39.732,37.35,2026-05-28,09:35,37.31265,硬止损,6.90294515,-248.86,-6.2634,2,0.0,False,0.0
nb_vol07,000938,紫光股份,2026-05-27,09:45,28.970274663329995,100,5.02897027466333,29.021,27.28,2026-05-28,10:20,27.25272,硬止损,6.38988872,-183.17,-6.3119,1,0.0,False,0.0
nb_vol07,600522,中天科技,2026-05-28,09:45,37.89672874988,100,5.03789672874988,37.947,35.67,2026-06-01,09:35,40.23972,盈利保护,7.052225719999999,222.21,5.8558,4,0.0,False,0.0
nb_vol07,600460,士兰微,2026-06-02,09:45,33.183065615699995,100,5.0331830656157,33.233,31.24,2026-06-05,09:35,34.195769999999996,盈利保护,6.74398427,89.49,2.6929,3,0.0,False,0.0
nb_vol07,600460,士兰微,2026-06-10,09:45,34.151695577999995,100,5.034151695578,34.202,32.15,2026-06-12,14:00,32.11785,硬止损,6.63801035,-215.06,-6.2878,2,0.0,False,0.0
nb_vol07,603380,易德龙,2026-06-18,09:45,37.22718999999999,100,5.03722719,37.278,35.04,2026-06-24,09:35,41.92803,盈利保护,7.13832953,457.91,12.2838,6,0.0,False,0.0
nb_vol07,603380,易德龙,2026-07-16,13:35,39.90986999999999,100,5.03990987,39.96,37.56,2026-07-17,09:40,37.52244,硬止损,6.913644440000001,-250.7,-6.2736,1,0.0,False,0.0
nb_vol07,002396,星网锐捷,2026-07-28,09:55,29.759729999999998,100,5.02975973,29.81,28.02,2026-07-29,09:35,27.991979999999998,硬止损,6.427590980000001,-188.23,-6.3144,1,0.0,False,0.0
nb_vol07,000938,紫光股份,2026-07-30,14:20,33.6336,100,5.0336336,33.684,31.66,2026-08-05,09:35,34.55541,盈利保护,6.76232591,80.39,2.3865,6,0.0,False,0.0
nb_vol07,002396,星网锐捷,2026-08-07,09:45,28.53851,100,5.02853851,28.589,26.87,2026-08-12,09:35,29.42055,盈利保护,6.50044805,76.68,2.682,5,0.0,False,0.0
nb_vol07,000938,紫光股份,2026-08-07,09:50,37.6376,100,5.0376376,37.688,35.43,2026-08-18,10:50,38.78118,盈利保护,6.97784018,102.34,2.7155,11,0.0,False,0.0
nb_vol07,600988,赤峰黄金,2026-08-14,10:50,38.82879,100,5.03882879,38.879,36.55,2026-08-24,13:15,48.27168,盈利保护,7.46185568,931.79,23.9663,10,0.0,False,0.0
nb_vol07,002396,星网锐捷,2026-08-19,10:15,30.840809999999994,100,5.03084081,30.891,29.04,2026-08-24,10:05,31.78818,盈利保护,6.62119718,83.08,2.6896,5,0.0,False,0.0
nb_vol07,000938,紫光股份,2026-08-20,13:55,35.36532999999999,100,5.03536533,35.416,33.29,2026-09-04,09:40,36.733230000000006,盈利保护,6.873394730000001,124.88,3.5262,15,0.0,False,0.0
nb_vol07,600988,赤峰黄金,2026-09-10,09:55,43.17313,100,5.04317313,43.224,40.63,,,0.0,,0.0,0.0,0.0,0,0.0,False,0.0
nb_vol07,002396,星网锐捷,2026-09-11,09:45,35.18514999999999,100,5.03518515,35.236,33.12,,,0.0,,0.0,0.0,0.0,0,0.0,False,0.0
indep_601138,601138,工业富联,2024-03-15,09:45,21.316255760799997,200,5.0426325115216,21.341,20.06,2024-03-22,11:15,22.74723,盈利保护,7.320217459999999,273.83,6.4155,7,0.0,False,0.0
indep_601138,601138,工业富联,2024-03-28,09:45,21.269303655599998,200,5.0425386073112,21.295,20.02,2024-04-09,13:05,19.99998,硬止损,7.039997960000001,-265.95,-6.2445,12,0.0,False,0.0
indep_601138,601138,工业富联,2024-04-16,09:45,20.555631656559996,200,5.04111126331312,20.581,19.35,2024-04-22,09:35,19.099440960480003,硬止损,6.94814297796896,-303.23,-7.3667,6,0.0,False,0.0
indep_601138,601138,工业富联,2024-05-31,09:45,22.198955338559998,200,5.04439791067712,22.224,20.89,2024-06-07,10:30,22.86711,盈利保护,7.33244522,121.25,2.728,7,0.0,False,0.0
indep_601138,601138,工业富联,2024-10-24,09:45,24.149986120259996,100,5.02414998612026,24.2,22.75,2024-11-12,13:40,24.90507,盈利保护,6.2701585699999995,64.21,2.6534,19,0.0,False,0.0
indep_601138,601138,工业富联,2024-11-18,09:45,22.50909977316,200,5.04501819954632,22.534,21.18,2024-11-25,13:35,21.15882,硬止损,7.15819964,-282.26,-6.2629,7,0.0,False,0.0
indep_002156,002156,通富微电,2023-12-06,10:05,21.780374515899997,200,5.0435607490318,21.806,20.5,2023-12-15,09:45,22.437540000000002,盈利保护,7.28862908,119.1,2.731,9,0.0,False,0.0
indep_002156,002156,通富微电,2023-12-25,09:55,21.6406927737,200,5.0432813855474,21.666,20.37,2024-01-08,09:50,20.34963,硬止损,7.0756622600000005,-270.33,-6.2386,14,0.0,False,0.0
indep_002156,002156,通富微电,2024-03-27,09:45,22.329124217399997,200,5.0446582484348,22.354,21.01,2024-04-09,09:45,20.98899,硬止损,7.140876980000001,-280.21,-6.2675,13,0.0,False,0.0
indep_002156,002156,通富微电,2024-07-04,13:20,22.179207790739998,100,5.02217920779074,22.229,20.9,2024-07-05,10:35,20.879099999999998,硬止损,6.064834100000001,-141.1,-6.3473,1,0.0,False,0.0
indep_002156,002156,通富微电,2024-10-11,09:45,23.357041507799998,100,5.0233570415078,23.407,22.0,2024-10-14,09:35,21.218417442899998,硬止损,6.0821392895879,-224.97,-9.611,3,0.0,False,0.0
indep_002156,002156,通富微电,2024-10-25,09:45,23.36702314947,100,5.02336702314947,23.417,22.01,2024-11-04,09:35,28.09188,盈利保护,6.43268588,461.03,19.6876,10,0.0,False,0.0
indep_002156,002156,通富微电,2024-11-18,09:45,30.643639926899997,100,5.0306436399269,30.694,28.85,2024-11-25,13:50,28.821150000000003,硬止损,6.46987865,-193.75,-6.3123,7,0.0,False,0.0
indep_002156,002156,通富微电,2024-12-05,09:45,30.81332783529,100,5.03081332783529,30.864,29.01,2024-12-13,10:55,28.980990000000002,硬止损,6.47803049,-194.74,-6.3098,8,0.0,False,0.0
indep_002156,002156,通富微电,2024-12-24,10:30,29.00665069302,100,5.02900665069302,29.057,27.31,2024-12-31,11:00,29.90007,盈利保护,6.52490357,77.79,2.6771,7,0.0,False,0.0
indep_002156,002156,通富微电,2025-07-09,14:25,24.976999427379997,100,5.02497699942738,25.027,23.53,2025-09-03,09:35,33.64632,盈利保护,6.71596232,855.19,34.1704,56,0.0,False,0.0
indep_002156,002156,通富微电,2025-09-05,09:45,31.096264299099996,100,5.0310962642991,31.147,29.28,2025-09-18,14:40,34.025940000000006,盈利保护,6.7353229400000005,281.2,9.0283,13,0.0,False,0.0
indep_002156,002156,通富微电,2025-10-15,09:50,40.96507872456999,100,5.04096507872457,41.015,38.55,2025-10-17,09:35,41.09278566042,盈利保护,7.09573206868142,0.63,0.0155,2,0.0,False,0.0
indep_002156,002156,通富微电,2025-11-03,09:45,40.79509914479999,100,5.0407950991448,40.846,38.4,2025-11-12,09:35,38.25880044246,硬止损,6.95119882256546,-265.62,-6.5031,9,0.0,False,0.0
indep_002156,002156,通富微电,2025-11-14,10:35,38.465379022069996,100,5.03846537902207,38.516,36.21,2025-11-21,09:35,35.923756284,硬止损,6.832111570484001,-266.03,-6.9071,7,0.0,False,0.0
indep_002156,002156,通富微电,2026-03-16,11:20,45.32455500573,100,5.04532455500573,45.375,42.65,2026-03-23,09:55,42.60735,硬止损,7.172974849999999,-283.94,-6.2576,7,0.0,False,0.0
indep_600487,600487,亨通光电,2024-03-27,09:45,12.14048053218,300,5.03642144159654,12.157,11.43,2024-04-19,14:20,12.50518767462,盈利保护,6.91329371421686,97.46,2.6723,23,0.0,False,0.0
indep_600487,600487,亨通光电,2024-05-23,10:05,14.284064574779999,300,5.04285219372434,14.301,13.44,2024-06-25,10:45,14.71527,盈利保护,7.25143631,117.07,2.7287,33,0.0,False,0.0
indep_600487,600487,亨通光电,2024-07-18,09:45,14.6550376973,300,5.0439651130919,14.672,13.79,2024-07-30,14:15,15.09489,盈利保护,7.3095181700000005,119.6,2.7173,12,0.0,False,0.0
indep_600487,600487,亨通光电,2024-10-11,10:10,16.50412970206,200,5.03300825940412,16.529,15.54,2024-10-24,09:35,16.9815835179,盈利保护,6.7321215188258,83.73,2.5326,13,0.0,False,0.0
indep_600487,600487,亨通光电,2024-11-15,10:35,17.231963789039998,200,5.03446392757808,17.257,16.22,2025-01-02,14:35,16.20378,硬止损,6.65278556,-217.32,-6.2966,48,0.0,False,0.0
indep_600487,600487,亨通光电,2025-09-08,10:40,19.43198855598,200,5.03886397711196,19.457,18.29,2025-09-15,11:20,20.019959999999998,盈利保护,7.04203592,105.51,2.7114,7,0.0,False,0.0
indep_600487,600487,亨通光电,2025-10-13,11:25,21.658778611469998,200,5.04331755722294,21.684,20.38,2025-10-17,14:30,20.35962,硬止损,7.076681239999999,-271.95,-6.2708,4,0.0,False,0.0
indep_600487,600487,亨通光电,2025-11-03,10:10,21.77860587903,200,5.04355721175806,21.804,20.5,2025-11-12,11:05,20.4795,硬止损,7.088909,-271.95,-6.2364,9,0.0,False,0.0
indep_600487,600487,亨通光电,2025-12-30,10:30,24.564589849799997,100,5.0245645898498,24.615,23.14,2026-01-22,10:05,27.03294,盈利保护,6.37867994,235.43,9.5646,23,0.0,False,0.0
indep_600487,600487,亨通光电,2026-03-17,09:45,45.04506699693,100,5.04504506699693,45.096,42.39,2026-03-18,09:55,42.34761,硬止损,7.1597281100000005,-281.95,-6.2523,1,0.0,False,0.0
indep_600487,600487,亨通光电,2026-03-23,11:00,42.059370913559995,100,5.04205937091356,42.11,39.58,2026-04-01,09:40,50.679269999999995,盈利保护,7.58464277,849.36,20.1702,9,0.0,False,0.0
indep_603380,603380,易德龙,2023-11-10,09:45,23.094436184819997,100,5.02309443618482,23.145,21.76,2023-12-08,14:35,21.73824,硬止损,6.10865024,-146.75,-6.3406,28,0.0,False,0.0
indep_603380,603380,易德龙,2024-06-21,09:45,19.16624107398,200,5.03833248214796,19.191,18.04,2024-06-25,13:15,18.02196,硬止损,6.8382399199999995,-240.73,-6.2719,4,0.0,False,0.0
indep_603380,603380,易德龙,2024-10-10,09:55,22.233990779,100,5.022233990779,22.284,20.95,2024-10-11,14:10,20.92905,硬止损,6.06738155,-141.58,-6.3535,1,0.0,False,0.0
indep_603380,603380,易德龙,2024-10-17,09:45,20.97884613825,200,5.0419576922765,21.004,19.74,2024-11-01,09:45,21.60837,盈利保护,7.20405374,113.66,2.7056,15,0.0,False,0.0
indep_603380,603380,易德龙,2024-11-05,09:45,21.677197291749998,200,5.0433543945835,21.702,20.4,2024-11-13,10:25,22.327650000000002,盈利保护,7.2774203,117.77,2.7133,8,0.0,False,0.0
indep_603380,603380,易德龙,2024-11-18,10:40,21.526202447749995,200,5.0430524048955,21.551,20.26,2024-12-25,09:35,23.29151092425,盈利保护,7.3757341142735005,340.64,7.903,37,0.0,False,0.0
indep_603380,603380,易德龙,2025-01-02,10:10,23.11164830975,100,5.02311164830975,23.162,21.77,2025-01-03,14:20,21.74823,硬止损,6.10915973,-147.47,-6.3671,1,0.0,False,0.0
indep_603380,603380,易德龙,2025-01-07,09:45,22.488794578249998,200,5.0449775891565,22.514,21.16,2025-02-13,10:15,24.30567,盈利保护,7.47917834,350.85,7.7918,37,0.0,False,0.0
indep_603380,603380,易德龙,2025-02-28,13:15,24.31960706175,100,5.02431960706175,24.37,22.91,2025-03-31,09:35,22.88709,硬止损,6.16724159,-154.44,-6.3375,31,0.0,False,0.0
indep_603380,603380,易德龙,2025-07-22,10:20,27.707410931199995,100,5.0277074109312,27.758,26.09,2025-07-30,13:05,29.600369999999998,盈利保护,6.50961887,177.76,6.4039,8,0.0,False,0.0
indep_603380,603380,易德龙,2025-08-01,09:50,28.907803024099994,100,5.0289078030241,28.958,27.22,2025-08-05,09:35,30.1462350885,盈利保护,6.5374579895135,112.28,3.8772,4,0.0,False,0.0
indep_603380,603380,易德龙,2025-09-09,11:25,40.10490303819999,100,5.0401049030382,40.155,37.75,2025-09-19,09:35,49.76019,盈利保护,7.537769689999999,952.95,23.7316,10,0.0,False,0.0
indep_603380,603380,易德龙,2025-10-09,09:45,47.35645199285,100,5.04735645199285,47.407,44.56,2025-10-10,14:35,44.515440000000005,硬止损,7.270287440000001,-296.42,-6.2526,1,0.0,False,0.0
indep_603380,603380,易德龙,2025-10-16,09:45,42.328580193899995,100,5.0423285801939,42.379,39.84,2025-10-30,09:50,39.800160000000005,硬止损,7.029808160000001,-264.91,-6.2511,14,0.0,False,0.0
indep_603380,603380,易德龙,2026-02-02,09:45,37.979618677,100,5.037979618677,38.03,35.75,2026-03-04,09:35,35.71395994035,硬止损,6.821411956957849,-238.43,-6.2694,30,0.0,False,0.0
indep_603380,603380,易德龙,2026-05-26,09:45,39.75068897799999,100,5.039750688978,39.801,37.41,2026-05-28,09:35,37.372589999999995,硬止损,6.90600209,-249.76,-6.2751,2,0.0,False,0.0
indep_603380,603380,易德龙,2026-06-01,09:55,36.35613756775,100,5.03635613756775,36.407,34.22,2026-06-05,09:35,34.18578,硬止损,6.74347478,-228.82,-6.285,4,0.0,False,0.0
indep_603380,603380,易德龙,2026-06-18,09:45,37.22718999999999,100,5.03722719,37.278,35.04,2026-06-24,09:35,41.92803,盈利保护,7.13832953,457.91,12.2838,6,0.0,False,0.0
indep_603380,603380,易德龙,2026-07-16,13:35,39.90986999999999,100,5.03990987,39.96,37.56,2026-07-17,09:40,37.52244,硬止损,6.913644440000001,-250.7,-6.2736,1,0.0,False,0.0
indep_600988,600988,赤峰黄金,2023-09-22,10:05,14.614951571219999,300,5.04384485471366,14.632,13.75,2023-10-09,09:35,13.73625,硬止损,7.10164625,-275.76,-6.2821,17,0.0,False,0.0
indep_600988,600988,赤峰黄金,2024-04-18,09:45,18.450638726519998,200,5.03690127745304,18.476,17.37,2024-05-06,09:35,17.226105501150002,硬止损,6.7570627611173,-256.7,-6.9469,18,0.0,False,0.0
indep_600988,600988,赤峰黄金,2024-05-09,09:45,17.545809961679996,200,5.03509161992336,17.571,16.52,2024-05-21,09:55,18.0819,盈利保护,6.8443538,95.34,2.713,12,0.0,False,0.0
indep_600988,600988,赤峰黄金,2024-05-23,11:15,17.05405519818,200,5.03410811039636,17.079,16.05,2024-06-26,09:35,16.03395,硬止损,6.6354629,-215.69,-6.3144,34,0.0,False,0.0
indep_600988,600988,赤峰黄金,2024-07-23,10:30,19.4607914501,200,5.0389215829002,19.486,18.32,2024-07-25,10:45,18.30168,硬止损,6.86677136,-243.73,-6.2539,2,0.0,False,0.0
indep_600988,600988,赤峰黄金,2024-08-02,09:45,19.4114736816,200,5.0388229473632,19.437,18.27,2024-08-06,09:45,18.25173,硬止损,6.861676459999999,-243.85,-6.2729,4,0.0,False,0.0
indep_600988,600988,赤峰黄金,2024-08-23,09:45,17.9319406266,200,5.0358638812532,17.957,16.88,2024-09-02,09:35,16.86312,硬止损,6.72003824,-225.52,-6.2794,10,0.0,False,0.0
indep_600988,600988,赤峰黄金,2024-10-11,10:05,18.2870285598,200,5.0365740571196,18.312,17.21,2024-10-24,09:35,19.1462810535,盈利保护,6.9529206674570005,159.86,4.3649,13,0.0,False,0.0
indep_600988,600988,赤峰黄金,2024-11-04,09:45,18.543480955999996,200,5.037086961912,18.569,17.45,2024-11-07,09:35,17.43255,硬止损,6.778120100000001,-234.0,-6.301,3,0.0,False,0.0
indep_600988,600988,赤峰黄金,2025-02-18,09:45,19.046522194699996,200,5.0380930443894,19.072,17.93,2025-02-28,14:25,17.91207,硬止损,6.82703114,-238.76,-6.2594,10,0.0,False,0.0
indep_600988,600988,赤峰黄金,2025-03-11,09:55,18.602662278199997,200,5.0372053245564,18.628,17.51,2025-03-26,09:50,20.26971,盈利保护,7.06751042,321.3,8.6243,15,0.0,False,0.0
indep_600988,600988,赤峰黄金,2025-04-08,09:45,20.5951001256,100,5.0205951001256,20.645,19.41,2025-04-17,09:55,29.600369999999998,盈利保护,6.50961887,889.0,43.0605,9,0.0,False,0.0
indep_600988,600988,赤峰黄金,2025-04-24,09:50,27.864539202499998,100,5.0278645392025,27.915,26.24,2025-04-28,09:35,25.928691154200003,硬止损,6.3223632488642,-204.94,-7.3414,4,0.0,False,0.0
indep_600988,600988,赤峰黄金,2025-05-08,09:45,27.0162735843,100,5.0270162735843,27.067,25.44,2025-05-12,09:35,25.41456,硬止损,6.29614256,-171.49,-6.336,4,0.0,False,0.0
indep_600988,600988,赤峰黄金,2025-05-14,09:45,25.931282677299997,100,5.0259312826773,25.982,24.42,2025-05-23,09:35,26.676823473000002,盈利保护,6.360517997123001,63.17,2.4313,9,0.0,False,0.0
indep_600988,600988,赤峰黄金,2025-06-20,09:45,26.7598211881,100,5.0267598211881,26.81,25.2,2025-06-24,14:40,25.174799999999998,硬止损,6.2839148,-169.81,-6.3339,4,0.0,False,0.0
indep_600988,600988,赤峰黄金,2025-09-18,14:00,27.534935267839995,100,5.02753493526784,27.585,25.93,2025-10-10,09:45,29.97999,盈利保护,6.52897949,232.95,8.4447,22,0.0,False,0.0
indep_600988,600988,赤峰黄金,2025-10-21,09:45,29.450667966719998,100,5.02945066796672,29.501,27.73,2025-10-22,09:35,26.86573329408,硬止损,6.37015239799808,-269.89,-9.1486,1,0.0,False,0.0
indep_600988,600988,赤峰黄金,2025-10-29,09:45,28.77569478784,100,5.02877569478784,28.826,27.1,2025-11-17,09:35,29.660310000000003,盈利保护,6.51267581,76.92,2.6684,19,0.0,False,0.0
indep_600988,600988,赤峰黄金,2026-01-08,09:45,30.770836095999996,100,5.030770836096,30.821,28.97,2026-01-27,13:30,40.90905,盈利保护,7.0863615499999995,1001.7,32.5006,19,0.0,False,0.0
indep_600988,600988,赤峰黄金,2026-01-30,13:30,42.88064901119999,100,5.0428806490112,42.931,40.36,2026-02-02,09:35,38.51547604992,硬止损,6.96428927854592,-448.52,-10.4475,3,0.0,False,0.0
indep_600988,600988,赤峰黄金,2026-03-09,09:45,38.46354511999999,100,5.03846354512,38.514,36.2,2026-03-16,09:35,39.83013,盈利保护,7.03133663,124.59,3.2349,7,0.0,False,0.0
indep_600988,600988,赤峰黄金,2026-03-18,09:45,39.56533957375999,100,5.03956533957376,39.616,37.24,2026-03-23,09:35,36.39553986816,硬止损,6.85617253327616,-328.88,-8.3016,5,0.0,False,0.0
indep_600988,600988,赤峰黄金,2026-08-14,09:50,38.81878,100,5.03881878,38.869,36.54,2026-08-24,13:15,48.27168,盈利保护,7.46185568,932.79,23.9982,10,0.0,False,0.0
indep_600988,600988,赤峰黄金,2026-09-02,09:55,44.72467999999999,100,5.04472468,44.775,42.09,,,0.0,,0.0,0.0,0.0,0,0.0,False,0.0
indep_600460,600460,士兰微,2024-08-07,09:45,20.886583868149998,200,5.0417731677363,20.912,19.66,2024-08-16,14:20,19.64034,硬止损,7.00331468,-261.29,-6.2475,9,0.0,False,0.0
indep_600460,600460,士兰微,2024-08-20,09:45,19.769974133909997,200,5.03953994826782,19.795,18.61,2024-08-22,09:55,18.59139,硬止损,6.89632178,-247.65,-6.2554,2,0.0,False,0.0
indep_600460,600460,士兰微,2024-10-14,09:45,24.037018475469996,100,5.02403701847547,24.087,22.64,2024-10-16,09:35,23.979042654300002,盈利保护,6.2229311753693,-17.04,-0.7076,2,0.0,False,0.0
indep_600460,600460,士兰微,2024-11-15,14:25,29.809492012299998,100,5.0298094920123,29.86,28.07,2024-11-18,14:50,28.04193,硬止损,6.4301384299999995,-188.22,-6.3033,3,0.0,False,0.0
indep_600460,600460,士兰微,2024-11-26,11:15,27.007997946929997,100,5.02700799794693,27.058,25.43,2024-12-05,09:35,27.84213,盈利保护,6.41994863,71.97,2.6597,9,0.0,False,0.0
indep_600460,600460,士兰微,2024-12-11,09:45,27.935182815539996,100,5.02793518281554,27.985,26.31,2024-12-31,13:35,26.28369,硬止损,6.340468189999999,-176.52,-6.3075,20,0.0,False,0.0
indep_600460,600460,士兰微,2025-09-02,13:10,30.257203977,100,5.030257203977,30.308,28.49,2025-09-04,13:40,28.461509999999997,硬止损,6.451537009999999,-191.05,-6.3038,2,0.0,False,0.0
indep_600460,600460,士兰微,2025-09-16,09:45,30.177316969799996,100,5.0301773169698,30.228,28.41,2025-10-10,14:20,31.098869999999998,盈利保护,6.5860423699999995,80.54,2.6644,24,0.0,False,0.0
indep_600460,600460,士兰微,2025-10-17,11:30,30.546794378099996,100,5.0305467943781,30.597,28.76,2025-11-03,09:35,31.47849,盈利保护,6.60540299,81.53,2.6647,17,0.0,False,0.0
indep_600460,600460,士兰微,2026-02-02,10:15,31.605297223499996,100,5.0316052972235,31.656,29.76,2026-02-05,09:35,29.730240000000002,硬止损,6.51624224,-199.05,-6.2881,3,0.0,False,0.0
indep_600460,600460,士兰微,2026-02-10,10:25,31.5753395958,100,5.0315753395958,31.626,29.73,2026-03-03,10:20,29.70027,硬止损,6.51471377,-199.05,-6.294,21,0.0,False,0.0
indep_600460,600460,士兰微,2026-06-01,10:20,34.031865067199995,100,5.0340318650672,34.082,32.04,2026-06-08,09:35,31.8411274995,硬止损,6.6238975024745,-230.73,-6.7699,7,0.0,False,0.0
indep_600460,600460,士兰微,2026-06-10,09:45,34.151695577999995,100,5.034151695578,34.202,32.15,2026-06-12,14:00,32.11785,硬止损,6.63801035,-215.06,-6.2878,2,0.0,False,0.0
indep_600522,600522,中天科技,2024-03-27,09:45,13.6303233066,300,5.0408909699198,13.647,12.83,2024-04-03,10:00,12.81717,硬止损,6.9610270100000005,-255.95,-6.2516,7,0.0,False,0.0
indep_600522,600522,中天科技,2024-04-09,09:45,12.82402249128,300,5.03847206747384,12.841,12.07,2024-04-19,10:15,12.05793,硬止损,6.844863290000001,-241.71,-6.2746,10,0.0,False,0.0
indep_600522,600522,中天科技,2024-06-06,13:35,13.918287883499998,300,5.0417548636505,13.935,13.1,2024-06-27,09:35,14.425559999999999,盈利保护,7.2071106799999995,139.93,3.3473,21,0.0,False,0.0
indep_600522,600522,中天科技,2024-10-11,09:50,14.864951241139998,200,5.02972990248228,14.89,14.0,2024-10-16,09:35,13.931136788129999,硬止损,6.42097595238926,-198.21,-6.6559,5,0.0,False,0.0
indep_600522,600522,中天科技,2024-11-01,09:45,15.059773668939998,200,5.03011954733788,15.085,14.18,2024-11-14,14:40,16.07391,盈利保护,6.639538819999999,191.16,6.336,13,0.0,False,0.0
indep_600522,600522,中天科技,2024-11-19,09:55,15.644240952339999,200,5.03128848190468,15.669,14.73,2024-12-23,14:00,14.71527,硬止损,6.50095754,-197.33,-6.2966,34,0.0,False,0.0
indep_600522,600522,中天科技,2025-07-07,09:45,13.715498917119998,300,5.04114649675136,13.732,12.91,2025-09-03,09:40,15.37461,盈利保护,7.35231533,485.34,11.781,58,0.0,False,0.0
indep_600522,600522,中天科技,2025-10-13,10:05,18.127550481039997,200,5.03625510096208,18.153,17.06,2025-10-17,10:25,17.042939999999998,硬止损,6.73837988,-228.7,-6.2992,4,0.0,False,0.0
indep_600522,600522,中天科技,2025-10-22,09:45,17.40125455068,200,5.03480250910136,17.426,16.38,2025-11-04,10:50,16.363619999999997,硬止损,6.66908924,-219.23,-6.2902,13,0.0,False,0.0
indep_600522,600522,中天科技,2025-11-11,10:00,17.132624549039996,200,5.03426524909808,17.158,16.13,2025-11-19,10:15,16.11387,硬止损,6.643614739999999,-215.43,-6.2779,8,0.0,False,0.0
indep_600522,600522,中天科技,2025-12-26,11:25,18.147448999679995,200,5.03629489799936,18.173,17.08,2026-01-29,13:55,20.879099999999998,盈利保护,7.1296682,534.16,14.6969,34,0.0,False,0.0
indep_600522,600522,中天科技,2026-03-06,09:45,27.161477943599998,100,5.0271614779436,27.212,25.58,2026-03-09,09:35,25.554419999999997,硬止损,6.303275419999999,-172.04,-6.3221,3,0.0,False,0.0
indep_600522,600522,中天科技,2026-03-17,09:45,26.863000164,100,5.026863000164,26.913,25.3,2026-03-23,09:35,24.426276472799998,硬止损,6.2457401001128,-254.94,-9.4728,6,0.0,False,0.0
indep_600522,600522,中天科技,2026-03-27,09:45,26.146653492959995,100,5.02614665349296,26.197,24.63,2026-04-01,09:40,28.71126,盈利保护,6.46427426,244.97,9.3511,5,0.0,False,0.0
indep_600522,600522,中天科技,2026-05-27,09:45,39.548305797,100,5.039548305797,39.599,37.22,2026-06-01,09:35,40.74921,盈利保护,7.07820971,107.97,2.7267,5,0.0,False,0.0
indep_002396,002396,星网锐捷,2024-10-10,09:55,12.537627802699998,300,5.0376128834081,12.554,11.8,2024-10-11,14:10,11.788200000000002,硬止损,6.8035946,-236.67,-6.2838,1,0.0,False,0.0
indep_002396,002396,星网锐捷,2024-10-23,09:45,12.130022804899998,300,5.0363900684147,12.147,11.42,2024-11-14,14:40,13.8861,盈利保护,7.1245733,514.66,14.1234,22,0.0,False,0.0
indep_002396,002396,星网锐捷,2024-11-21,09:50,13.7076051112,300,5.0411228153336,13.724,12.9,2024-11-25,10:00,12.8871,硬止损,6.9717263,-258.16,-6.2702,4,0.0,False,0.0
indep_002396,002396,星网锐捷,2024-12-03,09:45,13.149035299399998,300,5.0394471058981996,13.166,12.38,2024-12-25,10:00,14.085899999999999,盈利保护,7.155142700000001,268.86,6.8071,22,0.0,False,0.0
indep_002396,002396,星网锐捷,2025-01-02,09:45,14.137854831099999,300,5.0424135644933,14.155,13.31,2025-01-03,09:50,13.29669,硬止损,7.034393570000001,-264.43,-6.2271,1,0.0,False,0.0
indep_002396,002396,星网锐捷,2025-02-28,13:20,16.296651671299998,200,5.0325933033426,16.322,15.34,2025-03-24,13:55,15.32466,硬止损,6.56311532,-205.99,-6.3104,24,0.0,False,0.0
indep_002396,002396,星网锐捷,2025-09-04,09:45,23.60483468343,100,5.02360483468343,23.655,22.24,2025-09-05,09:35,22.64192204337,退出+T+1续退出,6.15473802421187,-107.47,-4.5432,1,0.0,True,0.0
indep_002396,002396,星网锐捷,2025-09-09,09:45,22.46550187882,100,5.02246550187882,22.516,21.17,2025-09-23,10:35,23.16681,盈利保护,6.181507310000001,58.93,2.6171,14,0.0,False,0.0
indep_002396,002396,星网锐捷,2025-09-29,09:45,23.436611047849997,100,5.02343661104785,23.487,22.08,2025-10-13,09:35,21.30645309912,硬止损,6.08662910805512,-224.13,-9.5426,14,0.0,False,0.0
indep_002396,002396,星网锐捷,2026-01-21,09:45,21.586151056469998,200,5.04317230211294,21.611,20.31,2026-02-25,14:30,22.237740000000002,盈利保护,7.268249480000001,118.01,2.7302,35,0.0,False,0.0
indep_002396,002396,星网锐捷,2026-06-01,14:05,22.072049999999997,200,5.0441441,22.097,20.77,2026-06-08,09:35,20.5794,硬止损,7.0990988,-310.67,-7.0297,7,0.0,False,0.0
indep_002396,002396,星网锐捷,2026-07-28,09:55,29.759729999999998,100,5.02975973,29.81,28.02,2026-07-29,09:35,27.991979999999998,硬止损,6.427590980000001,-188.23,-6.3144,1,0.0,False,0.0
indep_002396,002396,星网锐捷,2026-08-07,09:45,28.53851,100,5.02853851,28.589,26.87,2026-08-12,09:35,29.42055,盈利保护,6.50044805,76.68,2.682,5,0.0,False,0.0
indep_002396,002396,星网锐捷,2026-08-19,10:15,30.840809999999994,100,5.03084081,30.891,29.04,2026-08-24,10:05,31.78818,盈利保护,6.62119718,83.08,2.6896,5,0.0,False,0.0
indep_002396,002396,星网锐捷,2026-09-11,09:45,35.18514999999999,100,5.03518515,35.236,33.12,,,0.0,,0.0,0.0,0.0,0,0.0,False,0.0
indep_600219,600219,南山铝业,2024-05-23,10:10,3.2342152842999994,1300,5.0420447986959,3.238,3.04,2024-07-18,10:25,3.35664,盈利保护,7.2254523200000005,146.88,3.4893,56,0.0,False,0.0
indep_600219,600219,南山铝业,2024-07-22,09:45,3.3303676305899996,1300,5.04329477919767,3.334,3.13,2024-07-23,11:20,3.12687,硬止损,7.07311481,-276.66,-6.3828,1,0.0,False,0.0
indep_600219,600219,南山铝业,2024-10-10,09:45,3.6275657918499995,1200,5.0435307895022,3.632,3.41,2024-10-15,10:55,3.73626,盈利保护,7.286591120000001,118.1,2.7099,5,0.0,False,0.0
indep_600219,600219,南山铝业,2024-10-21,09:45,3.6533702204999994,1200,5.043840442646,3.658,3.44,2024-11-11,09:45,3.80619,盈利保护,7.32938828,171.01,3.8963,21,0.0,False,0.0
indep_600219,600219,南山铝业,2024-11-13,10:05,3.7504404437499996,1200,5.045005285325,3.755,3.53,2024-11-22,14:50,3.5264699999999998,硬止损,7.15819964,-280.97,-6.236,9,0.0,False,0.0
indep_600219,600219,南山铝业,2025-08-01,09:45,3.6085408358999995,1200,5.0433024900308,3.613,3.4,2025-08-29,09:35,3.7162800000000002,盈利保护,7.27436336,116.97,2.6981,28,0.0,False,0.0
indep_600219,600219,南山铝业,2025-10-20,09:55,3.7111484209799994,1200,5.04453378105176,3.715,3.49,2025-11-18,09:35,4.67532,盈利保护,7.8612958399999995,1144.1,25.6615,29,0.0,False,0.0
indep_600219,600219,南山铝业,2025-11-24,09:45,4.412758570219999,1100,5.04854034427242,4.417,4.15,2025-12-09,10:20,4.60539,盈利保护,7.58362379,199.26,4.1008,15,0.0,False,0.0
indep_600219,600219,南山铝业,2025-12-11,10:35,4.5881611075299995,1100,5.05046977218283,4.593,4.32,2026-01-29,10:10,7.632359999999999,盈利保护,9.28175396,3334.29,65.999,49,0.0,False,0.0
indep_600219,600219,南山铝业,2026-02-03,09:45,6.519127264649999,900,5.05867214538185,6.525,6.13,2026-02-06,09:35,6.11709742935,硬止损,7.807747720071651,-374.69,-6.3807,3,0.0,False,0.0
indep_600219,600219,南山铝业,2026-02-12,09:45,6.752997301049999,800,5.0540239784084,6.759,6.35,2026-03-06,09:35,7.23276,盈利保护,7.950966079999999,370.81,6.8573,22,0.0,False,0.0
indep_000878,000878,云南铜业,2023-09-22,10:10,11.13281832663,400,5.04453127330652,11.145,10.48,2023-10-20,09:35,10.46867255829,硬止损,7.13560920189116,-277.84,-6.2321,28,0.0,False,0.0
indep_000878,000878,云南铜业,2024-04-11,10:00,13.23263622681,300,5.03969790868043,13.249,12.45,2024-04-19,13:50,13.63635,盈利保护,7.0863615499999995,108.99,2.742,8,0.0,False,0.0
indep_000878,000878,云南铜业,2024-04-24,09:45,12.570531483509999,300,5.03771159445053,12.587,11.83,2024-05-06,09:50,12.947040000000001,盈利保护,6.98089712,100.93,2.6729,12,0.0,False,0.0
indep_000878,000878,云南铜业,2024-05-08,09:45,13.100215278149998,300,5.03930064583445,13.117,12.33,2024-05-22,11:25,13.896090000000001,盈利保护,7.12610177,226.6,5.7583,14,0.0,False,0.0
indep_000878,000878,云南铜业,2024-05-24,09:45,13.304238747799998,300,5.0399127162434,13.321,12.52,2024-06-11,09:35,12.50748,硬止损,6.91364444,-250.98,-6.2803,18,0.0,False,0.0
indep_000878,000878,云南铜业,2024-10-10,09:45,13.112982432549998,300,5.03933894729765,13.13,12.34,2024-11-22,13:20,12.32766,硬止损,6.88613198,-247.52,-6.284,43,0.0,False,0.0
indep_000878,000878,云南铜业,2025-03-05,13:05,12.280719340889998,300,5.03684215802267,12.298,11.56,2025-03-27,09:35,13.1350733784,盈利保护,7.009666226895201,244.26,6.6208,22,0.0,False,0.0
indep_000878,000878,云南铜业,2025-04-01,09:55,12.542011241759997,300,5.03762603372528,12.559,11.81,2025-04-07,09:35,11.087547234119999,硬止损,6.69639472682036,-448.07,-11.8927,6,0.0,False,0.0
indep_000878,000878,云南铜业,2025-07-07,09:45,12.652240981379999,300,5.03795672294414,12.669,11.91,2025-07-31,09:35,13.0113891864,盈利保护,6.9907425455192005,95.72,2.5184,24,0.0,False,0.0
indep_000878,000878,云南铜业,2025-09-22,10:00,14.963423174699999,200,5.0299268463494,14.989,14.09,2025-10-13,09:35,18.52151536458,盈利保护,6.88919456718716,699.7,23.3411,21,0.0,False,0.0
indep_000878,000878,云南铜业,2025-10-15,09:50,18.00549204454,200,5.03601098408908,18.031,16.95,2025-11-03,10:05,16.933049999999998,硬止损,6.7271711,-226.25,-6.2741,19,0.0,False,0.0
indep_000878,000878,云南铜业,2025-11-05,13:40,16.761009325059998,200,5.03352201865012,16.786,15.78,2025-11-21,11:20,15.76422,硬止损,6.60795044,-211.0,-6.2849,16,0.0,False,0.0
indep_000878,000878,云南铜业,2026-02-02,09:45,23.576033741259998,100,5.02357603374126,23.626,22.21,2026-02-06,09:35,21.66593441796,硬止损,6.10496265531596,-202.14,-8.5557,4,0.0,False,0.0
indep_000878,000878,云南铜业,2026-02-11,09:45,22.627856431179996,100,5.02262785643118,22.678,21.32,2026-03-03,14:10,24.75522,盈利保护,6.26251622,201.45,8.8831,20,0.0,False,0.0
indep_000878,000878,云南铜业,2026-03-13,09:45,22.785885982859998,100,5.02278588598286,22.836,21.47,2026-03-16,09:35,21.448529999999998,硬止损,6.0938750299999995,-144.85,-6.3431,3,0.0,False,0.0
indep_000878,000878,云南铜业,2026-09-14,09:45,16.92691,200,5.03385382,16.952,15.93,,,0.0,,0.0,0.0,0.0,0,0.0,False,0.0
indep_000938,000938,紫光股份,2024-03-14,09:45,23.025910127219998,100,5.02302591012722,23.076,21.69,2024-03-26,11:05,21.66831,硬止损,6.10508381,-146.89,-6.3654,12,0.0,False,0.0
indep_000938,000938,紫光股份,2024-03-29,14:10,21.37271709573,200,5.04274543419146,21.398,20.11,2024-04-09,09:45,20.08989,硬止损,7.0491687800000005,-268.66,-6.2776,11,0.0,False,0.0
indep_000938,000938,紫光股份,2024-06-24,14:40,22.124647625079998,100,5.02212464762508,22.175,20.84,2024-07-09,09:35,20.81916,硬止损,6.06177716,-141.63,-6.3871,15,0.0,False,0.0
indep_000938,000938,紫光股份,2024-07-12,09:50,21.935462969419998,100,5.02193546296942,21.986,20.67,2024-07-23,10:55,23.45652,盈利保护,6.1962825200000005,140.89,6.4081,11,0.0,False,0.0
indep_000938,000938,紫光股份,2024-07-29,09:45,22.652373243499998,100,5.0226523732435,22.703,21.34,2024-08-05,13:20,21.31866,硬止损,6.087251660000001,-144.48,-6.3641,7,0.0,False,0.0
indep_000938,000938,紫光股份,2024-10-10,13:55,24.613919410079998,100,5.02461391941008,24.664,23.18,2024-10-11,10:05,23.15682,硬止损,6.18099782,-156.92,-6.3621,1,0.0,False,0.0
indep_000938,000938,紫光股份,2024-10-18,09:45,23.180098861919998,100,5.02318009886192,23.23,21.84,2024-11-01,14:45,24.63534,盈利保护,6.256402339999999,134.24,5.7788,14,0.0,False,0.0
indep_000938,000938,紫光股份,2024-11-15,09:50,27.07331993366,100,5.02707331993366,27.124,25.5,2024-11-18,09:45,25.4745,硬止损,6.299199499999999,-171.21,-6.3122,3,0.0,False,0.0
indep_000938,000938,紫光股份,2024-11-29,11:25,25.201387551339995,100,5.02520138755134,25.252,23.74,2024-12-31,09:40,28.4715,盈利保护,6.4520465,315.53,12.4956,32,0.0,False,0.0
indep_000938,000938,紫光股份,2025-01-24,09:45,26.117439568219996,100,5.02611743956822,26.168,24.6,2025-02-18,10:10,30.039930000000002,盈利保护,6.53203643,380.69,14.5481,25,0.0,False,0.0
indep_000938,000938,紫光股份,2025-02-28,10:00,30.150059859919995,100,5.03015005985992,30.2,28.39,2025-03-03,09:35,28.36161,硬止损,6.4464421100000004,-190.32,-6.302,3,0.0,False,0.0
indep_000938,000938,紫光股份,2025-03-07,09:45,30.070403162799998,100,5.0300704031628,30.121,28.31,2025-03-13,13:30,28.281689999999998,硬止损,6.4423661899999995,-190.34,-6.3194,6,0.0,False,0.0
indep_000938,000938,紫光股份,2025-03-17,13:25,29.164308233059998,100,5.02916430823306,29.215,27.46,2025-03-21,13:10,27.43254,硬止损,6.3990595400000005,-184.61,-6.3189,4,0.0,False,0.0
indep_000938,000938,紫光股份,2025-09-09,09:50,26.90310925302,100,5.02690310925302,26.953,25.34,2025-09-23,10:15,29.53044,盈利保护,6.50605244,251.2,9.3198,14,0.0,False,0.0
indep_000938,000938,紫光股份,2025-10-13,13:05,28.480945653159996,100,5.02848094565316,28.531,26.82,2025-10-23,10:05,26.79318,硬止损,6.3664521800000005,-180.17,-6.3149,10,0.0,False,0.0
indep_000938,000938,紫光股份,2025-10-28,09:45,28.241274301239994,100,5.02824127430124,28.292,26.59,2025-11-03,09:40,26.56341,硬止损,6.354733909999999,-179.17,-6.333,6,0.0,False,0.0
indep_000938,000938,紫光股份,2026-02-25,09:45,25.445108528839995,100,5.02544510852884,25.495,23.97,2026-03-03,14:20,23.94603,硬止损,6.22124753,-161.15,-6.3209,6,0.0,False,0.0
indep_000938,000938,紫光股份,2026-03-16,10:15,25.325272852879994,100,5.02532527285288,25.376,23.85,2026-03-20,14:45,26.11386,盈利保护,6.3318068599999995,67.5,2.6601,4,0.0,False,0.0
indep_000938,000938,紫光股份,2026-05-22,10:05,29.659329800099997,100,5.0296593298001,29.71,27.93,2026-05-27,13:45,27.90207,硬止损,6.42300557,-187.18,-6.3003,5,0.0,False,0.0
indep_000938,000938,紫光股份,2026-06-02,10:30,28.131424931609995,100,5.02813142493161,28.182,26.49,2026-06-08,10:25,26.46351,硬止损,6.349639010000001,-178.17,-6.3222,6,0.0,False,0.0
indep_000938,000938,紫光股份,2026-07-30,13:25,33.6336,100,5.0336336,33.684,31.66,2026-08-05,09:35,34.55541,盈利保护,6.76232591,80.39,2.3865,6,0.0,False,0.0
indep_000938,000938,紫光股份,2026-08-07,09:45,37.49746,100,5.03749746,37.548,35.3,2026-08-18,11:10,38.68128,盈利保护,6.97274528,106.37,2.833,11,0.0,False,0.0
indep_000938,000938,紫光股份,2026-08-20,09:45,35.37534,100,5.03537534,35.426,33.3,2026-09-04,09:40,36.733230000000006,盈利保护,6.873394730000001,123.88,3.4969,15,0.0,False,0.0
indep_600760,600760,中航沈飞,2024-05-28,09:45,37.66038612336,100,5.03766038612336,37.711,35.45,2024-06-25,09:40,38.80116,盈利保护,6.978859160000001,102.06,2.7064,28,0.0,False,0.0
indep_600760,600760,中航沈飞,2024-07-03,09:55,39.01603770063999,100,5.03901603770064,39.066,36.72,2024-08-08,10:45,40.199760000000005,盈利保护,7.05018776,106.28,2.7206,36,0.0,False,0.0
indep_600760,600760,中航沈飞,2024-08-12,10:15,40.06919512595999,100,5.04006919512596,40.12,37.71,2024-09-20,09:50,37.672290000000004,硬止损,6.92128679,-251.65,-6.2725,39,0.0,False,0.0
indep_600760,600760,中航沈飞,2024-10-16,09:45,45.1282878046,100,5.0451282878046,45.179,42.47,2024-10-24,09:50,46.483470000000004,盈利保护,7.370656970000001,123.1,2.7248,8,0.0,False,0.0
indep_600760,600760,中航沈飞,2024-11-01,09:45,45.53183410776,100,5.04553183410776,45.582,42.85,2024-11-07,09:45,53.89605,盈利保护,7.74869855,823.63,18.069,6,0.0,False,0.0
indep_600760,600760,中航沈飞,2024-11-18,14:10,48.376343415399994,100,5.0483763434154,48.427,45.52,2025-01-03,14:20,45.47448,硬止损,7.319198480000001,-302.55,-6.2477,46,0.0,False,0.0
indep_600760,600760,中航沈飞,2025-05-20,10:20,45.84278875175999,100,5.04584278875176,45.893,43.14,2025-06-19,10:10,52.38756,盈利保护,7.67176556,641.76,13.9837,30,0.0,False,0.0
