date,open,high,low,close,volume,code,name
2021-09-13,20.314999999999998,20.324999999999996,19.944999999999997,20.004999999999995,22394318.0,002156,通富微电
2021-09-14,20.004999999999995,20.205,19.674999999999997,19.734999999999996,21547348.0,002156,通富微电
2021-09-15,19.764999999999997,19.814999999999998,19.474999999999998,19.504999999999995,19124653.0,002156,通富微电
2021-09-16,19.474999999999998,19.624999999999996,18.724999999999998,18.724999999999998,26393201.0,002156,通富微电
2021-09-17,18.664999999999996,18.944999999999997,18.455,18.854999999999997,16059270.0,002156,通富微电
2021-09-22,18.674999999999997,18.844999999999995,18.544999999999998,18.754999999999995,11797979.0,002156,通富微电
2021-09-23,18.734999999999996,19.254999999999995,18.734999999999996,19.134999999999998,16675853.0,002156,通富微电
2021-09-24,19.134999999999998,19.254999999999995,18.924999999999997,18.964999999999996,11706391.0,002156,通富微电
2021-09-27,19.115,19.214999999999996,18.685,18.714999999999996,14882555.0,002156,通富微电
2021-09-28,18.264999999999997,18.874999999999996,17.664999999999996,18.724999999999998,21087638.0,002156,通富微电
2021-09-29,18.544999999999998,18.724999999999998,18.365,18.564999999999998,14107858.0,002156,通富微电
2021-09-30,18.764999999999997,19.044999999999998,18.615,18.734999999999996,13295710.0,002156,通富微电
2021-10-08,19.064999999999998,19.144999999999996,18.854999999999997,19.054999999999996,13256817.0,002156,通富微电
2021-10-11,18.964999999999996,19.224999999999998,18.884999999999998,19.064999999999998,11815620.0,002156,通富微电
2021-10-12,19.414999999999996,19.664999999999996,19.054999999999996,19.234999999999996,21640767.0,002156,通富微电
2021-10-13,19.224999999999998,19.964999999999996,19.164999999999996,19.904999999999998,32168326.0,002156,通富微电
2021-10-14,19.764999999999997,19.894999999999996,19.564999999999998,19.744999999999997,17761017.0,002156,通富微电
2021-10-15,19.764999999999997,20.424999999999997,19.674999999999997,20.254999999999995,36754789.0,002156,通富微电
2021-10-18,20.054999999999996,20.304999999999996,19.844999999999995,20.244999999999997,18447581.0,002156,通富微电
2021-10-19,20.194999999999997,20.365,19.865,19.974999999999998,18753508.0,002156,通富微电
2021-10-20,20.074999999999996,20.124999999999996,19.534999999999997,19.685,22893134.0,002156,通富微电
2021-10-21,19.624999999999996,19.844999999999995,19.304999999999996,19.414999999999996,15779253.0,002156,通富微电
2021-10-22,19.494999999999997,19.884999999999998,19.414999999999996,19.644999999999996,17208926.0,002156,通富微电
2021-10-25,19.615,19.734999999999996,19.244999999999997,19.724999999999998,16162933.0,002156,通富微电
2021-10-26,19.694999999999997,20.014999999999997,19.594999999999995,19.854999999999997,18807054.0,002156,通富微电
2021-10-27,19.865,19.865,19.404999999999998,19.494999999999997,14424117.0,002156,通富微电
2021-10-28,19.484999999999996,19.964999999999996,18.964999999999996,19.025,19405240.0,002156,通富微电
2021-10-29,19.025,19.935,19.025,19.784999999999997,24753033.0,002156,通富微电
2021-11-01,19.784999999999997,20.455,19.784999999999997,20.394999999999996,39158641.0,002156,通富微电
2021-11-02,20.304999999999996,20.764999999999997,20.284999999999997,20.474999999999998,42007247.0,002156,通富微电
2021-11-03,20.564999999999998,20.754999999999995,20.244999999999997,20.534999999999997,28592239.0,002156,通富微电
2021-11-04,20.734999999999996,20.744999999999997,20.324999999999996,20.394999999999996,29700458.0,002156,通富微电
2021-11-05,20.844999999999995,20.974999999999998,20.194999999999997,20.194999999999997,36321768.0,002156,通富微电
2021-11-08,19.984999999999996,20.144999999999996,19.514999999999997,19.814999999999998,26430623.0,002156,通富微电
2021-11-09,19.935,20.994999999999997,19.804999999999996,20.634999999999998,44901031.0,002156,通富微电
2021-11-10,20.504999999999995,20.974999999999998,20.365,20.824999999999996,37001286.0,002156,通富微电
2021-11-11,20.634999999999998,21.104999999999997,20.514999999999997,21.004999999999995,37437686.0,002156,通富微电
2021-11-12,20.844999999999995,21.185,20.794999999999998,20.874999999999996,26581265.0,002156,通富微电
2021-11-15,20.894999999999996,21.185,20.615,20.664999999999996,26943994.0,002156,通富微电
2021-11-16,20.644999999999996,21.064999999999998,20.435,20.474999999999998,25060194.0,002156,通富微电
2021-11-17,20.494999999999997,20.834999999999997,20.244999999999997,20.664999999999996,21934606.0,002156,通富微电
2021-11-18,20.564999999999998,20.884999999999998,20.365,20.384999999999998,18158061.0,002156,通富微电
2021-11-19,20.384999999999998,20.624999999999996,19.974999999999998,20.554999999999996,24772084.0,002156,通富微电
2021-11-22,20.544999999999998,21.185,20.534999999999997,21.164999999999996,44031245.0,002156,通富微电
2021-11-23,21.074999999999996,21.354999999999997,20.894999999999996,20.964999999999996,31377549.0,002156,通富微电
2021-11-24,20.974999999999998,21.154999999999998,20.694999999999997,20.844999999999995,25751109.0,002156,通富微电
2021-11-25,20.914999999999996,21.304999999999996,20.664999999999996,21.084999999999997,29666129.0,002156,通富微电
2021-11-26,20.935,20.964999999999996,20.144999999999996,20.185,37869785.0,002156,通富微电
2021-11-29,19.754999999999995,20.104999999999997,19.644999999999996,19.804999999999996,19607399.0,002156,通富微电
2021-11-30,19.974999999999998,21.764999999999997,19.964999999999996,21.554999999999996,89957383.0,002156,通富微电
2021-12-01,21.474999999999998,21.654999999999998,20.974999999999998,21.014999999999997,46701462.0,002156,通富微电
2021-12-02,20.955,21.164999999999996,20.584999999999997,20.615,27076044.0,002156,通富微电
2021-12-03,20.804999999999996,21.214999999999996,20.714999999999996,20.865,29228616.0,002156,通富微电
2021-12-06,20.734999999999996,20.994999999999997,20.444999999999997,20.494999999999997,22330526.0,002156,通富微电
2021-12-07,20.554999999999996,20.694999999999997,19.775,19.924999999999997,27391625.0,002156,通富微电
2021-12-08,19.984999999999996,20.174999999999997,19.834999999999997,20.074999999999996,28490287.0,002156,通富微电
2021-12-09,19.924999999999997,20.134999999999998,19.714999999999996,20.064999999999998,28397096.0,002156,通富微电
2021-12-10,19.944999999999997,20.205,19.824999999999996,20.104999999999997,25872018.0,002156,通富微电
2021-12-13,20.164999999999996,20.414999999999996,19.944999999999997,20.214999999999996,23419756.0,002156,通富微电
2021-12-14,20.074999999999996,20.334999999999997,20.064999999999998,20.115,15500256.0,002156,通富微电
2021-12-15,20.115,20.354999999999997,19.844999999999995,19.854999999999997,19108452.0,002156,通富微电
2021-12-16,19.935,20.034999999999997,19.685,19.764999999999997,20186618.0,002156,通富微电
2021-12-17,19.664999999999996,19.694999999999997,19.164999999999996,19.214999999999996,26007052.0,002156,通富微电
2021-12-20,19.094999999999995,19.244999999999997,18.884999999999998,18.904999999999998,15734355.0,002156,通富微电
2021-12-21,18.904999999999998,19.094999999999995,18.904999999999998,19.084999999999997,11687232.0,002156,通富微电
2021-12-22,19.154999999999998,19.404999999999998,19.064999999999998,19.205,14820809.0,002156,通富微电
2021-12-23,19.214999999999996,19.314999999999998,19.034999999999997,19.094999999999995,12135382.0,002156,通富微电
2021-12-24,19.164999999999996,19.174999999999997,18.865,18.974999999999998,9591022.0,002156,通富微电
2021-12-27,18.964999999999996,19.214999999999996,18.904999999999998,19.094999999999995,9348763.0,002156,通富微电
2021-12-28,19.104999999999997,19.264999999999997,18.984999999999996,19.185,9792473.0,002156,通富微电
2021-12-29,19.244999999999997,19.244999999999997,19.014999999999997,19.074999999999996,8765251.0,002156,通富微电
2021-12-30,19.034999999999997,19.294999999999998,19.025,19.194999999999997,12885156.0,002156,通富微电
2021-12-31,19.154999999999998,19.254999999999995,19.124999999999996,19.194999999999997,9256798.0,002156,通富微电
2022-01-04,19.264999999999997,19.365,19.084999999999997,19.304999999999996,14073683.0,002156,通富微电
2022-01-05,19.264999999999997,19.314999999999998,18.714999999999996,19.054999999999996,20415541.0,002156,通富微电
2022-01-06,18.894999999999996,19.054999999999996,18.754999999999995,18.904999999999998,12215283.0,002156,通富微电
2022-01-07,18.904999999999998,18.994999999999997,18.734999999999996,18.764999999999997,13767544.0,002156,通富微电
2022-01-10,18.764999999999997,18.804999999999996,18.254999999999995,18.764999999999997,14473952.0,002156,通富微电
2022-01-11,18.654999999999998,18.865,18.644999999999996,18.714999999999996,8729650.0,002156,通富微电
2022-01-12,18.744999999999997,18.944999999999997,18.724999999999998,18.944999999999997,10459078.0,002156,通富微电
2022-01-13,18.874999999999996,18.994999999999997,18.594999999999995,18.644999999999996,10453997.0,002156,通富微电
2022-01-14,18.514999999999997,18.784999999999997,18.504999999999995,18.584999999999997,8996907.0,002156,通富微电
2022-01-17,18.525,18.874999999999996,18.525,18.794999999999998,10255846.0,002156,通富微电
2022-01-18,18.804999999999996,19.115,18.794999999999998,18.964999999999996,14994408.0,002156,通富微电
2022-01-19,18.854999999999997,18.894999999999996,18.584999999999997,18.654999999999998,10852910.0,002156,通富微电
2022-01-20,18.654999999999998,18.754999999999995,18.014999999999997,18.054999999999996,16106208.0,002156,通富微电
2022-01-21,18.054999999999996,18.194999999999997,17.775,17.964999999999996,11781407.0,002156,通富微电
2022-01-24,17.794999999999998,18.064999999999998,17.794999999999998,17.944999999999997,6894869.0,002156,通富微电
2022-01-25,17.935,18.044999999999998,17.365,17.424999999999997,12132448.0,002156,通富微电
2022-01-26,17.514999999999997,17.604999999999997,17.154999999999998,17.334999999999997,8587259.0,002156,通富微电
2022-01-27,17.334999999999997,17.404999999999998,16.615,16.644999999999996,13995830.0,002156,通富微电
2022-01-28,17.074999999999996,17.435,16.874999999999996,17.174999999999997,15564921.0,002156,通富微电
2022-02-07,17.634999999999998,17.794999999999998,17.374999999999996,17.424999999999997,12059637.0,002156,通富微电
2022-02-08,17.314999999999998,17.544999999999998,17.214999999999996,17.544999999999998,10366216.0,002156,通富微电
2022-02-09,17.444999999999997,17.775,17.444999999999997,17.744999999999997,9703254.0,002156,通富微电
2022-02-10,17.784999999999997,17.894999999999996,17.604999999999997,17.694999999999997,9453584.0,002156,通富微电
2022-02-11,17.544999999999998,17.724999999999998,17.424999999999997,17.484999999999996,8449078.0,002156,通富微电
2022-02-14,17.324999999999996,17.584999999999997,17.064999999999998,17.574999999999996,7614960.0,002156,通富微电
2022-02-15,17.494999999999997,17.724999999999998,17.474999999999998,17.714999999999996,8333057.0,002156,通富微电
2022-02-16,17.794999999999998,17.894999999999996,17.634999999999998,17.685,7875477.0,002156,通富微电
2022-02-17,17.674999999999997,17.824999999999996,17.544999999999998,17.654999999999998,7255191.0,002156,通富微电
2022-02-18,17.504999999999995,17.714999999999996,17.435,17.694999999999997,5669780.0,002156,通富微电
2022-02-21,17.694999999999997,18.054999999999996,17.615,17.955,11511737.0,002156,通富微电
2022-02-22,17.814999999999998,18.025,17.724999999999998,17.874999999999996,8713200.0,002156,通富微电
2022-02-23,17.874999999999996,18.394999999999996,17.865,18.314999999999998,18358370.0,002156,通富微电
2022-02-24,18.115,18.324999999999996,17.784999999999997,17.964999999999996,18633719.0,002156,通富微电
2022-02-25,18.214999999999996,18.324999999999996,17.914999999999996,18.025,11431650.0,002156,通富微电
2022-02-28,18.034999999999997,18.044999999999998,17.764999999999997,17.865,8872696.0,002156,通富微电
2022-03-01,17.884999999999998,17.955,17.705,17.804999999999996,9389983.0,002156,通富微电
2022-03-02,17.674999999999997,17.844999999999995,17.644999999999996,17.705,7421690.0,002156,通富微电
2022-03-03,17.775,18.044999999999998,17.564999999999998,17.615,10749505.0,002156,通富微电
2022-03-04,17.564999999999998,18.014999999999997,17.474999999999998,17.694999999999997,10825161.0,002156,通富微电
2022-03-07,17.644999999999996,17.685,17.074999999999996,17.164999999999996,11271066.0,002156,通富微电
2022-03-08,17.205,17.334999999999997,16.644999999999996,16.865,12483770.0,002156,通富微电
2022-03-09,17.014999999999997,17.154999999999998,15.974999999999998,16.685,14487744.0,002156,通富微电
2022-03-10,17.014999999999997,17.334999999999997,16.804999999999996,17.014999999999997,14375613.0,002156,通富微电
2022-03-11,16.664999999999996,17.205,16.664999999999996,17.185,11997615.0,002156,通富微电
2022-03-14,16.935,17.664999999999996,16.865,16.964999999999996,10310352.0,002156,通富微电
2022-03-15,16.924999999999997,17.104999999999997,16.094999999999995,16.124999999999996,14113684.0,002156,通富微电
2022-03-16,16.414999999999996,16.664999999999996,15.675,16.584999999999997,16188244.0,002156,通富微电
2022-03-17,16.754999999999995,17.214999999999996,16.754999999999995,16.994999999999997,15234422.0,002156,通富微电
2022-03-18,16.974999999999998,17.264999999999997,16.884999999999998,17.224999999999998,11664241.0,002156,通富微电
2022-03-21,17.244999999999997,17.414999999999996,17.174999999999997,17.354999999999997,11818299.0,002156,通富微电
2022-03-22,17.314999999999998,17.584999999999997,17.264999999999997,17.365,8646312.0,002156,通富微电
2022-03-23,17.394999999999996,17.504999999999995,17.294999999999998,17.394999999999996,7580052.0,002156,通富微电
2022-03-24,17.294999999999998,17.365,17.115,17.134999999999998,7595790.0,002156,通富微电
2022-03-25,17.244999999999997,17.525,17.144999999999996,17.144999999999996,8199034.0,002156,通富微电
2022-03-28,16.984999999999996,17.324999999999996,16.955,17.244999999999997,6481020.0,002156,通富微电
2022-03-29,17.314999999999998,17.365,16.775,16.854999999999997,7950139.0,002156,通富微电
2022-03-30,16.974999999999998,17.064999999999998,16.654999999999998,16.994999999999997,10971480.0,002156,通富微电
2022-03-31,16.935,16.944999999999997,16.275,16.344999999999995,14554698.0,002156,通富微电
2022-04-01,16.254999999999995,16.544999999999998,16.124999999999996,16.374999999999996,10357473.0,002156,通富微电
2022-04-06,16.275,16.284999999999997,15.914999999999997,16.025,11229884.0,002156,通富微电
2022-04-07,15.914999999999997,16.115,15.465,15.495000000000001,13814787.0,002156,通富微电
2022-04-08,15.575000000000001,15.575000000000001,15.055,15.305,12380780.0,002156,通富微电
2022-04-11,15.315000000000001,15.325000000000001,14.435,14.575000000000001,14467471.0,002156,通富微电
2022-04-12,14.575000000000001,15.065000000000001,14.425,14.995000000000001,11902191.0,002156,通富微电
2022-04-13,14.995000000000001,14.995000000000001,14.655000000000001,14.675,8232725.0,002156,通富微电
2022-04-14,14.785,15.065000000000001,14.725000000000001,14.975000000000001,8447989.0,002156,通富微电
2022-04-15,14.825000000000001,14.905000000000001,14.495000000000001,14.675,9032300.0,002156,通富微电
2022-04-18,14.575000000000001,15.055,14.445,14.995000000000001,11724818.0,002156,通富微电
2022-04-19,14.945,15.155000000000001,14.855,14.965,8261343.0,002156,通富微电
2022-04-20,15.005,15.075000000000001,14.665000000000001,14.725000000000001,7599464.0,002156,通富微电
2022-04-21,14.705,14.905000000000001,14.255,14.325000000000001,9515436.0,002156,通富微电
2022-04-22,14.265,14.405000000000001,13.745000000000001,13.875,13346465.0,002156,通富微电
2022-04-25,13.625,13.635,12.695,12.755,17627747.0,002156,通富微电
2022-04-26,12.785,13.015,12.305,12.365,15086501.0,002156,通富微电
2022-04-27,12.255,13.045,12.125,12.995000000000001,16195216.0,002156,通富微电
2022-04-28,12.715,12.865,12.455,12.635,15409820.0,002156,通富微电
2022-04-29,12.885,13.115,12.595,13.035,17489328.0,002156,通富微电
2022-05-05,13.085,13.565000000000001,12.885,13.245000000000001,17506829.0,002156,通富微电
2022-05-06,12.745000000000001,12.995000000000001,12.695,12.755,11814067.0,002156,通富微电
2022-05-09,12.705,12.935,12.595,12.765,9208215.0,002156,通富微电
2022-05-10,12.565000000000001,13.135,12.495000000000001,13.075000000000001,18068998.0,002156,通富微电
2022-05-11,13.085,13.815000000000001,13.075000000000001,13.395000000000001,27086120.0,002156,通富微电
2022-05-12,13.355,13.675,13.245000000000001,13.495000000000001,16625359.0,002156,通富微电
2022-05-13,13.515,13.595,13.335,13.445,10750129.0,002156,通富微电
2022-05-16,13.535,13.665000000000001,13.335,13.385,10787933.0,002156,通富微电
2022-05-17,13.365,13.575000000000001,13.275,13.515,11867310.0,002156,通富微电
2022-05-18,13.585,13.675,13.425,13.515,11371729.0,002156,通富微电
2022-05-19,13.205,13.735000000000001,13.135,13.725000000000001,16709892.0,002156,通富微电
2022-05-20,13.665000000000001,13.915000000000001,13.615,13.885,13882201.0,002156,通富微电
2022-05-23,13.955,14.145000000000001,13.865,14.055,16533191.0,002156,通富微电
2022-05-24,14.055,14.145000000000001,13.375,13.405000000000001,18165364.0,002156,通富微电
2022-05-25,13.325000000000001,13.595,13.285,13.505,8983405.0,002156,通富微电
2022-05-26,13.555,13.815000000000001,13.245000000000001,13.755,15116469.0,002156,通富微电
2022-05-27,13.845,13.915000000000001,13.485000000000001,13.655000000000001,12739843.0,002156,通富微电
2022-05-30,13.635,13.765,13.425,13.545,15239168.0,002156,通富微电
2022-05-31,13.615,13.775,13.305,13.745000000000001,17677080.0,002156,通富微电
2022-06-01,13.935,13.955,13.625,13.705,13876407.0,002156,通富微电
2022-06-02,13.665000000000001,13.985000000000001,13.595,13.945,18293562.0,002156,通富微电
2022-06-06,13.975000000000001,14.455,13.965,14.405000000000001,25235632.0,002156,通富微电
2022-06-07,14.405000000000001,14.495000000000001,14.075000000000001,14.175,14374597.0,002156,通富微电
2022-06-08,14.165000000000001,14.275,13.895000000000001,14.055,15748316.0,002156,通富微电
2022-06-09,14.045,14.055,13.555,13.675,15320855.0,002156,通富微电
2022-06-10,13.595,14.085,13.575000000000001,14.065000000000001,19368423.0,002156,通富微电
2022-06-13,13.945,14.195,13.895000000000001,14.045,13962077.0,002156,通富微电
2022-06-14,13.925,14.005,13.545,13.985000000000001,15789332.0,002156,通富微电
2022-06-15,14.115,14.515,14.015,14.225000000000001,24928326.0,002156,通富微电
2022-06-16,14.245000000000001,14.645000000000001,14.145000000000001,14.365,26398554.0,002156,通富微电
2022-06-17,14.235000000000001,14.385,14.025,14.375,17728059.0,002156,通富微电
2022-06-20,14.385,14.585,14.265,14.515,19493388.0,002156,通富微电
2022-06-21,14.495000000000001,14.635,14.195,14.415000000000001,16749016.0,002156,通富微电
2022-06-22,14.415000000000001,14.415000000000001,13.885,13.885,18557058.0,002156,通富微电
2022-06-23,13.885,14.265,13.885,14.225000000000001,15373701.0,002156,通富微电
2022-06-24,14.285,14.475000000000001,14.245000000000001,14.395000000000001,19260096.0,002156,通富微电
2022-06-27,14.515,14.665000000000001,14.315000000000001,14.585,22876258.0,002156,通富微电
2022-06-28,14.565000000000001,15.145000000000001,14.375,15.035,31233200.0,002156,通富微电
2022-06-29,15.035,15.495000000000001,14.835,14.855,36791114.0,002156,通富微电
2022-06-30,14.865,15.235000000000001,14.765,15.165000000000001,25665463.0,002156,通富微电
2022-07-01,15.075000000000001,15.215,14.855,14.945,17123282.0,002156,通富微电
2022-07-04,14.745000000000001,14.745000000000001,14.325000000000001,14.565000000000001,22267543.0,002156,通富微电
2022-07-05,14.685,14.855,14.385,14.645000000000001,17559307.0,002156,通富微电
2022-07-06,14.565000000000001,14.915000000000001,14.475000000000001,14.665000000000001,20732134.0,002156,通富微电
2022-07-07,14.705,14.975000000000001,14.555,14.925,18453512.0,002156,通富微电
2022-07-08,14.945,15.135,14.825000000000001,14.825000000000001,16834236.0,002156,通富微电
2022-07-11,14.945,14.955,14.615,14.915000000000001,16184965.0,002156,通富微电
2022-07-12,14.855,15.035,14.735000000000001,14.835,12962395.0,002156,通富微电
2022-07-13,14.765,14.835,14.505,14.665000000000001,14469597.0,002156,通富微电
2022-07-14,14.595,14.905000000000001,14.515,14.675,14844312.0,002156,通富微电
2022-07-15,14.595,14.665000000000001,14.175,14.175,18692203.0,002156,通富微电
2022-07-18,14.205,15.615,14.045,15.275,63848980.0,002156,通富微电
2022-07-19,15.445,16.455,15.325000000000001,16.164999999999996,83916790.0,002156,通富微电
2022-07-20,16.365,17.054999999999996,15.615,15.905,87193280.0,002156,通富微电
2022-07-21,15.934999999999999,16.194999999999997,15.615,15.735000000000001,39030311.0,002156,通富微电
2022-07-22,15.954999999999998,16.564999999999998,15.695,15.815000000000001,35809400.0,002156,通富微电
2022-07-25,15.815000000000001,15.874999999999998,14.595,14.705,45874675.0,002156,通富微电
2022-07-26,14.765,14.855,14.435,14.805,19560199.0,002156,通富微电
2022-07-27,14.725000000000001,14.915000000000001,14.635,14.835,19376814.0,002156,通富微电
2022-07-28,14.925,16.344999999999995,14.865,16.344999999999995,51753730.0,002156,通富微电
2022-07-29,16.834999999999997,17.185,16.144999999999996,16.254999999999995,89460558.0,002156,通富微电
2022-08-01,16.224999999999998,16.344999999999995,15.635,16.084999999999997,38221065.0,002156,通富微电
2022-08-02,15.914999999999997,16.324999999999996,15.335,15.775000000000002,44468905.0,002156,通富微电
2022-08-03,16.084999999999997,16.644999999999996,15.825,16.384999999999998,76230091.0,002156,通富微电
2022-08-04,16.584999999999997,16.884999999999998,16.194999999999997,16.814999999999998,71620792.0,002156,通富微电
2022-08-05,17.644999999999996,18.525,17.344999999999995,18.525,107787885.0,002156,通富微电
2022-08-08,20.404999999999998,20.404999999999998,19.564999999999998,20.404999999999998,252182839.0,002156,通富微电
2022-08-09,19.914999999999996,22.464999999999996,19.914999999999996,22.464999999999996,256044629.0,002156,通富微电
2022-08-10,21.764999999999997,24.244999999999997,21.574999999999996,22.365,283977553.0,002156,通富微电
2022-08-11,22.764999999999997,23.304999999999996,22.124999999999996,22.365,199790817.0,002156,通富微电
2022-08-12,21.834999999999997,24.224999999999998,21.834999999999997,22.854999999999997,218040358.0,002156,通富微电
2022-08-15,22.764999999999997,23.244999999999997,21.444999999999997,21.914999999999996,171924775.0,002156,通富微电
2022-08-16,21.914999999999996,22.554999999999996,21.324999999999996,22.324999999999996,178091080.0,002156,通富微电
2022-08-17,21.955,22.884999999999998,21.674999999999997,22.044999999999998,179244979.0,002156,通富微电
2022-08-18,21.455,21.564999999999998,20.574999999999996,21.025,168005892.0,002156,通富微电
2022-08-19,20.784999999999997,21.334999999999997,19.865,19.944999999999997,135432276.0,002156,通富微电
2022-08-22,20.014999999999997,20.254999999999995,19.644999999999996,20.014999999999997,79335675.0,002156,通富微电
2022-08-23,19.664999999999996,20.224999999999998,19.654999999999998,19.955,70392077.0,002156,通富微电
2022-08-24,19.964999999999996,20.054999999999996,18.685,18.734999999999996,99322749.0,002156,通富微电
2022-08-25,19.094999999999995,19.164999999999996,18.374999999999996,18.854999999999997,67708934.0,002156,通富微电
2022-08-26,18.994999999999997,19.014999999999997,18.455,18.484999999999996,51735557.0,002156,通富微电
2022-08-29,18.164999999999996,18.624999999999996,18.074999999999996,18.354999999999997,44532764.0,002156,通富微电
2022-08-30,18.344999999999995,18.734999999999996,17.964999999999996,18.194999999999997,54006626.0,002156,通富微电
2022-08-31,18.164999999999996,18.544999999999998,17.724999999999998,18.344999999999995,69696726.0,002156,通富微电
2022-09-01,18.324999999999996,18.744999999999997,17.424999999999997,17.504999999999995,72305340.0,002156,通富微电
2022-09-02,17.514999999999997,18.094999999999995,17.484999999999996,17.935,56632454.0,002156,通富微电
2022-09-05,17.674999999999997,18.115,17.455,17.854999999999997,40985194.0,002156,通富微电
2022-09-06,17.964999999999996,18.214999999999996,17.744999999999997,18.144999999999996,48483818.0,002156,通富微电
2022-09-07,18.144999999999996,19.094999999999995,18.104999999999997,18.494999999999997,100850690.0,002156,通富微电
2022-09-08,18.164999999999996,18.284999999999997,17.764999999999997,17.784999999999997,53860663.0,002156,通富微电
2022-09-09,17.865,18.185,17.584999999999997,18.134999999999998,38823236.0,002156,通富微电
2022-09-13,18.064999999999998,18.464999999999996,17.994999999999997,18.054999999999996,35999850.0,002156,通富微电
2022-09-14,17.594999999999995,18.414999999999996,17.525,18.365,55032393.0,002156,通富微电
2022-09-15,18.275,18.354999999999997,17.664999999999996,17.944999999999997,45662083.0,002156,通富微电
2022-09-16,17.784999999999997,18.344999999999995,17.764999999999997,17.764999999999997,38661043.0,002156,通富微电
2022-09-19,17.714999999999996,17.974999999999998,16.514999999999997,16.685,60444383.0,002156,通富微电
2022-09-20,16.784999999999997,16.944999999999997,16.514999999999997,16.674999999999997,30644668.0,002156,通富微电
2022-09-21,16.525,16.844999999999995,16.214999999999996,16.724999999999998,25514223.0,002156,通富微电
2022-09-22,16.594999999999995,16.874999999999996,16.534999999999997,16.584999999999997,20264303.0,002156,通富微电
2022-09-23,16.584999999999997,16.664999999999996,15.934999999999999,16.124999999999996,29836642.0,002156,通富微电
2022-09-26,15.964999999999996,16.154999999999998,15.775000000000002,15.825,20971695.0,002156,通富微电
2022-09-27,15.844999999999999,16.185,15.844999999999999,16.174999999999997,26724004.0,002156,通富微电
2022-09-28,16.124999999999996,16.134999999999998,15.435,15.435,25717125.0,002156,通富微电
2022-09-29,15.625,15.675,15.205,15.275,19977179.0,002156,通富微电
2022-09-30,15.225000000000001,15.365,14.825000000000001,14.845,19717144.0,002156,通富微电
2022-10-10,14.575000000000001,14.735000000000001,14.105,14.165000000000001,23576720.0,002156,通富微电
2022-10-11,14.215,14.295,13.825000000000001,13.975000000000001,16867477.0,002156,通富微电
2022-10-12,14.045,14.535,13.815000000000001,14.515,33159412.0,002156,通富微电
2022-10-13,14.265,14.715,14.225000000000001,14.545,28263338.0,002156,通富微电
2022-10-14,14.785,14.965,14.565000000000001,14.915000000000001,29877422.0,002156,通富微电
2022-10-17,14.755,15.165000000000001,14.695,15.085,28592345.0,002156,通富微电
2022-10-18,15.085,15.145000000000001,14.725000000000001,14.865,24031733.0,002156,通富微电
2022-10-19,14.865,15.045,14.575000000000001,14.585,19724629.0,002156,通富微电
2022-10-20,14.465,16.064999999999998,14.415000000000001,16.064999999999998,47357798.0,002156,通富微电
2022-10-21,16.064999999999998,16.894999999999996,15.285,16.064999999999998,133225666.0,002156,通富微电
2022-10-24,15.865,16.644999999999996,15.865,16.294999999999998,89588754.0,002156,通富微电
2022-10-25,15.894999999999998,16.244999999999997,15.485000000000001,15.715,61046996.0,002156,通富微电
2022-10-26,15.695,17.314999999999998,15.555,16.955,127195933.0,002156,通富微电
2022-10-27,17.214999999999996,18.674999999999997,17.044999999999998,18.324999999999996,192974163.0,002156,通富微电
2022-10-28,17.584999999999997,18.374999999999996,17.275,17.384999999999998,135294294.0,002156,通富微电
2022-10-31,16.994999999999997,18.814999999999998,16.984999999999996,18.594999999999995,120627325.0,002156,通富微电
2022-11-01,18.164999999999996,19.054999999999996,18.044999999999998,18.904999999999998,112410373.0,002156,通富微电
2022-11-02,18.904999999999998,19.944999999999997,17.685,17.724999999999998,136245956.0,002156,通富微电
2022-11-03,17.484999999999996,19.064999999999998,17.484999999999996,18.604999999999997,117193932.0,002156,通富微电
2022-11-04,18.314999999999998,18.894999999999996,17.964999999999996,18.604999999999997,91860917.0,002156,通富微电
2022-11-07,18.494999999999997,19.185,18.304999999999996,18.444999999999997,73910571.0,002156,通富微电
2022-11-08,18.365,18.584999999999997,17.974999999999998,18.174999999999997,50534179.0,002156,通富微电
2022-11-09,18.064999999999998,18.904999999999998,17.844999999999995,18.744999999999997,75816315.0,002156,通富微电
2022-11-10,18.384999999999998,18.794999999999998,17.484999999999996,17.484999999999996,79368563.0,002156,通富微电
2022-11-11,17.964999999999996,18.314999999999998,17.604999999999997,17.764999999999997,71836388.0,002156,通富微电
2022-11-14,17.594999999999995,18.484999999999996,17.314999999999998,18.144999999999996,57283455.0,002156,通富微电
2022-11-15,17.984999999999996,19.354999999999997,17.894999999999996,19.025,104517625.0,002156,通富微电
2022-11-16,18.964999999999996,19.464999999999996,18.594999999999995,18.874999999999996,79706624.0,002156,通富微电
2022-11-17,18.775,19.435,18.224999999999998,19.244999999999997,81774449.0,002156,通富微电
2022-11-18,19.054999999999996,19.304999999999996,18.365,18.664999999999996,54847203.0,002156,通富微电
2022-11-21,18.264999999999997,18.814999999999998,18.264999999999997,18.534999999999997,31293535.0,002156,通富微电
2022-11-22,18.414999999999996,19.004999999999995,17.955,18.034999999999997,49367783.0,002156,通富微电
2022-11-23,17.924999999999997,17.924999999999997,17.025,17.464999999999996,50518805.0,002156,通富微电
2022-11-24,17.464999999999996,17.705,17.275,17.384999999999998,25917873.0,002156,通富微电
2022-11-25,17.435,17.694999999999997,17.025,17.044999999999998,27685958.0,002156,通富微电
2022-11-28,16.464999999999996,17.205,16.365,17.104999999999997,26570472.0,002156,通富微电
2022-11-29,17.074999999999996,17.444999999999997,16.974999999999998,17.324999999999996,27109861.0,002156,通富微电
2022-11-30,17.264999999999997,17.494999999999997,16.994999999999997,17.094999999999995,29437473.0,002156,通富微电
2022-12-01,17.304999999999996,17.494999999999997,17.164999999999996,17.275,29072234.0,002156,通富微电
2022-12-02,17.194999999999997,17.344999999999995,16.834999999999997,16.894999999999996,31973458.0,002156,通富微电
2022-12-05,16.955,17.124999999999996,16.714999999999996,16.914999999999996,28479567.0,002156,通富微电
2022-12-06,16.844999999999995,17.564999999999998,16.814999999999998,17.324999999999996,46559414.0,002156,通富微电
2022-12-07,17.134999999999998,17.185,16.924999999999997,16.964999999999996,23903504.0,002156,通富微电
2022-12-08,16.964999999999996,17.004999999999995,16.224999999999998,16.234999999999996,40561619.0,002156,通富微电
2022-12-09,16.214999999999996,16.654999999999998,16.174999999999997,16.264999999999997,31918395.0,002156,通富微电
2022-12-12,16.174999999999997,16.814999999999998,15.954999999999998,16.534999999999997,32271037.0,002156,通富微电
2022-12-13,16.464999999999996,16.615,16.314999999999998,16.374999999999996,17237272.0,002156,通富微电
2022-12-14,17.064999999999998,17.594999999999995,16.904999999999998,17.025,71148816.0,002156,通富微电
2022-12-15,16.794999999999998,18.754999999999995,16.664999999999996,18.534999999999997,133245362.0,002156,通富微电
2022-12-16,18.194999999999997,18.244999999999997,17.714999999999996,18.014999999999997,80366392.0,002156,通富微电
2022-12-19,17.794999999999998,18.104999999999997,17.604999999999997,17.685,44310020.0,002156,通富微电
2022-12-20,17.504999999999995,18.104999999999997,17.414999999999996,17.924999999999997,50880455.0,002156,通富微电
2022-12-21,17.734999999999996,18.414999999999996,17.354999999999997,18.314999999999998,61541968.0,002156,通富微电
2022-12-22,18.124999999999996,18.494999999999997,17.935,18.115,53514444.0,002156,通富微电
2022-12-23,17.784999999999997,18.344999999999995,16.694999999999997,17.054999999999996,68071254.0,002156,通富微电
2022-12-26,16.894999999999996,17.944999999999997,16.824999999999996,17.504999999999995,46675301.0,002156,通富微电
2022-12-27,17.514999999999997,17.834999999999997,17.365,17.594999999999995,37763291.0,002156,通富微电
2022-12-28,17.455,17.604999999999997,17.025,17.074999999999996,34683573.0,002156,通富微电
2022-12-29,16.854999999999997,17.054999999999996,16.494999999999997,16.514999999999997,38424226.0,002156,通富微电
2022-12-30,16.685,16.794999999999998,16.164999999999996,16.244999999999997,25788961.0,002156,通富微电
2023-01-03,16.254999999999995,16.615,16.054999999999996,16.514999999999997,34189517.0,002156,通富微电
2023-01-04,16.664999999999996,18.124999999999996,16.654999999999998,17.154999999999998,59312555.0,002156,通富微电
2023-01-05,16.874999999999996,17.214999999999996,16.775,17.014999999999997,36457840.0,002156,通富微电
2023-01-06,16.884999999999998,17.314999999999998,16.844999999999995,16.955,37219116.0,002156,通富微电
2023-01-09,17.014999999999997,17.324999999999996,16.924999999999997,17.064999999999998,29452457.0,002156,通富微电
2023-01-10,17.104999999999997,17.615,17.104999999999997,17.474999999999998,51173161.0,002156,通富微电
2023-01-11,17.344999999999995,18.214999999999996,17.275,17.534999999999997,62092170.0,002156,通富微电
2023-01-12,17.365,17.404999999999998,17.014999999999997,17.194999999999997,31741395.0,002156,通富微电
2023-01-13,17.455,17.455,17.014999999999997,17.154999999999998,23266489.0,002156,通富微电
2023-01-16,16.944999999999997,17.514999999999997,16.894999999999996,17.334999999999997,29184932.0,002156,通富微电
2023-01-17,17.334999999999997,17.924999999999997,17.314999999999998,17.554999999999996,38226207.0,002156,通富微电
2023-01-18,17.514999999999997,17.654999999999998,17.394999999999996,17.554999999999996,22532031.0,002156,通富微电
2023-01-19,17.435,18.084999999999997,17.414999999999996,18.044999999999998,43022563.0,002156,通富微电
2023-01-20,17.974999999999998,18.275,17.894999999999996,18.115,33233327.0,002156,通富微电
2023-01-30,18.664999999999996,18.744999999999997,18.164999999999996,18.354999999999997,49767994.0,002156,通富微电
2023-01-31,18.365,18.424999999999997,17.914999999999996,18.084999999999997,37251984.0,002156,通富微电
2023-02-01,18.104999999999997,19.615,18.084999999999997,19.054999999999996,88053983.0,002156,通富微电
2023-02-02,19.365,19.444999999999997,18.984999999999996,19.084999999999997,67133335.0,002156,通富微电
2023-02-03,18.974999999999998,19.344999999999995,18.784999999999997,19.264999999999997,44155081.0,002156,通富微电
2023-02-06,19.064999999999998,19.324999999999996,18.784999999999997,18.974999999999998,35094124.0,002156,通富微电
2023-02-07,18.894999999999996,18.964999999999996,18.615,18.804999999999996,31660157.0,002156,通富微电
2023-02-08,18.804999999999996,19.185,18.365,18.444999999999997,35608645.0,002156,通富微电
2023-02-09,18.294999999999998,19.844999999999995,18.214999999999996,19.564999999999998,89115451.0,002156,通富微电
2023-02-10,19.574999999999996,20.164999999999996,19.414999999999996,19.504999999999995,70617178.0,002156,通富微电
2023-02-13,19.634999999999998,21.115,19.484999999999996,20.924999999999997,106108733.0,002156,通富微电
2023-02-14,21.464999999999996,23.044999999999998,21.424999999999997,21.874999999999996,187926110.0,002156,通富微电
2023-02-15,22.314999999999998,22.694999999999997,21.464999999999996,22.504999999999995,130317301.0,002156,通富微电
2023-02-16,22.264999999999997,22.865,21.094999999999995,21.294999999999998,129986066.0,002156,通富微电
2023-02-17,21.664999999999996,21.724999999999998,20.334999999999997,20.394999999999996,80311295.0,002156,通富微电
2023-02-20,20.644999999999996,22.455,20.234999999999996,22.455,103151219.0,002156,通富微电
2023-02-21,22.164999999999996,22.574999999999996,21.674999999999997,22.064999999999998,82722818.0,002156,通富微电
2023-02-22,21.754999999999995,22.955,21.424999999999997,22.404999999999998,80716075.0,002156,通富微电
2023-02-23,22.224999999999998,22.944999999999997,22.034999999999997,22.314999999999998,75535566.0,002156,通富微电
2023-02-24,22.615,23.964999999999996,22.244999999999997,23.444999999999997,133172080.0,002156,通富微电
2023-02-27,22.984999999999996,23.514999999999997,22.025,22.384999999999998,96466107.0,002156,通富微电
2023-02-28,22.174999999999997,22.694999999999997,21.664999999999996,22.115,65227514.0,002156,通富微电
2023-03-01,21.824999999999996,23.144999999999996,21.754999999999995,22.844999999999995,76509105.0,002156,通富微电
2023-03-02,22.634999999999998,22.884999999999998,21.724999999999998,21.794999999999998,60420327.0,002156,通富微电
2023-03-03,22.955,23.994999999999997,22.955,23.994999999999997,172109330.0,002156,通富微电
2023-03-06,23.754999999999995,23.754999999999995,22.804999999999996,23.064999999999998,123078127.0,002156,通富微电
2023-03-07,22.764999999999997,22.844999999999995,21.854999999999997,21.974999999999998,98610360.0,002156,通富微电
2023-03-08,21.775,22.455,21.365,22.324999999999996,87222346.0,002156,通富微电
2023-03-09,22.174999999999997,22.914999999999996,21.884999999999998,22.254999999999995,74397383.0,002156,通富微电
2023-03-10,21.764999999999997,22.424999999999997,21.435,21.444999999999997,63543194.0,002156,通富微电
2023-03-13,21.264999999999997,22.164999999999996,21.185,22.115,54906121.0,002156,通富微电
2023-03-14,21.924999999999997,23.354999999999997,21.554999999999996,23.064999999999998,99689906.0,002156,通富微电
2023-03-15,22.824999999999996,23.514999999999997,22.504999999999995,22.764999999999997,76565816.0,002156,通富微电
2023-03-16,22.424999999999997,23.444999999999997,22.365,22.714999999999996,71966484.0,002156,通富微电
2023-03-17,23.104999999999997,23.424999999999997,22.365,23.144999999999996,82713513.0,002156,通富微电
2023-03-20,22.884999999999998,24.264999999999997,22.714999999999996,23.615,104234193.0,002156,通富微电
2023-03-21,23.334999999999997,23.494999999999997,22.844999999999995,23.234999999999996,59108757.0,002156,通富微电
2023-03-22,23.314999999999998,23.464999999999996,22.814999999999998,23.464999999999996,54851701.0,002156,通富微电
2023-03-23,23.365,25.574999999999996,23.254999999999995,24.984999999999996,138132530.0,002156,通富微电
2023-03-24,24.615,24.944999999999997,24.004999999999995,24.554999999999996,88863788.0,002156,通富微电
2023-03-27,24.424999999999997,25.025,24.074999999999996,24.264999999999997,86612036.0,002156,通富微电
2023-03-28,24.164999999999996,24.525,23.194999999999997,23.304999999999996,68033269.0,002156,通富微电
2023-03-29,23.074999999999996,23.294999999999998,21.624999999999996,22.314999999999998,116958361.0,002156,通富微电
2023-03-30,22.174999999999997,22.544999999999998,21.264999999999997,21.604999999999997,85066033.0,002156,通富微电
2023-03-31,21.734999999999996,22.104999999999997,21.544999999999998,21.964999999999996,55724401.0,002156,通富微电
2023-04-03,21.974999999999998,22.664999999999996,21.744999999999997,22.534999999999997,92095433.0,002156,通富微电
2023-04-04,22.304999999999996,23.564999999999998,22.234999999999996,22.714999999999996,96262892.0,002156,通富微电
2023-04-06,22.264999999999997,24.474999999999998,22.244999999999997,23.644999999999996,129828579.0,002156,通富微电
2023-04-07,23.754999999999995,24.564999999999998,23.554999999999996,24.264999999999997,107793646.0,002156,通富微电
2023-04-10,24.164999999999996,24.284999999999997,22.685,22.754999999999995,92805896.0,002156,通富微电
2023-04-11,23.124999999999996,23.154999999999998,22.094999999999995,22.464999999999996,61257616.0,002156,通富微电
2023-04-12,22.384999999999998,22.884999999999998,21.944999999999997,22.664999999999996,61655472.0,002156,通富微电
2023-04-13,22.374999999999996,22.404999999999998,21.455,21.564999999999998,72737293.0,002156,通富微电
2023-04-14,21.705,22.525,21.164999999999996,22.324999999999996,83815919.0,002156,通富微电
2023-04-17,22.464999999999996,22.644999999999996,22.004999999999995,22.455,61237834.0,002156,通富微电
2023-04-18,22.275,22.294999999999998,21.324999999999996,21.514999999999997,63491835.0,002156,通富微电
2023-04-19,21.525,21.814999999999998,20.764999999999997,20.844999999999995,71618792.0,002156,通富微电
2023-04-20,20.435,21.334999999999997,20.435,21.115,58423860.0,002156,通富微电
2023-04-21,20.964999999999996,20.964999999999996,19.664999999999996,19.674999999999997,68142093.0,002156,通富微电
2023-04-24,19.664999999999996,20.064999999999998,19.174999999999997,19.344999999999995,42009520.0,002156,通富微电
2023-04-25,19.344999999999995,19.474999999999998,18.594999999999995,18.834999999999997,37018786.0,002156,通富微电
2023-04-26,18.284999999999997,18.794999999999998,17.764999999999997,18.014999999999997,51102792.0,002156,通富微电
2023-04-27,17.424999999999997,18.264999999999997,17.275,17.554999999999996,49883390.0,002156,通富微电
2023-04-28,17.374999999999996,17.865,17.324999999999996,17.654999999999998,38056656.0,002156,通富微电
2023-05-04,17.464999999999996,17.705,17.154999999999998,17.494999999999997,37162588.0,002156,通富微电
2023-05-05,18.564999999999998,18.834999999999997,17.894999999999996,17.914999999999996,68624292.0,002156,通富微电
2023-05-08,17.564999999999998,18.275,17.344999999999995,17.914999999999996,37788281.0,002156,通富微电
2023-05-09,17.914999999999996,18.654999999999998,17.844999999999995,18.275,53750059.0,002156,通富微电
2023-05-10,18.014999999999997,18.254999999999995,17.554999999999996,18.144999999999996,41673088.0,002156,通富微电
2023-05-11,18.244999999999997,18.494999999999997,17.964999999999996,18.034999999999997,25488288.0,002156,通富微电
2023-05-12,18.014999999999997,19.314999999999998,18.004999999999995,18.854999999999997,78265291.0,002156,通富微电
2023-05-15,18.544999999999998,19.185,18.474999999999998,19.144999999999996,57031583.0,002156,通富微电
2023-05-16,18.984999999999996,19.694999999999997,18.964999999999996,19.464999999999996,55222838.0,002156,通富微电
2023-05-17,19.394999999999996,19.865,19.074999999999996,19.244999999999997,45894661.0,002156,通富微电
2023-05-18,19.264999999999997,19.974999999999998,19.224999999999998,19.404999999999998,40548596.0,002156,通富微电
2023-05-19,19.544999999999998,20.935,19.544999999999998,20.624999999999996,98202087.0,002156,通富微电
2023-05-22,20.664999999999996,21.435,19.914999999999996,20.054999999999996,62487178.0,002156,通富微电
2023-05-23,20.264999999999997,20.365,19.615,20.044999999999998,42190855.0,002156,通富微电
2023-05-24,19.844999999999995,20.834999999999997,19.594999999999995,20.435,48975918.0,002156,通富微电
2023-05-25,20.865,21.534999999999997,20.554999999999996,20.984999999999996,55528348.0,002156,通富微电
2023-05-26,20.914999999999996,22.264999999999997,20.824999999999996,21.775,86344212.0,002156,通富微电
2023-05-29,23.264999999999997,23.974999999999998,23.264999999999997,23.974999999999998,191314462.0,002156,通富微电
2023-05-30,24.032,25.191999999999997,23.761999999999997,25.011999999999997,168151683.0,002156,通富微电
2023-05-31,25.081999999999997,25.282,23.851999999999997,24.631999999999998,125481791.0,002156,通富微电
2023-06-01,23.662,24.482,23.372,24.241999999999997,83218746.0,002156,通富微电
2023-06-02,24.511999999999997,25.072,24.101999999999997,24.282,64831326.0,002156,通富微电
2023-06-05,24.592,25.471999999999998,24.592,24.921999999999997,80322975.0,002156,通富微电
2023-06-06,24.662,25.112,24.191999999999997,24.362,53249397.0,002156,通富微电
2023-06-07,25.112,25.511999999999997,24.362,24.662,86324410.0,002156,通富微电
2023-06-08,24.022,24.421999999999997,23.662,23.991999999999997,63791029.0,002156,通富微电
2023-06-09,24.362,25.662,23.782,25.462,100176671.0,002156,通富微电
2023-06-12,26.162,27.862,25.682,27.171999999999997,128960193.0,002156,通富微电
2023-06-13,27.362,27.362,26.642,27.212,90259851.0,002156,通富微电
2023-06-14,25.662,25.851999999999997,24.491999999999997,25.162,146028825.0,002156,通富微电
2023-06-15,25.362,25.761999999999997,24.421999999999997,24.721999999999998,74938079.0,002156,通富微电
2023-06-16,24.081999999999997,24.962,24.061999999999998,24.701999999999998,57471308.0,002156,通富微电
2023-06-19,24.362,25.011999999999997,24.032,24.701999999999998,63750988.0,002156,通富微电
2023-06-20,24.612,24.791999999999998,24.061999999999998,24.441999999999997,57744416.0,002156,通富微电
2023-06-21,24.362,24.441999999999997,23.131999999999998,23.252,74518942.0,002156,通富微电
2023-06-26,22.872,23.092,22.282,22.441999999999997,48660735.0,002156,通富微电
2023-06-27,22.291999999999998,22.592,22.022,22.462,43372964.0,002156,通富微电
2023-06-28,22.451999999999998,22.541999999999998,21.541999999999998,22.022,46435070.0,002156,通富微电
2023-06-29,22.162,22.511999999999997,22.022,22.261999999999997,42534684.0,002156,通富微电
2023-06-30,22.171999999999997,22.612,22.101999999999997,22.462,37991120.0,002156,通富微电
2023-07-03,22.552,23.122,22.171999999999997,22.772,60333030.0,002156,通富微电
2023-07-04,22.631999999999998,23.162,22.362,22.772,39593912.0,002156,通富微电
2023-07-05,22.671999999999997,23.092,22.372,22.462,36404694.0,002156,通富微电
2023-07-06,22.362,22.912,22.122,22.581999999999997,27217697.0,002156,通富微电
2023-07-07,22.522,22.761999999999997,21.862,22.302,28393369.0,002156,通富微电
2023-07-10,22.282,22.612,22.162,22.221999999999998,16056885.0,002156,通富微电
2023-07-11,22.191999999999997,22.682,21.991999999999997,22.421999999999997,28093325.0,002156,通富微电
2023-07-12,22.261999999999997,22.491999999999997,20.862,20.962,76336224.0,002156,通富微电
2023-07-13,21.212,22.061999999999998,21.182,21.941999999999997,55233046.0,002156,通富微电
2023-07-14,22.362,23.261999999999997,22.131999999999998,22.412,62501720.0,002156,通富微电
2023-07-17,21.962,22.392,21.682,22.252,33314985.0,002156,通富微电
2023-07-18,23.101999999999997,24.491999999999997,23.101999999999997,23.511999999999997,144547132.0,002156,通富微电
2023-07-19,23.362,24.741999999999997,22.921999999999997,24.101999999999997,135206238.0,002156,通富微电
2023-07-20,23.772,24.101999999999997,22.822,22.941999999999997,90975924.0,002156,通富微电
2023-07-21,23.101999999999997,24.941999999999997,22.691999999999997,24.362,135241969.0,002156,通富微电
2023-07-24,23.872,24.592,23.581999999999997,23.772,86812537.0,002156,通富微电
2023-07-25,24.052,24.362,23.471999999999998,23.962,80446977.0,002156,通富微电
2023-07-26,23.862,23.862,22.951999999999998,23.221999999999998,60777263.0,002156,通富微电
2023-07-27,22.862,23.081999999999997,22.022,22.112,71506849.0,002156,通富微电
2023-07-28,22.112,22.342,21.572,21.752,50639043.0,002156,通富微电
2023-07-31,21.162,21.851999999999997,21.122,21.581999999999997,43463062.0,002156,通富微电
2023-08-01,21.612,21.962,21.381999999999998,21.691999999999997,44333386.0,002156,通富微电
2023-08-02,21.802,22.522,21.802,22.171999999999997,64447255.0,002156,通富微电
2023-08-03,21.561999999999998,22.131999999999998,21.351999999999997,21.991999999999997,35826964.0,002156,通富微电
2023-08-04,22.022,22.451999999999998,21.671999999999997,22.101999999999997,43598417.0,002156,通富微电
2023-08-07,22.061999999999998,22.441999999999997,21.851999999999997,21.951999999999998,40106582.0,002156,通富微电
2023-08-08,21.932,22.662,21.881999999999998,21.982,35324351.0,002156,通富微电
2023-08-09,21.851999999999997,21.862,20.682,20.921999999999997,54343693.0,002156,通富微电
2023-08-10,20.752,21.092,20.682,20.791999999999998,22881929.0,002156,通富微电
2023-08-11,20.791999999999998,20.791999999999998,20.072,20.092,36724175.0,002156,通富微电
2023-08-14,19.671999999999997,20.232,19.601999999999997,20.201999999999998,24083988.0,002156,通富微电
2023-08-15,20.432,20.511999999999997,19.732,19.851999999999997,21348000.0,002156,通富微电
2023-08-16,19.712,19.862,19.342,19.392,27909772.0,002156,通富微电
2023-08-17,19.282,19.462,19.041999999999998,19.182,30522169.0,002156,通富微电
2023-08-18,19.182,19.462,18.732,18.732,26113525.0,002156,通富微电
2023-08-21,18.811999999999998,18.991999999999997,18.631999999999998,18.642,18854351.0,002156,通富微电
2023-08-22,18.822,19.072,18.471999999999998,19.022,28420666.0,002156,通富微电
2023-08-23,19.052,19.052,18.471999999999998,18.491999999999997,20652405.0,002156,通富微电
2023-08-24,18.721999999999998,19.201999999999998,18.622,19.011999999999997,35862069.0,002156,通富微电
2023-08-25,18.662,18.662,18.011999999999997,18.162,33103297.0,002156,通富微电
2023-08-28,19.151999999999997,19.311999999999998,18.101999999999997,18.182,30107049.0,002156,通富微电
2023-08-29,17.962,18.971999999999998,17.912,18.962,38940092.0,002156,通富微电
2023-08-30,19.362,20.491999999999997,19.272,19.761999999999997,81552362.0,002156,通富微电
2023-08-31,19.572,20.561999999999998,19.441999999999997,20.252,68621321.0,002156,通富微电
2023-09-01,20.061999999999998,20.362,19.691999999999997,19.881999999999998,39349566.0,002156,通富微电
2023-09-04,20.022,20.462,19.892,20.462,43555271.0,002156,通富微电
2023-09-05,20.862,20.962,20.392,20.491999999999997,55933748.0,002156,通富微电
2023-09-06,20.171999999999997,21.322,20.112,21.191999999999997,62946237.0,002156,通富微电
2023-09-07,20.862,20.862,20.142,20.151999999999997,50535720.0,002156,通富微电
2023-09-08,19.982,20.552,19.971999999999998,20.232,29549489.0,002156,通富微电
2023-09-11,20.232,20.462,20.061999999999998,20.081999999999997,33175251.0,002156,通富微电
2023-09-12,20.811999999999998,20.951999999999998,20.092,20.142,44840666.0,002156,通富微电
2023-09-13,19.851999999999997,20.191999999999997,19.462,19.662,36261968.0,002156,通富微电
2023-09-14,19.592,19.712,19.201999999999998,19.322,26518418.0,002156,通富微电
2023-09-15,19.372,19.892,19.241999999999997,19.491999999999997,30426232.0,002156,通富微电
2023-09-18,19.241999999999997,19.401999999999997,18.862,18.912,31973935.0,002156,通富微电
2023-09-19,18.822,19.162,18.572,18.881999999999998,23832505.0,002156,通富微电
2023-09-20,18.772,19.122,18.691999999999997,18.761999999999997,16980116.0,002156,通富微电
2023-09-21,18.612,19.092,18.511999999999997,18.802,23535324.0,002156,通富微电
2023-09-22,18.691999999999997,19.261999999999997,18.662,19.232,29431038.0,002156,通富微电
2023-09-25,19.261999999999997,19.362,18.982,19.101999999999997,22197311.0,002156,通富微电
2023-09-26,18.971999999999998,19.131999999999998,18.761999999999997,18.851999999999997,21600635.0,002156,通富微电
2023-09-27,18.772,19.011999999999997,18.671999999999997,18.671999999999997,18128590.0,002156,通富微电
2023-09-28,18.761999999999997,19.122,18.761999999999997,19.032,25459580.0,002156,通富微电
2023-10-09,19.032,19.232,18.842,19.081999999999997,23408537.0,002156,通富微电
2023-10-10,19.131999999999998,19.432,19.112,19.261999999999997,29127511.0,002156,通富微电
2023-10-11,19.212,19.651999999999997,19.122,19.642,38331621.0,002156,通富微电
2023-10-12,19.532,19.532,19.052,19.241999999999997,35157893.0,002156,通富微电
2023-10-13,19.092,19.401999999999997,18.941999999999997,19.252,30116142.0,002156,通富微电
2023-10-16,19.112,19.212,18.441999999999997,18.601999999999997,28380597.0,002156,通富微电
2023-10-17,18.651999999999997,18.962,18.412,18.662,20671329.0,002156,通富微电
2023-10-18,18.671999999999997,19.752,18.642,19.221999999999998,55578617.0,002156,通富微电
2023-10-19,18.892,20.302,18.822,19.842,77724680.0,002156,通富微电
2023-10-20,19.541999999999998,19.772,19.151999999999997,19.241999999999997,43181917.0,002156,通富微电
2023-10-23,18.932,19.002,17.842,17.941999999999997,42246832.0,002156,通富微电
2023-10-24,17.982,18.342,16.971999999999998,17.872,44047897.0,002156,通富微电
2023-10-25,17.962,18.522,17.962,18.282,30227009.0,002156,通富微电
2023-10-26,18.482,19.651999999999997,18.441999999999997,19.162,60402640.0,002156,通富微电
2023-10-27,19.061999999999998,19.791999999999998,18.962,19.642,45660436.0,002156,通富微电
2023-10-30,19.362,20.362,19.261999999999997,20.241999999999997,56704010.0,002156,通富微电
2023-10-31,20.462,20.662,20.061999999999998,20.311999999999998,33996801.0,002156,通富微电
2023-11-01,20.122,20.601999999999997,20.122,20.261999999999997,28695771.0,002156,通富微电
2023-11-02,21.041999999999998,21.191999999999997,20.212,20.221999999999998,55750426.0,002156,通富微电
2023-11-03,19.982,21.201999999999998,19.971999999999998,21.092,49370797.0,002156,通富微电
2023-11-06,21.511999999999997,21.721999999999998,21.182,21.612,55034480.0,002156,通富微电
2023-11-07,21.362,22.092,21.331999999999997,21.741999999999997,40406884.0,002156,通富微电
2023-11-08,21.392,21.862,21.241999999999997,21.441999999999997,33183109.0,002156,通富微电
2023-11-09,21.511999999999997,21.682,21.101999999999997,21.201999999999998,27613788.0,002156,通富微电
2023-11-10,20.991999999999997,21.351999999999997,20.761999999999997,20.842,26344013.0,002156,通富微电
2023-11-13,21.171999999999997,21.862,21.081999999999997,21.311999999999998,43543335.0,002156,通富微电
2023-11-14,21.372,21.462,21.092,21.401999999999997,24431716.0,002156,通富微电
2023-11-15,21.662,21.662,20.991999999999997,21.131999999999998,25458466.0,002156,通富微电
2023-11-16,21.462,21.462,20.741999999999997,20.752,19227103.0,002156,通富微电
2023-11-17,20.752,21.092,20.671999999999997,20.951999999999998,16628042.0,002156,通富微电
2023-11-20,21.261999999999997,21.401999999999997,20.842,21.182,28514804.0,002156,通富微电
2023-11-21,21.191999999999997,22.761999999999997,21.191999999999997,22.212,97103350.0,002156,通富微电
2023-11-22,21.881999999999998,22.862,21.502,22.491999999999997,74022516.0,002156,通富微电
2023-11-23,22.241999999999997,22.291999999999998,21.552,22.142,50255975.0,002156,通富微电
2023-11-24,22.162,22.421999999999997,21.802,22.362,46129516.0,002156,通富微电
2023-11-27,22.212,22.962,22.032,22.862,53151149.0,002156,通富微电
2023-11-28,22.572,22.732,21.971999999999998,22.441999999999997,41544527.0,002156,通富微电
2023-11-29,22.282,23.362,22.212,22.471999999999998,46175952.0,002156,通富微电
2023-11-30,22.462,23.171999999999997,22.131999999999998,22.561999999999998,37849941.0,002156,通富微电
2023-12-01,22.412,22.932,22.041999999999998,22.322,27767861.0,002156,通富微电
2023-12-04,22.511999999999997,24.092,22.511999999999997,22.991999999999997,55417159.0,002156,通富微电
2023-12-05,22.712,22.802,21.721999999999998,21.741999999999997,42046545.0,002156,通富微电
2023-12-06,21.631999999999998,22.311999999999998,21.491999999999997,22.011999999999997,30984233.0,002156,通富微电
2023-12-07,22.142,23.302,21.901999999999997,22.041999999999998,47525240.0,002156,通富微电
2023-12-08,23.142,23.982,22.802,23.302,76698875.0,002156,通富微电
2023-12-11,22.862,23.322,22.432,23.241999999999997,47017716.0,002156,通富微电
2023-12-12,23.441999999999997,23.912,23.162,23.322,36859340.0,002156,通富微电
2023-12-13,23.351999999999997,23.462,22.862,22.872,18116081.0,002156,通富微电
2023-12-14,22.881999999999998,23.081999999999997,22.572,22.592,18073915.0,002156,通富微电
2023-12-15,22.622,22.802,22.291999999999998,22.482,15520170.0,002156,通富微电
2023-12-18,22.261999999999997,22.532,22.032,22.362,16340561.0,002156,通富微电
2023-12-19,22.331999999999997,22.741999999999997,22.212,22.552,14731843.0,002156,通富微电
2023-12-20,22.502,22.802,22.212,22.372,17867087.0,002156,通富微电
2023-12-21,22.041999999999998,22.412,21.822,22.232,15421113.0,002156,通富微电
2023-12-22,22.302,22.482,21.561999999999998,21.631999999999998,17771707.0,002156,通富微电
2023-12-25,21.491999999999997,22.112,21.421999999999997,22.072,13161900.0,002156,通富微电
2023-12-26,21.991999999999997,22.072,21.421999999999997,21.701999999999998,15439888.0,002156,通富微电
2023-12-27,21.721999999999998,22.912,21.671999999999997,22.842,27263830.0,002156,通富微电
2023-12-28,22.842,22.951999999999998,22.462,22.842,22327491.0,002156,通富微电
2023-12-29,22.741999999999997,23.162,22.732,22.982,20681855.0,002156,通富微电
2024-01-02,22.971999999999998,23.362,22.842,22.862,16524705.0,002156,通富微电
2024-01-03,22.622,22.712,21.171999999999997,21.561999999999998,31121512.0,002156,通富微电
2024-01-04,21.522,21.612,21.101999999999997,21.212,16182282.0,002156,通富微电
2024-01-05,21.261999999999997,21.471999999999998,20.772,20.912,13936968.0,002156,通富微电
2024-01-08,20.802,20.842,20.151999999999997,20.151999999999997,15430206.0,002156,通富微电
2024-01-09,20.432,21.041999999999998,20.432,20.662,22614551.0,002156,通富微电
2024-01-10,20.752,20.831999999999997,20.061999999999998,20.511999999999997,14652680.0,002156,通富微电
2024-01-11,20.511999999999997,20.811999999999998,20.272,20.362,20981374.0,002156,通富微电
2024-01-12,20.331999999999997,20.482,20.061999999999998,20.081999999999997,15147269.0,002156,通富微电
2024-01-15,20.081999999999997,21.381999999999998,20.081999999999997,21.122,35565723.0,002156,通富微电
2024-01-16,21.032,21.122,20.401999999999997,20.712,14419174.0,002156,通富微电
2024-01-17,21.311999999999998,21.662,20.522,20.522,26437282.0,002156,通富微电
2024-01-18,20.261999999999997,20.761999999999997,19.892,20.761999999999997,23464562.0,002156,通富微电
2024-01-19,21.282,22.811999999999998,21.212,21.881999999999998,54773763.0,002156,通富微电
2024-01-22,22.261999999999997,22.901999999999997,21.471999999999998,21.761999999999997,49632388.0,002156,通富微电
2024-01-23,21.212,21.912,21.131999999999998,21.612,31066569.0,002156,通富微电
2024-01-24,21.541999999999998,21.612,20.061999999999998,20.782,43556302.0,002156,通富微电
2024-01-25,20.502,21.462,20.311999999999998,21.441999999999997,30325682.0,002156,通富微电
2024-01-26,20.912,20.971999999999998,19.282,19.311999999999998,73351143.0,002156,通富微电
2024-01-29,19.311999999999998,19.451999999999998,18.272,18.342,39954825.0,002156,通富微电
2024-01-30,17.962,18.412,17.631999999999998,17.671999999999997,31470474.0,002156,通富微电
2024-01-31,17.862,18.912,17.682,18.342,47642473.0,002156,通富微电
2024-02-01,18.131999999999998,19.101999999999997,18.011999999999997,18.541999999999998,33330274.0,002156,通富微电
2024-02-02,18.421999999999997,18.741999999999997,17.441999999999997,17.982,28611478.0,002156,通富微电
2024-02-05,17.662,18.822,17.061999999999998,18.381999999999998,36220347.0,002156,通富微电
2024-02-06,18.761999999999997,19.881999999999998,18.381999999999998,19.851999999999997,39101388.0,002156,通富微电
2024-02-07,19.682,20.511999999999997,19.622,20.302,36169109.0,002156,通富微电
2024-02-08,20.651999999999997,22.342,20.471999999999998,21.421999999999997,39845130.0,002156,通富微电
2024-02-19,21.962,22.011999999999997,20.761999999999997,21.642,37923224.0,002156,通富微电
2024-02-20,21.311999999999998,21.622,21.011999999999997,21.482,24938414.0,002156,通富微电
2024-02-21,21.061999999999998,21.642,20.962,21.232,31459068.0,002156,通富微电
2024-02-22,21.451999999999998,21.862,21.191999999999997,21.511999999999997,31530474.0,002156,通富微电
2024-02-23,21.802,21.862,21.142,21.362,28429030.0,002156,通富微电
2024-02-26,21.061999999999998,21.491999999999997,20.892,21.131999999999998,27680153.0,002156,通富微电
2024-02-27,20.982,22.221999999999998,20.892,22.212,41350915.0,002156,通富微电
2024-02-28,21.971999999999998,22.761999999999997,21.081999999999997,21.101999999999997,40957631.0,002156,通富微电
2024-02-29,20.971999999999998,22.151999999999997,20.971999999999998,22.061999999999998,33534550.0,002156,通富微电
2024-03-01,22.511999999999997,22.991999999999997,22.351999999999997,22.752,49534251.0,002156,通富微电
2024-03-04,23.962,25.041999999999998,23.331999999999997,25.041999999999998,100343718.0,002156,通富微电
2024-03-05,24.561999999999998,25.651999999999997,24.362,24.822,122259595.0,002156,通富微电
2024-03-06,24.451999999999998,24.712,23.541999999999998,24.201999999999998,72368628.0,002156,通富微电
2024-03-07,24.272,24.962,23.462,23.561999999999998,59620674.0,002156,通富微电
2024-03-08,23.951999999999998,25.932,23.592,25.932,132918803.0,002156,通富微电
2024-03-11,25.212,25.752,24.772,25.651999999999997,95069787.0,002156,通富微电
2024-03-12,25.811999999999998,27.462,25.552,25.752,115476803.0,002156,通富微电
2024-03-13,26.291999999999998,26.592,25.491999999999997,25.592,81294090.0,002156,通富微电
2024-03-14,25.081999999999997,25.831999999999997,24.811999999999998,25.252,59860375.0,002156,通富微电
2024-03-15,24.912,25.392,24.612,25.362,50787641.0,002156,通富微电
2024-03-18,25.261999999999997,26.162,25.221999999999998,26.061999999999998,76181611.0,002156,通富微电
2024-03-19,25.811999999999998,25.982,25.381999999999998,25.401999999999997,51173159.0,002156,通富微电
2024-03-20,25.342,25.561999999999998,24.622,25.022,54486456.0,002156,通富微电
2024-03-21,25.421999999999997,25.721999999999998,24.741999999999997,24.872,49355502.0,002156,通富微电
2024-03-22,24.691999999999997,25.622,24.511999999999997,24.662,51110379.0,002156,通富微电
2024-03-25,24.462,24.491999999999997,22.631999999999998,22.701999999999998,91286704.0,002156,通富微电
2024-03-26,22.892,23.462,22.712,22.842,54272700.0,002156,通富微电
2024-03-27,22.872,23.011999999999997,21.662,21.662,50754335.0,002156,通富微电
2024-03-28,21.662,22.462,21.471999999999998,22.032,55084144.0,002156,通富微电
2024-03-29,22.032,22.451999999999998,21.612,22.351999999999997,37321071.0,002156,通富微电
2024-04-01,22.162,22.721999999999998,22.112,22.552,40604932.0,002156,通富微电
2024-04-02,22.561999999999998,22.862,21.881999999999998,22.072,44174396.0,002156,通富微电
2024-04-03,22.052,22.462,21.561999999999998,22.081999999999997,45394876.0,002156,通富微电
2024-04-08,21.901999999999997,21.932,21.061999999999998,21.101999999999997,41689092.0,002156,通富微电
2024-04-09,21.061999999999998,21.491999999999997,20.772,21.421999999999997,29136667.0,002156,通富微电
2024-04-10,21.302,21.451999999999998,20.532,20.682,34454528.0,002156,通富微电
2024-04-11,20.682,21.412,20.592,20.872,33451001.0,002156,通富微电
2024-04-12,21.011999999999997,21.752,20.822,21.201999999999998,46524553.0,002156,通富微电
2024-04-15,20.842,21.112,19.962,20.362,69778020.0,002156,通富微电
2024-04-16,20.171999999999997,20.441999999999997,19.412,19.511999999999997,53219718.0,002156,通富微电
2024-04-17,19.761999999999997,20.532,19.761999999999997,20.522,48641167.0,002156,通富微电
2024-04-18,20.191999999999997,20.741999999999997,19.761999999999997,20.311999999999998,39953912.0,002156,通富微电
2024-04-19,20.142,20.322,19.502,19.651999999999997,39210731.0,002156,通富微电
2024-04-22,18.862,19.122,18.261999999999997,18.991999999999997,50422693.0,002156,通富微电
2024-04-23,19.142,19.261999999999997,18.541999999999998,18.782,33700519.0,002156,通富微电
2024-04-24,19.061999999999998,19.691999999999997,18.772,19.561999999999998,46988871.0,002156,通富微电
2024-04-25,19.342,20.322,19.291999999999998,19.872,41746187.0,002156,通富微电
2024-04-26,19.912,21.052,19.912,20.982,59838211.0,002156,通富微电
2024-04-29,21.171999999999997,21.331999999999997,20.612,21.081999999999997,107669854.0,002156,通富微电
2024-04-30,20.991999999999997,21.101999999999997,20.532,20.842,55468082.0,002156,通富微电
2024-05-06,21.112,21.191999999999997,20.862,21.002,59540219.0,002156,通富微电
2024-05-07,20.982,21.011999999999997,20.451999999999998,20.572,59774392.0,002156,通富微电
2024-05-08,20.561999999999998,20.862,20.322,20.351999999999997,45243206.0,002156,通富微电
2024-05-09,20.221999999999998,21.002,20.162,20.701999999999998,59151043.0,002156,通富微电
2024-05-10,20.612,20.651999999999997,19.761999999999997,19.892,64514219.0,002156,通富微电
2024-05-13,19.671999999999997,19.921999999999997,19.412,19.511999999999997,42915365.0,002156,通富微电
2024-05-14,19.601999999999997,20.122,19.482,19.482,38928603.0,002156,通富微电
2024-05-15,19.421999999999997,21.441999999999997,19.291999999999998,20.772,178399537.0,002156,通富微电
2024-05-16,21.011999999999997,21.241999999999997,20.441999999999997,20.622,130921216.0,002156,通富微电
2024-05-17,20.362,20.802,20.112,20.682,85560425.0,002156,通富微电
2024-05-20,20.561999999999998,20.991999999999997,20.421999999999997,20.802,76468741.0,002156,通富微电
2024-05-21,20.622,20.802,20.282,20.331999999999997,58938228.0,002156,通富微电
2024-05-22,20.741999999999997,21.011999999999997,20.261999999999997,20.951999999999998,101342420.0,002156,通富微电
2024-05-23,20.951999999999998,21.741999999999997,20.691999999999997,21.182,144784011.0,002156,通富微电
2024-05-24,20.872,21.131999999999998,20.462,20.522,86036016.0,002156,通富微电
2024-05-27,20.522,21.541999999999998,19.642,21.541999999999998,132453149.0,002156,通富微电
2024-05-28,21.712,23.642,21.272,22.151999999999997,194177891.0,002156,通富微电
2024-05-29,21.862,23.212,21.761999999999997,23.182,177836350.0,002156,通富微电
2024-05-30,22.811999999999998,24.362,22.592,23.622,186628378.0,002156,通富微电
2024-05-31,23.261999999999997,24.061999999999998,22.732,22.831999999999997,152541695.0,002156,通富微电
2024-06-03,22.761999999999997,23.552,22.541999999999998,23.362,139006047.0,002156,通富微电
2024-06-04,23.072,23.212,22.372,22.881999999999998,120777323.0,002156,通富微电
2024-06-05,22.761999999999997,23.392,22.552,22.561999999999998,107946618.0,002156,通富微电
2024-06-06,23.142,24.122,22.651999999999997,23.441999999999997,194546344.0,002156,通富微电
2024-06-07,23.162,24.522,23.092,24.142,182629278.0,002156,通富微电
2024-06-11,23.921999999999997,24.691999999999997,23.872,24.072,186218214.0,002156,通富微电
2024-06-12,23.802,24.311999999999998,23.541999999999998,24.252,152803346.0,002156,通富微电
2024-06-13,24.162,24.432,23.362,23.362,149578710.0,002156,通富微电
2024-06-14,22.991999999999997,23.261999999999997,22.631999999999998,23.081999999999997,117598280.0,002156,通富微电
2024-06-17,23.061999999999998,24.191999999999997,22.842,23.822,136834518.0,002156,通富微电
2024-06-18,23.962,24.022,23.561999999999998,23.791999999999998,101653722.0,002156,通富微电
2024-06-19,23.791999999999998,24.872,23.212,24.642,192469982.0,002156,通富微电
2024-06-20,24.182,24.732,23.912,23.951999999999998,130674760.0,002156,通富微电
2024-06-21,23.362,23.941999999999997,23.362,23.662,75213946.0,002156,通富微电
2024-06-24,23.522,24.151999999999997,22.372,22.701999999999998,108749351.0,002156,通富微电
2024-06-25,22.714,22.924,21.674,21.823999999999998,113458656.0,002156,通富微电
2024-06-26,21.933999999999997,22.584,21.554,22.433999999999997,85417209.0,002156,通富微电
2024-06-27,22.124,22.714,21.913999999999998,21.944,78078392.0,002156,通富微电
2024-06-28,21.874,22.613999999999997,21.773999999999997,22.264,76591352.0,002156,通富微电
2024-07-01,22.343999999999998,22.573999999999998,21.904,22.444,59980297.0,002156,通富微电
2024-07-02,22.424,22.624,22.023999999999997,22.073999999999998,59534655.0,002156,通富微电
2024-07-03,22.154,22.714,21.764,22.523999999999997,80675199.0,002156,通富微电
2024-07-04,22.194,22.503999999999998,21.823999999999998,21.904,61268149.0,002156,通富微电
2024-07-05,21.894,21.894,20.644,21.073999999999998,86071765.0,002156,通富微电
2024-07-08,21.163999999999998,21.404,20.644,20.764,59163571.0,002156,通富微电
2024-07-09,20.904,22.814,20.773999999999997,22.683999999999997,149688082.0,002156,通富微电
2024-07-10,22.584,23.064,22.554,22.823999999999998,93187923.0,002156,通富微电
2024-07-11,23.233999999999998,23.523999999999997,22.753999999999998,23.203999999999997,99157751.0,002156,通富微电
2024-07-12,22.904,23.413999999999998,22.764,23.273999999999997,74123991.0,002156,通富微电
2024-07-15,23.433999999999997,23.634,23.104,23.374,90432643.0,002156,通富微电
2024-07-16,23.183999999999997,23.724,23.014,23.634,92156425.0,002156,通富微电
2024-07-17,23.514,23.804,22.924,22.953999999999997,87778304.0,002156,通富微电
2024-07-18,22.384,22.964,21.613999999999997,22.724,108692293.0,002156,通富微电
2024-07-19,22.663999999999998,24.093999999999998,22.573999999999998,23.573999999999998,127617976.0,002156,通富微电
2024-07-22,23.804,23.834,23.304,23.453999999999997,80754808.0,002156,通富微电
2024-07-23,23.464,23.644,22.284,22.294,92579132.0,002156,通富微电
2024-07-24,22.264,22.663999999999998,21.694,21.854,69961496.0,002156,通富微电
2024-07-25,21.703999999999997,21.904,21.273999999999997,21.483999999999998,55830327.0,002156,通富微电
2024-07-26,21.584,21.964,21.334,21.784,55210442.0,002156,通富微电
2024-07-29,21.773999999999997,22.054,21.534,21.573999999999998,49346755.0,002156,通富微电
2024-07-30,21.404,22.044,20.843999999999998,22.044,71160177.0,002156,通富微电
2024-07-31,22.064,22.804,21.814,22.624,96533312.0,002156,通富微电
2024-08-01,22.724,22.944,22.363999999999997,22.593999999999998,83683557.0,002156,通富微电
2024-08-02,22.014,22.444,21.654,21.654,67646743.0,002156,通富微电
2024-08-05,21.314,21.994,20.634,20.634,71752631.0,002156,通富微电
2024-08-06,21.073999999999998,21.224,20.514,20.924,44502990.0,002156,通富微电
2024-08-07,20.913999999999998,21.014,20.523999999999997,20.564,41118614.0,002156,通富微电
2024-08-08,20.284,20.953999999999997,19.974,20.613999999999997,46570376.0,002156,通富微电
2024-08-09,21.034,21.154,20.514,20.534,39621499.0,002156,通富微电
2024-08-12,20.323999999999998,20.604,20.144,20.363999999999997,27338966.0,002156,通富微电
2024-08-13,20.354,20.654,20.264,20.654,25960926.0,002156,通富微电
2024-08-14,20.683999999999997,20.764,20.474,20.474,27698200.0,002156,通富微电
2024-08-15,20.323999999999998,20.804,20.253999999999998,20.573999999999998,33134856.0,002156,通富微电
2024-08-16,20.604,20.714,20.483999999999998,20.523999999999997,34577230.0,002156,通富微电
2024-08-19,20.534,20.894,20.273999999999997,20.814,40458941.0,002156,通富微电
2024-08-20,20.784,20.794,20.183999999999997,20.183999999999997,34496813.0,002156,通富微电
2024-08-21,20.183999999999997,20.294,19.224,19.323999999999998,69527312.0,002156,通富微电
2024-08-22,19.284,19.374,18.933999999999997,19.044,43644145.0,002156,通富微电
2024-08-23,18.933999999999997,19.214,18.933999999999997,19.113999999999997,29544500.0,002156,通富微电
2024-08-26,19.144,19.494,19.034,19.154,28468350.0,002156,通富微电
2024-08-27,19.023999999999997,19.054,18.604,18.714,33944003.0,002156,通富微电
2024-08-28,18.634,18.974,18.624,18.953999999999997,26856924.0,002156,通富微电
2024-08-29,18.794,19.424,18.634,19.183999999999997,41911086.0,002156,通富微电
2024-08-30,19.194,20.003999999999998,19.124,19.773999999999997,59766269.0,002156,通富微电
2024-09-02,19.764,19.804,18.854,18.863999999999997,48232259.0,002156,通富微电
2024-09-03,18.924,19.194,18.863999999999997,19.023999999999997,25989038.0,002156,通富微电
2024-09-04,18.674,19.054,18.593999999999998,18.834,26303204.0,002156,通富微电
2024-09-05,18.843999999999998,19.104,18.804,18.933999999999997,22494622.0,002156,通富微电
2024-09-06,18.983999999999998,19.003999999999998,18.273999999999997,18.334,36534606.0,002156,通富微电
2024-09-09,18.203999999999997,18.483999999999998,18.154,18.374,21096370.0,002156,通富微电
2024-09-10,18.424,18.674,18.064,18.564,30379110.0,002156,通富微电
2024-09-11,18.374,18.564,18.244,18.374,20457483.0,002156,通富微电
2024-09-12,18.544,18.683999999999997,18.343999999999998,18.354,27930821.0,002156,通富微电
2024-09-13,18.343999999999998,18.514,18.093999999999998,18.113999999999997,23381981.0,002156,通富微电
2024-09-18,18.244,18.304,17.753999999999998,18.174,22829470.0,002156,通富微电
2024-09-19,18.284,18.544,17.994,18.334,37666510.0,002156,通富微电
2024-09-20,18.363999999999997,18.424,18.003999999999998,18.144,29276508.0,002156,通富微电
2024-09-23,18.084,18.514,17.953999999999997,18.113999999999997,28999300.0,002156,通富微电
2024-09-24,18.224,18.933999999999997,17.983999999999998,18.924,67824282.0,002156,通富微电
2024-09-25,19.034,19.453999999999997,18.863999999999997,18.964,73071748.0,002156,通富微电
2024-09-26,18.894,19.744,18.834,19.733999999999998,69271314.0,002156,通富微电
2024-09-27,19.933999999999997,21.084,19.933999999999997,20.773999999999997,94567542.0,002156,通富微电
2024-09-30,21.584,22.773999999999997,21.054,22.764,147913899.0,002156,通富微电
2024-10-08,25.054,25.054,23.674,25.054,185866396.0,002156,通富微电
2024-10-09,24.674,26.974,23.804,24.773999999999997,227120464.0,002156,通富微电
2024-10-10,24.703999999999997,25.124,23.104,23.613999999999997,127196070.0,002156,通富微电
2024-10-11,23.194,23.753999999999998,21.944,22.244,86396018.0,002156,通富微电
2024-10-14,21.174,22.174,20.573999999999998,22.174,159772094.0,002156,通富微电
2024-10-15,21.753999999999998,22.514,21.584,21.593999999999998,100250323.0,002156,通富微电
2024-10-16,21.003999999999998,21.644,20.994,21.233999999999998,58888321.0,002156,通富微电
2024-10-17,21.573999999999998,21.773999999999997,21.174,21.203999999999997,61913727.0,002156,通富微电
2024-10-18,21.273999999999997,23.323999999999998,21.273999999999997,22.794,147209203.0,002156,通富微电
2024-10-21,23.134,24.134,22.823999999999998,23.424,161971212.0,002156,通富微电
2024-10-22,23.244,23.944,22.944,23.663999999999998,104758278.0,002156,通富微电
2024-10-23,23.584,23.663999999999998,23.044,23.144,79286411.0,002156,通富微电
2024-10-24,23.304,23.573999999999998,22.874,23.163999999999998,66906397.0,002156,通富微电
2024-10-25,23.264,23.724,23.073999999999998,23.404,70117576.0,002156,通富微电
2024-10-28,23.413999999999998,23.453999999999997,22.953999999999997,23.343999999999998,65010051.0,002156,通富微电
2024-10-29,23.374,23.874,23.144,23.224,105168780.0,002156,通富微电
2024-10-30,23.253999999999998,24.773999999999997,23.183999999999997,24.433999999999997,188094576.0,002156,通富微电
2024-10-31,24.334,26.894,23.674,26.894,195718995.0,002156,通富微电
2024-11-01,29.593999999999998,29.593999999999998,28.124,29.593999999999998,336393481.0,002156,通富微电
2024-11-04,29.593999999999998,30.753999999999998,26.874,28.573999999999998,358167304.0,002156,通富微电
2024-11-05,29.113999999999997,31.444,28.483999999999998,31.444,317065803.0,002156,通富微电
2024-11-06,31.874,34.60399999999999,30.163999999999998,34.60399999999999,456531875.0,002156,通富微电
2024-11-07,32.824,36.03399999999999,31.874,33.714,337468275.0,002156,通富微电
2024-11-08,34.60399999999999,36.53399999999999,33.153999999999996,33.394,308131674.0,002156,通富微电
2024-11-11,34.934,36.74399999999999,34.273999999999994,36.74399999999999,304754735.0,002156,通富微电
2024-11-12,36.754,37.67399999999999,34.873999999999995,36.474,302805269.0,002156,通富微电
2024-11-13,35.474,36.254,33.763999999999996,33.78399999999999,232691252.0,002156,通富微电
2024-11-14,33.17399999999999,36.373999999999995,32.364,34.464,303945764.0,002156,通富微电
2024-11-15,33.78399999999999,33.873999999999995,31.014,31.034,245516834.0,002156,通富微电
2024-11-18,30.534,31.753999999999998,29.273999999999997,29.573999999999998,166902036.0,002156,通富微电
2024-11-19,29.573999999999998,31.104,29.384,31.003999999999998,160077635.0,002156,通富微电
2024-11-20,30.703999999999997,32.123999999999995,30.424,31.363999999999997,151401652.0,002156,通富微电
2024-11-21,30.994,32.474,30.913999999999998,31.764,153334027.0,002156,通富微电
2024-11-22,31.474,31.854,29.534,29.534,150020636.0,002156,通富微电
2024-11-25,29.584,30.284,28.554,29.294,107792606.0,002156,通富微电
2024-11-26,29.134,29.733999999999998,28.804,28.863999999999997,67606898.0,002156,通富微电
2024-11-27,28.874,29.753999999999998,28.203999999999997,29.644,108124364.0,002156,通富微电
2024-11-28,29.663999999999998,30.284,29.174,29.503999999999998,117153200.0,002156,通富微电
2024-11-29,29.144,30.474,28.554,29.863999999999997,131956239.0,002156,通富微电
2024-12-02,29.674,31.573999999999998,29.573999999999998,31.354,156383289.0,002156,通富微电
2024-12-03,31.764,31.964000000000002,30.273999999999997,30.683999999999997,121358205.0,002156,通富微电
2024-12-04,31.483999999999998,32.574,30.613999999999997,30.733999999999998,136133865.0,002156,通富微电
2024-12-05,30.363999999999997,31.174,30.233999999999998,30.404,83845413.0,002156,通富微电
2024-12-06,30.284,30.753999999999998,29.584,30.244,93737689.0,002156,通富微电
2024-12-09,29.874,30.064,29.214,29.363999999999997,75721548.0,002156,通富微电
2024-12-10,30.474,30.663999999999998,29.334,29.363999999999997,83554869.0,002156,通富微电
2024-12-11,29.354,30.174,29.284,29.674,64443963.0,002156,通富微电
2024-12-12,29.523999999999997,29.874,29.174,29.663999999999998,59010079.0,002156,通富微电
2024-12-13,29.384,29.744,28.794,29.023999999999997,72008118.0,002156,通富微电
2024-12-16,29.034,29.113999999999997,28.273999999999997,28.374,54288852.0,002156,通富微电
2024-12-17,28.203999999999997,28.834,28.073999999999998,28.134,50787925.0,002156,通富微电
2024-12-18,28.203999999999997,28.974,27.904,28.674,65870297.0,002156,通富微电
2024-12-19,28.154,29.453999999999997,28.073999999999998,29.214,83856413.0,002156,通富微电
2024-12-20,29.064,30.683999999999997,28.854,30.054,128334078.0,002156,通富微电
2024-12-23,29.874,30.244,29.124,29.304,75038793.0,002156,通富微电
2024-12-24,29.314,29.863999999999997,28.683999999999997,29.744,70370750.0,002156,通富微电
2024-12-25,29.674,29.983999999999998,29.144,29.304,50729701.0,002156,通富微电
2024-12-26,29.124,30.874,29.023999999999997,30.773999999999997,120733204.0,002156,通富微电
2024-12-27,30.613999999999997,31.854,30.474,30.674,133146501.0,002156,通富微电
2024-12-30,30.674,31.874,30.503999999999998,31.544,122528886.0,002156,通富微电
2024-12-31,31.374,31.394,29.374,29.424,104919974.0,002156,通富微电
2025-01-02,28.983999999999998,29.014,26.874,27.334,103669600.0,002156,通富微电
2025-01-03,27.334,27.514,26.023999999999997,26.064,67464276.0,002156,通富微电
2025-01-06,25.974,27.134,25.773999999999997,26.294,59782720.0,002156,通富微电
2025-01-07,26.413999999999998,27.304,26.183999999999997,27.294,62574362.0,002156,通富微电
2025-01-08,26.994,27.593999999999998,26.064,27.023999999999997,66871200.0,002156,通富微电
2025-01-09,26.874,28.174,26.794,27.413999999999998,65959085.0,002156,通富微电
2025-01-10,27.224,29.154,27.064,27.823999999999998,123652573.0,002156,通富微电
2025-01-13,26.854,27.404,26.604,27.064,62297944.0,002156,通富微电
2025-01-14,27.343999999999998,28.624,26.773999999999997,28.573999999999998,88703342.0,002156,通富微电
2025-01-15,28.384,28.724,28.073999999999998,28.144,61388646.0,002156,通富微电
2025-01-16,28.644,29.314,27.974,28.334,69623096.0,002156,通富微电
2025-01-17,28.124,29.113999999999997,28.044,28.593999999999998,70947311.0,002156,通富微电
2025-01-20,28.593999999999998,29.064,28.384,28.753999999999998,65108438.0,002156,通富微电
2025-01-21,28.874,28.924,28.233999999999998,28.694,57262010.0,002156,通富微电
2025-01-22,28.474,29.214,28.394,28.744,70154220.0,002156,通富微电
2025-01-23,29.273999999999997,29.564,28.054,28.064,79228233.0,002156,通富微电
2025-01-24,27.863999999999997,28.753999999999998,27.784,28.744,60669068.0,002156,通富微电
2025-01-27,29.233999999999998,29.374,28.174,28.174,55531801.0,002156,通富微电
2025-02-05,28.663999999999998,29.174,28.323999999999998,28.843999999999998,60441888.0,002156,通富微电
2025-02-06,28.584,29.874,28.534,29.784,93117685.0,002156,通富微电
2025-02-07,29.823999999999998,30.874,29.433999999999997,30.233999999999998,126686372.0,002156,通富微电
2025-02-10,30.264,30.424,29.773999999999997,30.003999999999998,83191958.0,002156,通富微电
2025-02-11,29.854,29.874,29.084,29.304,67988929.0,002156,通富微电
2025-02-12,29.374,30.464,29.294,30.374,109699844.0,002156,通富微电
2025-02-13,30.273999999999997,30.474,29.523999999999997,29.523999999999997,75067896.0,002156,通富微电
2025-02-14,29.674,30.874,28.974,30.714,124506943.0,002156,通富微电
2025-02-17,30.733999999999998,30.953999999999997,30.104,30.514,90876802.0,002156,通富微电
2025-02-18,30.224,30.854,29.264,29.453999999999997,86052337.0,002156,通富微电
2025-02-19,29.323999999999998,30.433999999999997,29.304,30.304,85192831.0,002156,通富微电
2025-02-20,30.073999999999998,30.113999999999997,29.523999999999997,29.753999999999998,65326302.0,002156,通富微电
2025-02-21,29.814,30.874,29.593999999999998,30.753999999999998,133356703.0,002156,通富微电
2025-02-24,30.784,32.373999999999995,30.654,31.494,147793499.0,002156,通富微电
2025-02-25,30.794,31.854,30.683999999999997,30.874,99755988.0,002156,通富微电
2025-02-26,30.874,31.273999999999997,30.244,31.064,85817097.0,002156,通富微电
2025-02-27,31.163999999999998,31.214,29.773999999999997,30.253999999999998,81267420.0,002156,通富微电
2025-02-28,29.913999999999998,30.134,28.244,28.384,77297190.0,002156,通富微电
2025-03-03,28.674,28.854,28.044,28.304,45928055.0,002156,通富微电
2025-03-04,27.894,29.014,27.814,28.863999999999997,48829780.0,002156,通富微电
2025-03-05,28.863999999999997,29.154,28.464,28.753999999999998,35260715.0,002156,通富微电
2025-03-06,28.874,29.424,28.874,29.244,53795771.0,002156,通富微电
2025-03-07,28.964,29.073999999999998,28.573999999999998,28.683999999999997,43211222.0,002156,通富微电
2025-03-10,28.624,28.823999999999998,28.323999999999998,28.573999999999998,28775053.0,002156,通富微电
2025-03-11,28.174,28.663999999999998,28.064,28.424,30661190.0,002156,通富微电
2025-03-12,28.523999999999997,28.823999999999998,28.394,28.514,34094301.0,002156,通富微电
2025-03-13,28.514,28.514,27.474,27.663999999999998,47064572.0,002156,通富微电
2025-03-14,27.674,28.474,27.554,28.474,42663504.0,002156,通富微电
2025-03-17,28.503999999999998,28.654,28.273999999999997,28.453999999999997,27431397.0,002156,通富微电
2025-03-18,28.523999999999997,28.834,28.424,28.573999999999998,27815675.0,002156,通富微电
2025-03-19,28.554,28.634,28.154,28.233999999999998,23542224.0,002156,通富微电
2025-03-20,28.244,28.334,27.913999999999998,27.953999999999997,23581100.0,002156,通富微电
2025-03-21,27.814,27.953999999999997,27.144,27.273999999999997,32316781.0,002156,通富微电
2025-03-24,27.174,27.464,26.724,27.464,27097980.0,002156,通富微电
2025-03-25,27.464,27.483999999999998,26.884,27.014,21302573.0,002156,通富微电
2025-03-26,27.014,27.273999999999997,26.913999999999998,26.953999999999997,16130207.0,002156,通富微电
2025-03-27,26.874,27.514,26.683999999999997,27.144,25263906.0,002156,通富微电
2025-03-28,27.134,27.214,26.904,26.904,16600800.0,002156,通富微电
2025-03-31,26.823999999999998,26.894,26.284,26.644,22622543.0,002156,通富微电
2025-04-01,26.744,27.034,26.663999999999998,26.703999999999997,17448300.0,002156,通富微电
2025-04-02,26.694,26.974,26.644,26.753999999999998,14371150.0,002156,通富微电
2025-04-03,26.453999999999997,27.064,26.154,26.413999999999998,22067881.0,002156,通富微电
2025-04-07,23.874,25.054,23.764,23.764,33680411.0,002156,通富微电
2025-04-08,23.374,23.983999999999998,21.974,22.654,57774216.0,002156,通富微电
2025-04-09,22.073999999999998,23.644,21.374,23.354,58387985.0,002156,通富微电
2025-04-10,24.073999999999998,24.474,23.814,23.924,46831368.0,002156,通富微电
2025-04-11,23.714,26.334,23.634,26.134,110971465.0,002156,通富微电
2025-04-14,26.034,26.233999999999998,25.823999999999998,25.974,77918169.0,002156,通富微电
2025-04-15,26.073999999999998,26.154,25.474,25.663999999999998,38689834.0,002156,通富微电
2025-04-16,25.624,25.994,25.224,25.644,31889844.0,002156,通富微电
2025-04-17,25.474,26.064,25.374,25.444,34971300.0,002156,通富微电
2025-04-18,25.273999999999997,25.453999999999997,25.054,25.224,23083814.0,002156,通富微电
2025-04-21,25.264,25.554,25.214,25.514,21238110.0,002156,通富微电
2025-04-22,25.474,25.854,25.354,25.494,26562049.0,002156,通富微电
2025-04-23,25.613999999999997,25.894,25.494,25.724,27969878.0,002156,通富微电
2025-04-24,25.773999999999997,25.773999999999997,25.034,25.073999999999998,25455968.0,002156,通富微电
2025-04-25,25.174,25.624,25.054,25.304,22280521.0,002156,通富微电
2025-04-28,25.304,25.453999999999997,25.003999999999998,25.023999999999997,17922400.0,002156,通富微电
2025-04-29,24.994,25.273999999999997,24.834,25.244,16845646.0,002156,通富微电
2025-04-30,25.244,25.624,25.113999999999997,25.494,23336382.0,002156,通富微电
2025-05-06,25.784,26.073999999999998,25.644,26.073999999999998,31957703.0,002156,通富微电
2025-05-07,26.404,26.453999999999997,25.674,25.834,31330226.0,002156,通富微电
2025-05-08,25.753999999999998,26.253999999999998,25.733999999999998,26.174,28716212.0,002156,通富微电
2025-05-09,26.124,26.124,25.424,25.564,25138125.0,002156,通富微电
2025-05-12,25.804,26.054,25.694,25.933999999999997,23387534.0,002156,通富微电
2025-05-13,26.244,26.244,25.683999999999997,25.714,21608048.0,002156,通富微电
2025-05-14,25.733999999999998,26.044,25.674,25.814,22328360.0,002156,通富微电
2025-05-15,25.874,25.884,25.073999999999998,25.073999999999998,22974143.0,002156,通富微电
2025-05-16,24.974,25.304,24.924,25.073999999999998,13466821.0,002156,通富微电
2025-05-19,24.054,24.273999999999997,23.674,24.194,50705436.0,002156,通富微电
2025-05-20,24.183999999999997,24.494,23.994,24.384,21171046.0,002156,通富微电
2025-05-21,24.384,24.384,24.014,24.144,17227724.0,002156,通富微电
2025-05-22,24.104,24.374,23.884,23.913999999999998,17412567.0,002156,通富微电
2025-05-23,23.884,24.064,23.413999999999998,23.424,21658842.0,002156,通富微电
2025-05-26,23.624,24.253999999999998,23.573999999999998,23.804,17102813.0,002156,通富微电
2025-05-27,23.703999999999997,23.744,23.384,23.444,12507004.0,002156,通富微电
2025-05-28,23.483999999999998,23.564,23.174,23.183999999999997,13669648.0,002156,通富微电
2025-05-29,23.174,23.814,23.154,23.784,22905619.0,002156,通富微电
2025-05-30,23.624,23.654,23.284,23.314,14309000.0,002156,通富微电
2025-06-03,22.974,23.384,22.953999999999997,23.134,13164846.0,002156,通富微电
2025-06-04,23.134,23.483999999999998,23.134,23.384,13999561.0,002156,通富微电
2025-06-05,23.384,23.874,23.273999999999997,23.843999999999998,23363102.0,002156,通富微电
2025-06-06,23.854,23.884,23.644,23.744,14421457.0,002156,通富微电
2025-06-09,23.744,23.964,23.694,23.854,14446962.0,002156,通富微电
2025-06-10,23.874,23.894,23.224,23.374,18756799.0,002156,通富微电
2025-06-11,23.334,23.663999999999998,23.334,23.413999999999998,14554013.0,002156,通富微电
2025-06-12,23.314,23.433999999999997,23.183999999999997,23.203999999999997,16520788.0,002156,通富微电
2025-06-13,23.134,23.363999999999997,22.904,22.974,23260534.0,002156,通富微电
2025-06-16,22.874,23.323999999999998,22.773999999999997,23.174,15094838.0,002156,通富微电
2025-06-17,23.319,23.889,23.239,23.529,31470084.0,002156,通富微电
2025-06-18,23.529,24.269000000000002,23.419,23.989,41319161.0,002156,通富微电
2025-06-19,23.889,24.109,23.619,23.719,27024800.0,002156,通富微电
2025-06-20,23.739,24.119,23.479,23.509,19466762.0,002156,通富微电
2025-06-23,23.219,24.619,23.199,24.359,56701467.0,002156,通富微电
2025-06-24,24.339000000000002,24.669,24.299,24.619,35659569.0,002156,通富微电
2025-06-25,24.779,24.919,24.529,24.909,40337997.0,002156,通富微电
2025-06-26,25.109,25.159,24.619,24.619,37280261.0,002156,通富微电
2025-06-27,25.009,25.899,24.769000000000002,25.279,73559339.0,002156,通富微电
2025-06-30,25.449,25.859,25.309,25.539,47381371.0,002156,通富微电
2025-07-01,25.429000000000002,26.419,25.249,25.819,56965163.0,002156,通富微电
2025-07-02,25.639,25.649,25.069,25.209,35837408.0,002156,通富微电
2025-07-03,25.119,25.399,25.059,25.309,23360135.0,002156,通富微电
2025-07-04,25.309,25.449,24.919,25.009,26159767.0,002156,通富微电
2025-07-07,24.929000000000002,25.109,24.729,24.839000000000002,16710143.0,002156,通富微电
2025-07-08,24.969,25.259,24.919,25.149,22389390.0,002156,通富微电
2025-07-09,25.099,25.199,24.779,24.879,20688232.0,002156,通富微电
2025-07-10,24.779,24.939,24.719,24.829,17998900.0,002156,通富微电
2025-07-11,24.869,25.679000000000002,24.679000000000002,25.399,40667078.0,002156,通富微电
2025-07-14,25.389,25.889,25.199,25.679000000000002,34832200.0,002156,通富微电
2025-07-15,25.649,25.789,25.299,25.529,25891890.0,002156,通富微电
2025-07-16,25.689,26.579,25.679000000000002,25.829,61571523.0,002156,通富微电
2025-07-17,25.529,25.969,25.359,25.969,39158676.0,002156,通富微电
2025-07-18,25.969,26.169,25.759,25.879,26932956.0,002156,通富微电
2025-07-21,25.749,25.899,25.599,25.759,23499558.0,002156,通富微电
2025-07-22,25.719,26.059,25.649,25.919,29180096.0,002156,通富微电
2025-07-23,25.819,26.079,25.709,25.799,27834273.0,002156,通富微电
2025-07-24,25.779,26.379,25.779,26.299,45129811.0,002156,通富微电
2025-07-25,26.399,26.559,26.049,26.489,38163073.0,002156,通富微电
2025-07-28,26.619,28.119,26.619,27.419,97899608.0,002156,通富微电
2025-07-29,27.269000000000002,28.019000000000002,27.219,27.769000000000002,71310082.0,002156,通富微电
2025-07-30,27.779,28.039,27.229,27.799,58950974.0,002156,通富微电
2025-07-31,27.729,28.419,27.619,28.039,91686864.0,002156,通富微电
2025-08-01,27.799,28.029,26.949,27.049,61425735.0,002156,通富微电
2025-08-04,26.739,27.159,26.719,27.029,30041579.0,002156,通富微电
2025-08-05,27.019000000000002,27.159,26.799,27.149,30016144.0,002156,通富微电
2025-08-06,26.919,27.799,26.659,27.649,50460521.0,002156,通富微电
2025-08-07,27.399,27.789,27.249,27.469,48906554.0,002156,通富微电
2025-08-08,27.299,27.299,26.709,26.719,40139852.0,002156,通富微电
2025-08-11,26.739,27.709,26.729,27.369,44498167.0,002156,通富微电
2025-08-12,27.319,28.869,27.049,28.619,107460238.0,002156,通富微电
2025-08-13,28.379,28.589000000000002,28.159,28.509,59537760.0,002156,通富微电
2025-08-14,28.859,29.419,27.919,28.469,107966929.0,002156,通富微电
2025-08-15,28.329,28.729,28.169,28.579,63319840.0,002156,通富微电
2025-08-18,28.889,29.579,28.479,29.469,101556896.0,002156,通富微电
2025-08-19,29.459,29.459,28.709,28.719,77045199.0,002156,通富微电
2025-08-20,28.509,29.479,28.239,29.219,76574137.0,002156,通富微电
2025-08-21,29.209,29.859,28.719,28.789,66374034.0,002156,通富微电
2025-08-22,28.789,30.399,28.789,30.149,140909517.0,002156,通富微电
2025-08-25,30.489,30.979,29.559,29.939,126623901.0,002156,通富微电
2025-08-26,29.709,30.399,29.469,29.809,80242454.0,002156,通富微电
2025-08-27,29.829,30.779,29.319,29.419,121072874.0,002156,通富微电
2025-08-28,29.399,30.009,29.079,29.999,86794619.0,002156,通富微电
2025-08-29,31.649,33.009,31.499,33.009,177962237.0,002156,通富微电
2025-09-01,35.358999999999995,35.919,33.498999999999995,34.799,327152969.0,002156,通富微电
2025-09-02,33.909,36.199,33.888999999999996,34.059,259145066.0,002156,通富微电
2025-09-03,33.818999999999996,37.049,33.169,35.278999999999996,258865047.0,002156,通富微电
2025-09-04,34.568999999999996,34.799,31.739,31.739,205140415.0,002156,通富微电
2025-09-05,31.239,32.419,30.179000000000002,32.129,171511502.0,002156,通富微电
2025-09-08,31.769000000000002,33.568999999999996,31.259,32.888999999999996,167266062.0,002156,通富微电
2025-09-09,32.259,32.559,31.119,31.129,115228411.0,002156,通富微电
2025-09-10,31.509,32.339,31.119,31.349,92847900.0,002156,通富微电
2025-09-11,31.149,32.82899999999999,31.019000000000002,32.818999999999996,136054321.0,002156,通富微电
2025-09-12,32.82899999999999,33.82899999999999,32.439,33.028999999999996,132326571.0,002156,通富微电
2025-09-15,33.919,34.028999999999996,32.849,32.869,109341917.0,002156,通富微电
2025-09-16,32.919,33.799,32.799,33.379,99238317.0,002156,通富微电
2025-09-17,33.269,34.269,33.019,33.669,92270927.0,002156,通富微电
2025-09-18,33.678999999999995,36.57899999999999,33.519,34.759,200747410.0,002156,通富微电
2025-09-19,34.919,35.669,34.049,34.299,133066251.0,002156,通富微电
2025-09-22,34.099,35.519,33.818999999999996,34.879,101949039.0,002156,通富微电
2025-09-23,35.068999999999996,35.218999999999994,33.278999999999996,34.208999999999996,108678409.0,002156,通富微电
2025-09-24,35.049,37.638999999999996,34.928999999999995,37.638999999999996,95661931.0,002156,通富微电
2025-09-25,39.599,39.898999999999994,38.318999999999996,38.718999999999994,272186216.0,002156,通富微电
2025-09-26,37.968999999999994,38.919,37.629,37.629,137459157.0,002156,通富微电
2025-09-29,37.718999999999994,38.619,37.479,38.099,135829592.0,002156,通富微电
2025-09-30,38.599,40.979,38.199,40.089,192032918.0,002156,通富微电
2025-10-09,44.108999999999995,44.108999999999995,44.108999999999995,44.108999999999995,13079998.0,002156,通富微电
2025-10-10,44.989,47.909,44.538999999999994,45.519,328054360.0,002156,通富微电
2025-10-13,40.958999999999996,47.449,40.958999999999996,46.888999999999996,263373345.0,002156,通富微电
2025-10-14,46.059,46.059,42.189,42.199,226357817.0,002156,通富微电
2025-10-15,41.538999999999994,42.799,39.648999999999994,42.398999999999994,141043771.0,002156,通富微电
2025-10-16,43.099,44.949,42.538999999999994,42.739,167685855.0,002156,通富微电
2025-10-17,41.099,41.419,38.599,38.689,172229890.0,002156,通富微电
2025-10-20,39.629,40.419,38.799,39.189,108457317.0,002156,通富微电
2025-10-21,39.208999999999996,40.778999999999996,39.199,40.509,103950090.0,002156,通富微电
2025-10-22,40.509,40.919,39.718999999999994,40.288999999999994,72790649.0,002156,通富微电
2025-10-23,39.82899999999999,40.169,38.888999999999996,39.629,68006109.0,002156,通富微电
2025-10-24,40.208999999999996,41.858999999999995,39.928999999999995,41.799,115700649.0,002156,通富微电
2025-10-27,43.068999999999996,44.108999999999995,42.57899999999999,43.858999999999995,142673361.0,002156,通富微电
2025-10-28,44.009,45.369,43.769,44.059,149426767.0,002156,通富微电
2025-10-29,44.059,45.169,43.669,44.519,111028602.0,002156,通富微电
2025-10-30,44.858999999999995,46.259,44.068999999999996,44.599,139426710.0,002156,通富微电
2025-10-31,43.678999999999995,43.998999999999995,42.32899999999999,42.369,112998448.0,002156,通富微电
2025-11-03,41.919,42.32899999999999,40.148999999999994,41.659,89585968.0,002156,通富微电
2025-11-04,41.659,42.398999999999994,40.489,40.799,68073834.0,002156,通富微电
2025-11-05,39.428999999999995,40.318999999999996,39.218999999999994,40.07899999999999,67311895.0,002156,通富微电
2025-11-06,40.619,41.919,40.288999999999994,41.538999999999994,82502783.0,002156,通富微电
2025-11-07,40.419,40.778999999999996,39.939,40.099,60431968.0,002156,通富微电
2025-11-10,40.218999999999994,40.799,39.419,40.059,55280662.0,002156,通富微电
2025-11-11,40.479,40.678999999999995,38.638999999999996,38.718999999999994,66916078.0,002156,通富微电
2025-11-12,38.259,38.998999999999995,37.428999999999995,38.748999999999995,55522752.0,002156,通富微电
2025-11-13,39.419,40.07899999999999,38.979,39.218999999999994,62037333.0,002156,通富微电
2025-11-14,38.248999999999995,38.519,37.699,37.699,53050792.0,002156,通富微电
2025-11-17,37.468999999999994,38.148999999999994,37.189,37.468999999999994,36954448.0,002156,通富微电
2025-11-18,37.388999999999996,38.199,37.119,37.708999999999996,41455940.0,002156,通富微电
2025-11-19,37.32899999999999,37.858999999999995,37.038999999999994,37.229,30141908.0,002156,通富微电
2025-11-20,37.888999999999996,38.009,36.568999999999996,36.678999999999995,34790879.0,002156,通富微电
2025-11-21,35.919,36.559,35.019,35.169,50861587.0,002156,通富微电
2025-11-24,35.339,35.519,34.568999999999996,35.229,37941536.0,002156,通富微电
2025-11-25,35.729,36.778999999999996,35.599,35.888999999999996,50163930.0,002156,通富微电
2025-11-26,35.458999999999996,36.57899999999999,35.369,36.049,40227407.0,002156,通富微电
2025-11-27,36.278999999999996,37.318999999999996,36.159,36.278999999999996,51583244.0,002156,通富微电
2025-11-28,36.038999999999994,36.809,36.038999999999994,36.528999999999996,35892343.0,002156,通富微电
2025-12-01,37.189,37.409,36.559,37.409,46715466.0,002156,通富微电
2025-12-02,37.189,37.318999999999996,36.439,36.689,37180238.0,002156,通富微电
2025-12-03,36.849,37.159,36.019,36.339,30055929.0,002156,通富微电
2025-12-04,36.028999999999996,36.858999999999995,35.769,36.669,28146908.0,002156,通富微电
2025-12-05,36.669,36.699,35.989,36.509,30485359.0,002156,通富微电
2025-12-08,36.718999999999994,38.028999999999996,36.718999999999994,37.549,56267621.0,002156,通富微电
2025-12-09,37.699,38.239,37.398999999999994,37.568999999999996,49981064.0,002156,通富微电
2025-12-10,37.809,38.349,36.759,37.538999999999994,37583034.0,002156,通富微电
2025-12-11,37.538999999999994,37.638999999999996,36.599,36.629,35957760.0,002156,通富微电
2025-12-12,36.638999999999996,37.318999999999996,35.928999999999995,37.099,43155984.0,002156,通富微电
2025-12-15,36.428999999999995,36.799,36.239,36.358999999999995,29689832.0,002156,通富微电
2025-12-16,36.108999999999995,36.218999999999994,34.919,35.208999999999996,35563013.0,002156,通富微电
2025-12-17,35.278999999999996,36.299,34.939,36.208999999999996,32443395.0,002156,通富微电
2025-12-18,35.638999999999996,36.528999999999996,35.519,35.669,25641747.0,002156,通富微电
2025-12-19,36.099,36.669,35.689,35.689,36465128.0,002156,通富微电
2025-12-22,36.038999999999994,37.278999999999996,35.998999999999995,37.108999999999995,53861013.0,002156,通富微电
2025-12-23,37.049,37.818999999999996,36.968999999999994,37.388999999999996,48238808.0,002156,通富微电
2025-12-24,37.468999999999994,37.769,37.229,37.648999999999994,37672539.0,002156,通富微电
2025-12-25,37.669,37.818999999999996,37.218999999999994,37.538999999999994,35498923.0,002156,通富微电
2025-12-26,37.428999999999995,37.879,37.218999999999994,37.428999999999995,33698341.0,002156,通富微电
2025-12-29,37.659,38.028999999999996,37.189,37.318999999999996,38561353.0,002156,通富微电
2025-12-30,37.309,38.638999999999996,37.309,38.208999999999996,65945508.0,002156,通富微电
2025-12-31,38.309,38.509,37.519,37.619,43973982.0,002156,通富微电
2026-01-05,38.049,39.528999999999996,38.028999999999996,39.458999999999996,79855401.0,002156,通富微电
2026-01-06,39.458999999999996,40.419,39.108999999999995,39.888999999999996,78577572.0,002156,通富微电
2026-01-07,40.559,40.708999999999996,39.419,39.998999999999995,78641574.0,002156,通富微电
2026-01-08,39.608999999999995,40.919,39.479,39.919,72056153.0,002156,通富微电
2026-01-09,40.138999999999996,42.788999999999994,40.138999999999996,41.748999999999995,103977115.0,002156,通富微电
2026-01-12,41.818999999999996,43.398999999999994,41.458999999999996,42.178999999999995,118102289.0,002156,通富微电
2026-01-13,42.119,42.119,40.038999999999994,40.239,81853023.0,002156,通富微电
2026-01-14,41.019,41.849,40.269,40.839,76933384.0,002156,通富微电
2026-01-15,40.428999999999995,42.519,40.318999999999996,42.519,84101808.0,002156,通富微电
2026-01-16,43.369,46.778999999999996,42.669,46.778999999999996,177711950.0,002156,通富微电
2026-01-19,47.419,48.568999999999996,45.849,48.108999999999995,201159480.0,002156,通富微电
2026-01-20,47.619,52.718999999999994,47.538999999999994,50.928999999999995,200667684.0,002156,通富微电
2026-01-21,50.919,56.028999999999996,49.919,56.028999999999996,142412678.0,002156,通富微电
2026-01-22,57.869,59.119,54.778999999999996,55.919,288494283.0,002156,通富微电
2026-01-23,54.559,57.259,53.599,56.259,237120619.0,002156,通富微电
2026-01-26,55.958999999999996,56.869,51.619,51.718999999999994,210196175.0,002156,通富微电
2026-01-27,51.809,53.57899999999999,50.248999999999995,53.169,199551055.0,002156,通富微电
2026-01-28,53.708999999999996,55.708999999999996,53.278999999999996,54.028999999999996,183681339.0,002156,通富微电
2026-01-29,54.068999999999996,55.099,51.199,51.388999999999996,155899153.0,002156,通富微电
2026-01-30,50.528999999999996,52.619,49.299,51.979,121995340.0,002156,通富微电
2026-02-02,50.479,50.869,48.718999999999994,48.799,93390621.0,002156,通富微电
2026-02-03,49.919,50.869,48.759,50.809,95525172.0,002156,通富微电
2026-02-04,49.718999999999994,49.869,48.119,48.968999999999994,84173879.0,002156,通富微电
2026-02-05,47.248999999999995,47.759,46.129,47.638999999999996,85701117.0,002156,通富微电
2026-02-06,46.689,47.479,46.07899999999999,46.818999999999996,57760954.0,002156,通富微电
2026-02-09,47.82899999999999,49.299,47.009,48.759,97578539.0,002156,通富微电
2026-02-10,48.818999999999996,49.208999999999996,47.998999999999995,48.07899999999999,60422645.0,002156,通富微电
2026-02-11,47.919,48.57899999999999,47.528999999999996,47.689,44519737.0,002156,通富微电
2026-02-12,48.398999999999994,49.259,47.979,48.919,81668538.0,002156,通富微电
2026-02-13,48.119,49.589,47.718999999999994,48.428999999999995,70797104.0,002156,通富微电
2026-02-24,48.919,49.718999999999994,47.968999999999994,49.07899999999999,82531224.0,002156,通富微电
2026-02-25,51.059,52.419,49.299,50.439,163486193.0,002156,通富微电
2026-02-26,50.468999999999994,52.748999999999995,50.218999999999994,52.189,144754945.0,002156,通富微电
2026-02-27,50.419,52.898999999999994,49.519,51.928999999999995,117618750.0,002156,通富微电
2026-03-02,50.879,52.769,50.468999999999994,50.818999999999996,115872900.0,002156,通富微电
2026-03-03,51.019,52.309,47.919,47.958999999999996,122816220.0,002156,通富微电
2026-03-04,47.108999999999995,49.699,47.108999999999995,48.108999999999995,80605819.0,002156,通富微电
2026-03-05,49.519,50.099,48.218999999999994,48.759,79835838.0,002156,通富微电
2026-03-06,48.299,49.278999999999996,47.629,47.849,65673292.0,002156,通富微电
2026-03-09,45.919,46.919,44.419,46.669,85844159.0,002156,通富微电
2026-03-10,47.699,48.199,47.148999999999994,47.82899999999999,58689095.0,002156,通富微电
2026-03-11,47.82899999999999,48.57899999999999,46.858999999999995,47.009,62565429.0,002156,通富微电
2026-03-12,46.818999999999996,48.178999999999995,45.788999999999994,46.248999999999995,58428205.0,002156,通富微电
2026-03-13,45.858999999999995,46.879,45.278999999999996,45.778999999999996,48571797.0,002156,通富微电
2026-03-16,45.599,47.059,44.248999999999995,46.718999999999994,72685537.0,002156,通富微电
2026-03-17,47.119,47.699,45.108999999999995,45.169,56403241.0,002156,通富微电
2026-03-18,45.82899999999999,47.419,45.379,47.318999999999996,88155734.0,002156,通富微电
2026-03-19,46.299,46.998999999999995,45.638999999999996,45.869,70009647.0,002156,通富微电
2026-03-20,46.269,46.398999999999994,44.259,44.259,63641845.0,002156,通富微电
2026-03-23,43.259,43.888999999999996,41.199,41.498999999999995,67403039.0,002156,通富微电
2026-03-24,42.419,42.428999999999995,40.458999999999996,41.998999999999995,49330974.0,002156,通富微电
2026-03-25,42.419,43.958999999999996,42.218999999999994,43.439,61378662.0,002156,通富微电
2026-03-26,43.519,44.299,42.449,42.678999999999995,39396468.0,002156,通富微电
2026-03-27,41.909,43.07899999999999,41.318999999999996,42.369,34881108.0,002156,通富微电
2026-03-30,41.519,42.708999999999996,41.288999999999994,42.419,33935760.0,002156,通富微电
2026-03-31,42.299,42.498999999999995,41.129,41.248999999999995,33875585.0,002156,通富微电
2026-04-01,42.409,42.599,41.769,42.32899999999999,38372246.0,002156,通富微电
2026-04-02,42.32899999999999,42.32899999999999,40.419,40.689,38441856.0,002156,通富微电
2026-04-03,41.119,41.169,40.318999999999996,40.339,28133921.0,002156,通富微电
2026-04-07,40.678999999999995,41.339,40.568999999999996,41.108999999999995,35382366.0,002156,通富微电
2026-04-08,42.498999999999995,44.669,42.32899999999999,44.568999999999996,73647309.0,002156,通富微电
2026-04-09,43.608999999999995,45.189,43.439,44.659,60585804.0,002156,通富微电
2026-04-10,45.159,46.619,44.989,45.148999999999994,63710246.0,002156,通富微电
2026-04-13,44.919,46.309,44.799,45.568999999999996,53593019.0,002156,通富微电
2026-04-14,46.269,47.038999999999994,45.739,46.669,71784133.0,002156,通富微电
2026-04-15,46.769,48.648999999999994,46.538999999999994,46.909,88574326.0,002156,通富微电
2026-04-16,47.409,48.278999999999996,46.369,47.939,76726874.0,002156,通富微电
2026-04-17,48.229,49.089,47.809,48.099,95030758.0,002156,通富微电
2026-04-20,48.148999999999994,49.159,47.449,48.409,73121062.0,002156,通富微电
2026-04-21,48.138999999999996,48.169,46.218999999999994,47.148999999999994,75585201.0,002156,通富微电
2026-04-22,47.718999999999994,48.839,46.528999999999996,48.809,93017751.0,002156,通富微电
2026-04-23,49.129,49.269,46.809,47.159,79445856.0,002156,通富微电
2026-04-24,48.689,51.099,48.309,48.339,124671688.0,002156,通富微电
2026-04-27,50.778999999999996,51.968999999999994,49.759,51.119,157788110.0,002156,通富微电
2026-04-28,50.769,52.019,49.629,50.169,115934440.0,002156,通富微电
2026-04-29,49.218999999999994,49.759,48.028999999999996,49.419,92504640.0,002156,通富微电
2026-04-30,50.898999999999994,52.809,50.148999999999994,51.689,132036280.0,002156,通富微电
2026-05-06,56.869,56.869,56.858999999999995,56.869,44978515.0,002156,通富微电
2026-05-07,60.718999999999994,60.718999999999994,57.519,58.998999999999995,251739660.0,002156,通富微电
2026-05-08,58.229,58.519,56.309,57.07899999999999,162379020.0,002156,通富微电
2026-05-11,59.928999999999995,62.148999999999994,59.32899999999999,61.138999999999996,201583240.0,002156,通富微电
2026-05-12,61.138999999999996,61.199,58.919,59.398999999999994,137959350.0,002156,通富微电
2026-05-13,57.809,60.919,56.849,60.778999999999996,149735810.0,002156,通富微电
2026-05-14,60.849,61.119,57.309,57.318999999999996,130148166.0,002156,通富微电
2026-05-15,57.919,60.038999999999994,55.159,56.939,158313120.0,002156,通富微电
2026-05-18,57.519,60.028999999999996,56.979,57.989,134776640.0,002156,通富微电
2026-05-19,56.799,59.07899999999999,54.928999999999995,58.778999999999996,138211970.0,002156,通富微电
2026-05-20,58.498999999999995,63.759,58.468999999999994,62.199,198689180.0,002156,通富微电
2026-05-21,63.919,66.79899999999999,61.32899999999999,61.678999999999995,239668010.0,002156,通富微电
2026-05-22,61.729,64.259,60.049,63.358999999999995,200825150.0,002156,通富微电
2026-05-25,64.189,69.699,62.718999999999994,69.699,227939690.0,002156,通富微电
2026-05-26,72.939,76.679,69.849,75.309,339104120.0,002156,通富微电
2026-05-27,72.889,78.479,71.349,71.439,283496430.0,002156,通富微电
2026-05-28,69.5,70.88,67.6,69.3,196069730.0,002156,通富微电
2026-05-29,70.11,70.9,64.63,66.0,193985190.0,002156,通富微电
2026-06-01,65.0,66.0,60.96,61.39,158786300.0,002156,通富微电
2026-06-02,61.39,64.69,59.4,63.84,162998140.0,002156,通富微电
2026-06-03,67.69,70.22,66.18,70.22,176502470.0,002156,通富微电
2026-06-04,70.01,72.5,69.2,71.1,202609150.0,002156,通富微电
2026-06-05,70.8,71.01,66.37,66.84,147987900.0,002156,通富微电
2026-06-08,63.0,64.58,61.08,62.26,121568182.0,002156,通富微电
2026-06-09,63.88,64.8,61.76,64.43,128026548.0,002156,通富微电
2026-06-10,62.0,63.67,60.16,61.44,111972871.0,002156,通富微电
2026-06-11,60.99,61.49,59.23,60.09,91814093.0,002156,通富微电
2026-06-12,62.69,62.96,57.08,57.22,145541640.0,002156,通富微电
2026-06-15,58.66,61.58,56.68,61.54,125544435.0,002156,通富微电
2026-06-16,62.41,63.5,61.74,62.93,124742380.0,002156,通富微电
2026-06-17,62.72,69.0,62.01,67.22,179471720.0,002156,通富微电
2026-06-18,66.99,69.35,66.39,68.27,163341800.0,002156,通富微电
2026-06-22,69.7,72.12,67.73,71.25,205216950.0,002156,通富微电
2026-06-23,70.0,71.3,67.08,68.42,142535600.0,002156,通富微电
2026-06-24,69.01,74.83,68.2,74.64,201596970.0,002156,通富微电
2026-06-25,76.67,79.38,74.0,77.81,210277817.0,002156,通富微电
2026-06-26,76.0,77.83,71.56,71.6,196744650.0,002156,通富微电
2026-06-29,72.2,74.94,67.0,72.58,169901506.0,002156,通富微电
2026-06-30,71.19,75.97,69.8,75.87,155699067.0,002156,通富微电
2026-07-01,76.2,78.58,72.4,73.91,158048728.0,002156,通富微电
2026-07-02,70.0,71.3,66.6,67.37,136481252.0,002156,通富微电
2026-07-03,67.67,67.99,63.88,64.8,104183554.0,002156,通富微电
2026-07-06,66.65,68.47,64.3,66.18,110819098.0,002156,通富微电
2026-07-07,65.0,69.8,64.0,68.21,126055323.0,002156,通富微电
2026-07-08,67.7,68.8,62.42,65.61,114466768.0,002156,通富微电
2026-07-09,66.92,72.17,65.33,72.17,163246591.0,002156,通富微电
2026-07-10,74.0,77.67,70.78,70.95,202527658.0,002156,通富微电
2026-07-13,70.7,77.66,70.39,73.57,213880418.0,002156,通富微电
2026-07-14,71.49,77.87,68.4,77.87,242989997.0,002156,通富微电
2026-07-15,84.1,84.7,75.8,78.71,293539875.0,002156,通富微电
2026-07-16,70.85,80.8,70.84,75.95,240507456.0,002156,通富微电
2026-07-17,74.97,75.94,68.36,68.36,198089072.0,002156,通富微电
2026-07-20,70.02,72.0,61.53,63.0,200637694.0,002156,通富微电
2026-07-21,64.26,69.3,57.0,69.3,209291152.0,002156,通富微电
2026-07-22,71.71,76.23,70.88,74.9,247883768.0,002156,通富微电
2026-07-23,75.99,76.78,69.3,69.82,205710483.0,002156,通富微电
2026-07-24,68.03,76.8,68.03,76.64,263409653.0,002156,通富微电
2026-07-27,72.88,76.7,71.0,76.67,232111609.0,002156,通富微电
2026-07-28,72.07,73.85,69.0,69.0,191701044.0,002156,通富微电
2026-07-29,65.88,66.5,62.1,62.1,198173689.0,002156,通富微电
2026-07-30,61.07,61.43,55.89,55.89,161022815.0,002156,通富微电
2026-07-31,59.0,60.48,56.65,56.73,182744085.0,002156,通富微电
2026-08-03,55.06,55.6,51.23,51.34,161512273.0,002156,通富微电
2026-08-04,52.84,55.93,51.66,55.6,142608554.0,002156,通富微电
2026-08-05,54.01,59.45,54.01,58.0,165749296.0,002156,通富微电
2026-08-06,56.01,62.81,56.01,60.96,159068224.0,002156,通富微电
2026-08-07,60.94,65.78,59.86,64.72,162724891.0,002156,通富微电
2026-08-10,64.73,64.83,62.0,63.2,102389089.0,002156,通富微电
2026-08-11,62.49,64.3,61.8,62.06,86614734.0,002156,通富微电
2026-08-12,62.91,64.11,61.82,62.86,72402417.0,002156,通富微电
2026-08-13,63.82,64.61,62.1,62.22,92379085.0,002156,通富微电
2026-08-14,63.02,63.43,61.21,62.96,70711933.0,002156,通富微电
2026-08-17,63.41,69.26,63.4,69.26,147624304.0,002156,通富微电
2026-08-18,71.2,72.56,69.28,70.66,183754844.0,002156,通富微电
2026-08-19,69.0,69.89,63.59,63.59,149921189.0,002156,通富微电
2026-08-20,63.7,65.14,61.45,63.15,122876932.0,002156,通富微电
2026-08-21,63.82,65.92,63.01,63.88,96905063.0,002156,通富微电
2026-08-24,63.08,63.58,59.57,61.24,91347419.0,002156,通富微电
2026-08-25,60.0,62.06,59.33,60.9,63592725.0,002156,通富微电
2026-08-26,61.97,62.7,60.39,61.25,62420397.0,002156,通富微电
2026-08-27,61.88,63.87,61.14,63.73,86562956.0,002156,通富微电
2026-08-28,63.4,65.9,63.24,63.75,91780541.0,002156,通富微电
2026-08-31,61.42,64.62,61.4,64.56,78987069.0,002156,通富微电
2026-09-01,64.59,64.6,61.3,61.38,79538571.0,002156,通富微电
2026-09-02,60.12,60.79,59.54,59.7,54134014.0,002156,通富微电
2026-09-03,60.6,60.8,58.85,59.53,45502962.0,002156,通富微电
2026-09-04,59.97,60.66,56.38,56.87,82164431.0,002156,通富微电
2026-09-07,57.88,59.88,57.65,59.15,66352479.0,002156,通富微电
2026-09-08,59.15,60.04,57.97,58.32,61196489.0,002156,通富微电
2026-09-09,59.22,59.8,57.87,58.35,47574616.0,002156,通富微电
2026-09-10,57.65,59.23,57.51,58.34,41421512.0,002156,通富微电
2026-09-11,57.01,58.4,56.22,58.0,55013059.0,002156,通富微电
2026-09-14,57.3,57.88,56.33,56.75,36926145.0,002156,通富微电
