date,open,high,low,close,volume,code,name
2021-09-13,19.42307692307692,19.523076923076918,19.007692307692306,19.35384615384615,9602633.0,002396,星网锐捷
2021-09-14,19.346153846153843,19.42307692307692,18.507692307692306,18.553846153846152,12038802.0,002396,星网锐捷
2021-09-15,18.499999999999996,18.769230769230766,18.18461538461538,18.48461538461538,9889138.0,002396,星网锐捷
2021-09-16,18.48461538461538,18.607692307692304,17.730769230769226,17.88461538461538,14267882.0,002396,星网锐捷
2021-09-17,17.89230769230769,18.32307692307692,17.44615384615384,17.95384615384615,8885312.0,002396,星网锐捷
2021-09-22,17.830769230769228,18.13076923076923,17.730769230769226,17.88461538461538,6670876.0,002396,星网锐捷
2021-09-23,17.969230769230766,18.75384615384615,17.92307692307692,18.43076923076923,13963568.0,002396,星网锐捷
2021-09-24,18.415384615384614,19.115384615384613,18.346153846153843,18.576923076923077,14470718.0,002396,星网锐捷
2021-09-27,18.884615384615383,18.9,18.09230769230769,18.299999999999997,9111530.0,002396,星网锐捷
2021-09-28,18.307692307692307,18.769230769230766,17.823076923076922,18.65384615384615,8363295.0,002396,星网锐捷
2021-09-29,18.48461538461538,18.538461538461537,17.75384615384615,17.792307692307688,8819828.0,002396,星网锐捷
2021-09-30,17.846153846153843,18.43846153846154,17.815384615384612,18.299999999999997,7025317.0,002396,星网锐捷
2021-10-08,18.47692307692307,18.776923076923072,18.107692307692304,18.169230769230765,8264347.0,002396,星网锐捷
2021-10-11,18.19230769230769,18.930769230769226,18.176923076923075,18.815384615384612,12189268.0,002396,星网锐捷
2021-10-12,18.799999999999997,18.999999999999996,18.546153846153842,18.838461538461537,12015742.0,002396,星网锐捷
2021-10-13,18.876923076923074,18.884615384615383,17.946153846153845,17.96153846153846,15251625.0,002396,星网锐捷
2021-10-14,17.946153846153845,17.96153846153846,17.461538461538456,17.48461538461538,12884749.0,002396,星网锐捷
2021-10-15,17.45384615384615,17.676923076923075,17.046153846153842,17.59230769230769,11634666.0,002396,星网锐捷
2021-10-18,17.469230769230766,17.830769230769228,17.32307692307692,17.638461538461534,9734528.0,002396,星网锐捷
2021-10-19,17.49230769230769,17.869230769230768,17.407692307692304,17.56153846153846,8302096.0,002396,星网锐捷
2021-10-20,17.62307692307692,17.707692307692305,16.86153846153846,16.876923076923074,15295660.0,002396,星网锐捷
2021-10-21,16.869230769230764,17.076923076923073,16.761538461538457,16.807692307692307,8126160.0,002396,星网锐捷
2021-10-22,16.799999999999997,16.876923076923074,16.407692307692304,16.46153846153846,10824317.0,002396,星网锐捷
2021-10-25,16.407692307692304,16.776923076923076,16.323076923076922,16.71538461538461,8254895.0,002396,星网锐捷
2021-10-26,16.646153846153844,17.176923076923075,16.638461538461534,16.86153846153846,8279390.0,002396,星网锐捷
2021-10-27,16.86153846153846,17.030769230769227,16.438461538461535,16.538461538461537,6272186.0,002396,星网锐捷
2021-10-28,16.869230769230764,17.084615384615383,15.976923076923073,16.107692307692304,13630998.0,002396,星网锐捷
2021-10-29,16.18461538461538,16.407692307692304,15.999999999999996,16.12307692307692,14846025.0,002396,星网锐捷
2021-11-01,16.115384615384613,16.92307692307692,16.007692307692306,16.66923076923077,17421496.0,002396,星网锐捷
2021-11-02,16.676923076923075,16.999999999999996,16.476923076923075,16.684615384615384,13214334.0,002396,星网锐捷
2021-11-03,16.684615384615384,17.32307692307692,16.62307692307692,16.799999999999997,15759058.0,002396,星网锐捷
2021-11-04,16.79230769230769,17.776923076923072,16.79230769230769,17.353846153846153,20169490.0,002396,星网锐捷
2021-11-05,17.438461538461535,17.776923076923072,17.284615384615382,17.553846153846152,15625754.0,002396,星网锐捷
2021-11-08,17.615384615384613,17.74615384615384,17.176923076923075,17.49230769230769,13073909.0,002396,星网锐捷
2021-11-09,17.476923076923075,17.792307692307688,17.330769230769228,17.74615384615384,10928327.0,002396,星网锐捷
2021-11-10,17.792307692307688,18.007692307692306,17.576923076923073,17.969230769230766,13267202.0,002396,星网锐捷
2021-11-11,18.0,18.446153846153845,17.807692307692307,18.0,18944761.0,002396,星网锐捷
2021-11-12,17.938461538461535,18.29230769230769,17.869230769230768,18.207692307692305,12149275.0,002396,星网锐捷
2021-11-15,18.338461538461534,18.46153846153846,18.030769230769227,18.18461538461538,9275058.0,002396,星网锐捷
2021-11-16,18.099999999999998,18.830769230769228,18.099999999999998,18.48461538461538,17143343.0,002396,星网锐捷
2021-11-17,18.35384615384615,18.576923076923077,18.069230769230767,18.47692307692307,11775393.0,002396,星网锐捷
2021-11-18,18.469230769230766,18.715384615384615,18.26153846153846,18.29230769230769,13147309.0,002396,星网锐捷
2021-11-19,18.307692307692307,18.75384615384615,18.238461538461536,18.569230769230767,14023427.0,002396,星网锐捷
2021-11-22,18.62307692307692,18.769230769230766,18.32307692307692,18.65384615384615,13995462.0,002396,星网锐捷
2021-11-23,18.576923076923077,19.084615384615383,18.569230769230767,18.807692307692303,13710300.0,002396,星网锐捷
2021-11-24,18.884615384615383,19.607692307692307,18.715384615384615,19.184615384615384,18483427.0,002396,星网锐捷
2021-11-25,19.19230769230769,19.207692307692305,18.446153846153845,18.47692307692307,19864316.0,002396,星网锐捷
2021-11-26,18.746153846153845,19.138461538461534,18.230769230769226,18.607692307692304,17432766.0,002396,星网锐捷
2021-11-29,18.307692307692307,18.592307692307692,18.123076923076923,18.346153846153843,12016486.0,002396,星网锐捷
2021-11-30,18.407692307692304,18.999999999999996,18.369230769230764,18.65384615384615,15470044.0,002396,星网锐捷
2021-12-01,18.66153846153846,19.02307692307692,18.584615384615383,18.876923076923074,11653559.0,002396,星网锐捷
2021-12-02,18.876923076923074,18.999999999999996,18.21538461538461,18.330769230769228,13149300.0,002396,星网锐捷
2021-12-03,18.407692307692304,19.099999999999998,18.376923076923074,18.69230769230769,14762085.0,002396,星网锐捷
2021-12-06,18.75384615384615,18.784615384615382,17.238461538461536,17.26153846153846,25625430.0,002396,星网锐捷
2021-12-07,17.43076923076923,17.49230769230769,16.907692307692304,17.25384615384615,12881884.0,002396,星网锐捷
2021-12-08,17.26153846153846,17.599999999999994,17.138461538461534,17.438461538461535,11118876.0,002396,星网锐捷
2021-12-09,17.42307692307692,17.615384615384613,17.284615384615382,17.44615384615384,11697577.0,002396,星网锐捷
2021-12-10,17.42307692307692,17.584615384615383,17.169230769230765,17.48461538461538,11541669.0,002396,星网锐捷
2021-12-13,17.538461538461537,17.66923076923077,17.407692307692304,17.569230769230767,8712476.0,002396,星网锐捷
2021-12-14,17.569230769230767,17.761538461538457,17.469230769230766,17.7,8948533.0,002396,星网锐捷
2021-12-15,17.769230769230766,18.053846153846152,17.507692307692306,17.569230769230767,10313932.0,002396,星网锐捷
2021-12-16,17.66153846153846,17.761538461538457,17.45384615384615,17.52307692307692,7973460.0,002396,星网锐捷
2021-12-17,17.44615384615384,17.49230769230769,17.030769230769227,17.123076923076923,9193440.0,002396,星网锐捷
2021-12-20,17.092307692307692,17.21538461538461,16.59230769230769,16.66923076923077,8762295.0,002396,星网锐捷
2021-12-21,16.653846153846153,16.907692307692304,16.638461538461534,16.876923076923074,8252307.0,002396,星网锐捷
2021-12-22,16.946153846153845,17.138461538461534,16.846153846153843,17.015384615384612,6788244.0,002396,星网锐捷
2021-12-23,16.99230769230769,17.138461538461534,16.89230769230769,16.93076923076923,5133808.0,002396,星网锐捷
2021-12-24,16.907692307692304,16.999999999999996,16.52307692307692,16.63076923076923,6584976.0,002396,星网锐捷
2021-12-27,16.569230769230764,16.86153846153846,16.330769230769228,16.830769230769228,5858715.0,002396,星网锐捷
2021-12-28,16.784615384615382,17.307692307692303,16.784615384615382,17.19230769230769,9039672.0,002396,星网锐捷
2021-12-29,17.176923076923075,17.284615384615382,17.046153846153842,17.207692307692305,7072957.0,002396,星网锐捷
2021-12-30,17.18461538461538,17.538461538461537,17.16153846153846,17.415384615384614,7732903.0,002396,星网锐捷
2021-12-31,17.530769230769227,17.538461538461537,17.276923076923076,17.4,6442081.0,002396,星网锐捷
2022-01-04,17.49230769230769,17.88461538461538,17.330769230769228,17.776923076923072,12771626.0,002396,星网锐捷
2022-01-05,18.115384615384613,18.269230769230766,17.69230769230769,17.792307692307688,16980870.0,002396,星网锐捷
2022-01-06,17.584615384615383,17.853846153846153,17.499999999999996,17.769230769230766,10984119.0,002396,星网锐捷
2022-01-07,17.95384615384615,18.230769230769226,17.599999999999994,17.646153846153844,14537302.0,002396,星网锐捷
2022-01-10,17.56153846153846,18.65384615384615,17.269230769230766,18.43076923076923,24247630.0,002396,星网锐捷
2022-01-11,18.330769230769228,18.42307692307692,17.96153846153846,18.007692307692306,16695412.0,002396,星网锐捷
2022-01-12,18.076923076923073,18.146153846153844,17.769230769230766,17.938461538461535,11547675.0,002396,星网锐捷
2022-01-13,18.407692307692304,18.47692307692307,17.969230769230766,18.0,15207293.0,002396,星网锐捷
2022-01-14,17.784615384615382,18.19230769230769,17.738461538461536,17.761538461538457,11331812.0,002396,星网锐捷
2022-01-17,18.176923076923075,19.099999999999998,18.030769230769227,18.99230769230769,30175605.0,002396,星网锐捷
2022-01-18,19.269230769230766,19.89230769230769,19.12307692307692,19.176923076923075,42130509.0,002396,星网锐捷
2022-01-19,18.99230769230769,19.615384615384613,18.976923076923075,19.369230769230764,22844403.0,002396,星网锐捷
2022-01-20,19.369230769230764,19.73076923076923,19.19230769230769,19.315384615384612,21771159.0,002396,星网锐捷
2022-01-21,19.184615384615384,19.49230769230769,18.815384615384612,18.969230769230766,17043181.0,002396,星网锐捷
2022-01-24,18.969230769230766,19.515384615384612,18.853846153846153,18.98461538461538,15985510.0,002396,星网锐捷
2022-01-25,18.884615384615383,18.92307692307692,17.576923076923073,17.576923076923073,23538601.0,002396,星网锐捷
2022-01-26,17.65384615384615,17.869230769230768,17.169230769230765,17.461538461538456,14657791.0,002396,星网锐捷
2022-01-27,17.338461538461534,17.438461538461535,15.807692307692305,15.969230769230768,25094749.0,002396,星网锐捷
2022-01-28,16.107692307692304,16.46153846153846,15.876923076923074,16.13076923076923,15018936.0,002396,星网锐捷
2022-02-07,16.49230769230769,17.176923076923075,16.376923076923074,16.869230769230764,18567225.0,002396,星网锐捷
2022-02-08,16.815384615384612,17.207692307692305,16.738461538461536,17.138461538461534,11092759.0,002396,星网锐捷
2022-02-09,17.246153846153845,18.92307692307692,17.199999999999996,18.92307692307692,29226542.0,002396,星网锐捷
2022-02-10,18.96153846153846,19.69230769230769,18.769230769230766,19.16153846153846,43599381.0,002396,星网锐捷
2022-02-11,19.115384615384613,19.776923076923076,18.769230769230766,19.069230769230764,35420281.0,002396,星网锐捷
2022-02-14,18.769230769230766,19.153846153846153,18.384615384615383,18.799999999999997,21888097.0,002396,星网锐捷
2022-02-15,18.746153846153845,18.94615384615384,18.415384615384614,18.73076923076923,17062024.0,002396,星网锐捷
2022-02-16,19.184615384615384,19.323076923076922,18.615384615384613,18.95384615384615,21118999.0,002396,星网锐捷
2022-02-17,18.853846153846153,19.099999999999998,18.646153846153844,18.792307692307688,16265931.0,002396,星网锐捷
2022-02-18,19.061538461538458,19.561538461538458,18.92307692307692,19.476923076923075,33142267.0,002396,星网锐捷
2022-02-21,20.030769230769227,20.553846153846152,19.769230769230766,20.36153846153846,46122198.0,002396,星网锐捷
2022-02-22,19.95384615384615,20.16153846153846,19.66153846153846,19.869230769230768,25614725.0,002396,星网锐捷
2022-02-23,19.94615384615384,20.261538461538457,19.792307692307688,19.86153846153846,20576141.0,002396,星网锐捷
2022-02-24,19.69230769230769,19.95384615384615,18.592307692307692,19.02307692307692,33797086.0,002396,星网锐捷
2022-02-25,19.25384615384615,19.499999999999996,18.907692307692304,19.038461538461537,15765940.0,002396,星网锐捷
2022-02-28,19.538461538461537,19.66153846153846,18.96153846153846,19.138461538461534,13379382.0,002396,星网锐捷
2022-03-01,19.069230769230764,19.46153846153846,18.96153846153846,19.207692307692305,16789882.0,002396,星网锐捷
2022-03-02,19.03076923076923,19.21538461538461,18.853846153846153,18.96153846153846,12073174.0,002396,星网锐捷
2022-03-03,19.13076923076923,19.19230769230769,18.507692307692306,18.615384615384613,16329463.0,002396,星网锐捷
2022-03-04,18.43846153846154,18.68461538461538,17.684615384615384,17.853846153846153,22067675.0,002396,星网锐捷
2022-03-07,17.730769230769226,17.838461538461537,16.999999999999996,17.15384615384615,16516811.0,002396,星网锐捷
2022-03-08,17.307692307692303,17.476923076923075,16.876923076923074,17.023076923076918,20417660.0,002396,星网锐捷
2022-03-09,17.084615384615383,17.276923076923076,16.23076923076923,17.276923076923076,19324872.0,002396,星网锐捷
2022-03-10,17.638461538461534,17.715384615384615,17.32307692307692,17.353846153846153,20518324.0,002396,星网锐捷
2022-03-11,16.95384615384615,17.515384615384612,16.607692307692304,17.415384615384614,16086213.0,002396,星网锐捷
2022-03-14,17.16153846153846,17.292307692307688,16.59230769230769,16.59230769230769,15469050.0,002396,星网锐捷
2022-03-15,16.39230769230769,16.869230769230764,15.869230769230764,15.869230769230764,15760369.0,002396,星网锐捷
2022-03-16,16.19230769230769,16.607692307692304,15.62307692307692,16.546153846153842,17578711.0,002396,星网锐捷
2022-03-17,16.761538461538457,16.869230769230764,16.430769230769226,16.553846153846152,17164343.0,002396,星网锐捷
2022-03-18,16.46153846153846,16.653846153846153,16.376923076923074,16.584615384615383,9704346.0,002396,星网锐捷
2022-03-21,16.546153846153842,16.63076923076923,16.16153846153846,16.353846153846153,13158395.0,002396,星网锐捷
2022-03-22,16.36153846153846,16.62307692307692,16.099999999999998,16.45384615384615,9452279.0,002396,星网锐捷
2022-03-23,16.49230769230769,17.015384615384612,16.269230769230766,16.98461538461538,19699952.0,002396,星网锐捷
2022-03-24,16.98461538461538,17.007692307692302,16.315384615384612,16.430769230769226,15030699.0,002396,星网锐捷
2022-03-25,16.2,16.499999999999996,15.43076923076923,15.438461538461535,25698462.0,002396,星网锐捷
2022-03-28,15.19230769230769,15.19230769230769,14.669230769230767,14.969230769230766,16012391.0,002396,星网锐捷
2022-03-29,15.069230769230765,15.15384615384615,14.499999999999998,14.515384615384614,14250209.0,002396,星网锐捷
2022-03-30,14.79230769230769,14.815384615384612,14.515384615384614,14.753846153846151,9579392.0,002396,星网锐捷
2022-03-31,14.653846153846152,14.984615384615381,14.561538461538458,14.930769230769227,13676642.0,002396,星网锐捷
2022-04-01,14.776923076923074,14.799999999999999,14.630769230769227,14.69230769230769,8859059.0,002396,星网锐捷
2022-04-06,14.79230769230769,15.023076923076921,14.73076923076923,14.89230769230769,9999195.0,002396,星网锐捷
2022-04-07,14.79230769230769,15.384615384615381,14.561538461538458,15.069230769230765,17100351.0,002396,星网锐捷
2022-04-08,14.969230769230766,15.261538461538459,14.738461538461536,15.023076923076921,11279350.0,002396,星网锐捷
2022-04-11,14.969230769230766,14.969230769230766,14.153846153846152,14.153846153846152,12460583.0,002396,星网锐捷
2022-04-12,14.192307692307688,14.499999999999998,13.638461538461536,14.45384615384615,12666777.0,002396,星网锐捷
2022-04-13,14.307692307692305,14.32307692307692,13.969230769230766,13.976923076923075,7004928.0,002396,星网锐捷
2022-04-14,15.146153846153844,15.330769230769228,14.576923076923073,14.838461538461534,21077491.0,002396,星网锐捷
2022-04-15,15.030769230769227,15.307692307692307,14.784615384615384,14.99230769230769,16134677.0,002396,星网锐捷
2022-04-18,14.923076923076922,15.36153846153846,14.69230769230769,15.338461538461535,13096224.0,002396,星网锐捷
2022-04-19,15.269230769230766,15.561538461538458,15.184615384615382,15.346153846153843,9729100.0,002396,星网锐捷
2022-04-20,15.576923076923073,15.83076923076923,15.284615384615382,15.315384615384612,11521279.0,002396,星网锐捷
2022-04-21,15.299999999999997,15.607692307692304,14.961538461538458,15.08461538461538,11033938.0,002396,星网锐捷
2022-04-22,14.969230769230766,15.630769230769229,14.938461538461537,15.553846153846152,12906239.0,002396,星网锐捷
2022-04-25,15.261538461538459,15.469230769230766,14.492307692307689,14.561538461538458,14667161.0,002396,星网锐捷
2022-04-26,14.699999999999996,15.315384615384612,14.507692307692304,14.646153846153842,15297240.0,002396,星网锐捷
2022-04-27,14.384615384615381,15.507692307692304,14.346153846153845,15.507692307692304,15443020.0,002396,星网锐捷
2022-04-28,15.376923076923076,15.815384615384614,15.315384615384612,15.815384615384614,15129303.0,002396,星网锐捷
2022-04-29,15.653846153846152,16.146153846153844,15.52307692307692,15.999999999999996,20234409.0,002396,星网锐捷
2022-05-05,16.007692307692306,16.138461538461534,15.776923076923074,15.884615384615383,16492443.0,002396,星网锐捷
2022-05-06,15.515384615384614,15.72307692307692,15.176923076923075,15.253846153846151,18269764.0,002396,星网锐捷
2022-05-09,15.184615384615382,15.907692307692304,15.107692307692306,15.861538461538458,12988965.0,002396,星网锐捷
2022-05-10,15.638461538461536,16.42307692307692,15.546153846153844,16.42307692307692,16838695.0,002396,星网锐捷
2022-05-11,16.330769230769228,16.52307692307692,16.046153846153842,16.061538461538458,15428400.0,002396,星网锐捷
2022-05-12,16.169230769230765,16.330769230769228,16.007692307692306,16.207692307692305,8894060.0,002396,星网锐捷
2022-05-13,16.23076923076923,16.307692307692303,15.907692307692304,16.092307692307692,7025610.0,002396,星网锐捷
2022-05-16,16.076923076923077,16.246153846153845,15.799999999999995,15.976923076923073,8016413.0,002396,星网锐捷
2022-05-17,15.884615384615383,16.12307692307692,15.69230769230769,16.115384615384613,7589356.0,002396,星网锐捷
2022-05-18,16.269230769230766,16.476923076923075,15.807692307692305,15.83076923076923,10972581.0,002396,星网锐捷
2022-05-19,15.499999999999998,15.79230769230769,15.446153846153845,15.753846153846151,8807485.0,002396,星网锐捷
2022-05-20,15.776923076923074,16.030769230769227,15.699999999999998,15.953846153846152,7257622.0,002396,星网锐捷
2022-05-23,16.038461538461537,16.269230769230766,15.961538461538458,16.084615384615383,7188281.0,002396,星网锐捷
2022-05-24,16.038461538461537,16.061538461538458,15.007692307692306,15.069230769230765,12295498.0,002396,星网锐捷
2022-05-25,15.299999999999997,15.346153846153843,15.05384615384615,15.253846153846151,5855276.0,002396,星网锐捷
2022-05-26,15.330769230769228,15.884615384615383,14.923076923076922,15.730769230769226,11619034.0,002396,星网锐捷
2022-05-27,15.730769230769226,16.099999999999998,15.607692307692304,15.769230769230766,8334501.0,002396,星网锐捷
2022-05-30,15.83076923076923,15.999999999999996,15.62307692307692,15.769230769230766,8254436.0,002396,星网锐捷
2022-05-31,15.76153846153846,16.038461538461537,15.399999999999997,15.992307692307689,10657952.0,002396,星网锐捷
2022-06-01,15.953846153846152,16.16153846153846,15.769230769230766,15.961538461538458,8241406.0,002396,星网锐捷
2022-06-02,15.884615384615383,16.19230769230769,15.776923076923074,16.12307692307692,7794720.0,002396,星网锐捷
2022-06-06,16.115384615384613,16.438461538461535,16.046153846153842,16.41538461538461,10922927.0,002396,星网锐捷
2022-06-07,16.307692307692303,16.45384615384615,16.061538461538458,16.238461538461536,7982939.0,002396,星网锐捷
2022-06-08,16.19230769230769,16.384615384615383,15.907692307692304,16.176923076923075,8558307.0,002396,星网锐捷
2022-06-09,16.15384615384615,16.15384615384615,15.730769230769226,15.861538461538458,6887080.0,002396,星网锐捷
2022-06-10,15.799999999999995,16.107692307692304,15.72307692307692,16.061538461538458,6875722.0,002396,星网锐捷
2022-06-13,15.884615384615383,16.25384615384615,15.82307692307692,16.115384615384613,8462731.0,002396,星网锐捷
2022-06-14,15.961538461538458,15.992307692307689,15.146153846153844,15.746153846153845,13257706.0,002396,星网锐捷
2022-06-15,15.746153846153845,16.269230769230766,15.730769230769226,15.999999999999996,13175184.0,002396,星网锐捷
2022-06-16,16.030769230769227,16.46153846153846,15.976923076923073,16.238461538461536,12000053.0,002396,星网锐捷
2022-06-17,16.238461538461536,16.307692307692303,15.876923076923074,16.15384615384615,9733591.0,002396,星网锐捷
2022-06-20,16.16153846153846,16.330769230769228,16.038461538461537,16.23076923076923,9133748.0,002396,星网锐捷
2022-06-21,16.246153846153845,16.515384615384615,15.999999999999996,16.276923076923072,12247934.0,002396,星网锐捷
2022-06-22,16.307692307692303,16.315384615384612,15.638461538461536,15.638461538461536,11101041.0,002396,星网锐捷
2022-06-23,15.72307692307692,15.992307692307689,15.630769230769229,15.969230769230768,9554170.0,002396,星网锐捷
2022-06-24,16.169230769230765,16.86153846153846,16.061538461538458,16.646153846153844,20679881.0,002396,星网锐捷
2022-06-27,16.730769230769226,16.799999999999997,16.384615384615383,16.499999999999996,12131241.0,002396,星网锐捷
2022-06-28,16.499999999999996,16.769230769230766,16.307692307692303,16.707692307692305,10367251.0,002396,星网锐捷
2022-06-29,16.72307692307692,16.98461538461538,16.561538461538458,16.653846153846153,14297297.0,002396,星网锐捷
2022-06-30,16.59230769230769,16.92307692307692,16.576923076923073,16.684615384615384,11071105.0,002396,星网锐捷
2022-07-01,16.707692307692305,16.907692307692304,16.561538461538458,16.584615384615383,8754414.0,002396,星网锐捷
2022-07-04,16.46153846153846,16.538461538461537,16.23076923076923,16.346153846153843,10918340.0,002396,星网锐捷
2022-07-05,16.369230769230768,16.499999999999996,16.015384615384612,16.25384615384615,9102893.0,002396,星网锐捷
2022-07-06,16.25384615384615,16.476923076923075,16.02307692307692,16.169230769230765,7482366.0,002396,星网锐捷
2022-07-07,16.238461538461536,16.353846153846153,16.115384615384613,16.246153846153845,6996925.0,002396,星网锐捷
2022-07-08,16.36153846153846,16.699999999999996,16.23076923076923,16.438461538461535,10540163.0,002396,星网锐捷
2022-07-11,16.42307692307692,16.42307692307692,16.015384615384612,16.13076923076923,8197202.0,002396,星网锐捷
2022-07-12,16.138461538461534,16.15384615384615,15.653846153846152,15.653846153846152,7244592.0,002396,星网锐捷
2022-07-13,15.738461538461536,15.89230769230769,15.653846153846152,15.746153846153845,4497834.0,002396,星网锐捷
2022-07-14,15.646153846153842,15.907692307692304,15.561538461538458,15.707692307692305,5119659.0,002396,星网锐捷
2022-07-15,15.592307692307692,15.72307692307692,15.223076923076922,15.230769230769228,8088122.0,002396,星网锐捷
2022-07-18,15.115384615384613,15.684615384615382,15.099999999999998,15.661538461538461,7066072.0,002396,星网锐捷
2022-07-19,15.7,16.946153846153845,15.653846153846152,16.830769230769228,21465479.0,002396,星网锐捷
2022-07-20,16.93076923076923,17.076923076923077,16.71538461538461,17.053846153846152,13524318.0,002396,星网锐捷
2022-07-21,17.030769230769227,17.22307692307692,16.807692307692307,16.815384615384616,8753517.0,002396,星网锐捷
2022-07-22,16.999999999999996,16.999999999999996,16.369230769230768,16.561538461538458,8194300.0,002396,星网锐捷
2022-07-25,16.707692307692305,16.784615384615385,16.23076923076923,16.39230769230769,6507087.0,002396,星网锐捷
2022-07-26,16.49230769230769,17.015384615384612,16.299999999999997,16.9,9807861.0,002396,星网锐捷
2022-07-27,16.830769230769228,17.007692307692306,16.72307692307692,16.823076923076922,6361929.0,002396,星网锐捷
2022-07-28,16.923076923076923,17.19230769230769,16.746153846153845,16.853846153846153,8245163.0,002396,星网锐捷
2022-07-29,16.838461538461537,16.923076923076923,16.653846153846153,16.66923076923077,6023347.0,002396,星网锐捷
2022-08-01,16.66923076923077,16.99230769230769,16.52307692307692,16.853846153846153,8599710.0,002396,星网锐捷
2022-08-02,16.53076923076923,16.646153846153844,15.769230769230768,16.02307692307692,11839913.0,002396,星网锐捷
2022-08-03,16.038461538461537,16.638461538461538,16.007692307692306,16.092307692307692,8847226.0,002396,星网锐捷
2022-08-04,16.238461538461536,16.52307692307692,16.03076923076923,16.215384615384615,5395860.0,002396,星网锐捷
2022-08-05,16.353846153846153,16.93076923076923,16.29230769230769,16.9,11154936.0,002396,星网锐捷
2022-08-08,16.876923076923074,16.999999999999996,16.738461538461536,16.93076923076923,8689100.0,002396,星网锐捷
2022-08-09,16.79230769230769,16.923076923076923,16.615384615384613,16.75384615384615,5742963.0,002396,星网锐捷
2022-08-10,16.623076923076923,16.769230769230766,16.446153846153845,16.515384615384615,6566148.0,002396,星网锐捷
2022-08-11,16.623076923076923,17.084615384615383,16.584615384615383,16.923076923076923,11721503.0,002396,星网锐捷
2022-08-12,16.89230769230769,16.93846153846154,16.653846153846153,16.676923076923075,8216638.0,002396,星网锐捷
2022-08-15,16.72307692307692,16.72307692307692,16.284615384615382,16.476923076923075,8623071.0,002396,星网锐捷
2022-08-16,16.446153846153845,16.46153846153846,16.138461538461534,16.215384615384615,9631112.0,002396,星网锐捷
2022-08-17,16.20769230769231,16.330769230769228,15.915384615384614,16.323076923076922,9563801.0,002396,星网锐捷
2022-08-18,16.238461538461536,16.25384615384615,15.999999999999996,16.2,9247778.0,002396,星网锐捷
2022-08-19,16.2,16.49230769230769,15.976923076923075,15.984615384615383,10348080.0,002396,星网锐捷
2022-08-22,15.884615384615383,16.2,15.69230769230769,16.099999999999998,6694016.0,002396,星网锐捷
2022-08-23,15.976923076923075,16.084615384615383,15.784615384615384,15.846153846153843,6118197.0,002396,星网锐捷
2022-08-24,15.876923076923074,15.907692307692306,15.33076923076923,15.346153846153845,9491976.0,002396,星网锐捷
2022-08-25,15.369230769230766,15.42307692307692,15.076923076923075,15.284615384615382,7447011.0,002396,星网锐捷
2022-08-26,15.653846153846152,15.753846153846151,15.146153846153844,15.230769230769228,10292155.0,002396,星网锐捷
2022-08-29,14.938461538461537,14.96153846153846,14.615384615384615,14.807692307692307,14316340.0,002396,星网锐捷
2022-08-30,14.830769230769228,14.923076923076922,14.66153846153846,14.861538461538462,8466368.0,002396,星网锐捷
2022-08-31,14.899999999999997,14.938461538461537,14.576923076923077,14.684615384615384,7692470.0,002396,星网锐捷
2022-09-01,14.684615384615384,14.79230769230769,14.538461538461537,14.607692307692306,6732924.0,002396,星网锐捷
2022-09-02,14.599999999999998,14.930769230769231,14.599999999999998,14.846153846153843,6293228.0,002396,星网锐捷
2022-09-05,14.869230769230768,14.915384615384612,14.738461538461538,14.892307692307691,4713475.0,002396,星网锐捷
2022-09-06,14.899999999999997,15.0,14.79230769230769,14.99230769230769,5785235.0,002396,星网锐捷
2022-09-07,14.953846153846152,15.076923076923075,14.830769230769228,14.938461538461537,5369604.0,002396,星网锐捷
2022-09-08,14.938461538461537,14.984615384615381,14.584615384615383,14.669230769230769,5812319.0,002396,星网锐捷
2022-09-09,14.830769230769228,15.123076923076923,14.753846153846153,14.923076923076922,7911307.0,002396,星网锐捷
2022-09-13,15.015384615384615,15.199999999999998,15.007692307692306,15.06153846153846,5550017.0,002396,星网锐捷
2022-09-14,14.79230769230769,15.215384615384613,14.753846153846153,15.046153846153844,6492155.0,002396,星网锐捷
2022-09-15,15.069230769230769,15.153846153846153,14.72307692307692,14.79230769230769,6066920.0,002396,星网锐捷
2022-09-16,14.799999999999999,15.076923076923075,14.561538461538461,14.569230769230767,6871485.0,002396,星网锐捷
2022-09-19,14.561538461538461,14.676923076923075,13.96153846153846,14.069230769230767,6797030.0,002396,星网锐捷
2022-09-20,14.176923076923076,14.33076923076923,14.015384615384614,14.069230769230767,3473645.0,002396,星网锐捷
2022-09-21,14.038461538461538,14.169230769230767,13.784615384615384,14.107692307692307,5457372.0,002396,星网锐捷
2022-09-22,14.02307692307692,14.253846153846151,13.96153846153846,14.092307692307692,3640699.0,002396,星网锐捷
2022-09-23,14.115384615384613,14.184615384615382,13.715384615384613,13.807692307692307,5532255.0,002396,星网锐捷
2022-09-26,13.730769230769228,13.830769230769228,13.484615384615383,13.538461538461537,5146132.0,002396,星网锐捷
2022-09-27,13.553846153846152,13.846153846153845,13.423076923076922,13.823076923076922,3809729.0,002396,星网锐捷
2022-09-28,13.784615384615384,13.846153846153845,13.384615384615383,13.399999999999999,3894134.0,002396,星网锐捷
2022-09-29,13.538461538461537,13.69230769230769,13.346153846153845,13.346153846153845,4312660.0,002396,星网锐捷
2022-09-30,13.415384615384614,13.499999999999998,13.26153846153846,13.29230769230769,4153608.0,002396,星网锐捷
2022-10-10,13.407692307692306,13.415384615384614,12.86153846153846,12.884615384615385,5377774.0,002396,星网锐捷
2022-10-11,12.938461538461539,13.161538461538461,12.776923076923076,13.076923076923077,4042253.0,002396,星网锐捷
2022-10-12,13.076923076923077,13.69230769230769,12.976923076923075,13.653846153846153,5780931.0,002396,星网锐捷
2022-10-13,13.69230769230769,14.238461538461536,13.69230769230769,13.96153846153846,8746172.0,002396,星网锐捷
2022-10-14,14.107692307692307,14.115384615384613,13.938461538461537,14.038461538461538,5937163.0,002396,星网锐捷
2022-10-17,13.9,14.284615384615384,13.869230769230766,14.199999999999998,6423118.0,002396,星网锐捷
2022-10-18,14.253846153846151,14.269230769230766,14.046153846153844,14.176923076923076,5052032.0,002396,星网锐捷
2022-10-19,14.153846153846152,14.176923076923076,13.946153846153845,13.96923076923077,5026349.0,002396,星网锐捷
2022-10-20,13.999999999999998,14.269230769230766,13.86153846153846,14.069230769230767,5430655.0,002396,星网锐捷
2022-10-21,14.06153846153846,14.215384615384613,13.907692307692306,14.076923076923075,4838534.0,002396,星网锐捷
2022-10-24,14.015384615384614,14.415384615384614,13.799999999999997,13.869230769230766,5543416.0,002396,星网锐捷
2022-10-25,13.823076923076922,13.96153846153846,13.56153846153846,13.715384615384613,4149911.0,002396,星网锐捷
2022-10-26,13.823076923076922,14.338461538461535,13.807692307692307,14.184615384615382,7109098.0,002396,星网锐捷
2022-10-27,14.461538461538458,15.669230769230767,14.299999999999999,15.669230769230767,25313466.0,002396,星网锐捷
2022-10-28,15.153846153846153,15.315384615384614,14.59230769230769,14.799999999999999,26650124.0,002396,星网锐捷
2022-10-31,14.930769230769231,16.176923076923075,14.807692307692307,15.646153846153846,30075718.0,002396,星网锐捷
2022-11-01,15.499999999999998,15.62307692307692,15.230769230769228,15.515384615384614,19669317.0,002396,星网锐捷
2022-11-02,15.599999999999998,15.599999999999998,15.199999999999998,15.43076923076923,17776087.0,002396,星网锐捷
2022-11-03,15.33076923076923,15.438461538461539,15.046153846153844,15.138461538461538,12477644.0,002396,星网锐捷
2022-11-04,15.076923076923075,15.661538461538461,15.046153846153844,15.453846153846154,18654063.0,002396,星网锐捷
2022-11-07,15.307692307692307,15.576923076923077,15.276923076923076,15.35384615384615,12027063.0,002396,星网锐捷
2022-11-08,15.292307692307691,15.499999999999998,15.115384615384613,15.476923076923075,11572920.0,002396,星网锐捷
2022-11-09,15.407692307692304,15.876923076923074,15.176923076923075,15.876923076923074,18379173.0,002396,星网锐捷
2022-11-10,15.72307692307692,15.846153846153843,15.184615384615382,15.323076923076922,15685758.0,002396,星网锐捷
2022-11-11,15.638461538461536,15.646153846153846,15.199999999999998,15.230769230769228,13678038.0,002396,星网锐捷
2022-11-14,15.26153846153846,15.346153846153845,14.923076923076922,15.184615384615382,12831922.0,002396,星网锐捷
2022-11-15,15.169230769230769,15.43076923076923,15.084615384615384,15.415384615384614,11127774.0,002396,星网锐捷
2022-11-16,15.715384615384615,15.784615384615384,15.384615384615383,15.43076923076923,11661853.0,002396,星网锐捷
2022-11-17,15.538461538461537,16.099999999999998,15.453846153846154,15.99230769230769,19062705.0,002396,星网锐捷
2022-11-18,15.976923076923075,17.02307692307692,15.892307692307693,16.45384615384615,43923636.0,002396,星网锐捷
2022-11-21,16.407692307692304,16.42307692307692,15.638461538461536,16.13076923076923,23875604.0,002396,星网锐捷
2022-11-22,16.053846153846152,16.176923076923075,15.79230769230769,15.907692307692306,12302089.0,002396,星网锐捷
2022-11-23,15.869230769230768,15.869230769230768,15.299999999999997,15.446153846153845,11905148.0,002396,星网锐捷
2022-11-24,15.546153846153844,15.584615384615383,15.215384615384613,15.346153846153845,7772791.0,002396,星网锐捷
2022-11-25,15.307692307692307,15.407692307692304,14.953846153846152,14.976923076923075,8750691.0,002396,星网锐捷
2022-11-28,14.784615384615384,14.799999999999999,14.569230769230767,14.761538461538459,7092089.0,002396,星网锐捷
2022-11-29,14.799999999999999,15.084615384615384,14.72307692307692,14.99230769230769,7533525.0,002396,星网锐捷
2022-11-30,14.953846153846152,15.007692307692306,14.73076923076923,14.838461538461537,5636239.0,002396,星网锐捷
2022-12-01,15.015384615384615,15.538461538461537,14.99230769230769,15.36153846153846,11433372.0,002396,星网锐捷
2022-12-02,15.284615384615382,15.646153846153846,15.230769230769228,15.392307692307691,7545879.0,002396,星网锐捷
2022-12-05,15.499999999999998,15.884615384615383,15.438461538461539,15.684615384615382,10562886.0,002396,星网锐捷
2022-12-06,15.615384615384613,15.784615384615384,15.523076923076923,15.669230769230767,6184093.0,002396,星网锐捷
2022-12-07,15.646153846153846,15.646153846153846,15.315384615384614,15.407692307692304,6146471.0,002396,星网锐捷
2022-12-08,15.338461538461535,15.46153846153846,15.115384615384613,15.115384615384613,4833400.0,002396,星网锐捷
2022-12-09,15.16153846153846,15.184615384615382,15.046153846153844,15.099999999999998,5280595.0,002396,星网锐捷
2022-12-12,15.099999999999998,15.269230769230766,15.007692307692306,15.215384615384613,4759656.0,002396,星网锐捷
2022-12-13,15.207692307692307,15.207692307692307,14.853846153846153,14.876923076923076,5080197.0,002396,星网锐捷
2022-12-14,14.946153846153845,15.09230769230769,14.830769230769228,15.015384615384615,4294152.0,002396,星网锐捷
2022-12-15,14.96153846153846,15.184615384615382,14.884615384615383,15.007692307692306,4227413.0,002396,星网锐捷
2022-12-16,14.946153846153845,14.953846153846152,14.63076923076923,14.746153846153844,5181162.0,002396,星网锐捷
2022-12-19,14.746153846153844,14.79230769230769,14.284615384615384,14.369230769230768,4624970.0,002396,星网锐捷
2022-12-20,14.507692307692306,14.576923076923077,14.284615384615384,14.33076923076923,3248750.0,002396,星网锐捷
2022-12-21,14.307692307692305,14.346153846153845,14.046153846153844,14.123076923076923,3885397.0,002396,星网锐捷
2022-12-22,14.32307692307692,14.338461538461535,13.96153846153846,14.02307692307692,3240745.0,002396,星网锐捷
2022-12-23,13.938461538461537,14.299999999999999,13.892307692307691,14.115384615384613,3052795.0,002396,星网锐捷
2022-12-26,14.123076923076923,14.307692307692305,14.069230769230767,14.22307692307692,2994100.0,002396,星网锐捷
2022-12-27,14.253846153846151,14.315384615384614,14.092307692307692,14.246153846153845,2796300.0,002396,星网锐捷
2022-12-28,14.199999999999998,14.199999999999998,13.95384615384615,14.015384615384614,3519009.0,002396,星网锐捷
2022-12-29,14.030769230769229,14.138461538461538,13.923076923076922,13.938461538461537,4463286.0,002396,星网锐捷
2022-12-30,13.95384615384615,14.23076923076923,13.946153846153845,14.084615384615383,4627803.0,002396,星网锐捷
2023-01-03,14.084615384615383,14.684615384615384,14.02307692307692,14.59230769230769,7392933.0,002396,星网锐捷
2023-01-04,14.599999999999998,14.784615384615384,14.523076923076921,14.707692307692305,5990657.0,002396,星网锐捷
2023-01-05,14.7,14.784615384615384,14.63076923076923,14.753846153846153,5293203.0,002396,星网锐捷
2023-01-06,14.69230769230769,14.784615384615384,14.546153846153846,14.607692307692306,4318691.0,002396,星网锐捷
2023-01-09,14.653846153846152,14.761538461538459,14.584615384615383,14.653846153846152,4384947.0,002396,星网锐捷
2023-01-10,14.669230769230769,14.676923076923075,14.515384615384614,14.553846153846152,3773135.0,002396,星网锐捷
2023-01-11,14.615384615384615,14.769230769230768,14.453846153846152,14.484615384615383,3885388.0,002396,星网锐捷
2023-01-12,14.484615384615383,14.638461538461536,14.415384615384614,14.599999999999998,3855100.0,002396,星网锐捷
2023-01-13,14.615384615384615,14.63076923076923,14.384615384615383,14.523076923076921,4029121.0,002396,星网锐捷
2023-01-16,14.59230769230769,14.969230769230766,14.523076923076921,14.846153846153843,8744417.0,002396,星网锐捷
2023-01-17,14.846153846153843,14.930769230769231,14.769230769230768,14.830769230769228,3333832.0,002396,星网锐捷
2023-01-18,14.807692307692307,14.976923076923075,14.784615384615384,14.907692307692306,3776659.0,002396,星网锐捷
2023-01-19,14.884615384615383,15.053846153846154,14.846153846153843,15.053846153846154,4897969.0,002396,星网锐捷
2023-01-20,15.053846153846154,15.307692307692307,15.007692307692306,15.26153846153846,7589237.0,002396,星网锐捷
2023-01-30,15.484615384615383,15.530769230769229,15.276923076923076,15.299999999999997,9386247.0,002396,星网锐捷
2023-01-31,15.269230769230766,15.399999999999999,15.223076923076922,15.33076923076923,4840628.0,002396,星网锐捷
2023-02-01,15.307692307692307,15.584615384615383,15.299999999999997,15.561538461538458,7431207.0,002396,星网锐捷
2023-02-02,15.599999999999998,15.7,15.453846153846154,15.499999999999998,7501223.0,002396,星网锐捷
2023-02-03,15.446153846153845,15.653846153846152,15.346153846153845,15.62307692307692,7682748.0,002396,星网锐捷
2023-02-06,15.515384615384614,15.961538461538462,15.469230769230768,15.807692307692305,10552484.0,002396,星网锐捷
2023-02-07,15.79230769230769,16.19230769230769,15.615384615384613,16.138461538461534,13366001.0,002396,星网锐捷
2023-02-08,16.19230769230769,16.376923076923077,15.76153846153846,15.799999999999999,15474157.0,002396,星网锐捷
2023-02-09,15.707692307692305,16.653846153846153,15.661538461538461,16.615384615384613,20053966.0,002396,星网锐捷
2023-02-10,16.615384615384613,16.869230769230768,16.4,16.507692307692306,18449566.0,002396,星网锐捷
2023-02-13,16.42307692307692,17.099999999999998,16.4,16.9,18019099.0,002396,星网锐捷
2023-02-14,16.9,17.099999999999998,16.73076923076923,16.884615384615383,12589538.0,002396,星网锐捷
2023-02-15,16.776923076923076,17.692307692307693,16.769230769230766,17.569230769230767,23103018.0,002396,星网锐捷
2023-02-16,17.5,17.546153846153846,16.653846153846153,16.807692307692307,26705452.0,002396,星网锐捷
2023-02-17,16.93076923076923,16.976923076923075,16.29230769230769,16.330769230769228,16842755.0,002396,星网锐捷
2023-02-20,16.384615384615383,16.86153846153846,16.276923076923076,16.823076923076922,12228491.0,002396,星网锐捷
2023-02-21,16.75384615384615,17.069230769230767,16.607692307692307,16.79230769230769,12958436.0,002396,星网锐捷
2023-02-22,16.561538461538458,16.830769230769228,16.46923076923077,16.71538461538461,8123338.0,002396,星网锐捷
2023-02-23,16.684615384615384,16.73076923076923,16.261538461538457,16.4,10859959.0,002396,星网锐捷
2023-02-24,16.49230769230769,17.015384615384612,16.346153846153847,16.86153846153846,14931483.0,002396,星网锐捷
2023-02-27,16.73076923076923,16.93846153846154,16.507692307692306,16.71538461538461,10627265.0,002396,星网锐捷
2023-02-28,17.253846153846155,17.469230769230766,16.769230769230766,17.030769230769227,22884350.0,002396,星网锐捷
2023-03-01,17.038461538461537,17.653846153846153,16.884615384615383,17.52307692307692,29607416.0,002396,星网锐捷
2023-03-02,17.507692307692306,18.0,17.45384615384615,17.584615384615383,25698825.0,002396,星网锐捷
2023-03-03,17.369230769230768,17.546153846153846,16.93076923076923,17.315384615384612,22558262.0,002396,星网锐捷
2023-03-06,17.19230769230769,17.576923076923073,17.16153846153846,17.246153846153845,15972197.0,002396,星网锐捷
2023-03-07,17.22307692307692,17.22307692307692,16.261538461538457,16.323076923076922,26086930.0,002396,星网锐捷
2023-03-08,16.43076923076923,16.946153846153845,16.353846153846153,16.93076923076923,19415630.0,002396,星网锐捷
2023-03-09,16.93846153846154,17.438461538461535,16.592307692307692,17.330769230769228,17306830.0,002396,星网锐捷
2023-03-10,17.06153846153846,17.292307692307688,16.976923076923075,17.038461538461537,13144696.0,002396,星网锐捷
2023-03-13,17.06153846153846,17.7,16.946153846153845,17.584615384615383,20786380.0,002396,星网锐捷
2023-03-14,17.56153846153846,17.66153846153846,17.099999999999998,17.415384615384614,18098531.0,002396,星网锐捷
2023-03-15,17.538461538461537,17.59230769230769,17.06153846153846,17.092307692307692,11926800.0,002396,星网锐捷
2023-03-16,16.98461538461538,17.56153846153846,16.86153846153846,17.138461538461534,14015572.0,002396,星网锐捷
2023-03-17,17.253846153846155,18.123076923076923,17.23076923076923,18.02307692307692,34591547.0,002396,星网锐捷
2023-03-20,17.976923076923075,18.215384615384615,17.730769230769226,17.776923076923076,23888727.0,002396,星网锐捷
2023-03-21,17.93076923076923,18.038461538461537,17.599999999999998,17.869230769230768,13141837.0,002396,星网锐捷
2023-03-22,17.976923076923075,18.576923076923077,17.730769230769226,18.499999999999996,27987894.0,002396,星网锐捷
2023-03-23,18.415384615384614,18.876923076923077,18.19230769230769,18.7,31712380.0,002396,星网锐捷
2023-03-24,18.646153846153844,18.799999999999997,18.22307692307692,18.546153846153846,21729635.0,002396,星网锐捷
2023-03-27,18.369230769230768,18.96153846153846,18.330769230769228,18.715384615384615,22148678.0,002396,星网锐捷
2023-03-28,18.423076923076923,18.62307692307692,18.130769230769232,18.284615384615385,16549423.0,002396,星网锐捷
2023-03-29,18.2,18.946153846153845,18.2,18.653846153846153,23933437.0,002396,星网锐捷
2023-03-30,18.576923076923077,18.576923076923077,17.769230769230766,18.076923076923077,23064372.0,002396,星网锐捷
2023-03-31,17.707692307692305,17.807692307692307,17.015384615384612,17.56153846153846,30883765.0,002396,星网锐捷
2023-04-03,17.48461538461538,18.153846153846153,17.438461538461535,18.084615384615383,25308701.0,002396,星网锐捷
2023-04-04,18.076923076923077,18.63076923076923,17.99230769230769,18.284615384615385,25680401.0,002396,星网锐捷
2023-04-06,18.038461538461537,18.69230769230769,18.007692307692306,18.43846153846154,22866770.0,002396,星网锐捷
2023-04-07,18.46153846153846,18.73076923076923,18.23076923076923,18.684615384615384,17448345.0,002396,星网锐捷
2023-04-10,18.653846153846153,19.084615384615383,18.115384615384613,18.26923076923077,23790001.0,002396,星网锐捷
2023-04-11,18.299999999999997,18.646153846153844,17.807692307692307,18.384615384615383,19854178.0,002396,星网锐捷
2023-04-12,18.353846153846153,19.52307692307692,18.23076923076923,19.176923076923075,34390389.0,002396,星网锐捷
2023-04-13,19.069230769230767,19.099999999999998,17.815384615384616,17.876923076923074,34172164.0,002396,星网锐捷
2023-04-14,18.061538461538458,18.207692307692305,17.653846153846153,17.96153846153846,19850311.0,002396,星网锐捷
2023-04-17,17.884615384615383,17.96153846153846,17.176923076923075,17.392307692307693,24588633.0,002396,星网锐捷
2023-04-18,17.353846153846153,17.984615384615385,17.115384615384613,17.646153846153844,21934570.0,002396,星网锐捷
2023-04-19,17.546153846153846,19.3,17.469230769230766,18.56153846153846,47968586.0,002396,星网锐捷
2023-04-20,18.784615384615382,18.92307692307692,18.469230769230766,18.853846153846153,29315587.0,002396,星网锐捷
2023-04-21,18.89230769230769,19.21538461538461,17.576923076923073,17.584615384615383,34792049.0,002396,星网锐捷
2023-04-24,17.730769230769226,18.569230769230767,17.730769230769226,18.307692307692307,27559681.0,002396,星网锐捷
2023-04-25,18.115384615384613,18.215384615384615,16.43076923076923,16.584615384615383,36618826.0,002396,星网锐捷
2023-04-26,16.49230769230769,16.661538461538463,15.499999999999998,15.607692307692307,31716119.0,002396,星网锐捷
2023-04-27,15.569230769230767,15.669230769230767,15.038461538461537,15.192307692307692,21211106.0,002396,星网锐捷
2023-04-28,15.199999999999998,15.79230769230769,15.192307692307692,15.661538461538461,17987603.0,002396,星网锐捷
2023-05-04,15.615384615384613,15.869230769230768,15.415384615384614,15.553846153846152,16538095.0,002396,星网锐捷
2023-05-05,15.569230769230767,15.63076923076923,15.06153846153846,15.176923076923075,13035036.0,002396,星网锐捷
2023-05-08,15.246153846153845,15.653846153846152,15.069230769230769,15.576923076923077,13726379.0,002396,星网锐捷
2023-05-09,15.499999999999998,15.738461538461536,15.315384615384614,15.35384615384615,13424570.0,002396,星网锐捷
2023-05-10,15.26153846153846,15.484615384615383,15.007692307692306,15.138461538461538,11248277.0,002396,星网锐捷
2023-05-11,15.069230769230769,15.223076923076922,14.807692307692307,14.846153846153843,10739164.0,002396,星网锐捷
2023-05-12,14.869230769230768,15.0,14.73076923076923,14.753846153846153,8365397.0,002396,星网锐捷
2023-05-15,14.746153846153844,14.838461538461537,14.469230769230768,14.830769230769228,9829547.0,002396,星网锐捷
2023-05-16,14.823076923076922,14.884615384615383,14.530769230769227,14.576923076923077,7460101.0,002396,星网锐捷
2023-05-17,14.569230769230767,14.799999999999999,14.499999999999998,14.761538461538459,6592110.0,002396,星网锐捷
2023-05-18,14.79230769230769,15.307692307692307,14.79230769230769,15.269230769230766,16515634.0,002396,星网锐捷
2023-05-19,15.130769230769229,15.230769230769228,14.96153846153846,15.06153846153846,10867279.0,002396,星网锐捷
2023-05-22,15.053846153846154,15.215384615384613,14.969230769230766,15.115384615384613,7957343.0,002396,星网锐捷
2023-05-23,15.069230769230769,15.146153846153844,14.923076923076922,14.923076923076922,6001584.0,002396,星网锐捷
2023-05-24,14.815384615384612,15.169230769230769,14.761538461538459,14.96153846153846,6767882.0,002396,星网锐捷
2023-05-25,15.115384615384613,15.346153846153845,14.861538461538462,15.153846153846153,10237098.0,002396,星网锐捷
2023-05-26,15.069230769230769,15.323076923076922,15.023076923076921,15.284615384615382,8650166.0,002396,星网锐捷
2023-05-29,14.953846153846152,15.146153846153844,14.784615384615384,14.79230769230769,16601713.0,002396,星网锐捷
2023-05-30,14.769230769230768,15.476923076923075,14.62307692307692,15.476923076923075,20968335.0,002396,星网锐捷
2023-05-31,15.346153846153845,15.73076923076923,15.230769230769228,15.615384615384613,15278578.0,002396,星网锐捷
2023-06-01,15.561538461538458,15.769230769230768,15.392307692307691,15.638461538461536,12525814.0,002396,星网锐捷
2023-06-02,15.784615384615384,15.915384615384614,15.653846153846152,15.69230769230769,10423491.0,002396,星网锐捷
2023-06-05,15.661538461538461,16.138461538461534,15.638461538461536,15.876923076923074,10852439.0,002396,星网锐捷
2023-06-06,15.846153846153843,15.899999999999999,15.392307692307691,15.438461538461539,10083639.0,002396,星网锐捷
2023-06-07,15.515384615384614,15.961538461538462,15.407692307692304,15.892307692307693,12753755.0,002396,星网锐捷
2023-06-08,15.846153846153843,15.846153846153843,15.415384615384614,15.584615384615383,13544017.0,002396,星网锐捷
2023-06-09,15.63076923076923,16.353846153846153,15.569230769230767,16.138461538461534,23015914.0,002396,星网锐捷
2023-06-12,16.138461538461534,16.246153846153845,15.915384615384614,16.038461538461537,16993330.0,002396,星网锐捷
2023-06-13,16.13076923076923,16.438461538461535,15.969230769230768,16.407692307692304,17725251.0,002396,星网锐捷
2023-06-14,16.384615384615383,17.053846153846152,16.307692307692307,16.884615384615383,25856763.0,002396,星网锐捷
2023-06-15,16.884615384615383,17.207692307692305,16.599999999999998,16.646153846153844,20614545.0,002396,星网锐捷
2023-06-16,16.63076923076923,17.22307692307692,16.438461538461535,17.046153846153846,18820922.0,002396,星网锐捷
2023-06-19,17.076923076923077,17.253846153846155,16.73076923076923,17.23076923076923,20809195.0,002396,星网锐捷
2023-06-20,17.053846153846152,17.123076923076923,16.769230769230766,17.053846153846152,18505134.0,002396,星网锐捷
2023-06-21,17.053846153846152,17.9,16.75384615384615,17.19230769230769,35240241.0,002396,星网锐捷
2023-06-26,16.946153846153845,17.376923076923077,16.346153846153847,16.49230769230769,25667866.0,002396,星网锐捷
2023-06-27,16.72307692307692,16.86153846153846,16.43076923076923,16.646153846153844,12193120.0,002396,星网锐捷
2023-06-28,16.661538461538463,16.707692307692305,15.369230769230766,15.923076923076922,19800056.0,002396,星网锐捷
2023-06-29,15.876923076923074,16.646153846153844,15.776923076923074,16.45384615384615,16199321.0,002396,星网锐捷
2023-06-30,16.330769230769228,16.96153846153846,16.16923076923077,16.72307692307692,17649552.0,002396,星网锐捷
2023-07-03,16.869230769230768,16.93076923076923,16.12307692307692,16.46153846153846,14450883.0,002396,星网锐捷
2023-07-04,16.346153846153847,16.66923076923077,16.269230769230766,16.415384615384614,10405731.0,002396,星网锐捷
2023-07-05,16.438461538461535,16.615384615384613,15.984615384615383,16.02307692307692,12304668.0,002396,星网锐捷
2023-07-06,16.06153846153846,17.515384615384615,15.938461538461537,16.769230769230766,28554646.0,002396,星网锐捷
2023-07-07,16.769230769230766,16.830769230769228,15.892307692307693,16.29230769230769,23593768.0,002396,星网锐捷
2023-07-10,16.330769230769228,16.4,15.769230769230768,15.892307692307693,13192973.0,002396,星网锐捷
2023-07-11,15.96923076923077,16.099999999999998,15.746153846153845,15.938461538461537,9189681.0,002396,星网锐捷
2023-07-12,15.846153846153847,15.853846153846153,15.253846153846151,15.26923076923077,16110451.0,002396,星网锐捷
2023-07-13,15.346153846153845,15.69230769230769,15.200000000000001,15.584615384615386,10964413.0,002396,星网锐捷
2023-07-14,15.73076923076923,17.2,15.684615384615384,17.2,49991238.0,002396,星网锐捷
2023-07-17,17.107692307692307,17.176923076923075,16.746153846153845,16.823076923076922,33836072.0,002396,星网锐捷
2023-07-18,16.853846153846153,17.176923076923075,16.50769230769231,16.546153846153846,22843006.0,002396,星网锐捷
2023-07-19,16.646153846153847,16.746153846153845,16.307692307692307,16.446153846153845,16211297.0,002396,星网锐捷
2023-07-20,16.46153846153846,16.492307692307694,15.6,15.63076923076923,27752906.0,002396,星网锐捷
2023-07-21,15.584615384615386,15.653846153846155,15.392307692307693,15.476923076923077,12566530.0,002396,星网锐捷
2023-07-24,15.461538461538462,15.961538461538462,15.353846153846154,15.69230769230769,12607600.0,002396,星网锐捷
2023-07-25,15.9,16.03846153846154,15.653846153846155,15.869230769230768,13273625.0,002396,星网锐捷
2023-07-26,15.869230769230768,15.869230769230768,15.538461538461537,15.607692307692307,10065616.0,002396,星网锐捷
2023-07-27,15.62307692307692,15.73076923076923,15.353846153846154,15.469230769230768,8657086.0,002396,星网锐捷
2023-07-28,15.376923076923076,15.569230769230767,15.26923076923077,15.53076923076923,9483366.0,002396,星网锐捷
2023-07-31,15.53076923076923,15.723076923076924,15.492307692307692,15.661538461538461,9303241.0,002396,星网锐捷
2023-08-01,15.661538461538461,15.861538461538462,15.492307692307692,15.715384615384615,9088219.0,002396,星网锐捷
2023-08-02,15.715384615384615,15.807692307692308,15.592307692307692,15.646153846153846,7059121.0,002396,星网锐捷
2023-08-03,15.507692307692308,15.723076923076924,15.438461538461539,15.538461538461537,7798975.0,002396,星网锐捷
2023-08-04,15.538461538461537,16.007692307692306,15.538461538461537,15.976923076923075,16281514.0,002396,星网锐捷
2023-08-07,15.961538461538462,16.099999999999998,15.799999999999999,15.876923076923077,11209202.0,002396,星网锐捷
2023-08-08,15.876923076923077,15.976923076923075,15.592307692307692,15.661538461538461,7504911.0,002396,星网锐捷
2023-08-09,15.584615384615386,15.723076923076924,15.346153846153845,15.392307692307693,9651861.0,002396,星网锐捷
2023-08-10,15.323076923076924,15.461538461538462,15.253846153846151,15.423076923076923,5261537.0,002396,星网锐捷
2023-08-11,15.376923076923076,15.446153846153845,14.976923076923075,15.0,9623871.0,002396,星网锐捷
2023-08-14,14.815384615384616,15.161538461538461,14.792307692307691,15.076923076923077,5729664.0,002396,星网锐捷
2023-08-15,15.107692307692307,15.184615384615382,14.861538461538462,15.0,4224332.0,002396,星网锐捷
2023-08-16,14.907692307692306,15.030769230769229,14.746153846153847,14.799999999999999,5243277.0,002396,星网锐捷
2023-08-17,14.769230769230768,15.053846153846154,14.6,14.96153846153846,5285251.0,002396,星网锐捷
2023-08-18,14.923076923076922,14.99230769230769,14.769230769230768,14.769230769230768,6128000.0,002396,星网锐捷
2023-08-21,14.738461538461538,14.938461538461539,14.646153846153846,14.646153846153846,4369800.0,002396,星网锐捷
2023-08-22,14.723076923076922,14.853846153846153,14.346153846153845,14.823076923076922,8455995.0,002396,星网锐捷
2023-08-23,14.73076923076923,14.792307692307691,14.484615384615383,14.484615384615383,5132363.0,002396,星网锐捷
2023-08-24,14.576923076923077,14.653846153846153,14.246153846153845,14.246153846153845,5904313.0,002396,星网锐捷
2023-08-25,13.730769230769232,13.792307692307691,13.161538461538461,13.192307692307692,17935590.0,002396,星网锐捷
2023-08-28,13.884615384615385,14.015384615384614,13.384615384615383,13.430769230769231,12970706.0,002396,星网锐捷
2023-08-29,13.446153846153846,13.915384615384616,13.415384615384616,13.853846153846154,8294641.0,002396,星网锐捷
2023-08-30,13.86923076923077,14.207692307692307,13.838461538461537,14.007692307692308,8224300.0,002396,星网锐捷
2023-08-31,13.96153846153846,14.115384615384617,13.853846153846154,13.953846153846154,4549905.0,002396,星网锐捷
2023-09-01,13.953846153846154,14.069230769230767,13.823076923076922,13.9,3811155.0,002396,星网锐捷
2023-09-04,13.93076923076923,14.192307692307692,13.823076923076922,14.176923076923076,5646502.0,002396,星网锐捷
2023-09-05,14.161538461538461,14.299999999999999,14.092307692307692,14.153846153846152,5409408.0,002396,星网锐捷
2023-09-06,14.053846153846154,14.361538461538462,13.907692307692306,14.353846153846153,5381124.0,002396,星网锐捷
2023-09-07,14.299999999999999,14.299999999999999,14.007692307692308,14.053846153846154,4635700.0,002396,星网锐捷
2023-09-08,14.023076923076923,14.253846153846155,13.93076923076923,14.153846153846152,4986764.0,002396,星网锐捷
2023-09-11,14.246153846153845,14.6,14.153846153846152,14.5,7179711.0,002396,星网锐捷
2023-09-12,14.446153846153846,14.738461538461538,14.438461538461537,14.63076923076923,5909330.0,002396,星网锐捷
2023-09-13,14.653846153846153,14.753846153846153,14.23846153846154,14.376923076923077,6083649.0,002396,星网锐捷
2023-09-14,14.376923076923077,14.53076923076923,14.22307692307692,14.292307692307691,4302829.0,002396,星网锐捷
2023-09-15,14.253846153846155,14.361538461538462,14.061538461538461,14.123076923076923,4739900.0,002396,星网锐捷
2023-09-18,14.053846153846154,14.246153846153845,13.915384615384616,14.084615384615383,3554483.0,002396,星网锐捷
2023-09-19,14.084615384615383,14.138461538461538,13.792307692307691,13.923076923076923,3988652.0,002396,星网锐捷
2023-09-20,13.823076923076922,14.2,13.823076923076922,13.830769230769231,4261020.0,002396,星网锐捷
2023-09-21,13.830769230769231,14.23846153846154,13.776923076923076,13.953846153846154,6045132.0,002396,星网锐捷
2023-09-22,13.999999999999998,14.523076923076921,13.96153846153846,14.523076923076921,9610616.0,002396,星网锐捷
2023-09-25,14.515384615384615,14.561538461538461,14.153846153846152,14.246153846153845,7435120.0,002396,星网锐捷
2023-09-26,14.26923076923077,14.438461538461537,14.22307692307692,14.33076923076923,5696611.0,002396,星网锐捷
2023-09-27,14.323076923076924,14.353846153846153,14.153846153846152,14.26153846153846,5316907.0,002396,星网锐捷
2023-09-28,14.26923076923077,14.438461538461537,14.26153846153846,14.338461538461539,5020574.0,002396,星网锐捷
2023-10-09,14.315384615384614,14.399999999999999,14.161538461538461,14.292307692307691,5431500.0,002396,星网锐捷
2023-10-10,14.376923076923077,14.469230769230768,14.315384615384614,14.384615384615383,7005674.0,002396,星网锐捷
2023-10-11,14.376923076923077,14.623076923076924,14.299999999999999,14.546153846153846,7685561.0,002396,星网锐捷
2023-10-12,14.715384615384615,14.715384615384615,14.392307692307693,14.469230769230768,5806087.0,002396,星网锐捷
2023-10-13,14.423076923076923,14.607692307692306,14.23076923076923,14.53076923076923,6962073.0,002396,星网锐捷
2023-10-16,14.507692307692306,14.515384615384615,14.115384615384617,14.192307692307692,6003689.0,002396,星网锐捷
2023-10-17,14.207692307692307,14.423076923076923,14.007692307692308,14.307692307692308,5511133.0,002396,星网锐捷
2023-10-18,14.22307692307692,14.23846153846154,13.715384615384613,13.86153846153846,7197445.0,002396,星网锐捷
2023-10-19,13.815384615384616,14.038461538461538,13.730769230769232,13.730769230769232,5157624.0,002396,星网锐捷
2023-10-20,13.676923076923078,13.807692307692307,13.253846153846153,13.284615384615384,6855450.0,002396,星网锐捷
2023-10-23,13.269230769230768,13.299999999999999,12.76923076923077,12.923076923076923,7302048.0,002396,星网锐捷
2023-10-24,12.938461538461539,13.176923076923076,12.823076923076924,12.992307692307692,5227500.0,002396,星网锐捷
2023-10-25,13.107692307692307,13.415384615384616,12.976923076923077,13.138461538461536,6676719.0,002396,星网锐捷
2023-10-26,13.038461538461538,13.384615384615383,12.961538461538462,13.307692307692308,5942805.0,002396,星网锐捷
2023-10-27,13.115384615384615,13.392307692307693,13.061538461538461,13.315384615384614,6052684.0,002396,星网锐捷
2023-10-30,13.23846153846154,13.515384615384615,13.2,13.461538461538462,6006600.0,002396,星网锐捷
2023-10-31,13.5,13.53076923076923,13.223076923076924,13.307692307692308,5250945.0,002396,星网锐捷
2023-11-01,13.307692307692308,13.453846153846152,13.253846153846153,13.276923076923078,4106009.0,002396,星网锐捷
2023-11-02,13.269230769230768,13.384615384615383,13.115384615384615,13.115384615384615,4351300.0,002396,星网锐捷
2023-11-03,13.107692307692307,13.46923076923077,13.1,13.423076923076922,6559061.0,002396,星网锐捷
2023-11-06,13.46923076923077,13.86153846153846,13.46923076923077,13.830769230769231,8091357.0,002396,星网锐捷
2023-11-07,13.838461538461537,14.069230769230767,13.8,13.992307692307692,8146001.0,002396,星网锐捷
2023-11-08,13.984615384615385,14.146153846153846,13.846153846153845,14.038461538461538,6721350.0,002396,星网锐捷
2023-11-09,13.992307692307692,14.23076923076923,13.884615384615385,13.96923076923077,5714342.0,002396,星网锐捷
2023-11-10,13.9,14.023076923076923,13.807692307692307,13.86923076923077,4105851.0,002396,星网锐捷
2023-11-13,13.953846153846154,14.161538461538461,13.953846153846154,14.115384615384617,4925334.0,002396,星网锐捷
2023-11-14,14.146153846153846,14.292307692307691,14.076923076923077,14.253846153846155,5006098.0,002396,星网锐捷
2023-11-15,14.33076923076923,14.392307692307693,14.176923076923076,14.207692307692307,5482700.0,002396,星网锐捷
2023-11-16,14.2,14.253846153846155,14.015384615384614,14.015384615384614,4173557.0,002396,星网锐捷
2023-11-17,14.007692307692308,14.192307692307692,13.96923076923077,14.16923076923077,4735400.0,002396,星网锐捷
2023-11-20,14.161538461538461,14.361538461538462,14.038461538461538,14.292307692307691,5627751.0,002396,星网锐捷
2023-11-21,14.292307692307691,14.33076923076923,14.069230769230767,14.092307692307692,5463700.0,002396,星网锐捷
2023-11-22,14.115384615384617,14.746153846153847,13.984615384615385,13.984615384615385,12384788.0,002396,星网锐捷
2023-11-23,13.946153846153845,14.115384615384617,13.807692307692307,14.099999999999998,8642934.0,002396,星网锐捷
2023-11-24,14.123076923076923,14.161538461538461,13.692307692307692,13.761538461538462,6843200.0,002396,星网锐捷
2023-11-27,13.692307692307692,13.923076923076923,13.692307692307692,13.792307692307691,4306568.0,002396,星网锐捷
2023-11-28,13.86923076923077,13.892307692307691,13.653846153846153,13.8,3380519.0,002396,星网锐捷
2023-11-29,13.769230769230768,13.86923076923077,13.684615384615384,13.746153846153847,3216600.0,002396,星网锐捷
2023-11-30,13.746153846153847,13.8,13.53076923076923,13.63076923076923,4499147.0,002396,星网锐捷
2023-12-01,13.638461538461538,13.999999999999998,13.592307692307694,13.984615384615385,6124182.0,002396,星网锐捷
2023-12-04,13.984615384615385,14.13076923076923,13.915384615384616,13.93076923076923,4496750.0,002396,星网锐捷
2023-12-05,13.96153846153846,13.96153846153846,13.423076923076922,13.438461538461537,6311922.0,002396,星网锐捷
2023-12-06,13.423076923076922,13.553846153846154,13.284615384615384,13.407692307692306,4078021.0,002396,星网锐捷
2023-12-07,13.346153846153847,13.623076923076923,13.346153846153847,13.553846153846154,4964505.0,002396,星网锐捷
2023-12-08,13.523076923076921,14.084615384615383,13.523076923076921,13.9,9032584.0,002396,星网锐捷
2023-12-11,13.846153846153845,13.923076923076923,13.5,13.907692307692306,5742571.0,002396,星网锐捷
2023-12-12,13.853846153846154,14.092307692307692,13.830769230769231,13.938461538461539,4896400.0,002396,星网锐捷
2023-12-13,13.907692307692306,13.976923076923077,13.792307692307691,13.8,3434950.0,002396,星网锐捷
2023-12-14,13.86923076923077,14.015384615384614,13.753846153846153,13.784615384615385,5309567.0,002396,星网锐捷
2023-12-15,13.807692307692307,13.876923076923076,13.546153846153846,13.584615384615384,4565172.0,002396,星网锐捷
2023-12-18,13.546153846153846,13.56153846153846,13.253846153846153,13.269230769230768,4847767.0,002396,星网锐捷
2023-12-19,13.23076923076923,13.4,13.176923076923076,13.33076923076923,2812751.0,002396,星网锐捷
2023-12-20,13.369230769230768,13.376923076923077,13.092307692307692,13.1,4192450.0,002396,星网锐捷
2023-12-21,13.038461538461538,13.23076923076923,12.823076923076924,13.12307692307692,4982466.0,002396,星网锐捷
2023-12-22,13.153846153846155,13.153846153846155,12.884615384615385,12.923076923076923,4642700.0,002396,星网锐捷
2023-12-25,12.961538461538462,13.038461538461538,12.83076923076923,12.83076923076923,3698800.0,002396,星网锐捷
2023-12-26,12.83076923076923,12.907692307692308,12.584615384615384,12.615384615384613,4979181.0,002396,星网锐捷
2023-12-27,12.653846153846153,12.76923076923077,12.576923076923078,12.669230769230769,4259552.0,002396,星网锐捷
2023-12-28,12.653846153846153,13.13076923076923,12.615384615384613,13.061538461538461,6319997.0,002396,星网锐捷
2023-12-29,13.038461538461538,13.361538461538462,13.007692307692308,13.323076923076924,5317049.0,002396,星网锐捷
2024-01-02,13.307692307692308,13.392307692307693,13.215384615384615,13.23076923076923,3799200.0,002396,星网锐捷
2024-01-03,13.192307692307692,13.246153846153845,13.038461538461538,13.115384615384615,3435400.0,002396,星网锐捷
2024-01-04,13.084615384615386,13.107692307692307,12.961538461538462,13.053846153846152,2808702.0,002396,星网锐捷
2024-01-05,13.046153846153846,13.076923076923077,12.76923076923077,12.792307692307691,3480056.0,002396,星网锐捷
2024-01-08,12.792307692307691,12.823076923076924,12.115384615384615,12.207692307692309,10691614.0,002396,星网锐捷
2024-01-09,12.23076923076923,12.4,12.13846153846154,12.223076923076922,4622750.0,002396,星网锐捷
2024-01-10,12.192307692307693,12.515384615384615,11.984615384615383,12.299999999999999,5093471.0,002396,星网锐捷
2024-01-11,12.269230769230768,12.6,12.2,12.5,3957569.0,002396,星网锐捷
2024-01-12,12.430769230769231,12.5,12.323076923076922,12.338461538461537,2910000.0,002396,星网锐捷
2024-01-15,12.269230769230768,12.384615384615385,12.115384615384615,12.246153846153847,2902999.0,002396,星网锐捷
2024-01-16,12.23076923076923,12.238461538461538,12.015384615384615,12.169230769230769,4417040.0,002396,星网锐捷
2024-01-17,12.146153846153846,12.215384615384615,11.846153846153845,11.846153846153845,3359000.0,002396,星网锐捷
2024-01-18,11.76153846153846,11.876923076923077,11.461538461538462,11.792307692307691,6368400.0,002396,星网锐捷
2024-01-19,11.784615384615384,11.884615384615383,11.653846153846153,11.746153846153845,3413693.0,002396,星网锐捷
2024-01-22,11.661538461538461,11.823076923076924,10.73076923076923,10.838461538461537,8214840.0,002396,星网锐捷
2024-01-23,10.86923076923077,11.184615384615384,10.769230769230768,11.123076923076923,6033481.0,002396,星网锐捷
2024-01-24,11.146153846153846,11.330769230769231,10.769230769230768,11.238461538461538,5179600.0,002396,星网锐捷
2024-01-25,11.23076923076923,11.807692307692308,11.184615384615384,11.807692307692308,6138185.0,002396,星网锐捷
2024-01-26,11.815384615384614,11.876923076923077,11.669230769230769,11.700000000000001,4140744.0,002396,星网锐捷
2024-01-29,11.73076923076923,11.815384615384614,11.323076923076924,11.36153846153846,4577100.0,002396,星网锐捷
2024-01-30,11.307692307692307,11.584615384615384,11.107692307692307,11.123076923076923,4672236.0,002396,星网锐捷
2024-01-31,11.038461538461538,11.092307692307692,10.5,10.523076923076923,6712217.0,002396,星网锐捷
2024-02-01,10.538461538461538,10.846153846153845,10.215384615384615,10.569230769230769,6649830.0,002396,星网锐捷
2024-02-02,10.53076923076923,10.684615384615384,9.561538461538461,9.907692307692308,9123004.0,002396,星网锐捷
2024-02-05,9.86923076923077,9.86923076923077,8.876923076923076,8.984615384615385,12867049.0,002396,星网锐捷
2024-02-06,8.884615384615385,9.86923076923077,8.815384615384616,9.807692307692307,11444394.0,002396,星网锐捷
2024-02-07,9.8,10.492307692307692,9.723076923076924,10.423076923076923,10384473.0,002396,星网锐捷
2024-02-08,10.469230769230768,11.346153846153845,10.469230769230768,10.99230769230769,12368262.0,002396,星网锐捷
2024-02-19,11.161538461538461,11.307692307692307,10.853846153846153,11.238461538461538,10650111.0,002396,星网锐捷
2024-02-20,11.153846153846153,11.153846153846153,10.876923076923077,11.076923076923077,7294765.0,002396,星网锐捷
2024-02-21,10.961538461538462,11.461538461538462,10.953846153846154,11.084615384615384,8253060.0,002396,星网锐捷
2024-02-22,11.23076923076923,11.561538461538461,11.123076923076923,11.46923076923077,8496790.0,002396,星网锐捷
2024-02-23,11.538461538461538,11.715384615384615,11.43076923076923,11.700000000000001,7947357.0,002396,星网锐捷
2024-02-26,11.653846153846153,12.115384615384615,11.6,11.907692307692308,9158553.0,002396,星网锐捷
2024-02-27,11.907692307692308,12.6,11.76923076923077,12.576923076923078,13397644.0,002396,星网锐捷
2024-02-28,12.569230769230769,12.653846153846153,11.700000000000001,11.707692307692307,15665253.0,002396,星网锐捷
2024-02-29,11.653846153846153,12.284615384615384,11.638461538461538,12.238461538461538,10175238.0,002396,星网锐捷
2024-03-01,12.223076923076922,12.715384615384616,12.207692307692309,12.669230769230769,12338944.0,002396,星网锐捷
2024-03-04,12.76923076923077,12.907692307692308,12.515384615384615,12.707692307692307,11738726.0,002396,星网锐捷
2024-03-05,12.569230769230769,12.746153846153845,12.384615384615385,12.507692307692308,9473402.0,002396,星网锐捷
2024-03-06,12.530769230769229,12.615384615384613,12.261538461538462,12.453846153846154,7251508.0,002396,星网锐捷
2024-03-07,12.5,12.576923076923078,12.184615384615384,12.192307692307693,6270368.0,002396,星网锐捷
2024-03-08,12.207692307692309,12.515384615384615,12.076923076923077,12.476923076923075,7949508.0,002396,星网锐捷
2024-03-11,12.361538461538462,12.49230769230769,12.23076923076923,12.484615384615385,6734022.0,002396,星网锐捷
2024-03-12,12.476923076923075,12.584615384615384,12.284615384615384,12.361538461538462,7202749.0,002396,星网锐捷
2024-03-13,12.430769230769231,12.592307692307692,12.338461538461537,12.46923076923077,7176025.0,002396,星网锐捷
2024-03-14,12.376923076923076,12.446153846153846,12.123076923076924,12.276923076923078,7147550.0,002396,星网锐捷
2024-03-15,12.292307692307693,12.438461538461539,12.176923076923075,12.423076923076922,5819173.0,002396,星网锐捷
2024-03-18,12.46923076923077,12.630769230769232,12.430769230769231,12.607692307692307,8547000.0,002396,星网锐捷
2024-03-19,12.523076923076923,12.692307692307692,12.423076923076922,12.538461538461538,8943911.0,002396,星网锐捷
2024-03-20,12.523076923076923,12.700000000000001,12.507692307692308,12.661538461538461,7475901.0,002396,星网锐捷
2024-03-21,12.630769230769232,12.715384615384616,12.507692307692308,12.538461538461538,5675200.0,002396,星网锐捷
2024-03-22,12.49230769230769,12.592307692307692,12.238461538461538,12.46153846153846,7193200.0,002396,星网锐捷
2024-03-25,12.346153846153847,13.053846153846152,12.238461538461538,12.246153846153847,14192571.0,002396,星网锐捷
2024-03-26,12.223076923076922,12.361538461538462,11.823076923076924,11.969230769230768,9361830.0,002396,星网锐捷
2024-03-27,11.923076923076923,12.015384615384615,11.284615384615384,11.284615384615384,8000358.0,002396,星网锐捷
2024-03-28,11.330769230769231,11.961538461538462,11.23076923076923,11.799999999999999,8738750.0,002396,星网锐捷
2024-03-29,11.923076923076923,12.284615384615384,11.83076923076923,12.269230769230768,9080242.0,002396,星网锐捷
2024-04-01,12.246153846153847,12.86923076923077,12.246153846153847,12.846153846153845,15462884.0,002396,星网锐捷
2024-04-02,12.776923076923076,12.86153846153846,12.569230769230769,12.646153846153847,8338400.0,002396,星网锐捷
2024-04-03,12.623076923076923,12.630769230769232,12.253846153846153,12.438461538461539,6969435.0,002396,星网锐捷
2024-04-08,12.307692307692307,12.423076923076922,12.03076923076923,12.053846153846155,6365822.0,002396,星网锐捷
2024-04-09,12.123076923076924,12.246153846153847,11.976923076923077,12.207692307692309,5135194.0,002396,星网锐捷
2024-04-10,12.146153846153846,12.207692307692309,11.838461538461539,11.923076923076923,5047521.0,002396,星网锐捷
2024-04-11,11.923076923076923,12.2,11.838461538461539,11.961538461538462,4031093.0,002396,星网锐捷
2024-04-12,12.0,12.223076923076922,11.884615384615383,11.907692307692308,5275431.0,002396,星网锐捷
2024-04-15,11.907692307692308,12.1,11.638461538461538,11.876923076923077,7549955.0,002396,星网锐捷
2024-04-16,11.823076923076924,11.861538461538462,11.284615384615384,11.299999999999999,8098597.0,002396,星网锐捷
2024-04-17,11.423076923076922,11.884615384615383,11.423076923076922,11.884615384615383,6357014.0,002396,星网锐捷
2024-04-18,11.869230769230768,12.038461538461537,11.723076923076922,11.799999999999999,7648742.0,002396,星网锐捷
2024-04-19,11.73076923076923,11.923076923076923,11.661538461538461,11.799999999999999,5168894.0,002396,星网锐捷
2024-04-22,11.638461538461538,12.0,11.407692307692308,11.899999999999999,6706710.0,002396,星网锐捷
2024-04-23,11.83076923076923,12.076923076923077,11.784615384615384,11.807692307692308,4459888.0,002396,星网锐捷
2024-04-24,11.807692307692308,12.13846153846154,11.746153846153845,12.13846153846154,6112269.0,002396,星网锐捷
2024-04-25,12.084615384615384,12.184615384615384,11.946153846153846,12.03076923076923,4276795.0,002396,星网锐捷
2024-04-26,11.115384615384615,11.253846153846155,10.776923076923076,11.107692307692307,30657787.0,002396,星网锐捷
2024-04-29,10.99230769230769,11.615384615384615,10.96923076923077,11.407692307692308,20317305.0,002396,星网锐捷
2024-04-30,11.423076923076922,11.446153846153846,11.1,11.192307692307692,9175193.0,002396,星网锐捷
2024-05-06,11.276923076923076,11.561538461538461,11.238461538461538,11.292307692307691,9072900.0,002396,星网锐捷
2024-05-07,11.307692307692307,11.338461538461539,11.1,11.215384615384615,7071429.0,002396,星网锐捷
2024-05-08,11.192307692307692,11.192307692307692,10.930769230769231,10.953846153846154,7128491.0,002396,星网锐捷
2024-05-09,10.961538461538462,11.107692307692307,10.923076923076922,11.061538461538461,5843285.0,002396,星网锐捷
2024-05-10,11.076923076923077,11.1,10.823076923076924,10.923076923076922,6378093.0,002396,星网锐捷
2024-05-13,10.884615384615385,10.884615384615385,10.638461538461538,10.73076923076923,5908350.0,002396,星网锐捷
2024-05-14,10.723076923076922,10.9,10.669230769230769,10.753846153846153,4874198.0,002396,星网锐捷
2024-05-15,10.753846153846153,10.807692307692308,10.63076923076923,10.638461538461538,4170552.0,002396,星网锐捷
2024-05-16,10.661538461538461,10.9,10.661538461538461,10.73846153846154,5785354.0,002396,星网锐捷
2024-05-17,10.746153846153847,10.907692307692306,10.638461538461538,10.9,4523006.0,002396,星网锐捷
2024-05-20,10.846153846153845,10.953846153846154,10.784615384615384,10.892307692307693,5133200.0,002396,星网锐捷
2024-05-21,10.892307692307693,10.892307692307693,10.73076923076923,10.792307692307691,4521500.0,002396,星网锐捷
2024-05-22,10.784615384615384,10.853846153846153,10.723076923076922,10.823076923076924,4039156.0,002396,星网锐捷
2024-05-23,10.784615384615384,10.838461538461537,10.507692307692308,10.538461538461538,6624997.0,002396,星网锐捷
2024-05-24,10.653846153846153,10.715384615384615,10.430769230769231,10.446153846153846,5563700.0,002396,星网锐捷
2024-05-27,10.438461538461539,10.53076923076923,10.2,10.484615384615385,4776600.0,002396,星网锐捷
2024-05-28,10.484615384615385,10.576923076923077,10.284615384615384,10.284615384615384,3808011.0,002396,星网锐捷
2024-05-29,10.323076923076922,10.446153846153846,10.276923076923076,10.307692307692308,3407243.0,002396,星网锐捷
2024-05-30,10.284615384615384,10.392307692307691,10.176923076923076,10.323076923076922,3538900.0,002396,星网锐捷
2024-05-31,10.33076923076923,10.523076923076923,10.33076923076923,10.423076923076923,4746280.0,002396,星网锐捷
2024-06-03,10.5,10.515384615384615,10.269230769230768,10.361538461538462,5789679.0,002396,星网锐捷
2024-06-04,10.361538461538462,10.384615384615385,10.138461538461538,10.269230769230768,5073769.0,002396,星网锐捷
2024-06-05,10.26153846153846,10.399999999999999,10.215384615384615,10.253846153846153,3705511.0,002396,星网锐捷
2024-06-06,10.323076923076922,10.361538461538462,9.853846153846154,9.923076923076923,6447303.0,002396,星网锐捷
2024-06-07,9.992307692307692,10.084615384615384,9.846153846153847,9.96923076923077,4620537.0,002396,星网锐捷
2024-06-11,9.96153846153846,10.153846153846153,9.769230769230768,10.123076923076923,4660725.0,002396,星网锐捷
2024-06-12,10.146153846153846,10.292307692307693,10.076923076923077,10.192307692307692,3776991.0,002396,星网锐捷
2024-06-13,10.192307692307692,10.284615384615384,10.076923076923077,10.2,4236891.0,002396,星网锐捷
2024-06-14,10.2,10.36923076923077,10.076923076923077,10.323076923076922,5124907.0,002396,星网锐捷
2024-06-17,10.3,10.423076923076923,10.230769230769232,10.338461538461537,5182838.0,002396,星网锐捷
2024-06-18,10.33076923076923,10.576923076923077,10.284615384615384,10.538461538461538,5135010.0,002396,星网锐捷
2024-06-19,10.561538461538461,10.676923076923076,10.438461538461539,10.453846153846154,4992760.0,002396,星网锐捷
2024-06-20,10.461538461538462,10.476923076923075,10.13076923076923,10.13076923076923,5321560.0,002396,星网锐捷
2024-06-21,10.169230769230769,10.192307692307692,9.992307692307692,10.107692307692307,3668938.0,002396,星网锐捷
2024-06-24,10.046153846153846,10.084615384615384,9.553846153846154,9.576923076923077,5928579.0,002396,星网锐捷
2024-06-25,9.576923076923077,9.653846153846153,9.376923076923076,9.492307692307692,4988418.0,002396,星网锐捷
2024-06-26,9.476923076923077,10.0,9.423076923076923,9.984615384615385,5079212.0,002396,星网锐捷
2024-06-27,9.96153846153846,10.030769230769229,9.692307692307692,9.7,3394000.0,002396,星网锐捷
2024-06-28,9.73076923076923,10.007692307692308,9.669230769230769,9.776923076923078,4316800.0,002396,星网锐捷
2024-07-01,9.753846153846153,9.83076923076923,9.453846153846152,9.669230769230769,5109753.0,002396,星网锐捷
2024-07-02,9.661538461538461,9.792307692307693,9.523076923076923,9.576923076923077,4493192.0,002396,星网锐捷
2024-07-03,9.576923076923077,9.6,9.361538461538462,9.376923076923076,5757500.0,002396,星网锐捷
2024-07-04,9.384615384615383,9.461538461538462,9.107692307692307,9.138461538461538,4616500.0,002396,星网锐捷
2024-07-05,9.138461538461538,9.315384615384614,9.046153846153846,9.26923076923077,3167588.0,002396,星网锐捷
2024-07-08,9.26153846153846,9.26153846153846,8.876923076923076,8.923076923076923,4832511.0,002396,星网锐捷
2024-07-09,8.884615384615385,9.338461538461539,8.884615384615385,9.299999999999999,5448745.0,002396,星网锐捷
2024-07-10,9.253846153846153,9.423076923076923,9.23076923076923,9.346153846153847,4471789.0,002396,星网锐捷
2024-07-11,9.546153846153846,9.607692307692307,9.392307692307693,9.607692307692307,4885919.0,002396,星网锐捷
2024-07-12,9.538461538461538,9.607692307692307,9.5,9.538461538461538,2800800.0,002396,星网锐捷
2024-07-15,9.515384615384615,9.53076923076923,9.307692307692307,9.369230769230768,3189050.0,002396,星网锐捷
2024-07-16,9.369230769230768,9.507692307692308,9.284615384615385,9.492307692307692,4033257.0,002396,星网锐捷
2024-07-17,9.476923076923077,9.538461538461538,9.384615384615383,9.392307692307693,4406710.0,002396,星网锐捷
2024-07-18,9.330769230769231,9.330769230769231,9.076923076923077,9.253846153846153,5120110.0,002396,星网锐捷
2024-07-19,9.23076923076923,9.446153846153845,9.169230769230769,9.407692307692308,3753900.0,002396,星网锐捷
2024-07-22,9.415384615384616,9.538461538461538,9.376923076923076,9.446153846153845,3172124.0,002396,星网锐捷
2024-07-23,9.407692307692308,9.446153846153845,9.161538461538461,9.161538461538461,3153441.0,002396,星网锐捷
2024-07-24,9.153846153846153,9.26153846153846,9.069230769230769,9.069230769230769,3110891.0,002396,星网锐捷
2024-07-25,9.03076923076923,9.200000000000001,8.976923076923077,9.046153846153846,3011546.0,002396,星网锐捷
2024-07-26,9.061538461538461,9.253846153846153,9.061538461538461,9.223076923076922,2980877.0,002396,星网锐捷
2024-07-29,9.26153846153846,9.330769230769231,9.146153846153846,9.26923076923077,2837212.0,002396,星网锐捷
2024-07-30,9.200000000000001,9.353846153846154,9.153846153846153,9.338461538461539,2932208.0,002396,星网锐捷
2024-07-31,9.361538461538462,9.846153846153847,9.299999999999999,9.83076923076923,8486788.0,002396,星网锐捷
2024-08-01,9.83076923076923,9.923076923076923,9.769230769230768,9.83076923076923,4901595.0,002396,星网锐捷
2024-08-02,9.738461538461538,9.899999999999999,9.638461538461538,9.646153846153846,4031650.0,002396,星网锐捷
2024-08-05,9.6,9.7,9.238461538461538,9.253846153846153,5925537.0,002396,星网锐捷
2024-08-06,9.384615384615383,9.515384615384615,9.299999999999999,9.415384615384616,3575187.0,002396,星网锐捷
2024-08-07,9.376923076923076,9.607692307692307,9.376923076923076,9.484615384615385,3629765.0,002396,星网锐捷
2024-08-08,9.46923076923077,9.538461538461538,9.307692307692307,9.453846153846152,3393000.0,002396,星网锐捷
2024-08-09,9.461538461538462,9.561538461538461,9.369230769230768,9.369230769230768,2557900.0,002396,星网锐捷
2024-08-12,9.415384615384616,9.423076923076923,9.26153846153846,9.307692307692307,3232500.0,002396,星网锐捷
2024-08-13,9.307692307692307,9.407692307692308,9.276923076923078,9.392307692307693,2140500.0,002396,星网锐捷
2024-08-14,9.423076923076923,9.5,9.369230769230768,9.415384615384616,2523700.0,002396,星网锐捷
2024-08-15,9.392307692307693,9.669230769230769,9.323076923076922,9.561538461538461,3948303.0,002396,星网锐捷
2024-08-16,9.584615384615384,9.769230769230768,9.576923076923077,9.692307692307692,4848751.0,002396,星网锐捷
2024-08-19,9.692307692307692,9.907692307692308,9.63076923076923,9.83076923076923,4175200.0,002396,星网锐捷
2024-08-20,9.86923076923077,9.86923076923077,9.7,9.73076923076923,3449442.0,002396,星网锐捷
2024-08-21,9.684615384615384,9.807692307692307,9.63076923076923,9.661538461538461,2884298.0,002396,星网锐捷
2024-08-22,9.653846153846153,9.784615384615385,9.461538461538462,9.538461538461538,5246000.0,002396,星网锐捷
2024-08-23,9.746153846153845,10.069230769230769,9.638461538461538,10.015384615384615,20567235.0,002396,星网锐捷
2024-08-26,10.046153846153846,10.230769230769232,9.884615384615383,10.13076923076923,14146882.0,002396,星网锐捷
2024-08-27,10.107692307692307,10.230769230769232,9.976923076923077,10.023076923076923,7763276.0,002396,星网锐捷
2024-08-28,9.976923076923077,10.3,9.96153846153846,10.207692307692307,7580426.0,002396,星网锐捷
2024-08-29,10.123076923076923,10.207692307692307,10.023076923076923,10.107692307692307,7595674.0,002396,星网锐捷
2024-08-30,10.023076923076923,10.353846153846154,10.023076923076923,10.215384615384615,9641519.0,002396,星网锐捷
2024-09-02,10.292307692307693,10.292307692307693,10.069230769230769,10.092307692307692,7587300.0,002396,星网锐捷
2024-09-03,10.084615384615384,10.192307692307692,10.007692307692308,10.169230769230769,5898429.0,002396,星网锐捷
2024-09-04,10.053846153846154,10.253846153846153,10.030769230769229,10.192307692307692,4471528.0,002396,星网锐捷
2024-09-05,10.138461538461538,10.376923076923077,10.138461538461538,10.315384615384614,4667136.0,002396,星网锐捷
2024-09-06,10.3,10.323076923076922,10.015384615384615,10.030769230769229,4362256.0,002396,星网锐捷
2024-09-09,9.984615384615385,10.13076923076923,9.976923076923077,10.023076923076923,3614054.0,002396,星网锐捷
2024-09-10,10.015384615384615,10.346153846153845,9.86923076923077,10.230769230769232,4535861.0,002396,星网锐捷
2024-09-11,10.192307692307692,10.353846153846154,10.176923076923076,10.26153846153846,3518456.0,002396,星网锐捷
2024-09-12,10.284615384615384,10.361538461538462,10.2,10.207692307692307,2807709.0,002396,星网锐捷
2024-09-13,10.207692307692307,10.3,10.076923076923077,10.107692307692307,2839200.0,002396,星网锐捷
2024-09-18,10.107692307692307,10.184615384615384,9.946153846153846,10.069230769230769,3214952.0,002396,星网锐捷
2024-09-19,10.123076923076923,10.415384615384614,10.030769230769229,10.307692307692308,4912125.0,002396,星网锐捷
2024-09-20,10.307692307692308,10.423076923076923,10.26153846153846,10.361538461538462,4537100.0,002396,星网锐捷
2024-09-23,10.33076923076923,10.6,10.307692307692308,10.484615384615385,6704750.0,002396,星网锐捷
2024-09-24,10.484615384615385,10.615384615384615,10.3,10.615384615384615,10237742.0,002396,星网锐捷
2024-09-25,10.669230769230769,10.86153846153846,10.576923076923077,10.576923076923077,9722973.0,002396,星网锐捷
2024-09-26,10.553846153846154,10.892307692307693,10.553846153846154,10.892307692307693,9024609.0,002396,星网锐捷
2024-09-27,11.038461538461538,11.492307692307692,10.915384615384614,11.376923076923076,15911742.0,002396,星网锐捷
2024-09-30,11.707692307692307,12.5,11.676923076923076,12.423076923076922,26441930.0,002396,星网锐捷
2024-10-08,13.7,13.707692307692307,12.692307692307692,13.5,30924243.0,002396,星网锐捷
2024-10-09,13.207692307692309,13.215384615384615,12.315384615384616,12.361538461538462,24425781.0,002396,星网锐捷
2024-10-10,12.538461538461538,12.707692307692307,12.146153846153846,12.269230769230768,14988177.0,002396,星网锐捷
2024-10-11,12.161538461538461,12.307692307692307,11.499999999999998,11.646153846153846,12442476.0,002396,星网锐捷
2024-10-14,11.700000000000001,11.846153846153847,11.384615384615385,11.792307692307691,14086248.0,002396,星网锐捷
2024-10-15,11.807692307692307,12.03076923076923,11.569230769230769,11.592307692307692,11297425.0,002396,星网锐捷
2024-10-16,11.476923076923077,11.76153846153846,11.384615384615385,11.523076923076923,7474400.0,002396,星网锐捷
2024-10-17,11.692307692307692,11.838461538461539,11.523076923076923,11.576923076923077,8863920.0,002396,星网锐捷
2024-10-18,11.53076923076923,12.2,11.484615384615385,11.946153846153846,15615418.0,002396,星网锐捷
2024-10-21,11.976923076923077,12.276923076923078,11.976923076923077,12.107692307692306,16259110.0,002396,星网锐捷
2024-10-22,12.069230769230769,12.123076923076924,11.869230769230768,12.023076923076921,12599370.0,002396,星网锐捷
2024-10-23,12.03076923076923,12.246153846153847,11.930769230769231,12.076923076923077,11916047.0,002396,星网锐捷
2024-10-24,12.084615384615384,12.269230769230768,11.946153846153846,12.184615384615384,12301233.0,002396,星网锐捷
2024-10-25,12.307692307692307,12.638461538461538,12.176923076923075,12.569230769230769,17751370.0,002396,星网锐捷
2024-10-28,12.661538461538461,12.846153846153845,12.430769230769231,12.838461538461539,14895669.0,002396,星网锐捷
2024-10-29,12.884615384615385,12.946153846153845,12.592307692307692,12.684615384615382,15758441.0,002396,星网锐捷
2024-10-30,12.615384615384613,13.023076923076923,12.584615384615384,12.93076923076923,15235219.0,002396,星网锐捷
2024-10-31,12.93076923076923,13.13076923076923,12.746153846153845,13.084615384615386,15960508.0,002396,星网锐捷
2024-11-01,13.061538461538461,13.16923076923077,12.530769230769229,12.553846153846154,16898893.0,002396,星网锐捷
2024-11-04,12.523076923076923,13.115384615384615,12.523076923076923,13.076923076923077,15041965.0,002396,星网锐捷
2024-11-05,13.084615384615386,13.53076923076923,12.999999999999998,13.384615384615383,23057166.0,002396,星网锐捷
2024-11-06,13.353846153846153,13.453846153846152,13.115384615384615,13.2,18461731.0,002396,星网锐捷
2024-11-07,13.13076923076923,13.269230769230768,12.992307692307692,13.246153846153845,14569915.0,002396,星网锐捷
2024-11-08,13.338461538461537,13.607692307692309,13.307692307692308,13.384615384615383,16696783.0,002396,星网锐捷
2024-11-11,13.423076923076922,14.015384615384614,13.315384615384614,13.976923076923077,22671917.0,002396,星网锐捷
2024-11-12,13.984615384615385,14.869230769230768,13.761538461538462,14.59230769230769,46297355.0,002396,星网锐捷
2024-11-13,14.138461538461538,14.276923076923076,13.830769230769231,14.13076923076923,27401306.0,002396,星网锐捷
2024-11-14,14.107692307692307,14.22307692307692,13.723076923076922,13.753846153846153,16301571.0,002396,星网锐捷
2024-11-15,13.661538461538463,14.030769230769229,13.384615384615383,13.446153846153846,14469327.0,002396,星网锐捷
2024-11-18,13.446153846153846,13.56153846153846,13.1,13.176923076923076,13811384.0,002396,星网锐捷
2024-11-19,13.269230769230768,13.461538461538462,13.015384615384617,13.4,10518499.0,002396,星网锐捷
2024-11-20,13.361538461538462,13.684615384615384,13.307692307692308,13.607692307692309,9897755.0,002396,星网锐捷
2024-11-21,13.669230769230769,13.676923076923078,13.292307692307693,13.461538461538462,9385542.0,002396,星网锐捷
2024-11-22,13.461538461538462,13.638461538461538,12.946153846153845,12.969230769230768,10685800.0,002396,星网锐捷
2024-11-25,12.999999999999998,13.084615384615386,12.584615384615384,12.807692307692307,11666719.0,002396,星网锐捷
2024-11-26,12.823076923076924,13.076923076923077,12.76923076923077,12.8,7665504.0,002396,星网锐捷
2024-11-27,12.746153846153845,12.984615384615383,12.476923076923075,12.969230769230768,9152565.0,002396,星网锐捷
2024-11-28,12.938461538461539,13.076923076923077,12.6,12.623076923076923,11997800.0,002396,星网锐捷
2024-11-29,12.607692307692307,12.976923076923077,12.46923076923077,12.76923076923077,12871950.0,002396,星网锐捷
2024-12-02,12.738461538461538,13.176923076923076,12.700000000000001,13.084615384615386,12233900.0,002396,星网锐捷
2024-12-03,13.107692307692307,13.115384615384615,12.884615384615385,13.015384615384617,8444400.0,002396,星网锐捷
2024-12-04,12.992307692307692,13.015384615384617,12.653846153846153,12.738461538461538,7526441.0,002396,星网锐捷
2024-12-05,12.692307692307692,12.953846153846154,12.661538461538461,12.876923076923076,5956800.0,002396,星网锐捷
2024-12-06,12.93076923076923,13.076923076923077,12.76923076923077,13.023076923076923,8906449.0,002396,星网锐捷
2024-12-09,13.061538461538461,13.16923076923077,12.846153846153845,12.93076923076923,8173603.0,002396,星网锐捷
2024-12-10,13.292307692307693,13.369230769230768,12.961538461538462,13.092307692307692,11138526.0,002396,星网锐捷
2024-12-11,13.023076923076923,13.49230769230769,12.999999999999998,13.461538461538462,11478800.0,002396,星网锐捷
2024-12-12,13.5,13.715384615384613,13.392307692307693,13.607692307692309,11008200.0,002396,星网锐捷
2024-12-13,13.5,13.584615384615384,13.284615384615384,13.323076923076924,12214150.0,002396,星网锐捷
2024-12-16,13.384615384615383,13.46923076923077,13.153846153846155,13.23846153846154,9037437.0,002396,星网锐捷
2024-12-17,13.369230769230768,13.553846153846154,13.007692307692308,13.084615384615386,12140064.0,002396,星网锐捷
2024-12-18,13.03076923076923,13.438461538461537,12.923076923076923,13.315384615384614,8965840.0,002396,星网锐捷
2024-12-19,13.246153846153845,14.684615384615384,13.153846153846155,14.684615384615384,25954344.0,002396,星网锐捷
2024-12-20,14.907692307692306,14.907692307692306,14.215384615384615,14.292307692307691,68682475.0,002396,星网锐捷
2024-12-23,14.307692307692308,15.115384615384613,14.176923076923076,14.2,48965556.0,002396,星网锐捷
2024-12-24,14.461538461538462,14.884615384615385,14.099999999999998,14.346153846153845,36746159.0,002396,星网锐捷
2024-12-25,14.138461538461538,14.538461538461537,13.86923076923077,14.215384615384615,27418505.0,002396,星网锐捷
2024-12-26,14.16923076923077,14.96153846153846,14.076923076923077,14.838461538461537,39176318.0,002396,星网锐捷
2024-12-27,15.461538461538462,15.869230769230768,14.823076923076922,14.976923076923075,59789141.0,002396,星网锐捷
2024-12-30,15.26153846153846,15.384615384615383,14.63076923076923,14.830769230769231,32299128.0,002396,星网锐捷
2024-12-31,14.861538461538462,14.923076923076922,14.22307692307692,14.22307692307692,24749600.0,002396,星网锐捷
2025-01-02,14.123076923076923,14.23076923076923,13.307692307692308,13.484615384615385,23643140.0,002396,星网锐捷
2025-01-03,13.56153846153846,13.638461538461538,12.746153846153845,12.815384615384614,20707297.0,002396,星网锐捷
2025-01-06,12.76923076923077,13.138461538461536,12.446153846153846,12.6,18188200.0,002396,星网锐捷
2025-01-07,12.538461538461538,13.9,12.530769230769229,13.9,30602594.0,002396,星网锐捷
2025-01-08,13.884615384615385,14.246153846153845,13.430769230769231,14.030769230769229,39705138.0,002396,星网锐捷
2025-01-09,13.907692307692306,14.615384615384615,13.792307692307691,14.215384615384615,30283759.0,002396,星网锐捷
2025-01-10,13.999999999999998,14.16923076923077,13.384615384615383,13.423076923076922,27588300.0,002396,星网锐捷
2025-01-13,13.223076923076924,13.369230769230768,12.892307692307693,13.061538461538461,17988200.0,002396,星网锐捷
2025-01-14,13.438461538461537,14.407692307692308,13.269230769230768,14.407692307692308,13700683.0,002396,星网锐捷
2025-01-15,14.715384615384615,15.307692307692307,14.615384615384615,14.907692307692306,52483276.0,002396,星网锐捷
2025-01-16,15.0,15.284615384615385,14.669230769230769,14.930769230769231,33382714.0,002396,星网锐捷
2025-01-17,14.907692307692306,15.046153846153844,14.676923076923075,14.915384615384616,24309777.0,002396,星网锐捷
2025-01-20,15.153846153846153,15.23076923076923,14.823076923076922,15.038461538461538,30978228.0,002396,星网锐捷
2025-01-21,15.076923076923077,15.423076923076923,14.984615384615385,15.323076923076924,36088789.0,002396,星网锐捷
2025-01-22,15.076923076923077,15.461538461538462,15.007692307692308,15.23076923076923,29894232.0,002396,星网锐捷
2025-01-23,15.499999999999998,15.792307692307693,14.984615384615385,14.99230769230769,37313423.0,002396,星网锐捷
2025-01-24,14.984615384615385,15.769230769230768,14.984615384615385,15.392307692307693,36895693.0,002396,星网锐捷
2025-01-27,15.392307692307693,15.453846153846154,14.59230769230769,14.669230769230769,28397900.0,002396,星网锐捷
2025-02-05,14.923076923076922,15.06153846153846,14.653846153846153,14.707692307692309,23409533.0,002396,星网锐捷
2025-02-06,14.7,15.276923076923076,14.63076923076923,15.207692307692307,26476215.0,002396,星网锐捷
2025-02-07,15.207692307692307,15.707692307692309,15.084615384615384,15.507692307692308,32408334.0,002396,星网锐捷
2025-02-10,15.561538461538461,15.676923076923076,15.346153846153845,15.607692307692307,26286189.0,002396,星网锐捷
2025-02-11,15.499999999999998,15.984615384615385,15.36153846153846,15.73846153846154,31387697.0,002396,星网锐捷
2025-02-12,15.676923076923076,16.123076923076923,15.661538461538461,15.961538461538462,29125622.0,002396,星网锐捷
2025-02-13,15.83076923076923,15.861538461538462,15.384615384615383,15.546153846153846,25913404.0,002396,星网锐捷
2025-02-14,15.469230769230768,16.707692307692305,15.438461538461539,16.238461538461536,39219692.0,002396,星网锐捷
2025-02-17,16.707692307692305,17.246153846153845,16.446153846153845,17.038461538461537,52283845.0,002396,星网锐捷
2025-02-18,16.69230769230769,16.7,15.746153846153845,15.815384615384614,41551285.0,002396,星网锐捷
2025-02-19,15.823076923076922,16.2,15.7,16.153846153846153,26269021.0,002396,星网锐捷
2025-02-20,16.26153846153846,16.73076923076923,16.06923076923077,16.538461538461537,29594996.0,002396,星网锐捷
2025-02-21,16.923076923076923,17.923076923076923,16.846153846153843,17.738461538461536,56297030.0,002396,星网锐捷
2025-02-24,17.684615384615384,18.26153846153846,17.369230769230768,17.676923076923078,46347642.0,002396,星网锐捷
2025-02-25,17.253846153846155,17.653846153846153,17.038461538461537,17.26153846153846,29211024.0,002396,星网锐捷
2025-02-26,17.33076923076923,17.738461538461536,16.923076923076923,17.53846153846154,34471724.0,002396,星网锐捷
2025-02-27,17.630769230769232,17.853846153846153,16.753846153846155,17.02307692307692,29192403.0,002396,星网锐捷
2025-02-28,16.861538461538462,17.06923076923077,15.807692307692308,15.853846153846153,26932002.0,002396,星网锐捷
2025-03-03,15.915384615384616,16.06923076923077,15.43076923076923,15.69230769230769,19739701.0,002396,星网锐捷
2025-03-04,15.538461538461537,16.138461538461538,15.484615384615383,16.015384615384615,16433642.0,002396,星网锐捷
2025-03-05,16.02307692307692,16.52307692307692,15.96923076923077,16.376923076923077,16072676.0,002396,星网锐捷
2025-03-06,16.453846153846154,16.923076923076923,16.453846153846154,16.69230769230769,20592016.0,002396,星网锐捷
2025-03-07,16.69230769230769,16.930769230769233,16.384615384615383,16.52307692307692,16035806.0,002396,星网锐捷
2025-03-10,16.546153846153846,16.615384615384617,16.153846153846153,16.3,12231946.0,002396,星网锐捷
2025-03-11,16.0,16.13076923076923,15.815384615384614,16.099999999999998,13060697.0,002396,星网锐捷
2025-03-12,16.23076923076923,17.253846153846155,16.123076923076923,16.79230769230769,25724306.0,002396,星网锐捷
2025-03-13,16.8,16.830769230769228,16.123076923076923,16.284615384615385,16705354.0,002396,星网锐捷
2025-03-14,16.284615384615385,16.584615384615383,16.13076923076923,16.584615384615383,15372395.0,002396,星网锐捷
2025-03-17,16.546153846153846,16.72307692307692,16.323076923076922,16.492307692307694,12263949.0,002396,星网锐捷
2025-03-18,16.584615384615383,17.115384615384613,16.423076923076923,16.76153846153846,20196294.0,002396,星网锐捷
2025-03-19,16.69230769230769,16.69230769230769,15.961538461538462,16.015384615384615,22186415.0,002396,星网锐捷
2025-03-20,16.03076923076923,16.192307692307693,15.861538461538462,15.953846153846152,11691100.0,002396,星网锐捷
2025-03-21,15.884615384615383,16.02307692307692,15.553846153846152,15.569230769230767,11986222.0,002396,星网锐捷
2025-03-24,15.499999999999998,15.661538461538461,15.153846153846153,15.546153846153846,11867999.0,002396,星网锐捷
2025-03-25,15.484615384615383,15.569230769230767,15.0,15.038461538461538,10774385.0,002396,星网锐捷
2025-03-26,15.023076923076923,15.346153846153845,15.007692307692308,15.023076923076923,7403800.0,002396,星网锐捷
2025-03-27,14.976923076923075,15.138461538461538,14.807692307692307,14.892307692307691,8656121.0,002396,星网锐捷
2025-03-28,14.923076923076922,15.069230769230769,14.892307692307691,14.930769230769231,5964300.0,002396,星网锐捷
2025-03-31,14.815384615384616,15.092307692307692,14.646153846153846,14.99230769230769,8758071.0,002396,星网锐捷
2025-04-01,14.99230769230769,15.107692307692307,14.892307692307691,14.946153846153845,6951900.0,002396,星网锐捷
2025-04-02,14.907692307692306,15.176923076923076,14.869230769230768,15.076923076923077,7396503.0,002396,星网锐捷
2025-04-03,15.0,15.161538461538461,14.73076923076923,14.938461538461539,12403700.0,002396,星网锐捷
2025-04-07,13.846153846153845,14.115384615384617,13.407692307692306,13.407692307692306,13354000.0,002396,星网锐捷
2025-04-08,13.384615384615383,13.49230769230769,12.407692307692306,12.776923076923076,20089138.0,002396,星网锐捷
2025-04-09,12.49230769230769,13.2,11.976923076923077,13.023076923076923,14873263.0,002396,星网锐捷
2025-04-10,13.86153846153846,14.153846153846152,13.661538461538463,13.684615384615384,19413678.0,002396,星网锐捷
2025-04-11,13.461538461538462,13.96153846153846,13.461538461538462,13.753846153846153,13136827.0,002396,星网锐捷
2025-04-14,14.123076923076923,14.22307692307692,13.807692307692307,13.884615384615385,13167002.0,002396,星网锐捷
2025-04-15,13.907692307692306,13.992307692307692,13.676923076923078,13.823076923076922,7531493.0,002396,星网锐捷
2025-04-16,13.823076923076922,13.96153846153846,13.53076923076923,13.86153846153846,9350651.0,002396,星网锐捷
2025-04-17,13.692307692307692,14.26923076923077,13.692307692307692,13.86153846153846,12539102.0,002396,星网锐捷
2025-04-18,13.823076923076922,14.076923076923077,13.730769230769232,14.030769230769229,8154439.0,002396,星网锐捷
2025-04-21,14.084615384615383,14.23076923076923,13.938461538461539,14.215384615384615,8910750.0,002396,星网锐捷
2025-04-22,14.192307692307692,14.2,14.023076923076923,14.123076923076923,7804600.0,002396,星网锐捷
2025-04-23,14.22307692307692,14.423076923076923,14.2,14.353846153846153,10665368.0,002396,星网锐捷
2025-04-24,14.392307692307693,14.392307692307693,13.999999999999998,14.115384615384617,7837102.0,002396,星网锐捷
2025-04-25,14.16923076923077,14.6,14.13076923076923,14.423076923076923,11492160.0,002396,星网锐捷
2025-04-28,14.369230769230768,14.576923076923077,14.22307692307692,14.453846153846152,9292103.0,002396,星网锐捷
2025-04-29,14.361538461538462,14.623076923076924,14.215384615384615,14.399999999999999,8339300.0,002396,星网锐捷
2025-04-30,14.284615384615384,14.653846153846153,14.26923076923077,14.484615384615383,13118250.0,002396,星网锐捷
2025-05-06,14.615384615384615,14.915384615384616,14.6,14.884615384615385,13557440.0,002396,星网锐捷
2025-05-07,15.069230769230769,15.153846153846153,14.676923076923075,14.815384615384616,12539571.0,002396,星网锐捷
2025-05-08,14.776923076923078,15.123076923076923,14.761538461538462,15.092307692307692,11588497.0,002396,星网锐捷
2025-05-09,15.076923076923077,15.084615384615384,14.838461538461537,14.915384615384616,7803400.0,002396,星网锐捷
2025-05-12,15.046153846153844,15.176923076923076,14.976923076923075,15.130769230769232,8647315.0,002396,星网锐捷
2025-05-13,15.292307692307691,15.3,14.907692307692306,14.984615384615385,9667101.0,002396,星网锐捷
2025-05-14,14.984615384615385,15.092307692307692,14.853846153846153,14.99230769230769,7792458.0,002396,星网锐捷
2025-05-15,14.96153846153846,14.99230769230769,14.607692307692306,14.638461538461538,7557267.0,002396,星网锐捷
2025-05-16,14.561538461538461,14.807692307692307,14.523076923076921,14.646153846153846,5815020.0,002396,星网锐捷
2025-05-19,14.615384615384615,15.076923076923077,14.446153846153846,14.915384615384616,8328820.0,002396,星网锐捷
2025-05-20,14.907692307692306,15.038461538461538,14.769230769230768,14.953846153846154,7088609.0,002396,星网锐捷
2025-05-21,15.215384615384616,15.392307692307693,14.984615384615385,15.0,15174079.0,002396,星网锐捷
2025-05-22,14.853846153846153,14.96153846153846,14.63076923076923,14.638461538461538,10115300.0,002396,星网锐捷
2025-05-23,14.646153846153846,14.715384615384615,14.407692307692308,14.407692307692308,6202408.0,002396,星网锐捷
2025-05-26,14.384615384615383,14.6,14.384615384615383,14.523076923076921,4025123.0,002396,星网锐捷
2025-05-27,14.523076923076921,14.523076923076921,14.076923076923077,14.138461538461538,8058423.0,002396,星网锐捷
2025-05-28,14.192307692307692,14.446153846153846,14.16923076923077,14.284615384615384,7602651.0,002396,星网锐捷
2025-05-29,14.23076923076923,14.584615384615384,14.23076923076923,14.576923076923077,7081076.0,002396,星网锐捷
2025-05-30,14.59230769230769,14.653846153846153,14.476923076923077,14.538461538461537,5755000.0,002396,星网锐捷
2025-06-03,14.446153846153846,14.684615384615384,14.446153846153846,14.507692307692306,7106000.0,002396,星网锐捷
2025-06-04,14.561538461538461,14.73076923076923,14.538461538461537,14.63076923076923,5579363.0,002396,星网锐捷
2025-06-05,14.63076923076923,14.99230769230769,14.53076923076923,14.946153846153845,11147336.0,002396,星网锐捷
2025-06-06,14.946153846153845,15.169230769230769,14.876923076923076,15.046153846153844,12421294.0,002396,星网锐捷
2025-06-09,15.115384615384613,15.192307692307692,15.015384615384615,15.076923076923077,8694891.0,002396,星网锐捷
2025-06-10,15.192307692307692,15.615384615384615,14.838461538461537,14.930769230769231,12943760.0,002396,星网锐捷
2025-06-11,15.038461538461538,15.107692307692307,14.830769230769231,14.984615384615385,6390134.0,002396,星网锐捷
2025-06-12,14.96153846153846,15.092307692307692,14.861538461538462,14.938461538461539,7056700.0,002396,星网锐捷
2025-06-13,14.96153846153846,15.853846153846153,14.930769230769231,15.138461538461538,24673070.0,002396,星网锐捷
2025-06-16,15.023076923076923,15.43076923076923,14.984615384615385,15.246153846153845,13939506.0,002396,星网锐捷
2025-06-17,15.307692307692307,15.576923076923077,15.192307692307692,15.399999999999999,14584394.0,002396,星网锐捷
2025-06-18,15.353846153846154,15.661538461538461,15.292307692307691,15.499999999999998,13029800.0,002396,星网锐捷
2025-06-19,15.499999999999998,15.776923076923078,15.215384615384616,15.26153846153846,13390481.0,002396,星网锐捷
2025-06-20,15.223076923076922,15.384615384615383,15.06153846153846,15.153846153846153,9140602.0,002396,星网锐捷
2025-06-23,15.06153846153846,15.476923076923077,15.038461538461538,15.384615384615383,9709719.0,002396,星网锐捷
2025-06-24,15.476923076923077,16.338461538461537,15.453846153846154,16.25384615384615,29241226.0,002396,星网锐捷
2025-06-25,16.646153846153847,17.576923076923077,16.646153846153847,17.16153846153846,45936887.0,002396,星网锐捷
2025-06-26,17.046153846153846,17.553846153846152,16.930769230769233,17.276923076923076,26132676.0,002396,星网锐捷
2025-06-27,17.23846153846154,17.376923076923077,17.0,17.146153846153844,17062442.0,002396,星网锐捷
2025-06-30,17.153846153846153,17.376923076923077,17.007692307692306,17.076923076923077,19505396.0,002396,星网锐捷
2025-07-01,17.115384615384613,17.16923076923077,16.623076923076923,17.1,20529804.0,002396,星网锐捷
2025-07-02,17.015384615384615,17.015384615384615,16.361538461538462,16.415384615384614,13475400.0,002396,星网锐捷
2025-07-03,16.423076923076923,16.876923076923077,16.346153846153847,16.853846153846153,15484000.0,002396,星网锐捷
2025-07-04,16.8,17.06153846153846,16.72307692307692,16.807692307692307,9378200.0,002396,星网锐捷
2025-07-07,16.815384615384616,17.038461538461537,16.646153846153847,16.746153846153845,8413700.0,002396,星网锐捷
2025-07-08,16.746153846153845,17.715384615384615,16.73846153846154,17.5,21176085.0,002396,星网锐捷
2025-07-09,17.42307692307692,17.53076923076923,17.16923076923077,17.223076923076924,10774200.0,002396,星网锐捷
2025-07-10,17.184615384615384,17.376923076923077,17.06923076923077,17.33076923076923,9127585.0,002396,星网锐捷
2025-07-11,17.23846153846154,18.7,17.23846153846154,18.315384615384612,38422805.0,002396,星网锐捷
2025-07-14,18.89230769230769,19.253846153846155,18.52307692307692,18.66923076923077,40223526.0,002396,星网锐捷
2025-07-15,18.746153846153845,19.653846153846153,18.746153846153845,19.23076923076923,31419563.0,002396,星网锐捷
2025-07-16,19.19230769230769,19.52307692307692,18.984615384615385,19.084615384615383,20282840.0,002396,星网锐捷
2025-07-17,18.97692307692308,19.653846153846153,18.96153846153846,19.576923076923077,21148300.0,002396,星网锐捷
2025-07-18,19.4,20.315384615384616,19.392307692307693,19.576923076923077,23540385.0,002396,星网锐捷
2025-07-21,19.584615384615386,19.92307692307692,19.346153846153843,19.692307692307693,17409222.0,002396,星网锐捷
2025-07-22,19.815384615384616,20.084615384615383,19.2,19.315384615384616,18256794.0,002396,星网锐捷
2025-07-23,19.138461538461538,19.884615384615387,19.053846153846152,19.692307692307693,18076310.0,002396,星网锐捷
2025-07-24,19.79230769230769,20.161538461538463,19.507692307692306,19.70769230769231,17499298.0,002396,星网锐捷
2025-07-25,19.70769230769231,19.838461538461537,19.5,19.7,9424001.0,002396,星网锐捷
2025-07-28,19.769230769230766,20.423076923076923,19.653846153846153,20.107692307692307,17147617.0,002396,星网锐捷
2025-07-29,20.061538461538458,20.415384615384614,19.976923076923075,20.407692307692308,11521877.0,002396,星网锐捷
2025-07-30,20.23076923076923,20.36153846153846,19.815384615384616,20.053846153846152,11676450.0,002396,星网锐捷
2025-07-31,20.115384615384613,20.453846153846154,19.96153846153846,20.25384615384615,16791211.0,002396,星网锐捷
2025-08-01,20.207692307692305,20.63076923076923,19.953846153846154,20.484615384615385,17332838.0,002396,星网锐捷
2025-08-04,20.338461538461537,21.084615384615383,20.19230769230769,20.976923076923075,14995633.0,002396,星网锐捷
2025-08-05,20.884615384615383,21.069230769230767,20.53076923076923,20.799999999999997,11961703.0,002396,星网锐捷
2025-08-06,20.676923076923075,22.015384615384615,20.66153846153846,21.315384615384616,15995177.0,002396,星网锐捷
2025-08-07,21.423076923076923,21.807692307692307,21.092307692307692,21.46923076923077,14793593.0,002396,星网锐捷
2025-08-08,21.384615384615383,22.038461538461537,21.192307692307693,21.73076923076923,12921233.0,002396,星网锐捷
2025-08-11,21.638461538461538,22.115384615384613,21.515384615384615,21.72307692307692,15331790.0,002396,星网锐捷
2025-08-12,21.715384615384615,23.338461538461537,21.484615384615385,23.2,32500556.0,002396,星网锐捷
2025-08-13,23.069230769230767,23.338461538461537,22.538461538461537,23.115384615384617,23684183.0,002396,星网锐捷
2025-08-14,22.999999999999996,23.069230769230767,22.153846153846153,22.20769230769231,20164713.0,002396,星网锐捷
2025-08-15,22.06153846153846,22.384615384615383,21.96153846153846,22.099999999999998,17770038.0,002396,星网锐捷
2025-08-18,22.23076923076923,24.330769230769228,22.16153846153846,23.807692307692307,42522467.0,002396,星网锐捷
2025-08-19,23.9,24.23846153846154,23.484615384615385,23.653846153846153,26392254.0,002396,星网锐捷
2025-08-20,23.46153846153846,24.338461538461537,22.961538461538463,24.338461538461537,19205717.0,002396,星网锐捷
2025-08-21,24.2,24.46923076923077,23.769230769230766,24.038461538461537,18524063.0,002396,星网锐捷
2025-08-22,23.907692307692304,26.23076923076923,23.89230769230769,25.99230769230769,36685688.0,002396,星网锐捷
2025-08-25,26.484615384615385,26.723076923076924,25.376923076923077,25.907692307692308,29663220.0,002396,星网锐捷
2025-08-26,25.730769230769234,25.730769230769234,25.12307692307692,25.315384615384612,22411952.0,002396,星网锐捷
2025-08-27,25.476923076923075,25.923076923076923,24.7,24.738461538461536,25910262.0,002396,星网锐捷
2025-08-28,24.661538461538463,25.915384615384614,24.615384615384613,25.89230769230769,28371058.0,002396,星网锐捷
2025-08-29,25.846153846153847,25.884615384615383,24.807692307692307,25.246153846153845,25929122.0,002396,星网锐捷
2025-09-01,25.576923076923077,27.45384615384615,25.415384615384614,27.3,41106983.0,002396,星网锐捷
2025-09-02,26.884615384615387,27.076923076923077,24.553846153846155,24.553846153846155,34357798.0,002396,星网锐捷
2025-09-03,24.423076923076923,24.476923076923075,23.415384615384614,23.63076923076923,33325457.0,002396,星网锐捷
2025-09-04,23.738461538461536,24.015384615384615,22.046153846153846,22.476923076923075,29889835.0,002396,星网锐捷
2025-09-05,22.630769230769232,23.353846153846153,22.184615384615384,23.20769230769231,25187248.0,002396,星网锐捷
2025-09-08,23.115384615384617,23.315384615384612,22.276923076923076,22.615384615384613,26476078.0,002396,星网锐捷
2025-09-09,22.538461538461537,22.615384615384613,21.776923076923076,22.06153846153846,12965139.0,002396,星网锐捷
2025-09-10,22.246153846153845,22.538461538461537,21.969230769230766,22.123076923076923,12619641.0,002396,星网锐捷
2025-09-11,22.215384615384615,24.0,22.123076923076923,23.646153846153844,25363225.0,002396,星网锐捷
2025-09-12,23.546153846153846,24.638461538461538,23.361538461538462,24.038461538461537,20643417.0,002396,星网锐捷
2025-09-15,24.038461538461537,24.246153846153845,23.56153846153846,24.007692307692306,15096084.0,002396,星网锐捷
2025-09-16,24.007692307692306,24.176923076923075,23.576923076923077,23.96153846153846,11857615.0,002396,星网锐捷
2025-09-17,23.89230769230769,24.369230769230768,23.56153846153846,24.16153846153846,15302076.0,002396,星网锐捷
2025-09-18,23.984615384615385,24.73076923076923,23.515384615384615,23.93076923076923,20582404.0,002396,星网锐捷
2025-09-19,24.053846153846152,24.369230769230768,23.576923076923077,23.838461538461537,12995284.0,002396,星网锐捷
2025-09-22,23.869230769230768,24.46153846153846,23.66923076923077,24.415384615384614,15272201.0,002396,星网锐捷
2025-09-23,24.538461538461537,24.915384615384614,22.5,23.16923076923077,28653203.0,002396,星网锐捷
2025-09-24,22.892307692307693,23.738461538461536,22.746153846153845,23.661538461538463,17515615.0,002396,星网锐捷
2025-09-25,23.715384615384615,25.023076923076925,23.56153846153846,24.576923076923077,23669100.0,002396,星网锐捷
2025-09-26,24.346153846153843,24.43846153846154,23.330769230769228,23.407692307692308,19188700.0,002396,星网锐捷
2025-09-29,23.346153846153847,23.75384615384615,22.99230769230769,23.307692307692307,15850174.0,002396,星网锐捷
2025-09-30,23.384615384615383,23.907692307692304,22.99230769230769,23.153846153846153,13370400.0,002396,星网锐捷
2025-10-09,23.184615384615384,23.946153846153845,23.138461538461538,23.307692307692307,16056630.0,002396,星网锐捷
2025-10-10,23.26153846153846,23.299999999999997,22.115384615384613,22.25384615384615,21743893.0,002396,星网锐捷
2025-10-13,21.284615384615385,22.715384615384615,21.269230769230766,22.49230769230769,18626708.0,002396,星网锐捷
2025-10-14,22.599999999999998,22.79230769230769,21.29230769230769,21.346153846153847,17007441.0,002396,星网锐捷
2025-10-15,21.5,22.0,21.33076923076923,21.946153846153845,11264116.0,002396,星网锐捷
2025-10-16,21.876923076923077,22.346153846153847,21.73846153846154,21.953846153846154,8852900.0,002396,星网锐捷
2025-10-17,22.23846153846154,22.25384615384615,20.323076923076922,20.515384615384615,41230331.0,002396,星网锐捷
2025-10-20,20.715384615384615,21.046153846153846,20.346153846153843,20.53076923076923,29146977.0,002396,星网锐捷
2025-10-21,20.584615384615386,21.076923076923077,20.53076923076923,20.95384615384615,24486478.0,002396,星网锐捷
2025-10-22,20.184615384615384,20.369230769230768,19.423076923076923,19.953846153846154,28461277.0,002396,星网锐捷
2025-10-23,20.115384615384613,20.19230769230769,19.369230769230768,19.79230769230769,16701815.0,002396,星网锐捷
2025-10-24,19.96923076923077,20.484615384615385,19.907692307692308,20.46923076923077,20384500.0,002396,星网锐捷
2025-10-27,20.884615384615383,21.115384615384613,20.507692307692306,20.799999999999997,22193068.0,002396,星网锐捷
2025-10-28,20.73846153846154,21.407692307692304,20.715384615384615,20.984615384615385,20126644.0,002396,星网锐捷
2025-10-29,21.076923076923077,21.369230769230768,20.907692307692308,21.084615384615383,14825236.0,002396,星网锐捷
2025-10-30,21.084615384615383,21.099999999999998,20.584615384615386,20.607692307692307,14902283.0,002396,星网锐捷
2025-10-31,20.753846153846155,20.76923076923077,20.307692307692307,20.415384615384614,13516030.0,002396,星网锐捷
2025-11-03,20.315384615384616,20.484615384615385,19.9,20.43846153846154,15343672.0,002396,星网锐捷
2025-11-04,20.4,20.407692307692308,19.676923076923075,19.869230769230768,13922949.0,002396,星网锐捷
2025-11-05,19.5,19.799999999999997,19.46923076923077,19.692307692307693,10827557.0,002396,星网锐捷
2025-11-06,19.815384615384616,20.16923076923077,19.723076923076924,20.038461538461537,11973242.0,002396,星网锐捷
2025-11-07,19.9,19.953846153846154,19.576923076923077,19.753846153846155,9903100.0,002396,星网锐捷
2025-11-10,19.799999999999997,19.953846153846154,19.423076923076923,19.638461538461538,11175409.0,002396,星网锐捷
2025-11-11,19.769230769230766,19.884615384615387,19.376923076923077,19.4,11597955.0,002396,星网锐捷
2025-11-12,19.315384615384616,19.52307692307692,19.084615384615383,19.253846153846155,9123624.0,002396,星网锐捷
2025-11-13,19.338461538461537,19.70769230769231,19.138461538461538,19.615384615384613,13188780.0,002396,星网锐捷
2025-11-14,19.423076923076923,19.56153846153846,19.16923076923077,19.16923076923077,8625732.0,002396,星网锐捷
2025-11-17,19.19230769230769,19.284615384615385,18.96153846153846,19.130769230769232,9907752.0,002396,星网锐捷
2025-11-18,19.00769230769231,19.46923076923077,18.853846153846156,19.19230769230769,12706703.0,002396,星网锐捷
2025-11-19,19.184615384615384,19.684615384615384,19.138461538461538,19.23076923076923,13310873.0,002396,星网锐捷
2025-11-20,19.423076923076923,19.623076923076923,19.0,19.207692307692305,12535100.0,002396,星网锐捷
2025-11-21,18.96153846153846,19.115384615384617,18.484615384615385,18.515384615384615,14268967.0,002396,星网锐捷
2025-11-24,18.676923076923078,19.29230769230769,18.46923076923077,19.038461538461537,15399114.0,002396,星网锐捷
2025-11-25,19.19230769230769,20.461538461538463,19.107692307692307,20.19230769230769,35557332.0,002396,星网锐捷
2025-11-26,20.023076923076925,20.392307692307693,19.807692307692307,20.16923076923077,23867229.0,002396,星网锐捷
2025-11-27,20.215384615384615,20.784615384615382,20.161538461538463,20.2,21610882.0,002396,星网锐捷
2025-11-28,20.2,20.615384615384617,20.061538461538458,20.576923076923077,15564995.0,002396,星网锐捷
2025-12-01,20.784615384615382,20.823076923076922,20.392307692307693,20.715384615384615,18207448.0,002396,星网锐捷
2025-12-02,20.638461538461538,20.76153846153846,20.476923076923075,20.66153846153846,11713465.0,002396,星网锐捷
2025-12-03,20.592307692307692,20.923076923076923,20.338461538461537,20.461538461538463,13810918.0,002396,星网锐捷
2025-12-04,20.33076923076923,20.66153846153846,20.107692307692307,20.576923076923077,11455296.0,002396,星网锐捷
2025-12-05,20.63076923076923,21.053846153846155,20.353846153846153,20.95384615384615,19292160.0,002396,星网锐捷
2025-12-08,21.03846153846154,22.407692307692304,20.869230769230768,22.16153846153846,38005053.0,002396,星网锐捷
2025-12-09,22.884615384615383,23.75384615384615,22.73076923076923,23.16923076923077,50894147.0,002396,星网锐捷
2025-12-10,23.16923076923077,23.338461538461537,22.715384615384615,23.1,26238678.0,002396,星网锐捷
2025-12-11,23.076923076923077,23.26153846153846,22.184615384615384,22.184615384615384,20226367.0,002396,星网锐捷
2025-12-12,22.16153846153846,22.738461538461536,21.79230769230769,22.484615384615385,22631416.0,002396,星网锐捷
2025-12-15,22.13076923076923,22.392307692307693,21.384615384615383,21.569230769230767,19243616.0,002396,星网锐捷
2025-12-16,21.52307692307692,21.76153846153846,20.807692307692307,21.599999999999998,20070681.0,002396,星网锐捷
2025-12-17,21.56153846153846,22.269230769230766,21.315384615384616,22.138461538461538,19565957.0,002396,星网锐捷
2025-12-18,21.846153846153843,22.0,21.584615384615383,21.584615384615383,12221300.0,002396,星网锐捷
2025-12-19,21.76923076923077,21.838461538461537,21.376923076923074,21.446153846153845,12084000.0,002396,星网锐捷
2025-12-22,21.66153846153846,22.446153846153845,21.538461538461537,22.29230769230769,19821182.0,002396,星网锐捷
2025-12-23,22.2,22.561538461538458,21.976923076923075,22.323076923076922,16822124.0,002396,星网锐捷
2025-12-24,22.323076923076922,22.75384615384615,22.06153846153846,22.392307692307693,17386793.0,002396,星网锐捷
2025-12-25,22.392307692307693,22.538461538461537,21.923076923076923,22.223076923076924,11862687.0,002396,星网锐捷
2025-12-26,22.115384615384613,22.915384615384614,21.915384615384614,22.676923076923078,16938695.0,002396,星网锐捷
2025-12-29,22.676923076923078,23.992307692307694,22.569230769230767,23.415384615384614,30879220.0,002396,星网锐捷
2025-12-30,23.23846153846154,24.030769230769227,23.13076923076923,23.369230769230768,17897598.0,002396,星网锐捷
2025-12-31,23.369230769230768,23.684615384615384,22.999999999999996,23.115384615384617,11804695.0,002396,星网锐捷
2026-01-05,23.19230769230769,24.069230769230767,22.96923076923077,24.046153846153846,31151792.0,002396,星网锐捷
2026-01-06,24.115384615384617,24.253846153846155,22.653846153846153,22.8,53340158.0,002396,星网锐捷
2026-01-07,22.707692307692305,23.107692307692307,22.42307692307692,22.707692307692305,30461767.0,002396,星网锐捷
2026-01-08,22.638461538461538,23.746153846153845,22.5,23.26153846153846,32083103.0,002396,星网锐捷
2026-01-09,23.084615384615386,23.96923076923077,22.638461538461538,23.907692307692304,30342042.0,002396,星网锐捷
2026-01-12,23.907692307692304,24.4,23.599999999999998,24.19230769230769,30651005.0,002396,星网锐捷
2026-01-13,24.26923076923077,24.26923076923077,23.115384615384617,23.215384615384615,24654211.0,002396,星网锐捷
2026-01-14,23.299999999999997,24.676923076923075,23.29230769230769,24.207692307692305,33273148.0,002396,星网锐捷
2026-01-15,24.123076923076923,24.123076923076923,23.16923076923077,23.407692307692308,20783435.0,002396,星网锐捷
2026-01-16,23.592307692307692,23.769230769230766,22.93846153846154,23.338461538461537,18528324.0,002396,星网锐捷
2026-01-19,23.46153846153846,23.692307692307693,21.976923076923075,22.16923076923077,46525259.0,002396,星网锐捷
2026-01-20,22.099999999999998,22.276923076923076,21.13076923076923,21.323076923076922,26963763.0,002396,星网锐捷
2026-01-21,21.16923076923077,21.8,21.107692307692307,21.584615384615383,20126323.0,002396,星网锐捷
2026-01-22,21.653846153846153,21.953846153846154,21.369230769230768,21.5,17952505.0,002396,星网锐捷
2026-01-23,21.515384615384615,22.138461538461538,21.384615384615383,22.099999999999998,31680028.0,002396,星网锐捷
2026-01-26,22.03076923076923,23.115384615384617,21.953846153846154,22.884615384615383,40254021.0,002396,星网锐捷
2026-01-27,22.623076923076923,23.1,21.807692307692307,22.892307692307693,26433385.0,002396,星网锐捷
2026-01-28,22.915384615384614,23.06153846153846,22.42307692307692,22.515384615384615,17215958.0,002396,星网锐捷
2026-01-29,22.46153846153846,22.623076923076923,21.707692307692305,22.02307692307692,24192642.0,002396,星网锐捷
2026-01-30,21.823076923076922,22.4,21.46923076923077,21.884615384615383,16868295.0,002396,星网锐捷
2026-02-02,21.76923076923077,22.246153846153845,21.361538461538462,21.4,16822235.0,002396,星网锐捷
2026-02-03,21.592307692307692,22.153846153846153,21.307692307692307,21.9,16810023.0,002396,星网锐捷
2026-02-04,21.73076923076923,21.830769230769228,21.246153846153845,21.592307692307692,15687973.0,002396,星网锐捷
2026-02-05,21.376923076923074,21.446153846153845,20.623076923076923,20.746153846153845,16177230.0,002396,星网锐捷
2026-02-06,20.592307692307692,21.16923076923077,20.461538461538463,20.753846153846155,10424302.0,002396,星网锐捷
2026-02-09,21.084615384615383,21.907692307692308,21.076923076923077,21.69230769230769,18813673.0,002396,星网锐捷
2026-02-10,21.753846153846155,22.5,21.753846153846155,22.084615384615386,14096499.0,002396,星网锐捷
2026-02-11,22.007692307692306,22.376923076923077,21.93846153846154,21.99230769230769,7611321.0,002396,星网锐捷
2026-02-12,22.02307692307692,22.961538461538463,21.9,22.807692307692307,18579097.0,002396,星网锐捷
2026-02-13,22.69230769230769,23.361538461538462,22.561538461538458,22.561538461538458,16280368.0,002396,星网锐捷
2026-02-24,22.807692307692307,23.007692307692306,22.29230769230769,22.592307692307692,13779866.0,002396,星网锐捷
2026-02-25,22.592307692307692,22.76923076923077,22.2,22.307692307692307,15735036.0,002396,星网锐捷
2026-02-26,22.453846153846154,23.769230769230766,22.369230769230768,23.546153846153846,28591936.0,002396,星网锐捷
2026-02-27,23.153846153846153,23.915384615384614,22.7,23.73076923076923,22758909.0,002396,星网锐捷
2026-03-02,23.361538461538462,23.984615384615385,23.115384615384617,23.19230769230769,20303794.0,002396,星网锐捷
2026-03-03,23.246153846153845,23.29230769230769,21.69230769230769,21.76923076923077,18084817.0,002396,星网锐捷
2026-03-04,21.423076923076923,22.315384615384616,21.423076923076923,21.861538461538462,13037465.0,002396,星网锐捷
2026-03-05,22.315384615384616,23.23846153846154,22.0,22.69230769230769,17402470.0,002396,星网锐捷
2026-03-06,22.5,22.923076923076923,22.276923076923076,22.707692307692305,11853795.0,002396,星网锐捷
2026-03-09,22.299999999999997,22.453846153846154,20.7,22.246153846153845,26065142.0,002396,星网锐捷
2026-03-10,22.484615384615385,23.53846153846154,22.484615384615385,23.438461538461535,24539243.0,002396,星网锐捷
2026-03-11,23.592307692307692,25.115384615384613,23.43076923076923,24.476923076923075,41686233.0,002396,星网锐捷
2026-03-12,24.453846153846154,25.26923076923077,24.23076923076923,24.592307692307692,30662043.0,002396,星网锐捷
2026-03-13,24.26153846153846,24.353846153846153,23.26153846153846,23.299999999999997,22213300.0,002396,星网锐捷
2026-03-16,23.253846153846155,23.299999999999997,22.23846153846154,22.823076923076922,20810448.0,002396,星网锐捷
2026-03-17,22.99230769230769,23.038461538461537,21.192307692307693,21.246153846153845,28002018.0,002396,星网锐捷
2026-03-18,21.361538461538462,22.46923076923077,20.984615384615385,22.376923076923077,27088297.0,002396,星网锐捷
2026-03-19,21.96153846153846,22.346153846153847,21.599999999999998,21.753846153846155,18632793.0,002396,星网锐捷
2026-03-20,22.115384615384613,22.46923076923077,21.23076923076923,21.23076923076923,22371181.0,002396,星网锐捷
2026-03-23,20.461538461538463,20.6,19.5,19.676923076923075,24402196.0,002396,星网锐捷
2026-03-24,20.053846153846152,20.23076923076923,19.346153846153843,20.176923076923078,19739771.0,002396,星网锐捷
2026-03-25,20.43076923076923,21.315384615384616,20.43076923076923,21.046153846153846,18294244.0,002396,星网锐捷
2026-03-26,20.938461538461535,21.092307692307692,20.323076923076922,20.46923076923077,10943827.0,002396,星网锐捷
2026-03-27,20.046153846153846,20.984615384615385,19.907692307692308,20.584615384615386,13310965.0,002396,星网锐捷
2026-03-30,19.815384615384616,20.023076923076925,18.838461538461537,19.853846153846153,31515227.0,002396,星网锐捷
2026-03-31,19.776923076923076,20.0,19.26923076923077,19.407692307692308,17202091.0,002396,星网锐捷
2026-04-01,19.815384615384616,20.076923076923077,19.676923076923075,19.799999999999997,18014069.0,002396,星网锐捷
2026-04-02,19.753846153846155,20.138461538461538,19.369230769230768,19.553846153846155,14972702.0,002396,星网锐捷
2026-04-03,19.715384615384615,20.00769230769231,19.53076923076923,19.73846153846154,12456894.0,002396,星网锐捷
2026-04-07,19.807692307692307,20.246153846153845,19.6,20.00769230769231,15589645.0,002396,星网锐捷
2026-04-08,20.507692307692306,21.084615384615383,20.36153846153846,21.03846153846154,18333605.0,002396,星网锐捷
2026-04-09,20.715384615384615,21.407692307692304,20.646153846153844,21.3,16878775.0,002396,星网锐捷
2026-04-10,21.507692307692306,21.753846153846155,21.215384615384615,21.23076923076923,17603940.0,002396,星网锐捷
2026-04-13,21.03846153846154,21.96153846153846,20.96923076923077,21.684615384615384,15341116.0,002396,星网锐捷
2026-04-14,21.76153846153846,21.861538461538462,21.384615384615383,21.646153846153847,16083630.0,002396,星网锐捷
2026-04-15,21.715384615384615,21.946153846153845,21.384615384615383,21.446153846153845,13571000.0,002396,星网锐捷
2026-04-16,21.453846153846154,22.269230769230766,21.353846153846153,22.184615384615384,17260289.0,002396,星网锐捷
2026-04-17,22.13076923076923,22.846153846153843,22.076923076923077,22.42307692307692,14999171.0,002396,星网锐捷
2026-04-20,22.42307692307692,22.638461538461538,22.076923076923077,22.20769230769231,22792576.0,002396,星网锐捷
2026-04-21,20.96153846153846,21.115384615384613,20.123076923076923,20.507692307692306,37895953.0,002396,星网锐捷
2026-04-22,20.507692307692306,21.853846153846153,20.346153846153843,21.43076923076923,28126278.0,002396,星网锐捷
2026-04-23,21.353846153846153,21.707692307692305,20.515384615384615,20.592307692307692,20363149.0,002396,星网锐捷
2026-04-24,20.576923076923077,21.315384615384616,19.584615384615386,20.892307692307693,35860025.0,002396,星网锐捷
2026-04-27,20.884615384615383,21.653846153846153,20.276923076923076,20.79230769230769,26209108.0,002396,星网锐捷
2026-04-28,20.63076923076923,20.799999999999997,19.876923076923077,20.0,18947599.0,002396,星网锐捷
2026-04-29,19.823076923076922,20.507692307692306,19.823076923076922,20.246153846153845,13961442.0,002396,星网锐捷
2026-04-30,20.276923076923076,20.446153846153845,19.66153846153846,20.19230769230769,17436210.0,002396,星网锐捷
2026-05-06,20.46923076923077,21.13076923076923,20.423076923076923,20.507692307692306,27285695.0,002396,星网锐捷
2026-05-07,20.615384615384617,20.99230769230769,20.2,20.823076923076922,17839277.0,002396,星网锐捷
2026-05-08,20.638461538461538,22.76153846153846,20.384615384615383,22.053846153846155,43663396.0,002396,星网锐捷
2026-05-11,22.72307692307692,24.276923076923076,22.50769230769231,24.276923076923076,64980882.0,002396,星网锐捷
2026-05-12,25.084615384615383,25.730769230769234,23.89230769230769,24.5,71162500.0,002396,星网锐捷
2026-05-13,24.3,24.73076923076923,23.869230769230768,24.330769230769228,42948908.0,002396,星网锐捷
2026-05-14,25.19230769230769,25.3,23.784615384615385,23.846153846153847,38323310.0,002396,星网锐捷
2026-05-15,23.984615384615385,25.053846153846152,23.653846153846153,23.853846153846153,36232004.0,002396,星网锐捷
2026-05-18,23.73076923076923,24.592307692307692,23.415384615384614,23.96923076923077,23922850.0,002396,星网锐捷
2026-05-19,23.861538461538462,24.7,23.346153846153847,24.615384615384613,33454450.0,002396,星网锐捷
2026-05-20,24.5,25.53846153846154,24.176923076923075,25.36153846153846,39284221.0,002396,星网锐捷
2026-05-21,25.453846153846154,25.799999999999997,23.338461538461537,23.423076923076923,35946388.0,002396,星网锐捷
2026-05-22,23.738461538461536,24.415384615384614,23.346153846153847,24.176923076923075,24759870.0,002396,星网锐捷
2026-05-25,24.23,24.31,23.53,23.9,29351249.0,002396,星网锐捷
2026-05-26,23.7,23.78,22.78,23.22,32726560.0,002396,星网锐捷
2026-05-27,23.17,24.87,22.46,23.55,50475468.0,002396,星网锐捷
2026-05-28,23.56,25.1,23.05,24.72,47332227.0,002396,星网锐捷
2026-05-29,24.67,24.88,22.3,22.69,44964696.0,002396,星网锐捷
2026-06-01,22.61,23.19,21.75,21.78,33302348.0,002396,星网锐捷
2026-06-02,21.9,23.19,21.59,22.68,39949879.0,002396,星网锐捷
2026-06-03,23.07,23.66,22.14,22.35,42061819.0,002396,星网锐捷
2026-06-04,21.91,22.21,21.2,21.38,34430929.0,002396,星网锐捷
2026-06-05,21.27,22.53,20.95,21.32,37909428.0,002396,星网锐捷
2026-06-08,20.6,20.8,19.19,19.19,42149560.0,002396,星网锐捷
2026-06-09,19.68,19.68,18.88,19.25,29050950.0,002396,星网锐捷
2026-06-10,18.85,19.49,18.42,18.79,28230200.0,002396,星网锐捷
2026-06-11,18.61,18.77,17.75,17.87,28971030.0,002396,星网锐捷
2026-06-12,18.23,18.38,17.43,17.55,30033183.0,002396,星网锐捷
2026-06-15,17.79,19.04,17.61,18.87,35380276.0,002396,星网锐捷
2026-06-16,18.94,19.03,18.55,18.86,22919685.0,002396,星网锐捷
2026-06-17,18.66,20.62,18.65,19.83,41811701.0,002396,星网锐捷
2026-06-18,19.79,20.79,19.71,19.94,25038371.0,002396,星网锐捷
2026-06-22,19.91,20.23,19.03,20.02,29360587.0,002396,星网锐捷
2026-06-23,19.89,19.96,18.9,19.09,28049979.0,002396,星网锐捷
2026-06-24,19.09,19.1,18.5,18.89,21502401.0,002396,星网锐捷
2026-06-25,18.9,19.26,18.33,18.7,21618355.0,002396,星网锐捷
2026-06-26,18.52,18.52,17.49,17.7,30705894.0,002396,星网锐捷
2026-06-29,17.65,17.83,16.88,17.43,22836683.0,002396,星网锐捷
2026-06-30,17.49,19.17,17.48,19.17,21308339.0,002396,星网锐捷
2026-07-01,19.59,21.09,19.51,21.09,41875279.0,002396,星网锐捷
2026-07-02,21.29,22.25,20.5,21.27,84221332.0,002396,星网锐捷
2026-07-03,23.4,23.4,23.4,23.4,7858217.0,002396,星网锐捷
2026-07-06,25.74,25.74,25.13,25.74,44990070.0,002396,星网锐捷
2026-07-07,27.0,28.3,26.29,26.45,175652877.0,002396,星网锐捷
2026-07-08,27.66,29.1,26.9,29.1,55269841.0,002396,星网锐捷
2026-07-09,27.0,29.2,26.45,28.96,142842314.0,002396,星网锐捷
2026-07-10,28.6,29.7,27.47,27.47,133207924.0,002396,星网锐捷
2026-07-13,27.72,30.22,27.72,28.99,153323024.0,002396,星网锐捷
2026-07-14,31.0,31.89,27.0,28.62,178012187.0,002396,星网锐捷
2026-07-15,28.38,28.95,26.69,27.52,146517491.0,002396,星网锐捷
2026-07-16,26.42,29.3,26.3,28.51,175864554.0,002396,星网锐捷
2026-07-17,27.92,31.36,27.13,29.95,200195399.0,002396,星网锐捷
2026-07-20,30.0,31.69,26.99,28.74,203810454.0,002396,星网锐捷
2026-07-21,27.96,31.61,27.54,31.61,217413848.0,002396,星网锐捷
2026-07-22,30.16,34.77,30.1,34.59,218924198.0,002396,星网锐捷
2026-07-23,35.26,36.98,32.5,33.93,173685467.0,002396,星网锐捷
2026-07-24,33.02,34.95,32.51,32.92,125624035.0,002396,星网锐捷
2026-07-27,32.34,32.68,30.0,31.3,131012412.0,002396,星网锐捷
2026-07-28,30.15,30.72,28.17,28.33,134526462.0,002396,星网锐捷
2026-07-29,28.33,28.33,25.5,26.32,136830321.0,002396,星网锐捷
2026-07-30,26.4,26.9,24.24,24.43,83080219.0,002396,星网锐捷
2026-07-31,25.94,26.77,25.4,26.06,81449590.0,002396,星网锐捷
2026-08-03,25.69,27.69,24.56,24.96,67742107.0,002396,星网锐捷
2026-08-04,25.36,26.09,24.6,26.09,74794802.0,002396,星网锐捷
2026-08-05,25.87,28.7,25.87,28.7,97008266.0,002396,星网锐捷
2026-08-06,27.98,29.4,27.61,29.02,107231558.0,002396,星网锐捷
2026-08-07,28.75,30.05,28.35,29.6,89934881.0,002396,星网锐捷
2026-08-10,29.48,30.33,28.87,30.03,71428628.0,002396,星网锐捷
2026-08-11,29.58,31.12,29.5,29.95,78802229.0,002396,星网锐捷
2026-08-12,29.9,30.33,29.02,29.44,56596714.0,002396,星网锐捷
2026-08-13,31.0,32.38,30.12,32.38,111130879.0,002396,星网锐捷
2026-08-14,33.15,34.7,31.94,32.67,129661292.0,002396,星网锐捷
2026-08-17,33.71,34.17,31.81,33.91,125041684.0,002396,星网锐捷
2026-08-18,33.77,34.19,31.7,32.76,106019624.0,002396,星网锐捷
2026-08-19,31.31,32.4,29.48,29.48,79944260.0,002396,星网锐捷
2026-08-20,29.97,31.66,29.4,30.15,71804987.0,002396,星网锐捷
2026-08-21,30.6,33.17,30.35,33.17,74234594.0,002396,星网锐捷
2026-08-24,33.58,33.79,31.4,32.08,94369967.0,002396,星网锐捷
2026-08-25,30.89,31.66,30.51,30.84,68487902.0,002396,星网锐捷
2026-08-26,30.85,31.4,29.53,30.32,75062613.0,002396,星网锐捷
2026-08-27,31.01,33.35,30.3,33.35,102361509.0,002396,星网锐捷
2026-08-28,33.8,36.69,33.4,36.69,114807043.0,002396,星网锐捷
2026-08-31,35.9,40.36,35.5,40.36,140661750.0,002396,星网锐捷
2026-09-01,40.16,41.18,39.02,39.75,131898663.0,002396,星网锐捷
2026-09-02,39.56,41.95,38.36,39.83,135734235.0,002396,星网锐捷
2026-09-03,40.63,40.98,38.02,39.65,108478101.0,002396,星网锐捷
2026-09-04,39.26,39.55,36.6,37.01,120936294.0,002396,星网锐捷
2026-09-07,36.8,38.67,36.28,38.14,101573533.0,002396,星网锐捷
2026-09-08,38.7,39.38,37.05,37.33,100477372.0,002396,星网锐捷
2026-09-09,37.5,38.09,35.41,35.81,100727106.0,002396,星网锐捷
2026-09-10,35.8,36.58,35.2,35.99,67768473.0,002396,星网锐捷
2026-09-11,35.01,35.86,33.32,34.59,77457898.0,002396,星网锐捷
2026-09-14,33.95,35.93,33.01,34.8,65300902.0,002396,星网锐捷
