date,open,high,low,close,volume,code,name
2021-09-13,12.924999999999999,12.954999999999998,12.604999999999999,12.694999999999999,42152973.0,600487,亨通光电
2021-09-14,12.754999999999999,12.854999999999999,12.204999999999998,12.264999999999999,50181450.0,600487,亨通光电
2021-09-15,12.245,12.745,12.204999999999998,12.544999999999998,39039954.0,600487,亨通光电
2021-09-16,12.444999999999999,12.825,12.405,12.634999999999998,48348580.0,600487,亨通光电
2021-09-17,12.405,13.124999999999998,12.394999999999998,12.924999999999999,60732884.0,600487,亨通光电
2021-09-22,12.825,13.245,12.825,13.174999999999999,57904650.0,600487,亨通光电
2021-09-23,13.114999999999998,13.284999999999998,12.905,13.034999999999998,52091153.0,600487,亨通光电
2021-09-24,13.014999999999999,13.094999999999999,12.614999999999998,12.854999999999999,44739948.0,600487,亨通光电
2021-09-27,12.995,13.094999999999999,12.254999999999999,12.514999999999999,41305260.0,600487,亨通光电
2021-09-28,12.514999999999999,13.245,12.405,13.245,68279872.0,600487,亨通光电
2021-09-29,13.144999999999998,13.165,12.674999999999999,12.684999999999999,47581073.0,600487,亨通光电
2021-09-30,12.814999999999998,13.134999999999998,12.495,12.995,40244985.0,600487,亨通光电
2021-10-08,13.184999999999999,13.245,12.604999999999999,12.694999999999999,39913845.0,600487,亨通光电
2021-10-11,13.155,14.044999999999998,13.114999999999998,14.044999999999998,149254062.0,600487,亨通光电
2021-10-12,14.174999999999999,14.444999999999999,13.844999999999999,13.894999999999998,171541954.0,600487,亨通光电
2021-10-13,13.964999999999998,14.274999999999999,13.514999999999999,13.905,76326587.0,600487,亨通光电
2021-10-14,13.714999999999998,14.114999999999998,13.534999999999998,13.684999999999999,48401196.0,600487,亨通光电
2021-10-15,13.794999999999998,14.024999999999999,13.424999999999999,13.774999999999999,64736679.0,600487,亨通光电
2021-10-18,13.844999999999999,14.124999999999998,13.564999999999998,13.814999999999998,54137864.0,600487,亨通光电
2021-10-19,14.075,14.075,13.354999999999999,13.514999999999999,67977748.0,600487,亨通光电
2021-10-20,13.584999999999999,14.344999999999999,13.524999999999999,13.905,78127303.0,600487,亨通光电
2021-10-21,13.834999999999999,13.884999999999998,13.454999999999998,13.524999999999999,49214770.0,600487,亨通光电
2021-10-22,13.474999999999998,13.665,13.344999999999999,13.564999999999998,35150440.0,600487,亨通光电
2021-10-25,13.594999999999999,13.714999999999998,13.224999999999998,13.644999999999998,34004089.0,600487,亨通光电
2021-10-26,13.684999999999999,13.894999999999998,13.454999999999998,13.814999999999998,52870272.0,600487,亨通光电
2021-10-27,13.754999999999999,13.814999999999998,13.514999999999999,13.624999999999998,34484444.0,600487,亨通光电
2021-10-28,13.644999999999998,14.194999999999999,13.594999999999999,13.915,79865425.0,600487,亨通光电
2021-10-29,14.014999999999999,14.484999999999998,13.774999999999999,14.394999999999998,83345161.0,600487,亨通光电
2021-11-01,14.655,15.385000000000002,14.644999999999998,15.134999999999998,175031741.0,600487,亨通光电
2021-11-02,15.284999999999998,16.365000000000006,15.054999999999998,15.184999999999999,175197641.0,600487,亨通光电
2021-11-03,15.194999999999999,15.194999999999999,14.384999999999998,14.554999999999998,103615771.0,600487,亨通光电
2021-11-04,14.544999999999998,15.835000000000003,14.464999999999998,15.475000000000001,156503375.0,600487,亨通光电
2021-11-05,15.334999999999999,15.434999999999999,14.905,14.964999999999998,94818060.0,600487,亨通光电
2021-11-08,14.804999999999998,15.124999999999998,14.474999999999998,14.634999999999998,73749432.0,600487,亨通光电
2021-11-09,14.694999999999999,15.395,14.644999999999998,14.804999999999998,72928986.0,600487,亨通光电
2021-11-10,14.655,15.114999999999998,14.405,15.084999999999999,62013228.0,600487,亨通光电
2021-11-11,14.894999999999998,15.395,14.634999999999998,15.104999999999999,64339878.0,600487,亨通光电
2021-11-12,15.024999999999999,16.065000000000005,14.995,15.635000000000003,107117751.0,600487,亨通光电
2021-11-15,15.715000000000002,15.995000000000003,15.445,15.725000000000003,70758923.0,600487,亨通光电
2021-11-16,15.805000000000001,16.305000000000003,15.605000000000002,16.165000000000003,104875783.0,600487,亨通光电
2021-11-17,16.035000000000004,16.695000000000004,15.975000000000003,16.545000000000005,101389283.0,600487,亨通光电
2021-11-18,16.545000000000005,17.135000000000005,16.125000000000004,16.245000000000005,119194891.0,600487,亨通光电
2021-11-19,15.985000000000001,16.335000000000004,15.795000000000003,15.985000000000001,66538993.0,600487,亨通光电
2021-11-22,15.985000000000001,16.445000000000004,15.765000000000002,16.265000000000004,69953598.0,600487,亨通光电
2021-11-23,16.275000000000002,16.285000000000004,15.875000000000002,15.895000000000001,51539530.0,600487,亨通光电
2021-11-24,15.775,16.135000000000005,15.655000000000003,15.835000000000003,38659483.0,600487,亨通光电
2021-11-25,15.895000000000001,15.935,15.585000000000003,15.625000000000002,37356786.0,600487,亨通光电
2021-11-26,15.615000000000004,15.915000000000001,15.555000000000001,15.655000000000003,38677426.0,600487,亨通光电
2021-11-29,15.425,15.555000000000001,14.784999999999998,15.094999999999999,87171981.0,600487,亨通光电
2021-11-30,15.234999999999998,15.765000000000002,15.144999999999998,15.675000000000002,77542837.0,600487,亨通光电
2021-12-01,15.565000000000003,15.745000000000003,15.295,15.315,43820719.0,600487,亨通光电
2021-12-02,15.315,15.455000000000002,14.944999999999999,15.264999999999999,39592980.0,600487,亨通光电
2021-12-03,15.264999999999999,15.264999999999999,13.754999999999999,14.184999999999999,129419114.0,600487,亨通光电
2021-12-06,14.155,14.334999999999999,13.915,14.014999999999999,46560763.0,600487,亨通光电
2021-12-07,14.024999999999999,14.124999999999998,13.484999999999998,14.104999999999999,61769872.0,600487,亨通光电
2021-12-08,14.024999999999999,14.344999999999999,13.964999999999998,14.194999999999999,40623449.0,600487,亨通光电
2021-12-09,14.174999999999999,14.614999999999998,13.995,14.334999999999999,58444350.0,600487,亨通光电
2021-12-10,14.245,14.554999999999998,14.124999999999998,14.325,39082506.0,600487,亨通光电
2021-12-13,14.245,14.524999999999999,14.214999999999998,14.354999999999999,31685865.0,600487,亨通光电
2021-12-14,14.314999999999998,14.954999999999998,14.314999999999998,14.864999999999998,63725803.0,600487,亨通光电
2021-12-15,14.794999999999998,15.004999999999999,14.624999999999998,14.644999999999998,45144597.0,600487,亨通光电
2021-12-16,14.665,14.915,14.634999999999998,14.764999999999999,32500116.0,600487,亨通光电
2021-12-17,14.304999999999998,14.774999999999999,13.984999999999998,14.415,59811779.0,600487,亨通光电
2021-12-20,14.224999999999998,14.344999999999999,13.434999999999999,13.464999999999998,73807129.0,600487,亨通光电
2021-12-21,13.554999999999998,14.075,13.554999999999998,14.024999999999999,49664709.0,600487,亨通光电
2021-12-22,14.054999999999998,14.314999999999998,13.974999999999998,14.054999999999998,25554289.0,600487,亨通光电
2021-12-23,14.254999999999999,14.444999999999999,13.905,14.044999999999998,33386335.0,600487,亨通光电
2021-12-24,14.004999999999999,14.144999999999998,13.484999999999998,13.634999999999998,43185933.0,600487,亨通光电
2021-12-27,13.624999999999998,13.825,13.354999999999999,13.424999999999999,39399933.0,600487,亨通光电
2021-12-28,13.415,13.594999999999999,13.234999999999998,13.484999999999998,39798853.0,600487,亨通光电
2021-12-29,13.454999999999998,13.864999999999998,13.354999999999999,13.774999999999999,48662389.0,600487,亨通光电
2021-12-30,13.745,13.844999999999999,13.575,13.655,29133658.0,600487,亨通光电
2021-12-31,13.694999999999999,14.474999999999998,13.655,14.314999999999998,56220859.0,600487,亨通光电
2022-01-04,14.314999999999998,14.915,14.204999999999998,14.825,68592252.0,600487,亨通光电
2022-01-05,14.825,14.944999999999999,14.514999999999999,14.624999999999998,41593843.0,600487,亨通光电
2022-01-06,14.544999999999998,14.644999999999998,14.155,14.474999999999998,32334424.0,600487,亨通光电
2022-01-07,14.474999999999998,14.694999999999999,14.384999999999998,14.474999999999998,29990287.0,600487,亨通光电
2022-01-10,14.405,14.644999999999998,14.254999999999999,14.514999999999999,29337457.0,600487,亨通光电
2022-01-11,14.464999999999998,14.584999999999999,14.254999999999999,14.344999999999999,22707935.0,600487,亨通光电
2022-01-12,14.474999999999998,14.634999999999998,13.995,14.204999999999998,34023199.0,600487,亨通光电
2022-01-13,14.354999999999999,14.825,13.974999999999998,13.995,46859283.0,600487,亨通光电
2022-01-14,13.854999999999999,14.194999999999999,13.594999999999999,14.014999999999999,29884587.0,600487,亨通光电
2022-01-17,14.024999999999999,14.564999999999998,13.995,14.554999999999998,41875695.0,600487,亨通光电
2022-01-18,14.554999999999998,14.704999999999998,14.405,14.564999999999998,29213537.0,600487,亨通光电
2022-01-19,14.534999999999998,14.634999999999998,14.304999999999998,14.554999999999998,25297940.0,600487,亨通光电
2022-01-20,14.554999999999998,14.624999999999998,14.155,14.174999999999999,25799086.0,600487,亨通光电
2022-01-21,14.044999999999998,14.144999999999998,13.694999999999999,13.784999999999998,28774476.0,600487,亨通光电
2022-01-24,13.754999999999999,13.964999999999998,13.655,13.754999999999999,18653238.0,600487,亨通光电
2022-01-25,13.754999999999999,13.764999999999999,12.544999999999998,12.575,52728273.0,600487,亨通光电
2022-01-26,12.784999999999998,13.165,12.665,13.044999999999998,35778356.0,600487,亨通光电
2022-01-27,13.084999999999999,13.124999999999998,12.674999999999999,12.674999999999999,21871060.0,600487,亨通光电
2022-01-28,12.905,13.714999999999998,12.644999999999998,13.234999999999998,34707047.0,600487,亨通光电
2022-02-07,13.495,13.934999999999999,13.234999999999998,13.325,41426391.0,600487,亨通光电
2022-02-08,13.334999999999999,13.474999999999998,12.854999999999999,13.464999999999998,38217540.0,600487,亨通光电
2022-02-09,13.454999999999998,13.694999999999999,13.325,13.634999999999998,33286783.0,600487,亨通光电
2022-02-10,13.684999999999999,13.694999999999999,13.254999999999999,13.374999999999998,26817287.0,600487,亨通光电
2022-02-11,13.274999999999999,13.374999999999998,12.834999999999999,12.944999999999999,28572716.0,600487,亨通光电
2022-02-14,12.844999999999999,12.974999999999998,12.694999999999999,12.814999999999998,20702729.0,600487,亨通光电
2022-02-15,12.794999999999998,13.394999999999998,12.734999999999998,13.294999999999998,26159736.0,600487,亨通光电
2022-02-16,13.304999999999998,13.974999999999998,13.304999999999998,13.444999999999999,47344173.0,600487,亨通光电
2022-02-17,13.584999999999999,13.714999999999998,13.405,13.554999999999998,29887831.0,600487,亨通光电
2022-02-18,13.694999999999999,14.004999999999999,13.594999999999999,13.854999999999999,38411547.0,600487,亨通光电
2022-02-21,14.165,14.364999999999998,13.915,14.274999999999999,57999891.0,600487,亨通光电
2022-02-22,14.104999999999999,14.184999999999999,13.864999999999998,14.014999999999999,43313939.0,600487,亨通光电
2022-02-23,14.004999999999999,14.344999999999999,13.974999999999998,14.344999999999999,40800303.0,600487,亨通光电
2022-02-24,14.224999999999998,14.474999999999998,13.934999999999999,14.104999999999999,49045148.0,600487,亨通光电
2022-02-25,14.334999999999999,14.394999999999998,13.984999999999998,14.014999999999999,37404993.0,600487,亨通光电
2022-02-28,13.884999999999998,14.104999999999999,13.825,13.974999999999998,30431717.0,600487,亨通光电
2022-03-01,13.995,14.884999999999998,13.995,14.284999999999998,59927753.0,600487,亨通光电
2022-03-02,14.124999999999998,14.314999999999998,13.884999999999998,14.224999999999998,38691259.0,600487,亨通光电
2022-03-03,14.374999999999998,14.474999999999998,13.964999999999998,13.974999999999998,27158297.0,600487,亨通光电
2022-03-04,13.884999999999998,14.014999999999999,13.684999999999999,13.794999999999998,26136018.0,600487,亨通光电
2022-03-07,13.694999999999999,13.694999999999999,13.004999999999999,13.155,43351947.0,600487,亨通光电
2022-03-08,13.075,13.234999999999998,12.594999999999999,12.634999999999998,37141069.0,600487,亨通光电
2022-03-09,12.674999999999999,12.754999999999999,11.444999999999999,12.084999999999999,65705252.0,600487,亨通光电
2022-03-10,12.374999999999998,12.594999999999999,12.224999999999998,12.344999999999999,38087677.0,600487,亨通光电
2022-03-11,12.325,13.134999999999998,12.204999999999998,13.084999999999999,57212039.0,600487,亨通光电
2022-03-14,12.915,13.334999999999999,12.894999999999998,12.944999999999999,37565720.0,600487,亨通光电
2022-03-15,12.774999999999999,13.104999999999999,11.954999999999998,12.004999999999999,50545559.0,600487,亨通光电
2022-03-16,12.325,12.614999999999998,11.644999999999998,12.534999999999998,50506437.0,600487,亨通光电
2022-03-17,12.794999999999998,13.594999999999999,12.714999999999998,13.134999999999998,75609002.0,600487,亨通光电
2022-03-18,13.075,13.264999999999999,12.854999999999999,13.264999999999999,34634290.0,600487,亨通光电
2022-03-21,13.094999999999999,13.325,12.844999999999999,12.894999999999998,42353973.0,600487,亨通光电
2022-03-22,12.884999999999998,12.984999999999998,12.724999999999998,12.874999999999998,23422730.0,600487,亨通光电
2022-03-23,12.984999999999998,13.204999999999998,12.854999999999999,13.155,33759652.0,600487,亨通光电
2022-03-24,13.004999999999999,13.034999999999998,12.655,12.655,28497598.0,600487,亨通光电
2022-03-25,12.724999999999998,12.774999999999999,12.155,12.155,39581382.0,600487,亨通光电
2022-03-28,12.014999999999999,12.294999999999998,11.934999999999999,12.284999999999998,21459195.0,600487,亨通光电
2022-03-29,12.245,12.374999999999998,11.995,12.234999999999998,21884423.0,600487,亨通光电
2022-03-30,12.474999999999998,12.524999999999999,12.304999999999998,12.444999999999999,21091213.0,600487,亨通光电
2022-03-31,12.394999999999998,12.394999999999998,12.064999999999998,12.165,22043619.0,600487,亨通光电
2022-04-01,12.094999999999999,12.124999999999998,11.915,12.084999999999999,25953755.0,600487,亨通光电
2022-04-06,12.054999999999998,12.075,11.714999999999998,11.834999999999999,24970084.0,600487,亨通光电
2022-04-07,11.794999999999998,11.825,11.354999999999999,11.354999999999999,31791436.0,600487,亨通光电
2022-04-08,11.444999999999999,11.464999999999998,10.905,11.174999999999999,37947176.0,600487,亨通光电
2022-04-11,11.054999999999998,11.144999999999998,10.674999999999999,10.724999999999998,30515708.0,600487,亨通光电
2022-04-12,10.734999999999998,11.014999999999999,10.484999999999998,10.974999999999998,26360061.0,600487,亨通光电
2022-04-13,10.854999999999999,10.884999999999998,10.624999999999998,10.624999999999998,19931660.0,600487,亨通光电
2022-04-14,10.745,10.825,10.544999999999998,10.614999999999998,19378364.0,600487,亨通光电
2022-04-15,10.544999999999998,10.544999999999998,10.344999999999999,10.384999999999998,23902644.0,600487,亨通光电
2022-04-18,10.344999999999999,10.665,10.214999999999998,10.644999999999998,23729457.0,600487,亨通光电
2022-04-19,10.575,10.724999999999998,10.534999999999998,10.584999999999999,17740243.0,600487,亨通光电
2022-04-20,10.694999999999999,10.694999999999999,10.334999999999999,10.374999999999998,16439536.0,600487,亨通光电
2022-04-21,10.374999999999998,10.434999999999999,9.984999999999998,10.054999999999998,26154547.0,600487,亨通光电
2022-04-22,9.884999999999998,10.094999999999999,9.825,9.894999999999998,22199764.0,600487,亨通光电
2022-04-25,9.724999999999998,9.774999999999999,9.044999999999998,9.054999999999998,41018231.0,600487,亨通光电
2022-04-26,9.214999999999998,9.294999999999998,8.724999999999998,8.774999999999999,46015814.0,600487,亨通光电
2022-04-27,8.554999999999998,9.194999999999999,8.495,9.165,50958743.0,600487,亨通光电
2022-04-28,9.034999999999998,9.165,8.684999999999999,8.905,44429203.0,600487,亨通光电
2022-04-29,8.954999999999998,9.334999999999999,8.934999999999999,9.294999999999998,39323363.0,600487,亨通光电
2022-05-05,9.264999999999999,9.504999999999999,9.245,9.354999999999999,36920596.0,600487,亨通光电
2022-05-06,9.144999999999998,9.254999999999999,9.024999999999999,9.104999999999999,26583032.0,600487,亨通光电
2022-05-09,9.104999999999999,9.224999999999998,8.995,9.094999999999999,22884066.0,600487,亨通光电
2022-05-10,9.004999999999999,9.334999999999999,8.854999999999999,9.254999999999999,34671728.0,600487,亨通光电
2022-05-11,9.254999999999999,9.745,9.254999999999999,9.394999999999998,51036501.0,600487,亨通光电
2022-05-12,9.374999999999998,9.564999999999998,9.325,9.495,24575521.0,600487,亨通光电
2022-05-13,9.655,9.754999999999999,9.495,9.614999999999998,27168125.0,600487,亨通光电
2022-05-16,9.674999999999999,9.714999999999998,9.424999999999999,9.495,22526006.0,600487,亨通光电
2022-05-17,9.504999999999999,9.604999999999999,9.374999999999998,9.604999999999999,22471735.0,600487,亨通光电
2022-05-18,9.624999999999998,9.644999999999998,9.424999999999999,9.484999999999998,26283542.0,600487,亨通光电
2022-05-19,9.325,10.114999999999998,9.284999999999998,10.084999999999999,72472638.0,600487,亨通光电
2022-05-20,10.075,10.634999999999998,9.944999999999999,10.604999999999999,68479588.0,600487,亨通光电
2022-05-23,10.674999999999999,10.995,10.424999999999999,10.854999999999999,55488085.0,600487,亨通光电
2022-05-24,10.784999999999998,10.995,10.184999999999999,10.184999999999999,48389039.0,600487,亨通光电
2022-05-25,10.214999999999998,10.684999999999999,10.054999999999998,10.655,50395225.0,600487,亨通光电
2022-05-26,10.644999999999998,11.604999999999999,10.464999999999998,11.344999999999999,82303231.0,600487,亨通光电
2022-05-27,11.394999999999998,11.665,11.114999999999998,11.214999999999998,44603090.0,600487,亨通光电
2022-05-30,11.274999999999999,11.444999999999999,11.044999999999998,11.334999999999999,39781383.0,600487,亨通光电
2022-05-31,11.444999999999999,11.764999999999999,11.354999999999999,11.454999999999998,62960835.0,600487,亨通光电
2022-06-01,11.454999999999998,11.874999999999998,11.434999999999999,11.784999999999998,49042065.0,600487,亨通光电
2022-06-02,11.794999999999998,12.575,11.674999999999999,12.444999999999999,74170335.0,600487,亨通光电
2022-06-06,12.405,12.684999999999999,12.194999999999999,12.424999999999999,42218349.0,600487,亨通光电
2022-06-07,12.415,12.584999999999999,11.894999999999998,12.004999999999999,69233444.0,600487,亨通光电
2022-06-08,12.004999999999999,12.114999999999998,11.714999999999998,11.984999999999998,43642086.0,600487,亨通光电
2022-06-09,11.854999999999999,12.014999999999999,11.754999999999999,11.884999999999998,31817005.0,600487,亨通光电
2022-06-10,11.884999999999998,12.064999999999998,11.745,11.984999999999998,32931865.0,600487,亨通光电
2022-06-13,11.944999999999999,12.544999999999998,11.825,12.424999999999999,41164748.0,600487,亨通光电
2022-06-14,12.194999999999999,12.304999999999998,11.594999999999999,12.144999999999998,47080022.0,600487,亨通光电
2022-06-15,12.114999999999998,12.374999999999998,11.944999999999999,12.075,35205245.0,600487,亨通光电
2022-06-16,12.075,12.894999999999998,12.004999999999999,12.575,59680055.0,600487,亨通光电
2022-06-17,12.394999999999998,13.344999999999999,12.354999999999999,13.325,65924958.0,600487,亨通光电
2022-06-20,13.624999999999998,13.954999999999998,13.424999999999999,13.444999999999999,62881391.0,600487,亨通光电
2022-06-21,13.405,13.714999999999998,13.165,13.325,37334905.0,600487,亨通光电
2022-06-22,13.304999999999998,13.644999999999998,13.184999999999999,13.214999999999998,31620522.0,600487,亨通光电
2022-06-23,13.284999999999998,13.825,13.234999999999998,13.694999999999999,36838679.0,600487,亨通光电
2022-06-24,13.754999999999999,14.534999999999998,13.604999999999999,14.234999999999998,63634503.0,600487,亨通光电
2022-06-27,14.245,14.364999999999998,13.944999999999999,14.075,42639879.0,600487,亨通光电
2022-06-28,14.124999999999998,14.184999999999999,13.844999999999999,14.064999999999998,23247687.0,600487,亨通光电
2022-06-29,13.995,14.064999999999998,13.044999999999998,13.144999999999998,77696794.0,600487,亨通光电
2022-06-30,13.344999999999999,13.894999999999998,13.344999999999999,13.734999999999998,46127665.0,600487,亨通光电
2022-07-01,13.674999999999999,13.784999999999998,13.124999999999998,13.334999999999999,51971526.0,600487,亨通光电
2022-07-04,13.415,13.444999999999999,13.075,13.394999999999998,37829637.0,600487,亨通光电
2022-07-05,13.444999999999999,13.575,13.174999999999999,13.424999999999999,30201884.0,600487,亨通光电
2022-07-06,13.314999999999998,14.354999999999999,13.314999999999998,14.084999999999999,82671730.0,600487,亨通光电
2022-07-07,13.905,15.225,13.864999999999998,15.075,97686493.0,600487,亨通光电
2022-07-08,15.104999999999999,15.765000000000002,15.075,15.254999999999999,83561784.0,600487,亨通光电
2022-07-11,15.254999999999999,15.284999999999998,14.245,14.634999999999998,75334333.0,600487,亨通光电
2022-07-12,14.735,15.535000000000002,14.725,14.985,55159308.0,600487,亨通光电
2022-07-13,14.985,15.845,14.905,15.715000000000002,74993757.0,600487,亨通光电
2022-07-14,15.725000000000003,16.785000000000004,15.665000000000001,16.385000000000005,95955071.0,600487,亨通光电
2022-07-15,16.255000000000003,16.475000000000005,16.085000000000004,16.185000000000006,43792060.0,600487,亨通光电
2022-07-18,16.435000000000006,17.205000000000005,16.085000000000004,17.105000000000004,69879045.0,600487,亨通光电
2022-07-19,16.945000000000004,17.265000000000004,16.625000000000004,16.915000000000003,54931323.0,600487,亨通光电
2022-07-20,16.925000000000004,17.945000000000004,16.465000000000003,17.755000000000003,74644729.0,600487,亨通光电
2022-07-21,17.695000000000004,17.775000000000006,16.945000000000004,17.035000000000004,48586899.0,600487,亨通光电
2022-07-22,17.045000000000005,17.215000000000003,16.515000000000004,16.795000000000005,52454881.0,600487,亨通光电
2022-07-25,16.675000000000004,16.825000000000003,15.324999999999998,15.825000000000001,95853207.0,600487,亨通光电
2022-07-26,16.065000000000005,16.585000000000004,15.655000000000003,16.395000000000003,56210661.0,600487,亨通光电
2022-07-27,16.365000000000006,16.445000000000004,15.625000000000002,16.245000000000005,66154486.0,600487,亨通光电
2022-07-28,16.265000000000004,16.595000000000002,14.714999999999998,14.934999999999999,139703661.0,600487,亨通光电
2022-07-29,14.924999999999999,15.465,14.864999999999998,14.905,77690176.0,600487,亨通光电
2022-08-01,14.924999999999999,15.625000000000002,14.834999999999999,15.245,65456487.0,600487,亨通光电
2022-08-02,14.964999999999998,15.315,14.665,14.895,54329999.0,600487,亨通光电
2022-08-03,14.975,15.585000000000003,14.844999999999999,14.934999999999999,50251105.0,600487,亨通光电
2022-08-04,14.934999999999999,15.355,14.684999999999999,15.054999999999998,35684077.0,600487,亨通光电
2022-08-05,15.075,15.235,14.485,14.895,47000445.0,600487,亨通光电
2022-08-08,14.655,15.344999999999997,14.325,15.014999999999999,55354981.0,600487,亨通光电
2022-08-09,14.995,16.015000000000004,14.895,15.565000000000003,70438926.0,600487,亨通光电
2022-08-10,15.565000000000003,15.995000000000003,15.275,15.555000000000001,38871497.0,600487,亨通光电
2022-08-11,15.745000000000003,16.365000000000006,15.585000000000003,15.865000000000004,44703563.0,600487,亨通光电
2022-08-12,15.795000000000003,15.795000000000003,15.225,15.425,40253008.0,600487,亨通光电
2022-08-15,15.395,16.265000000000004,15.355,16.055000000000003,46887914.0,600487,亨通光电
2022-08-16,16.085000000000004,16.935000000000006,16.085000000000004,16.395000000000003,53155342.0,600487,亨通光电
2022-08-17,16.285000000000004,16.855000000000004,16.285000000000004,16.375000000000004,30811754.0,600487,亨通光电
2022-08-18,16.245000000000005,17.285000000000004,16.215000000000003,17.145000000000003,60402635.0,600487,亨通光电
2022-08-19,17.175000000000004,17.185000000000006,16.525000000000006,16.735000000000003,41976450.0,600487,亨通光电
2022-08-22,16.455000000000005,16.675000000000004,15.905000000000003,16.145000000000003,60458781.0,600487,亨通光电
2022-08-23,15.965000000000002,16.615000000000006,15.955000000000004,16.315000000000005,33512492.0,600487,亨通光电
2022-08-24,16.315000000000005,16.415000000000003,15.495000000000003,15.555000000000001,33723401.0,600487,亨通光电
2022-08-25,15.715000000000002,15.725000000000003,15.065,15.245,32615681.0,600487,亨通光电
2022-08-26,15.254999999999999,15.965000000000002,15.075,15.585000000000003,30602833.0,600487,亨通光电
2022-08-29,15.315,16.035000000000004,14.975,15.815000000000003,24029682.0,600487,亨通光电
2022-08-30,16.465000000000003,17.475000000000005,16.275000000000006,17.475000000000005,158837426.0,600487,亨通光电
2022-08-31,17.455000000000005,17.575000000000003,15.865000000000004,16.095000000000002,123955201.0,600487,亨通光电
2022-09-01,16.165000000000003,17.775000000000006,16.165000000000003,17.505000000000003,130844843.0,600487,亨通光电
2022-09-02,17.425000000000004,17.745000000000005,16.805000000000003,17.275000000000006,88341342.0,600487,亨通光电
2022-09-05,17.435000000000006,18.515000000000004,17.315000000000005,18.075000000000003,93502313.0,600487,亨通光电
2022-09-06,18.195000000000004,19.145000000000003,17.865000000000006,18.665000000000003,89088938.0,600487,亨通光电
2022-09-07,18.665000000000003,19.115000000000006,18.475000000000005,18.885000000000005,56567163.0,600487,亨通光电
2022-09-08,18.695000000000004,19.025000000000006,18.425000000000004,18.615000000000006,40402946.0,600487,亨通光电
2022-09-09,18.765000000000004,18.845000000000002,17.955000000000005,18.445000000000004,41534807.0,600487,亨通光电
2022-09-13,18.515000000000004,18.645000000000003,17.775000000000006,18.185000000000006,39001198.0,600487,亨通光电
2022-09-14,17.885000000000005,18.375000000000004,17.555000000000003,17.935000000000006,28699170.0,600487,亨通光电
2022-09-15,18.015000000000004,18.095000000000002,16.465000000000003,16.795000000000005,60938658.0,600487,亨通光电
2022-09-16,16.595000000000002,17.005000000000003,16.165000000000003,16.305000000000003,41142441.0,600487,亨通光电
2022-09-19,16.275000000000006,16.905000000000005,16.085000000000004,16.575000000000003,41953332.0,600487,亨通光电
2022-09-20,16.815000000000005,17.665000000000003,16.815000000000005,17.245000000000005,53536987.0,600487,亨通光电
2022-09-21,17.095000000000002,17.885000000000005,16.965000000000003,17.365000000000006,44830518.0,600487,亨通光电
2022-09-22,17.265000000000004,17.845000000000002,16.685000000000006,17.465000000000003,34252389.0,600487,亨通光电
2022-09-23,17.395000000000003,17.615000000000006,16.745000000000005,17.085000000000004,31517099.0,600487,亨通光电
2022-09-26,16.985000000000003,18.255000000000003,16.895000000000003,17.865000000000006,53766026.0,600487,亨通光电
2022-09-27,18.265000000000004,19.425000000000004,18.265000000000004,19.055000000000003,76936836.0,600487,亨通光电
2022-09-28,19.065000000000005,19.395000000000003,18.345000000000002,18.465000000000003,42911118.0,600487,亨通光电
2022-09-29,18.585000000000004,18.735000000000003,17.965000000000003,18.315000000000005,32335666.0,600487,亨通光电
2022-09-30,18.295000000000005,18.575000000000003,17.415000000000003,17.465000000000003,37772956.0,600487,亨通光电
2022-10-10,17.465000000000003,18.095000000000002,17.215000000000003,17.375000000000004,32306815.0,600487,亨通光电
2022-10-11,17.515000000000004,18.775000000000006,17.285000000000004,18.645000000000003,47143036.0,600487,亨通光电
2022-10-12,18.505000000000003,19.495000000000005,18.155000000000005,19.305000000000003,63295539.0,600487,亨通光电
2022-10-13,19.155000000000005,19.585000000000004,19.005000000000003,19.195000000000004,42508174.0,600487,亨通光电
2022-10-14,19.265000000000004,19.365000000000006,18.665000000000003,18.925000000000004,46714595.0,600487,亨通光电
2022-10-17,18.665000000000003,18.875000000000004,18.205000000000005,18.625000000000004,37219913.0,600487,亨通光电
2022-10-18,18.585000000000004,20.065000000000005,18.505000000000003,19.915000000000003,64312166.0,600487,亨通光电
2022-10-19,19.665000000000003,19.705000000000005,19.055000000000003,19.165000000000003,50820489.0,600487,亨通光电
2022-10-20,19.115000000000006,19.355000000000004,18.495000000000005,18.825000000000003,37203153.0,600487,亨通光电
2022-10-21,19.215000000000003,20.215000000000003,19.065000000000005,20.035000000000004,71142843.0,600487,亨通光电
2022-10-24,20.035000000000004,20.715000000000003,19.545000000000005,19.975000000000005,52714224.0,600487,亨通光电
2022-10-25,19.915000000000003,20.635000000000005,19.555000000000003,20.245000000000005,41736180.0,600487,亨通光电
2022-10-26,19.945000000000004,20.245000000000005,19.155000000000005,19.975000000000005,56062689.0,600487,亨通光电
2022-10-27,19.765000000000004,19.815000000000005,17.905000000000005,18.415000000000003,113257606.0,600487,亨通光电
2022-10-28,18.085000000000004,19.185000000000006,18.075000000000003,18.685000000000006,55247057.0,600487,亨通光电
2022-10-31,18.075000000000003,19.615000000000006,18.055000000000003,18.715000000000003,57470544.0,600487,亨通光电
2022-11-01,18.745000000000005,18.895000000000003,17.195000000000004,17.865000000000006,94304611.0,600487,亨通光电
2022-11-02,17.775000000000006,17.775000000000006,16.465000000000003,17.315000000000005,89306568.0,600487,亨通光电
2022-11-03,17.205000000000005,17.295000000000005,16.545000000000005,17.075000000000003,85447244.0,600487,亨通光电
2022-11-04,17.065000000000005,17.665000000000003,16.965000000000003,17.445000000000004,66472301.0,600487,亨通光电
2022-11-07,17.445000000000004,17.465000000000003,15.725000000000003,16.315000000000005,137371612.0,600487,亨通光电
2022-11-08,16.465000000000003,17.365000000000006,16.255000000000003,17.065000000000005,109923504.0,600487,亨通光电
2022-11-09,17.115000000000006,17.115000000000006,16.275000000000006,16.445000000000004,56019892.0,600487,亨通光电
2022-11-10,16.355000000000004,16.685000000000006,16.005000000000003,16.195000000000004,42155733.0,600487,亨通光电
2022-11-11,16.765000000000004,16.995000000000005,16.245000000000005,16.315000000000005,44149482.0,600487,亨通光电
2022-11-14,16.725000000000005,17.215000000000003,16.325000000000003,16.685000000000006,83800019.0,600487,亨通光电
2022-11-15,16.685000000000006,17.145000000000003,16.415000000000003,17.055000000000003,62517050.0,600487,亨通光电
2022-11-16,16.955000000000005,17.025000000000006,16.365000000000006,16.485000000000003,44510785.0,600487,亨通光电
2022-11-17,16.405000000000005,16.485000000000003,15.445,15.745000000000003,75614974.0,600487,亨通光电
2022-11-18,15.675000000000002,15.705000000000004,15.295,15.385000000000002,50401269.0,600487,亨通光电
2022-11-21,15.385000000000002,15.715000000000002,15.264999999999999,15.585000000000003,32122252.0,600487,亨通光电
2022-11-22,15.515000000000002,15.765000000000002,15.165,15.405000000000001,33379009.0,600487,亨通光电
2022-11-23,15.405000000000001,16.335000000000004,15.184999999999999,16.105000000000004,70071127.0,600487,亨通光电
2022-11-24,16.255000000000003,16.795000000000005,16.125000000000004,16.205000000000005,44453329.0,600487,亨通光电
2022-11-25,15.765000000000002,15.945000000000002,15.004999999999999,15.284999999999998,81499369.0,600487,亨通光电
2022-11-28,14.964999999999998,16.115000000000006,14.964999999999998,15.815000000000003,71672364.0,600487,亨通光电
2022-11-29,15.505,15.615000000000004,15.324999999999998,15.385000000000002,67600107.0,600487,亨通光电
2022-11-30,15.295,15.715000000000002,15.114999999999998,15.665000000000001,55494937.0,600487,亨通光电
2022-12-01,15.675000000000002,16.305000000000003,15.485,15.975000000000003,78710408.0,600487,亨通光电
2022-12-02,15.895000000000001,16.585000000000004,15.815000000000003,16.265000000000004,52792441.0,600487,亨通光电
2022-12-05,16.295000000000005,16.405000000000005,15.815000000000003,15.945000000000002,52180794.0,600487,亨通光电
2022-12-06,15.845,15.845,15.174999999999999,15.375,69219925.0,600487,亨通光电
2022-12-07,15.264999999999999,15.565000000000003,15.184999999999999,15.334999999999999,35539525.0,600487,亨通光电
2022-12-08,15.275,15.545000000000003,15.145,15.194999999999999,33858475.0,600487,亨通光电
2022-12-09,15.124999999999998,15.225,14.434999999999999,14.464999999999998,91667894.0,600487,亨通光电
2022-12-12,14.475,14.655,14.104999999999999,14.604999999999999,50616737.0,600487,亨通光电
2022-12-13,14.604999999999999,14.684999999999999,14.204999999999998,14.235,29519787.0,600487,亨通光电
2022-12-14,14.274999999999999,14.354999999999999,13.804999999999998,13.954999999999998,45519651.0,600487,亨通光电
2022-12-15,13.915,14.274999999999999,13.774999999999999,14.155,32382819.0,600487,亨通光电
2022-12-16,14.065,14.065,13.504999999999999,13.764999999999999,49365850.0,600487,亨通光电
2022-12-19,13.714999999999998,13.884999999999998,13.534999999999998,13.634999999999998,25397957.0,600487,亨通光电
2022-12-20,13.584999999999999,14.315,13.504999999999999,14.194999999999999,78486742.0,600487,亨通光电
2022-12-21,14.304999999999998,14.864999999999998,14.114999999999998,14.645,72933837.0,600487,亨通光电
2022-12-22,14.645,14.694999999999999,13.174999999999999,13.575,101969558.0,600487,亨通光电
2022-12-23,13.245,13.725,13.065,13.315,54358101.0,600487,亨通光电
2022-12-26,13.225,14.264999999999999,13.194999999999999,14.174999999999999,63674073.0,600487,亨通光电
2022-12-27,14.165,14.485,13.694999999999999,14.274999999999999,76896741.0,600487,亨通光电
2022-12-28,14.155,14.475,13.924999999999999,14.274999999999999,49996687.0,600487,亨通光电
2022-12-29,14.174999999999999,14.514999999999999,14.174999999999999,14.364999999999998,36739755.0,600487,亨通光电
2022-12-30,14.374999999999998,14.844999999999999,14.245,14.325,51363241.0,600487,亨通光电
2023-01-03,14.405,15.645000000000001,14.264999999999999,15.475000000000001,84719006.0,600487,亨通光电
2023-01-04,15.475000000000001,15.565000000000003,15.014999999999999,15.194999999999999,46856204.0,600487,亨通光电
2023-01-05,15.284999999999998,15.425,15.024999999999999,15.375,35673942.0,600487,亨通光电
2023-01-06,15.365000000000002,15.755,15.284999999999998,15.375,44121584.0,600487,亨通光电
2023-01-09,15.425,15.685000000000004,15.194999999999999,15.545000000000003,41708934.0,600487,亨通光电
2023-01-10,15.745000000000003,16.025000000000006,15.445,15.495000000000003,37965590.0,600487,亨通光电
2023-01-11,15.465,15.595,15.184999999999999,15.275,38742512.0,600487,亨通光电
2023-01-12,15.315,15.635000000000003,15.264999999999999,15.375,30746498.0,600487,亨通光电
2023-01-13,15.365000000000002,15.495000000000003,14.874999999999998,15.124999999999998,42840419.0,600487,亨通光电
2023-01-16,15.344999999999997,15.365000000000002,14.944999999999999,15.044999999999998,42194234.0,600487,亨通光电
2023-01-17,15.114999999999998,15.134999999999998,14.774999999999999,14.905,35092329.0,600487,亨通光电
2023-01-18,14.954999999999998,15.065,14.815,14.964999999999998,27250922.0,600487,亨通光电
2023-01-19,14.815,14.874999999999998,13.745,14.114999999999998,125306324.0,600487,亨通光电
2023-01-20,14.155,14.454999999999998,14.145,14.364999999999998,53214033.0,600487,亨通光电
2023-01-30,14.565,14.694999999999999,14.374999999999998,14.454999999999998,54205207.0,600487,亨通光电
2023-01-31,14.504999999999999,14.895,14.424999999999999,14.764999999999999,49472182.0,600487,亨通光电
2023-02-01,14.915,15.214999999999998,14.714999999999998,15.004999999999999,62542397.0,600487,亨通光电
2023-02-02,14.964999999999998,14.985,14.374999999999998,14.475,88207476.0,600487,亨通光电
2023-02-03,14.354999999999999,14.444999999999999,13.584999999999999,13.774999999999999,118911064.0,600487,亨通光电
2023-02-06,13.684999999999999,13.834999999999999,13.475,13.634999999999998,56570707.0,600487,亨通光电
2023-02-07,13.684999999999999,13.754999999999999,13.485,13.624999999999998,46516253.0,600487,亨通光电
2023-02-08,13.674999999999999,13.764999999999999,13.524999999999999,13.554999999999998,42228237.0,600487,亨通光电
2023-02-09,13.495,13.915,13.294999999999998,13.915,76367604.0,600487,亨通光电
2023-02-10,13.905,14.034999999999998,13.694999999999999,13.754999999999999,49366000.0,600487,亨通光电
2023-02-13,13.815,14.114999999999998,13.764999999999999,14.024999999999999,58225321.0,600487,亨通光电
2023-02-14,14.014999999999999,14.214999999999998,13.924999999999999,14.044999999999998,49161066.0,600487,亨通光电
2023-02-15,14.034999999999998,14.354999999999999,13.975,14.294999999999998,72862838.0,600487,亨通光电
2023-02-16,14.284999999999998,14.284999999999998,13.694999999999999,13.864999999999998,79034217.0,600487,亨通光电
2023-02-17,13.794999999999998,13.895,13.464999999999998,13.485,52547161.0,600487,亨通光电
2023-02-20,13.464999999999998,13.604999999999999,13.304999999999998,13.594999999999999,54679761.0,600487,亨通光电
2023-02-21,13.565,13.995,13.475,13.754999999999999,52427083.0,600487,亨通光电
2023-02-22,13.674999999999999,13.915,13.604999999999999,13.674999999999999,35351400.0,600487,亨通光电
2023-02-23,13.634999999999998,14.204999999999998,13.594999999999999,14.155,94970303.0,600487,亨通光电
2023-02-24,13.985,14.024999999999999,13.794999999999998,13.874999999999998,62739335.0,600487,亨通光电
2023-02-27,13.764999999999999,14.184999999999999,13.655,13.995,67853695.0,600487,亨通光电
2023-02-28,14.134999999999998,14.284999999999998,13.694999999999999,13.995,75259840.0,600487,亨通光电
2023-03-01,13.915,14.245,13.884999999999998,14.114999999999998,68819514.0,600487,亨通光电
2023-03-02,14.184999999999999,14.995,14.165,14.834999999999999,194411048.0,600487,亨通光电
2023-03-03,14.874999999999998,14.954999999999998,14.594999999999999,14.815,107403113.0,600487,亨通光电
2023-03-06,14.745,15.245,14.575,15.145,133498721.0,600487,亨通光电
2023-03-07,14.954999999999998,14.995,14.364999999999998,14.434999999999999,106822541.0,600487,亨通光电
2023-03-08,14.315,14.735,14.264999999999999,14.665,72375354.0,600487,亨通光电
2023-03-09,14.565,14.634999999999998,14.334999999999999,14.475,54142734.0,600487,亨通光电
2023-03-10,14.325,14.415,13.764999999999999,13.825,92385101.0,600487,亨通光电
2023-03-13,13.725,13.964999999999998,13.594999999999999,13.905,56309522.0,600487,亨通光电
2023-03-14,13.905,13.905,13.294999999999998,13.524999999999999,68588616.0,600487,亨通光电
2023-03-15,13.614999999999998,13.794999999999998,13.485,13.655,46629502.0,600487,亨通光电
2023-03-16,13.544999999999998,13.575,13.165,13.184999999999999,54874500.0,600487,亨通光电
2023-03-17,13.294999999999998,13.395,13.155,13.204999999999998,56989688.0,600487,亨通光电
2023-03-20,13.364999999999998,14.444999999999999,13.364999999999998,14.274999999999999,172344057.0,600487,亨通光电
2023-03-21,14.264999999999999,14.274999999999999,14.034999999999998,14.235,60993317.0,600487,亨通光电
2023-03-22,14.284999999999998,14.924999999999999,14.204999999999998,14.694999999999999,109942790.0,600487,亨通光电
2023-03-23,14.565,14.985,14.514999999999999,14.825,92605312.0,600487,亨通光电
2023-03-24,14.735,15.134999999999998,14.674999999999999,15.004999999999999,106538349.0,600487,亨通光电
2023-03-27,15.075,15.525000000000004,14.874999999999998,15.155,136818307.0,600487,亨通光电
2023-03-28,15.014999999999999,15.084999999999999,14.504999999999999,14.534999999999998,91239736.0,600487,亨通光电
2023-03-29,14.594999999999999,14.864999999999998,14.475,14.575,65758295.0,600487,亨通光电
2023-03-30,14.544999999999998,14.604999999999999,14.174999999999999,14.294999999999998,62732217.0,600487,亨通光电
2023-03-31,14.344999999999999,14.395,14.034999999999998,14.364999999999998,50580907.0,600487,亨通光电
2023-04-03,14.374999999999998,15.204999999999998,14.374999999999998,15.034999999999998,107458601.0,600487,亨通光电
2023-04-04,15.054999999999998,15.174999999999999,14.714999999999998,14.854999999999999,83526978.0,600487,亨通光电
2023-04-06,14.995,16.025000000000006,14.665,15.885000000000003,206664426.0,600487,亨通光电
2023-04-07,16.865000000000006,17.445000000000004,16.185000000000006,16.565000000000005,260820706.0,600487,亨通光电
2023-04-10,16.495000000000005,16.755000000000003,15.675000000000002,15.785000000000002,165558695.0,600487,亨通光电
2023-04-11,15.815000000000003,15.875000000000002,15.214999999999998,15.455000000000002,116432564.0,600487,亨通光电
2023-04-12,15.445,15.845,15.284999999999998,15.725000000000003,121123670.0,600487,亨通光电
2023-04-13,15.565000000000003,15.575000000000001,14.915,15.084999999999999,121954470.0,600487,亨通光电
2023-04-14,15.004999999999999,15.165,14.774999999999999,15.145,75400006.0,600487,亨通光电
2023-04-17,15.254999999999999,15.295,14.464999999999998,14.714999999999998,107487432.0,600487,亨通光电
2023-04-18,14.725,15.385000000000002,14.604999999999999,15.235,110205758.0,600487,亨通光电
2023-04-19,15.254999999999999,15.475000000000001,15.014999999999999,15.214999999999998,113004986.0,600487,亨通光电
2023-04-20,15.344999999999997,15.635000000000003,15.214999999999998,15.545000000000003,125119313.0,600487,亨通光电
2023-04-21,15.665000000000001,15.755,14.444999999999999,14.554999999999998,135503176.0,600487,亨通光电
2023-04-24,14.364999999999998,15.355,14.325,14.924999999999999,108201957.0,600487,亨通光电
2023-04-25,14.815,14.844999999999999,13.704999999999998,13.905,124117091.0,600487,亨通光电
2023-04-26,14.084999999999999,14.565,13.964999999999998,14.094999999999999,81059965.0,600487,亨通光电
2023-04-27,13.864999999999998,13.934999999999999,13.524999999999999,13.594999999999999,72591880.0,600487,亨通光电
2023-04-28,13.665,13.915,13.614999999999998,13.825,54057604.0,600487,亨通光电
2023-05-04,13.754999999999999,14.194999999999999,13.674999999999999,14.044999999999998,54777386.0,600487,亨通光电
2023-05-05,14.044999999999998,14.044999999999998,13.544999999999998,13.665,50180219.0,600487,亨通光电
2023-05-08,13.674999999999999,13.915,13.624999999999998,13.815,35977282.0,600487,亨通光电
2023-05-09,13.784999999999998,13.794999999999998,13.364999999999998,13.384999999999998,61529165.0,600487,亨通光电
2023-05-10,13.424999999999999,13.674999999999999,13.364999999999998,13.634999999999998,43498221.0,600487,亨通光电
2023-05-11,13.565,14.104999999999999,13.464999999999998,13.884999999999998,54944147.0,600487,亨通光电
2023-05-12,13.774999999999999,13.915,13.634999999999998,13.655,33722791.0,600487,亨通光电
2023-05-15,13.764999999999999,14.214999999999998,13.764999999999999,14.134999999999998,56971835.0,600487,亨通光电
2023-05-16,14.124999999999998,14.415,14.014999999999999,14.104999999999999,54883726.0,600487,亨通光电
2023-05-17,14.034999999999998,14.274999999999999,13.985,14.134999999999998,29231574.0,600487,亨通光电
2023-05-18,14.124999999999998,14.614999999999998,14.084999999999999,14.514999999999999,69877670.0,600487,亨通光电
2023-05-19,14.384999999999998,14.464999999999998,14.225,14.424999999999999,35978062.0,600487,亨通光电
2023-05-22,14.434999999999999,14.434999999999999,13.995,14.155,41141267.0,600487,亨通光电
2023-05-23,14.134999999999998,14.145,13.794999999999998,13.834999999999999,36621905.0,600487,亨通光电
2023-05-24,13.774999999999999,13.964999999999998,13.704999999999998,13.735,25619195.0,600487,亨通光电
2023-05-25,13.754999999999999,13.995,13.655,13.844999999999999,29577864.0,600487,亨通光电
2023-05-26,13.804999999999998,13.884999999999998,13.624999999999998,13.764999999999999,25231725.0,600487,亨通光电
2023-05-29,13.774999999999999,14.004999999999999,13.714999999999998,13.844999999999999,30767967.0,600487,亨通光电
2023-05-30,13.745,13.825,13.395,13.764999999999999,53499015.0,600487,亨通光电
2023-05-31,13.684999999999999,13.804999999999998,13.614999999999998,13.725,28570184.0,600487,亨通光电
2023-06-01,13.764999999999999,14.034999999999998,13.704999999999998,13.854999999999999,43350776.0,600487,亨通光电
2023-06-02,13.915,14.514999999999999,13.884999999999998,14.225,68364936.0,600487,亨通光电
2023-06-05,14.235,14.294999999999998,14.065,14.145,35910187.0,600487,亨通光电
2023-06-06,14.104999999999999,14.114999999999998,13.634999999999998,13.714999999999998,40791939.0,600487,亨通光电
2023-06-07,13.735,13.844999999999999,13.364999999999998,13.454999999999998,61178411.0,600487,亨通光电
2023-06-08,13.405,13.485,12.714999999999998,12.764999999999999,103108725.0,600487,亨通光电
2023-06-09,12.784999999999998,13.204999999999998,12.514999999999999,13.165,82275052.0,600487,亨通光电
2023-06-12,12.995,13.065,12.834999999999999,12.964999999999998,39422734.0,600487,亨通光电
2023-06-13,13.004999999999999,13.264999999999999,12.895,13.225,47538151.0,600487,亨通光电
2023-06-14,13.235,13.554999999999998,13.124999999999998,13.444999999999999,58712940.0,600487,亨通光电
2023-06-15,13.464999999999998,14.764999999999999,13.444999999999999,14.334999999999999,177741225.0,600487,亨通光电
2023-06-16,14.124999999999998,14.815,14.014999999999999,14.745,128942397.0,600487,亨通光电
2023-06-19,14.915,15.054999999999998,14.604999999999999,14.934999999999999,134196669.0,600487,亨通光电
2023-06-20,14.864999999999998,15.315,14.714999999999998,14.874999999999998,96699659.0,600487,亨通光电
2023-06-21,14.864999999999998,14.874999999999998,14.204999999999998,14.214999999999998,84946841.0,600487,亨通光电
2023-06-26,14.145,14.415,13.924999999999999,14.084999999999999,74699509.0,600487,亨通光电
2023-06-27,14.084999999999999,14.104999999999999,13.645,13.895,58888718.0,600487,亨通光电
2023-06-28,13.924999999999999,13.924999999999999,13.174999999999999,13.674999999999999,62453141.0,600487,亨通光电
2023-06-29,13.604999999999999,13.895,13.565,13.694999999999999,46092486.0,600487,亨通光电
2023-06-30,13.624999999999998,14.065,13.544999999999998,13.924999999999999,53438150.0,600487,亨通光电
2023-07-03,13.944999999999999,14.235,13.815,14.134999999999998,55937720.0,600487,亨通光电
2023-07-04,14.134999999999998,14.645,14.084999999999999,14.354999999999999,66295904.0,600487,亨通光电
2023-07-05,14.344999999999999,14.354999999999999,13.915,13.964999999999998,50162922.0,600487,亨通光电
2023-07-06,13.884999999999998,14.145,13.864999999999998,13.924999999999999,29285689.0,600487,亨通光电
2023-07-07,13.864999999999998,13.924999999999999,13.524999999999999,13.655,32794661.0,600487,亨通光电
2023-07-10,13.805,13.915,13.655,13.704999999999998,24674631.0,600487,亨通光电
2023-07-11,13.704999999999998,13.895,13.645,13.745,28050666.0,600487,亨通光电
2023-07-12,13.735,13.735,13.424999999999999,13.444999999999999,42921629.0,600487,亨通光电
2023-07-13,13.565,13.774999999999999,13.504999999999999,13.725,33415814.0,600487,亨通光电
2023-07-14,14.334999999999999,15.165,14.334999999999999,15.165,220895935.0,600487,亨通光电
2023-07-17,15.294999999999998,15.325,15.024999999999999,15.235,170515444.0,600487,亨通光电
2023-07-18,15.155,15.155,14.645,14.694999999999999,94886113.0,600487,亨通光电
2023-07-19,14.825,14.975,14.674999999999999,14.704999999999998,72421988.0,600487,亨通光电
2023-07-20,14.764999999999999,14.794999999999998,14.354999999999999,14.384999999999998,68983572.0,600487,亨通光电
2023-07-21,14.344999999999999,14.534999999999998,14.254999999999999,14.305,54393837.0,600487,亨通光电
2023-07-24,14.274999999999999,14.575,14.134999999999998,14.374999999999998,49729488.0,600487,亨通光电
2023-07-25,14.584999999999999,14.674999999999999,14.424999999999999,14.655,63071553.0,600487,亨通光电
2023-07-26,14.575,14.594999999999999,14.325,14.495,43324300.0,600487,亨通光电
2023-07-27,14.434999999999999,14.575,14.254999999999999,14.315,36103615.0,600487,亨通光电
2023-07-28,14.364999999999998,14.665,14.284999999999998,14.604999999999999,48373243.0,600487,亨通光电
2023-07-31,14.604999999999999,14.745,14.534999999999998,14.714999999999998,48829852.0,600487,亨通光电
2023-08-01,14.655,14.684999999999999,14.454999999999998,14.645,38327201.0,600487,亨通光电
2023-08-02,14.745,14.864999999999998,14.444999999999999,14.514999999999999,38612518.0,600487,亨通光电
2023-08-03,14.405,14.485,14.305,14.434999999999999,28459824.0,600487,亨通光电
2023-08-04,14.464999999999998,14.634999999999998,14.434999999999999,14.514999999999999,36051322.0,600487,亨通光电
2023-08-07,14.544999999999998,14.624999999999998,14.245,14.305,41418290.0,600487,亨通光电
2023-08-08,14.245,14.364999999999998,14.114999999999998,14.174999999999999,34711944.0,600487,亨通光电
2023-08-09,14.145,14.214999999999998,13.844999999999999,13.874999999999998,42101967.0,600487,亨通光电
2023-08-10,13.874999999999998,14.014999999999999,13.854999999999999,13.985,21890097.0,600487,亨通光电
2023-08-11,13.975,14.044999999999998,13.725,13.735,28998760.0,600487,亨通光电
2023-08-14,13.524999999999999,13.864999999999998,13.495,13.825,22344933.0,600487,亨通光电
2023-08-15,13.815,13.985,13.604999999999999,13.745,22228651.0,600487,亨通光电
2023-08-16,13.645,13.684999999999999,13.454999999999998,13.514999999999999,20060386.0,600487,亨通光电
2023-08-17,13.464999999999998,13.704999999999998,13.405,13.665,22838256.0,600487,亨通光电
2023-08-18,13.634999999999998,13.774999999999999,13.504999999999999,13.504999999999999,19770289.0,600487,亨通光电
2023-08-21,13.594999999999999,13.725,13.504999999999999,13.524999999999999,19157746.0,600487,亨通光电
2023-08-22,13.565,13.674999999999999,13.264999999999999,13.665,30231686.0,600487,亨通光电
2023-08-23,13.645,13.645,13.364999999999998,13.405,16419222.0,600487,亨通光电
2023-08-24,13.485,13.614999999999998,13.305,13.534999999999998,22102019.0,600487,亨通光电
2023-08-25,13.374999999999998,13.415,12.975,13.134999999999998,41503727.0,600487,亨通光电
2023-08-28,13.954999999999998,13.964999999999998,13.225,13.274999999999999,38327309.0,600487,亨通光电
2023-08-29,13.274999999999999,13.655,13.214999999999998,13.604999999999999,32581673.0,600487,亨通光电
2023-08-30,13.614999999999998,13.825,13.524999999999999,13.604999999999999,33524202.0,600487,亨通光电
2023-08-31,13.594999999999999,13.624999999999998,13.444999999999999,13.485,21689155.0,600487,亨通光电
2023-09-01,13.504999999999999,13.555,13.395,13.464999999999998,19102672.0,600487,亨通光电
2023-09-04,13.534999999999998,13.674999999999999,13.444999999999999,13.665,27942124.0,600487,亨通光电
2023-09-05,13.684999999999999,13.704999999999998,13.475,13.524999999999999,23133715.0,600487,亨通光电
2023-09-06,13.475,13.645,13.364999999999998,13.614999999999998,23645403.0,600487,亨通光电
2023-09-07,13.604999999999999,13.604999999999999,13.344999999999999,13.395,23501778.0,600487,亨通光电
2023-09-08,13.334999999999999,13.475,13.305,13.405,16735422.0,600487,亨通光电
2023-09-11,13.495,13.784999999999998,13.424999999999999,13.655,36312927.0,600487,亨通光电
2023-09-12,13.645,13.735,13.604999999999999,13.655,23152699.0,600487,亨通光电
2023-09-13,13.704999999999998,13.704999999999998,13.305,13.384999999999998,32481800.0,600487,亨通光电
2023-09-14,13.374999999999998,13.575,13.374999999999998,13.444999999999999,19051667.0,600487,亨通光电
2023-09-15,13.485,13.504999999999999,13.214999999999998,13.235,27498595.0,600487,亨通光电
2023-09-18,13.194999999999999,13.325,13.094999999999999,13.235,21030162.0,600487,亨通光电
2023-09-19,13.165,13.225,12.895,12.954999999999998,28257444.0,600487,亨通光电
2023-09-20,12.874999999999998,13.065,12.864999999999998,12.905,15607931.0,600487,亨通光电
2023-09-21,12.874999999999998,13.004999999999999,12.834999999999999,12.844999999999999,15934162.0,600487,亨通光电
2023-09-22,12.794999999999998,13.184999999999999,12.794999999999998,13.165,29832857.0,600487,亨通光电
2023-09-25,13.184999999999999,13.264999999999999,13.094999999999999,13.114999999999998,19834099.0,600487,亨通光电
2023-09-26,13.124999999999998,13.325,13.084999999999999,13.155,21628259.0,600487,亨通光电
2023-09-27,13.075,13.524999999999999,13.055,13.415,37637384.0,600487,亨通光电
2023-09-28,13.395,13.594999999999999,13.354999999999999,13.464999999999998,26388791.0,600487,亨通光电
2023-10-09,13.464999999999998,13.594999999999999,13.384999999999998,13.555,28887950.0,600487,亨通光电
2023-10-10,13.594999999999999,13.634999999999998,13.454999999999998,13.475,17834456.0,600487,亨通光电
2023-10-11,13.555,13.594999999999999,13.444999999999999,13.495,22329745.0,600487,亨通光电
2023-10-12,13.584999999999999,13.794999999999998,13.504999999999999,13.665,38172778.0,600487,亨通光电
2023-10-13,13.555,13.624999999999998,13.464999999999998,13.514999999999999,22855976.0,600487,亨通光电
2023-10-16,13.485,13.544999999999998,13.254999999999999,13.374999999999998,24848758.0,600487,亨通光电
2023-10-17,13.475,13.534999999999998,13.334999999999999,13.384999999999998,16660672.0,600487,亨通光电
2023-10-18,13.344999999999999,13.364999999999998,13.065,13.165,19793403.0,600487,亨通光电
2023-10-19,13.084999999999999,13.204999999999998,12.905,12.924999999999999,22760137.0,600487,亨通光电
2023-10-20,12.895,13.014999999999999,12.704999999999998,12.745,27162544.0,600487,亨通光电
2023-10-23,12.694999999999999,12.704999999999998,12.145,12.264999999999999,36902357.0,600487,亨通光电
2023-10-24,12.264999999999999,12.374999999999998,11.985,12.315,27104192.0,600487,亨通光电
2023-10-25,12.495,12.534999999999998,12.274999999999999,12.315,25070358.0,600487,亨通光电
2023-10-26,12.214999999999998,12.485,12.114999999999998,12.424999999999999,22271568.0,600487,亨通光电
2023-10-27,12.344999999999999,12.684999999999999,12.264999999999999,12.594999999999999,27234265.0,600487,亨通光电
2023-10-30,12.594999999999999,12.884999999999998,12.514999999999999,12.874999999999998,30953020.0,600487,亨通光电
2023-10-31,12.774999999999999,12.774999999999999,12.415,12.524999999999999,40566720.0,600487,亨通光电
2023-11-01,12.534999999999998,12.584999999999999,12.344999999999999,12.434999999999999,24167016.0,600487,亨通光电
2023-11-02,12.504999999999999,12.544999999999998,12.264999999999999,12.274999999999999,23444656.0,600487,亨通光电
2023-11-03,12.274999999999999,12.524999999999999,12.274999999999999,12.475,23868145.0,600487,亨通光电
2023-11-06,12.544999999999998,12.745,12.544999999999998,12.665,34219070.0,600487,亨通光电
2023-11-07,12.645,12.725,12.514999999999999,12.655,33971425.0,600487,亨通光电
2023-11-08,12.674999999999999,12.725,12.524999999999999,12.634999999999998,33013682.0,600487,亨通光电
2023-11-09,12.565,12.694999999999999,12.555,12.614999999999998,21436840.0,600487,亨通光电
2023-11-10,12.555,12.555,12.415,12.485,21008717.0,600487,亨通光电
2023-11-13,12.504999999999999,12.645,12.495,12.584999999999999,21485859.0,600487,亨通光电
2023-11-14,12.645,12.784999999999998,12.604999999999999,12.725,27180498.0,600487,亨通光电
2023-11-15,12.844999999999999,12.864999999999998,12.704999999999998,12.745,23429493.0,600487,亨通光电
2023-11-16,12.714999999999998,12.725,12.594999999999999,12.604999999999999,16494834.0,600487,亨通光电
2023-11-17,12.594999999999999,12.784999999999998,12.555,12.745,21411478.0,600487,亨通光电
2023-11-20,12.745,12.774999999999999,12.634999999999998,12.725,20509334.0,600487,亨通光电
2023-11-21,12.745,12.764999999999999,12.514999999999999,12.544999999999998,27401572.0,600487,亨通光电
2023-11-22,12.544999999999998,12.544999999999998,12.294999999999998,12.305,27998924.0,600487,亨通光电
2023-11-23,12.264999999999999,12.374999999999998,12.145,12.364999999999998,24095075.0,600487,亨通光电
2023-11-24,12.344999999999999,12.354999999999999,12.114999999999998,12.174999999999999,22553852.0,600487,亨通光电
2023-11-27,12.094999999999999,12.194999999999999,11.954999999999998,12.044999999999998,26200018.0,600487,亨通光电
2023-11-28,12.044999999999998,12.094999999999999,11.924999999999999,12.034999999999998,18376801.0,600487,亨通光电
2023-11-29,11.995,12.034999999999998,11.735,11.754999999999999,29461308.0,600487,亨通光电
2023-11-30,11.764999999999999,11.864999999999998,11.704999999999998,11.794999999999998,17596941.0,600487,亨通光电
2023-12-01,11.794999999999998,11.944999999999999,11.714999999999998,11.905,19494409.0,600487,亨通光电
2023-12-04,11.944999999999999,12.134999999999998,11.884999999999998,12.024999999999999,29968708.0,600487,亨通光电
2023-12-05,11.975,11.985,11.745,11.754999999999999,19044041.0,600487,亨通光电
2023-12-06,11.764999999999999,11.784999999999998,11.565,11.624999999999998,24196785.0,600487,亨通光电
2023-12-07,11.624999999999998,11.624999999999998,11.415,11.454999999999998,28944098.0,600487,亨通光电
2023-12-08,11.475,11.584999999999999,11.305,11.434999999999999,46431588.0,600487,亨通光电
2023-12-11,11.305,11.485,11.114999999999998,11.475,36499313.0,600487,亨通光电
2023-12-12,11.424999999999999,11.485,11.315,11.405,21774478.0,600487,亨通光电
2023-12-13,11.364999999999998,11.364999999999998,11.204999999999998,11.204999999999998,17804869.0,600487,亨通光电
2023-12-14,11.254999999999999,11.364999999999998,11.174999999999999,11.174999999999999,16759546.0,600487,亨通光电
2023-12-15,11.174999999999999,11.274999999999999,11.094999999999999,11.124999999999998,17525399.0,600487,亨通光电
2023-12-18,11.104999999999999,11.114999999999998,10.825,10.905,22815657.0,600487,亨通光电
2023-12-19,10.905,10.964999999999998,10.805,10.915,15014402.0,600487,亨通光电
2023-12-20,10.915,11.305,10.745,10.895,35920576.0,600487,亨通光电
2023-12-21,10.794999999999998,11.004999999999999,10.754999999999999,10.944999999999999,25367780.0,600487,亨通光电
2023-12-22,10.884999999999998,11.124999999999998,10.794999999999998,11.044999999999998,27833646.0,600487,亨通光电
2023-12-25,10.985,11.055,10.944999999999999,11.004999999999999,16055000.0,600487,亨通光电
2023-12-26,10.995,11.004999999999999,10.534999999999998,10.634999999999998,29256102.0,600487,亨通光电
2023-12-27,10.634999999999998,10.764999999999999,10.534999999999998,10.725,23767658.0,600487,亨通光电
2023-12-28,10.834999999999999,11.395,10.815,11.284999999999998,64444412.0,600487,亨通光电
2023-12-29,11.245,11.495,11.214999999999998,11.284999999999998,40217459.0,600487,亨通光电
2024-01-02,11.245,11.274999999999999,11.055,11.094999999999999,30369859.0,600487,亨通光电
2024-01-03,11.075,11.155,10.915,11.044999999999998,22213110.0,600487,亨通光电
2024-01-04,11.024999999999999,11.024999999999999,10.844999999999999,10.895,21609177.0,600487,亨通光电
2024-01-05,10.905,10.944999999999999,10.655,10.725,26368303.0,600487,亨通光电
2024-01-08,10.714999999999998,10.725,10.475,10.514999999999999,25403735.0,600487,亨通光电
2024-01-09,10.524999999999999,10.604999999999999,10.354999999999999,10.424999999999999,25481660.0,600487,亨通光电
2024-01-10,10.395,10.475,10.174999999999999,10.294999999999998,20761414.0,600487,亨通光电
2024-01-11,10.294999999999998,10.534999999999998,10.264999999999999,10.495,19555678.0,600487,亨通光电
2024-01-12,10.485,10.544999999999998,10.405,10.424999999999999,14644828.0,600487,亨通光电
2024-01-15,10.374999999999998,10.485,10.305,10.395,11245300.0,600487,亨通光电
2024-01-16,10.544999999999998,10.684999999999999,10.364999999999998,10.544999999999998,30472722.0,600487,亨通光电
2024-01-17,10.524999999999999,10.524999999999999,10.305,10.305,16666768.0,600487,亨通光电
2024-01-18,10.254999999999999,10.454999999999998,10.055,10.415,34741153.0,600487,亨通光电
2024-01-19,10.424999999999999,10.544999999999998,10.384999999999998,10.434999999999999,21801834.0,600487,亨通光电
2024-01-22,10.424999999999999,10.444999999999999,9.884999999999998,10.014999999999999,26431213.0,600487,亨通光电
2024-01-23,9.924999999999999,10.334999999999999,9.864999999999998,10.254999999999999,24307498.0,600487,亨通光电
2024-01-24,10.364999999999998,10.495,10.104999999999999,10.464999999999998,27418350.0,600487,亨通光电
2024-01-25,10.475,10.684999999999999,10.384999999999998,10.665,32509149.0,600487,亨通光电
2024-01-26,10.655,10.774999999999999,10.544999999999998,10.624999999999998,23146635.0,600487,亨通光电
2024-01-29,10.645,10.745,10.475,10.565,24365907.0,600487,亨通光电
2024-01-30,10.514999999999999,10.514999999999999,10.184999999999999,10.225,21537657.0,600487,亨通光电
2024-01-31,10.334999999999999,10.655,10.325,10.334999999999999,32547652.0,600487,亨通光电
2024-02-01,10.235,10.575,10.055,10.434999999999999,26982725.0,600487,亨通光电
2024-02-02,10.424999999999999,10.565,9.874999999999998,10.294999999999998,30452759.0,600487,亨通光电
2024-02-05,10.184999999999999,10.305,9.454999999999998,9.985,41688753.0,600487,亨通光电
2024-02-06,9.825,10.645,9.674999999999999,10.534999999999998,37671732.0,600487,亨通光电
2024-02-07,10.604999999999999,10.825,10.504999999999999,10.674999999999999,40302425.0,600487,亨通光电
2024-02-08,10.844999999999999,11.084999999999999,10.754999999999999,11.065,54120707.0,600487,亨通光电
2024-02-19,11.245,11.294999999999998,10.964999999999998,11.194999999999999,46479705.0,600487,亨通光电
2024-02-20,11.134999999999998,11.155,11.004999999999999,11.114999999999998,28832380.0,600487,亨通光电
2024-02-21,11.024999999999999,11.384999999999998,10.995,11.165,47362825.0,600487,亨通光电
2024-02-22,11.134999999999998,11.325,11.134999999999998,11.264999999999999,34943563.0,600487,亨通光电
2024-02-23,11.284999999999998,11.325,11.155,11.274999999999999,37379316.0,600487,亨通光电
2024-02-26,11.245,11.344999999999999,11.174999999999999,11.245,33355452.0,600487,亨通光电
2024-02-27,11.204999999999998,11.774999999999999,11.174999999999999,11.764999999999999,79094853.0,600487,亨通光电
2024-02-28,11.815,11.874999999999998,11.204999999999998,11.204999999999998,79989079.0,600487,亨通光电
2024-02-29,11.174999999999999,11.614999999999998,11.165,11.584999999999999,54136042.0,600487,亨通光电
2024-03-01,11.565,11.884999999999998,11.555,11.864999999999998,68364030.0,600487,亨通光电
2024-03-04,11.915,11.995,11.655,11.995,66322589.0,600487,亨通光电
2024-03-05,11.854999999999999,11.975,11.684999999999999,11.735,49631588.0,600487,亨通光电
2024-03-06,11.725,12.434999999999999,11.655,12.204999999999998,105701051.0,600487,亨通光电
2024-03-07,12.124999999999998,12.124999999999998,11.745,11.764999999999999,65936443.0,600487,亨通光电
2024-03-08,11.754999999999999,12.424999999999999,11.754999999999999,12.374999999999998,99431959.0,600487,亨通光电
2024-03-11,12.344999999999999,12.495,12.194999999999999,12.495,68555641.0,600487,亨通光电
2024-03-12,12.495,12.714999999999998,12.325,12.384999999999998,68123520.0,600487,亨通光电
2024-03-13,12.514999999999999,12.924999999999999,12.415,12.725,94479009.0,600487,亨通光电
2024-03-14,12.624999999999998,12.714999999999998,12.344999999999999,12.575,61551606.0,600487,亨通光电
2024-03-15,12.495,12.544999999999998,12.235,12.434999999999999,51589760.0,600487,亨通光电
2024-03-18,12.495,12.584999999999999,12.374999999999998,12.565,60185325.0,600487,亨通光电
2024-03-19,12.534999999999998,12.534999999999998,12.374999999999998,12.374999999999998,40744350.0,600487,亨通光电
2024-03-20,12.384999999999998,12.444999999999999,12.165,12.284999999999998,47808670.0,600487,亨通光电
2024-03-21,12.254999999999999,12.475,12.235,12.444999999999999,47463312.0,600487,亨通光电
2024-03-22,12.364999999999998,12.514999999999999,12.225,12.504999999999999,53928998.0,600487,亨通光电
2024-03-25,12.485,12.704999999999998,12.214999999999998,12.235,52569649.0,600487,亨通光电
2024-03-26,12.034999999999998,12.165,11.735,11.954999999999998,58485956.0,600487,亨通光电
2024-03-27,11.944999999999999,11.995,11.424999999999999,11.434999999999999,42476185.0,600487,亨通光电
2024-03-28,11.344999999999999,11.745,11.334999999999999,11.584999999999999,58718289.0,600487,亨通光电
2024-03-29,11.634999999999998,11.714999999999998,11.444999999999999,11.694999999999999,33890243.0,600487,亨通光电
2024-04-01,11.895,12.305,11.895,12.145,50156402.0,600487,亨通光电
2024-04-02,12.124999999999998,12.145,11.844999999999999,11.895,30527637.0,600487,亨通光电
2024-04-03,11.924999999999999,11.924999999999999,11.665,11.704999999999998,24162493.0,600487,亨通光电
2024-04-08,11.634999999999998,11.735,11.354999999999999,11.374999999999998,31910383.0,600487,亨通光电
2024-04-09,11.444999999999999,11.514999999999999,11.315,11.464999999999998,29127621.0,600487,亨通光电
2024-04-10,11.475,11.475,11.104999999999999,11.214999999999998,33254592.0,600487,亨通光电
2024-04-11,11.145,11.384999999999998,11.104999999999999,11.235,21820983.0,600487,亨通光电
2024-04-12,11.254999999999999,12.165,11.245,11.854999999999999,99390521.0,600487,亨通光电
2024-04-15,11.864999999999998,12.264999999999999,11.665,12.194999999999999,75853239.0,600487,亨通光电
2024-04-16,12.194999999999999,12.645,12.124999999999998,12.174999999999999,103756207.0,600487,亨通光电
2024-04-17,12.174999999999999,12.565,12.174999999999999,12.485,58651734.0,600487,亨通光电
2024-04-18,12.405,12.834999999999999,12.284999999999998,12.634999999999998,79031438.0,600487,亨通光电
2024-04-19,12.544999999999998,12.694999999999999,12.204999999999998,12.274999999999999,61744714.0,600487,亨通光电
2024-04-22,12.214999999999998,12.424999999999999,12.024999999999999,12.384999999999998,36451440.0,600487,亨通光电
2024-04-23,12.354999999999999,12.424999999999999,12.075,12.124999999999998,30175741.0,600487,亨通光电
2024-04-24,12.145,12.794999999999998,12.124999999999998,12.784999999999998,69385638.0,600487,亨通光电
2024-04-25,12.725,12.915,12.555,12.884999999999998,60772315.0,600487,亨通光电
2024-04-26,12.895,13.344999999999999,12.464999999999998,13.174999999999999,125556077.0,600487,亨通光电
2024-04-29,13.284999999999998,13.794999999999998,13.245,13.565,113495030.0,600487,亨通光电
2024-04-30,13.354999999999999,13.714999999999998,13.305,13.504999999999999,55395028.0,600487,亨通光电
2024-05-06,13.674999999999999,13.745,13.374999999999998,13.444999999999999,54068870.0,600487,亨通光电
2024-05-07,13.405,13.415,13.024999999999999,13.194999999999999,76572818.0,600487,亨通光电
2024-05-08,13.184999999999999,13.305,13.055,13.184999999999999,34777503.0,600487,亨通光电
2024-05-09,13.204999999999998,13.594999999999999,13.145,13.524999999999999,71475191.0,600487,亨通光电
2024-05-10,13.495,14.044999999999998,13.454999999999998,13.854999999999999,77084766.0,600487,亨通光电
2024-05-13,13.714999999999998,15.145,13.694999999999999,14.794999999999998,183021933.0,600487,亨通光电
2024-05-14,14.754999999999999,14.924999999999999,14.594999999999999,14.794999999999998,65709541.0,600487,亨通光电
2024-05-15,14.694999999999999,14.874999999999998,14.444999999999999,14.594999999999999,44714609.0,600487,亨通光电
2024-05-16,14.634999999999998,15.245,14.454999999999998,14.524999999999999,98121948.0,600487,亨通光电
2024-05-17,14.254999999999999,14.495,14.245,14.344999999999999,52619045.0,600487,亨通光电
2024-05-20,14.305,14.735,14.214999999999998,14.584999999999999,47858910.0,600487,亨通光电
2024-05-21,14.594999999999999,14.594999999999999,14.325,14.374999999999998,28089161.0,600487,亨通光电
2024-05-22,14.395,14.524999999999999,14.184999999999999,14.245,33862285.0,600487,亨通光电
2024-05-23,14.145,14.235,13.944999999999999,14.024999999999999,39234924.0,600487,亨通光电
2024-05-24,13.944999999999999,14.565,13.934999999999999,14.114999999999998,39666710.0,600487,亨通光电
2024-05-27,14.094999999999999,14.854999999999999,14.075,14.794999999999998,70390346.0,600487,亨通光电
2024-05-28,14.834999999999999,15.204999999999998,14.555,14.584999999999999,54741896.0,600487,亨通光电
2024-05-29,14.604999999999999,14.844999999999999,14.405,14.624999999999998,28908885.0,600487,亨通光电
2024-05-30,14.524999999999999,14.825,14.395,14.604999999999999,25944047.0,600487,亨通光电
2024-05-31,14.575,14.655,14.245,14.305,33434042.0,600487,亨通光电
2024-06-03,14.014999999999999,14.174999999999999,13.774999999999999,13.915,66923657.0,600487,亨通光电
2024-06-04,14.004999999999999,14.444999999999999,13.854999999999999,14.374999999999998,41184332.0,600487,亨通光电
2024-06-05,14.434999999999999,14.454999999999998,14.024999999999999,14.055,22442240.0,600487,亨通光电
2024-06-06,14.114999999999998,14.305,13.934999999999999,13.985,30369290.0,600487,亨通光电
2024-06-07,14.044999999999998,14.114999999999998,13.594999999999999,13.725,33292235.0,600487,亨通光电
2024-06-11,13.694999999999999,14.075,13.614999999999998,13.975,26565277.0,600487,亨通光电
2024-06-12,13.895,14.024999999999999,13.764999999999999,13.864999999999998,19083397.0,600487,亨通光电
2024-06-13,13.794999999999998,14.124999999999998,13.764999999999999,13.874999999999998,26802870.0,600487,亨通光电
2024-06-14,13.784999999999998,14.165,13.694999999999999,14.104999999999999,37382208.0,600487,亨通光电
2024-06-17,14.075,14.534999999999998,13.975,14.344999999999999,40325378.0,600487,亨通光电
2024-06-18,14.325,14.645,14.325,14.504999999999999,33011182.0,600487,亨通光电
2024-06-19,14.725,15.094999999999999,14.665,14.895,74491412.0,600487,亨通光电
2024-06-20,14.944999999999999,15.004999999999999,14.565,14.614999999999998,39622892.0,600487,亨通光电
2024-06-21,14.544999999999998,15.084999999999999,14.475,15.044999999999998,47318851.0,600487,亨通光电
2024-06-24,15.004999999999999,15.344999999999999,14.764999999999999,14.825,56597165.0,600487,亨通光电
2024-06-25,14.684999999999999,14.825,14.384999999999998,14.524999999999999,36978961.0,600487,亨通光电
2024-06-26,14.565,14.834999999999999,14.395,14.594999999999999,28704580.0,600487,亨通光电
2024-06-27,14.514999999999999,14.674999999999999,14.184999999999999,14.524999999999999,29825459.0,600487,亨通光电
2024-06-28,14.434999999999999,15.305,14.395,15.114999999999998,65274828.0,600487,亨通光电
2024-07-01,15.294999999999998,15.334999999999999,14.924999999999999,15.254999999999999,35263977.0,600487,亨通光电
2024-07-02,15.204999999999998,15.325,14.184999999999999,14.684999999999999,62577881.0,600487,亨通光电
2024-07-03,14.645,14.745,14.444999999999999,14.594999999999999,22413155.0,600487,亨通光电
2024-07-04,14.565,14.995,14.565,14.624999999999998,31608142.0,600487,亨通光电
2024-07-05,14.555,14.805,14.155,14.745,31425456.0,600487,亨通光电
2024-07-08,14.645,15.204999999999998,14.555,14.934999999999999,43343317.0,600487,亨通光电
2024-07-09,14.915,15.845,14.895,15.785000000000002,75092508.0,600487,亨通光电
2024-07-10,15.745,15.845,15.474999999999998,15.595,37294852.0,600487,亨通光电
2024-07-11,15.745,15.815,15.375,15.674999999999999,48731517.0,600487,亨通光电
2024-07-12,15.535000000000002,15.695000000000002,15.254999999999999,15.584999999999999,31283963.0,600487,亨通光电
2024-07-15,15.575000000000001,15.575000000000001,15.264999999999999,15.375,23240507.0,600487,亨通光电
2024-07-16,15.385,15.385,14.705,14.995,48269975.0,600487,亨通光电
2024-07-17,14.975,14.975,14.545,14.584999999999999,33862756.0,600487,亨通光电
2024-07-18,14.475,14.594999999999999,14.004999999999999,14.465,39080413.0,600487,亨通光电
2024-07-19,14.405,14.854999999999999,14.354999999999999,14.545,26164481.0,600487,亨通光电
2024-07-22,14.485,15.415,14.455,15.225,42936099.0,600487,亨通光电
2024-07-23,15.235,15.235,14.645,14.895,35955317.0,600487,亨通光电
2024-07-24,14.934999999999999,15.375,14.915,15.065,29821373.0,600487,亨通光电
2024-07-25,14.934999999999999,15.485,14.705,15.385,42192366.0,600487,亨通光电
2024-07-26,15.274999999999999,15.764999999999999,15.225,15.635,40075706.0,600487,亨通光电
2024-07-29,15.694999999999999,15.924999999999999,14.934999999999999,14.995,45578152.0,600487,亨通光电
2024-07-30,15.024999999999999,15.174999999999999,14.844999999999999,14.885,16445820.0,600487,亨通光电
2024-07-31,14.885,15.165,14.545,15.045,27602740.0,600487,亨通光电
2024-08-01,14.895,15.455,14.844999999999999,15.225,25926604.0,600487,亨通光电
2024-08-02,15.094999999999999,15.215,14.774999999999999,14.895,23607888.0,600487,亨通光电
2024-08-05,14.725,15.135,14.305,14.325,26741305.0,600487,亨通光电
2024-08-06,14.485,14.665,13.614999999999998,13.795,57735846.0,600487,亨通光电
2024-08-07,13.934999999999999,14.354999999999999,13.905,13.915,40625738.0,600487,亨通光电
2024-08-08,14.004999999999999,14.065,13.575,13.735,28061873.0,600487,亨通光电
2024-08-09,13.705,14.024999999999999,13.495,13.625,25462882.0,600487,亨通光电
2024-08-12,13.604999999999999,13.745,13.375,13.455,21185081.0,600487,亨通光电
2024-08-13,13.495,13.594999999999999,13.325,13.534999999999998,15251123.0,600487,亨通光电
2024-08-14,13.534999999999998,13.565,13.004999999999999,13.075,31895018.0,600487,亨通光电
2024-08-15,13.014999999999999,13.325,12.985,13.225,18908140.0,600487,亨通光电
2024-08-16,13.295,13.514999999999999,13.165,13.184999999999999,18284432.0,600487,亨通光电
2024-08-19,13.094999999999999,13.354999999999999,12.885,12.955,24594002.0,600487,亨通光电
2024-08-20,12.975,13.004999999999999,12.694999999999999,12.834999999999999,18417388.0,600487,亨通光电
2024-08-21,12.745,12.875,12.594999999999999,12.625,16941951.0,600487,亨通光电
2024-08-22,12.694999999999999,12.745,12.354999999999999,12.395,22982437.0,600487,亨通光电
2024-08-23,12.385,12.455,12.194999999999999,12.334999999999999,23070064.0,600487,亨通光电
2024-08-26,12.364999999999998,12.395,12.065,12.125,26974163.0,600487,亨通光电
2024-08-27,12.094999999999999,12.094999999999999,11.674999999999999,11.825,32642905.0,600487,亨通光电
2024-08-28,11.795,12.395,11.715,12.385,34948988.0,600487,亨通光电
2024-08-29,12.815,13.674999999999999,12.805,13.674999999999999,78965952.0,600487,亨通光电
2024-08-30,13.674999999999999,13.834999999999999,13.354999999999999,13.635,67407262.0,600487,亨通光电
2024-09-02,13.584999999999999,13.834999999999999,13.504999999999999,13.625,34901980.0,600487,亨通光电
2024-09-03,13.614999999999998,14.145,13.575,14.055,43315954.0,600487,亨通光电
2024-09-04,13.905,14.245,13.854999999999999,14.075,32196560.0,600487,亨通光电
2024-09-05,14.145,14.184999999999999,13.885,13.985,23550166.0,600487,亨通光电
2024-09-06,14.024999999999999,14.065,13.594999999999999,13.655,24219469.0,600487,亨通光电
2024-09-09,13.694999999999999,13.985,13.625,13.864999999999998,24232887.0,600487,亨通光电
2024-09-10,13.784999999999998,13.915,13.655,13.825,15469080.0,600487,亨通光电
2024-09-11,13.764999999999999,14.455,13.715,14.264999999999999,40310163.0,600487,亨通光电
2024-09-12,14.334999999999999,14.565,14.014999999999999,14.065,27036803.0,600487,亨通光电
2024-09-13,14.155,14.545,14.075,14.165,26983980.0,600487,亨通光电
2024-09-18,14.145,14.455,13.924999999999999,14.395,24448379.0,600487,亨通光电
2024-09-19,14.455,14.485,14.215,14.295,21377078.0,600487,亨通光电
2024-09-20,14.344999999999999,14.395,14.014999999999999,14.125,22473734.0,600487,亨通光电
2024-09-23,14.174999999999999,14.325,13.854999999999999,13.924999999999999,23143712.0,600487,亨通光电
2024-09-24,14.004999999999999,14.284999999999998,13.754999999999999,14.225,34871223.0,600487,亨通光电
2024-09-25,14.245,14.705,14.094999999999999,14.165,44469518.0,600487,亨通光电
2024-09-26,14.055,14.245,13.764999999999999,14.245,58606450.0,600487,亨通光电
2024-09-27,14.444999999999999,15.065,14.444999999999999,15.055,46756698.0,600487,亨通光电
2024-09-30,15.845,16.495,15.184999999999999,16.405,102920956.0,600487,亨通光电
2024-10-08,18.095000000000002,18.095000000000002,16.505000000000003,17.495,116954699.0,600487,亨通光电
2024-10-09,17.145,17.565,16.415000000000003,16.415000000000003,82092015.0,600487,亨通光电
2024-10-10,16.495,17.275000000000002,16.335,16.645,67365501.0,600487,亨通光电
2024-10-11,16.795,16.875,16.115000000000002,16.545,41770523.0,600487,亨通光电
2024-10-14,16.535,16.935000000000002,16.385,16.825,45994670.0,600487,亨通光电
2024-10-15,16.725,16.725,16.075,16.085,47799982.0,600487,亨通光电
2024-10-16,15.885,16.115000000000002,15.685,15.854999999999999,39348835.0,600487,亨通光电
2024-10-17,15.924999999999999,16.315,15.834999999999999,16.015,34548593.0,600487,亨通光电
2024-10-18,15.905,16.865000000000002,15.874999999999998,16.565,60801287.0,600487,亨通光电
2024-10-21,16.715,17.195,16.585,16.845000000000002,55773924.0,600487,亨通光电
2024-10-22,17.045,17.615000000000002,16.745,17.435000000000002,89064467.0,600487,亨通光电
2024-10-23,17.415000000000003,18.045,16.875,16.975,95520242.0,600487,亨通光电
2024-10-24,16.795,17.355,16.715,17.135,43745339.0,600487,亨通光电
2024-10-25,17.135,17.445,16.985,17.325,40849297.0,600487,亨通光电
2024-10-28,17.545,17.565,16.885,17.365000000000002,53958455.0,600487,亨通光电
2024-10-29,17.475,17.795,17.265,17.375,62405254.0,600487,亨通光电
2024-10-30,17.375,17.865000000000002,17.235,17.405,45566317.0,600487,亨通光电
2024-10-31,17.335,17.345000000000002,16.635,16.805,71550648.0,600487,亨通光电
2024-11-01,16.735,16.895,16.435000000000002,16.525000000000002,43908205.0,600487,亨通光电
2024-11-04,16.555,16.925,16.495,16.645,36547988.0,600487,亨通光电
2024-11-05,16.645,17.595000000000002,16.445,17.405,66689511.0,600487,亨通光电
2024-11-06,17.495,18.245,17.345000000000002,18.195,95359418.0,600487,亨通光电
2024-11-07,18.205000000000002,18.405,17.915000000000003,18.395,63960287.0,600487,亨通光电
2024-11-08,18.495,18.595000000000002,17.975,18.075,52692343.0,600487,亨通光电
2024-11-11,18.045,18.665000000000003,17.645,18.665000000000003,71305385.0,600487,亨通光电
2024-11-12,18.595000000000002,18.945,18.025000000000002,18.195,56509430.0,600487,亨通光电
2024-11-13,18.075,18.265,17.835,18.145,29514938.0,600487,亨通光电
2024-11-14,18.185000000000002,18.185000000000002,17.155,17.235,50448295.0,600487,亨通光电
2024-11-15,17.355,17.385,16.895,16.915000000000003,35571595.0,600487,亨通光电
2024-11-18,16.915000000000003,17.495,16.915000000000003,17.055,47206300.0,600487,亨通光电
2024-11-19,17.035,17.295,16.705000000000002,17.105,28817576.0,600487,亨通光电
2024-11-20,17.075,17.175,16.825,17.025000000000002,23416522.0,600487,亨通光电
2024-11-21,17.035,17.125,16.615000000000002,16.775000000000002,30605559.0,600487,亨通光电
2024-11-22,16.775000000000002,16.935000000000002,16.195,16.245,35342260.0,600487,亨通光电
2024-11-25,16.255000000000003,16.535,16.005000000000003,16.245,32558280.0,600487,亨通光电
2024-11-26,16.275000000000002,16.495,16.195,16.215,21852950.0,600487,亨通光电
2024-11-27,16.215,16.945,16.165000000000003,16.945,43089351.0,600487,亨通光电
2024-11-28,16.925,17.045,16.445,16.625,31205514.0,600487,亨通光电
2024-11-29,16.755000000000003,17.225,16.585,17.155,43508965.0,600487,亨通光电
2024-12-02,17.375,18.395,17.255000000000003,18.225,87343916.0,600487,亨通光电
2024-12-03,18.095000000000002,18.455000000000002,17.925,18.095000000000002,34029089.0,600487,亨通光电
2024-12-04,17.975,18.075,17.405,17.815,34013184.0,600487,亨通光电
2024-12-05,17.735,17.785,17.325,17.595000000000002,28980452.0,600487,亨通光电
2024-12-06,17.625,17.775000000000002,17.425,17.615000000000002,26306338.0,600487,亨通光电
2024-12-09,17.595000000000002,17.605,17.235,17.455000000000002,29599373.0,600487,亨通光电
2024-12-10,17.855,17.945,17.195,17.235,43016850.0,600487,亨通光电
2024-12-11,17.295,17.515,17.115000000000002,17.225,26414970.0,600487,亨通光电
2024-12-12,17.265,17.555,17.165000000000003,17.385,36513635.0,600487,亨通光电
2024-12-13,17.225,17.895,17.205000000000002,17.525000000000002,113138374.0,600487,亨通光电
2024-12-16,17.495,17.735,17.195,17.585,57651751.0,600487,亨通光电
2024-12-17,17.595000000000002,18.175,17.515,17.745,57376235.0,600487,亨通光电
2024-12-18,17.845000000000002,17.875,17.405,17.685000000000002,34952412.0,600487,亨通光电
2024-12-19,17.485,18.035,17.365000000000002,17.975,51279048.0,600487,亨通光电
2024-12-20,17.995,18.345000000000002,17.735,17.805,50430562.0,600487,亨通光电
2024-12-23,17.685000000000002,17.945,17.615000000000002,17.675,29300139.0,600487,亨通光电
2024-12-24,17.655,17.865000000000002,17.475,17.845000000000002,29140891.0,600487,亨通光电
2024-12-25,17.775000000000002,17.845000000000002,17.325,17.425,28031451.0,600487,亨通光电
2024-12-26,17.385,18.175,17.295,18.175,59593539.0,600487,亨通光电
2024-12-27,18.095000000000002,18.115000000000002,17.365000000000002,17.465,74891633.0,600487,亨通光电
2024-12-30,17.365000000000002,17.485,16.665000000000003,16.755000000000003,67233954.0,600487,亨通光电
2024-12-31,16.885,17.145,16.555,16.715,42095450.0,600487,亨通光电
2025-01-02,16.635,16.725,15.935,16.105,46779490.0,600487,亨通光电
2025-01-03,16.185000000000002,16.445,15.795,15.815,34890393.0,600487,亨通光电
2025-01-06,15.865,15.935,15.385,15.534999999999998,45639565.0,600487,亨通光电
2025-01-07,15.615,15.784999999999998,15.274999999999999,15.745,44000323.0,600487,亨通光电
2025-01-08,15.694999999999999,15.694999999999999,14.995,15.315,55636581.0,600487,亨通光电
2025-01-09,15.145,15.415,15.014999999999999,15.135,42465909.0,600487,亨通光电
2025-01-10,15.145,15.215,14.795,14.895,45860608.0,600487,亨通光电
2025-01-13,14.795,14.975,14.545,14.674999999999999,40904480.0,600487,亨通光电
2025-01-14,14.745,15.485,14.594999999999999,15.444999999999999,53954739.0,600487,亨通光电
2025-01-15,15.444999999999999,15.444999999999999,14.985,15.075,36915205.0,600487,亨通光电
2025-01-16,15.145,15.525,15.104999999999999,15.254999999999999,33422459.0,600487,亨通光电
2025-01-17,15.295,15.834999999999999,15.264999999999999,15.685,54354123.0,600487,亨通光电
2025-01-20,15.495,15.545,14.625,14.944999999999999,100046483.0,600487,亨通光电
2025-01-21,15.125,15.495,14.915,15.325,56701920.0,600487,亨通光电
2025-01-22,15.205,15.644999999999998,15.094999999999999,15.354999999999999,49519438.0,600487,亨通光电
2025-01-23,15.565,15.734999999999998,15.194999999999999,15.205,46063207.0,600487,亨通光电
2025-01-24,15.205,16.205000000000002,15.145,15.944999999999999,108647358.0,600487,亨通光电
2025-01-27,15.915000000000001,15.935,15.145,15.145,82375772.0,600487,亨通光电
2025-02-05,15.284999999999998,15.385,14.604999999999999,14.795,68354894.0,600487,亨通光电
2025-02-06,14.795,15.125,14.575,15.014999999999999,70387839.0,600487,亨通光电
2025-02-07,15.055,15.775,15.004999999999999,15.525,86318293.0,600487,亨通光电
2025-02-10,15.525,15.595,15.395,15.514999999999999,53891136.0,600487,亨通光电
2025-02-11,15.495,15.644999999999998,15.354999999999999,15.554999999999998,55457705.0,600487,亨通光电
2025-02-12,15.525,15.644999999999998,15.395,15.644999999999998,53868787.0,600487,亨通光电
2025-02-13,15.665000000000001,15.665000000000001,15.145,15.274999999999999,61797306.0,600487,亨通光电
2025-02-14,15.205,15.714999999999998,15.184999999999999,15.495,70052505.0,600487,亨通光电
2025-02-17,15.584999999999999,15.674999999999999,15.274999999999999,15.395,71247680.0,600487,亨通光电
2025-02-18,15.395,15.434999999999999,14.895,14.955,56585853.0,600487,亨通光电
2025-02-19,14.924999999999999,15.334999999999999,14.924999999999999,15.274999999999999,48825310.0,600487,亨通光电
2025-02-20,15.334999999999999,15.344999999999999,15.004999999999999,15.165,47169448.0,600487,亨通光电
2025-02-21,15.174999999999999,16.095000000000002,15.145,15.995,140775228.0,600487,亨通光电
2025-02-24,16.095000000000002,16.485,15.854999999999999,16.345000000000002,109991014.0,600487,亨通光电
2025-02-25,16.095000000000002,16.295,15.915000000000001,15.975,71450108.0,600487,亨通光电
2025-02-26,16.095000000000002,16.295,15.924999999999999,16.195,58493038.0,600487,亨通光电
2025-02-27,16.195,16.235,15.534999999999998,15.755,80668847.0,600487,亨通光电
2025-02-28,15.644999999999998,15.665000000000001,15.045,15.055,79993571.0,600487,亨通光电
2025-03-03,15.094999999999999,15.344999999999999,14.955,15.065,49147318.0,600487,亨通光电
2025-03-04,14.965,15.215,14.905,15.215,32686175.0,600487,亨通光电
2025-03-05,15.344999999999999,15.455,15.184999999999999,15.334999999999999,40050876.0,600487,亨通光电
2025-03-06,15.444999999999999,15.874999999999998,15.364999999999998,15.795,80600321.0,600487,亨通光电
2025-03-07,15.755,15.845,15.444999999999999,15.545,59002924.0,600487,亨通光电
2025-03-10,15.495,15.534999999999998,15.205,15.364999999999998,45220984.0,600487,亨通光电
2025-03-11,15.194999999999999,15.415,15.104999999999999,15.415,35943191.0,600487,亨通光电
2025-03-12,15.505,15.734999999999998,15.395,15.574999999999998,55767725.0,600487,亨通光电
2025-03-13,15.595,15.845,15.444999999999999,15.644999999999998,56515860.0,600487,亨通光电
2025-03-14,15.834999999999999,16.615000000000002,15.834999999999999,16.395,158133456.0,600487,亨通光电
2025-03-17,17.045,17.095000000000002,16.365000000000002,16.415000000000003,136294849.0,600487,亨通光电
2025-03-18,16.355,16.925,16.295,16.435000000000002,77355039.0,600487,亨通光电
2025-03-19,16.455000000000002,16.465,16.125,16.225,56150851.0,600487,亨通光电
2025-03-20,16.195,16.745,16.095000000000002,16.535,95039298.0,600487,亨通光电
2025-03-21,16.795,17.775000000000002,16.715,17.085,210804431.0,600487,亨通光电
2025-03-24,17.435000000000002,17.545,16.685000000000002,17.495,161153822.0,600487,亨通光电
2025-03-25,17.235,17.475,16.605,16.705000000000002,124297282.0,600487,亨通光电
2025-03-26,16.585,16.955000000000002,16.505000000000003,16.525000000000002,69312734.0,600487,亨通光电
2025-03-27,16.535,16.685000000000002,16.115000000000002,16.395,65338086.0,600487,亨通光电
2025-03-28,16.355,16.895,16.315,16.625,66998431.0,600487,亨通光电
2025-03-31,16.475,16.605,15.995,16.135,58242829.0,600487,亨通光电
2025-04-01,16.245,16.295,15.944999999999999,15.955,51841293.0,600487,亨通光电
2025-04-02,15.924999999999999,16.205000000000002,15.894999999999998,15.995,35659899.0,600487,亨通光电
2025-04-03,15.834999999999999,15.984999999999998,15.434999999999999,15.584999999999999,53128957.0,600487,亨通光电
2025-04-07,14.485,14.795,13.975,13.975,69122740.0,600487,亨通光电
2025-04-08,13.844999999999999,14.215,13.784999999999998,14.084999999999999,65297425.0,600487,亨通光电
2025-04-09,13.805,14.614999999999998,13.354999999999999,14.475,65889406.0,600487,亨通光电
2025-04-10,14.844999999999999,15.004999999999999,14.665,14.764999999999999,56239125.0,600487,亨通光电
2025-04-11,14.594999999999999,14.885,14.534999999999998,14.715,38338109.0,600487,亨通光电
2025-04-14,14.934999999999999,15.045,14.784999999999998,14.854999999999999,36376102.0,600487,亨通光电
2025-04-15,14.825,14.834999999999999,14.534999999999998,14.645,28506610.0,600487,亨通光电
2025-04-16,14.545,14.594999999999999,14.194999999999999,14.385,34831478.0,600487,亨通光电
2025-04-17,14.284999999999998,14.514999999999999,14.225,14.295,26474401.0,600487,亨通光电
2025-04-18,14.245,14.694999999999999,14.205,14.594999999999999,39232967.0,600487,亨通光电
2025-04-21,14.645,14.864999999999998,14.495,14.754999999999999,29932743.0,600487,亨通光电
2025-04-22,14.774999999999999,14.834999999999999,14.665,14.735,27392702.0,600487,亨通光电
2025-04-23,14.774999999999999,14.985,14.735,14.975,39149016.0,600487,亨通光电
2025-04-24,14.955,14.955,14.645,14.745,33171157.0,600487,亨通光电
2025-04-25,14.885,15.424999999999999,14.844999999999999,15.194999999999999,65904025.0,600487,亨通光电
2025-04-28,15.194999999999999,15.284999999999998,15.004999999999999,15.065,34288614.0,600487,亨通光电
2025-04-29,15.045,15.155,14.895,15.034999999999998,22692139.0,600487,亨通光电
2025-04-30,15.104999999999999,15.114999999999998,14.895,14.905,32727957.0,600487,亨通光电
2025-05-06,15.034999999999998,15.344999999999999,15.024999999999999,15.264999999999999,34983429.0,600487,亨通光电
2025-05-07,15.444999999999999,15.485,15.174999999999999,15.264999999999999,34070747.0,600487,亨通光电
2025-05-08,15.264999999999999,15.434999999999999,15.174999999999999,15.395,30605912.0,600487,亨通光电
2025-05-09,15.375,15.375,15.065,15.184999999999999,31373843.0,600487,亨通光电
2025-05-12,15.254999999999999,15.475,15.245,15.434999999999999,30920586.0,600487,亨通光电
2025-05-13,15.644999999999998,15.665000000000001,15.295,15.344999999999999,31806391.0,600487,亨通光电
2025-05-14,15.344999999999999,15.534999999999998,15.184999999999999,15.364999999999998,27280014.0,600487,亨通光电
2025-05-15,15.315,15.325,14.864999999999998,14.885,33759001.0,600487,亨通光电
2025-05-16,14.864999999999998,14.985,14.825,14.854999999999999,21524453.0,600487,亨通光电
2025-05-19,14.844999999999999,14.854999999999999,14.635,14.784999999999998,24724796.0,600487,亨通光电
2025-05-20,14.754999999999999,14.875,14.655,14.844999999999999,21985160.0,600487,亨通光电
2025-05-21,14.795,14.864999999999998,14.645,14.674999999999999,23195254.0,600487,亨通光电
2025-05-22,14.604999999999999,14.715,14.524999999999999,14.534999999999998,25165160.0,600487,亨通光电
2025-05-23,14.534999999999998,14.655,14.334999999999999,14.375,29523134.0,600487,亨通光电
2025-05-26,14.315,14.444999999999999,14.315,14.405,21967251.0,600487,亨通光电
2025-05-27,14.395,14.455,14.274999999999999,14.415,19769878.0,600487,亨通光电
2025-05-28,14.424999999999999,14.655,14.415,14.625,26018885.0,600487,亨通光电
2025-05-29,14.594999999999999,14.854999999999999,14.575,14.805,29219970.0,600487,亨通光电
2025-05-30,14.795,14.795,14.495,14.495,24966820.0,600487,亨通光电
2025-06-03,14.504999999999999,14.674999999999999,14.434999999999999,14.524999999999999,20552105.0,600487,亨通光电
2025-06-04,14.604999999999999,14.745,14.584999999999999,14.655,22486965.0,600487,亨通光电
2025-06-05,14.645,14.784999999999998,14.575,14.745,20393245.0,600487,亨通光电
2025-06-06,14.745,14.944999999999999,14.645,14.854999999999999,27013684.0,600487,亨通光电
2025-06-09,14.854999999999999,14.955,14.764999999999999,14.885,30850156.0,600487,亨通光电
2025-06-10,14.885,14.885,14.594999999999999,14.725,25116310.0,600487,亨通光电
2025-06-11,14.745,14.905,14.694999999999999,14.864999999999998,25865158.0,600487,亨通光电
2025-06-12,14.815,14.995,14.735,14.774999999999999,28425069.0,600487,亨通光电
2025-06-13,14.705,14.774999999999999,14.334999999999999,14.364999999999998,44389800.0,600487,亨通光电
2025-06-16,14.284999999999998,14.764999999999999,14.274999999999999,14.645,34743096.0,600487,亨通光电
2025-06-17,14.684999999999999,14.694999999999999,14.455,14.495,19516028.0,600487,亨通光电
2025-06-18,14.504999999999999,14.625,14.434999999999999,14.534999999999998,19407704.0,600487,亨通光电
2025-06-19,14.514999999999999,14.604999999999999,14.295,14.315,22119483.0,600487,亨通光电
2025-06-20,14.315,14.424999999999999,14.184999999999999,14.205,19178020.0,600487,亨通光电
2025-06-23,14.194999999999999,14.305,14.104999999999999,14.254999999999999,18698850.0,600487,亨通光电
2025-06-24,14.315,14.594999999999999,14.295,14.584999999999999,26655901.0,600487,亨通光电
2025-06-25,14.584999999999999,14.764999999999999,14.524999999999999,14.735,29147068.0,600487,亨通光电
2025-06-26,14.784999999999998,14.985,14.694999999999999,14.805,35230225.0,600487,亨通光电
2025-06-27,14.945,14.975,14.815,14.865,28164536.0,600487,亨通光电
2025-06-30,14.865,15.084999999999999,14.825,15.025,35706894.0,600487,亨通光电
2025-07-01,14.975,15.004999999999999,14.875,14.975,22559040.0,600487,亨通光电
2025-07-02,15.275,15.424999999999999,15.094999999999999,15.125,71643760.0,600487,亨通光电
2025-07-03,15.094999999999999,15.615,15.094999999999999,15.504999999999999,70948505.0,600487,亨通光电
2025-07-04,15.514999999999999,15.545,15.105,15.135,61387640.0,600487,亨通光电
2025-07-07,15.105,15.135,14.865,14.905,39303165.0,600487,亨通光电
2025-07-08,14.885,15.525,14.885,15.424999999999999,65632667.0,600487,亨通光电
2025-07-09,15.385,15.435,15.145,15.174999999999999,30926275.0,600487,亨通光电
2025-07-10,15.135,15.245,15.094999999999999,15.165,23678540.0,600487,亨通光电
2025-07-11,15.125,15.275,15.084999999999999,15.125,36173029.0,600487,亨通光电
2025-07-14,15.125,15.215,15.025,15.065,30163725.0,600487,亨通光电
2025-07-15,15.105,15.334999999999999,15.055,15.205,46601204.0,600487,亨通光电
2025-07-16,15.245,15.325,15.055,15.084999999999999,33626940.0,600487,亨通光电
2025-07-17,15.075,15.755,15.055,15.535,93022965.0,600487,亨通光电
2025-07-18,15.605,15.674999999999999,15.365,15.435,44385425.0,600487,亨通光电
2025-07-21,15.514999999999999,15.625,15.455,15.594999999999999,40546116.0,600487,亨通光电
2025-07-22,15.625,15.885,15.525,15.825000000000001,62312616.0,600487,亨通光电
2025-07-23,15.874999999999998,15.885,15.525,15.575,55014716.0,600487,亨通光电
2025-07-24,15.565,15.655,15.535,15.615,37718120.0,600487,亨通光电
2025-07-25,15.825000000000001,15.874999999999998,15.465,15.514999999999999,55690863.0,600487,亨通光电
2025-07-28,15.535,15.674999999999999,15.495,15.625,41317159.0,600487,亨通光电
2025-07-29,15.575,15.775,15.445,15.775,53000184.0,600487,亨通光电
2025-07-30,15.784999999999998,16.275000000000002,15.625,16.055,103063479.0,600487,亨通光电
2025-07-31,15.975,16.275000000000002,15.584999999999999,15.655,92209473.0,600487,亨通光电
2025-08-01,15.545,16.005000000000003,15.395,15.504999999999999,70309833.0,600487,亨通光电
2025-08-04,15.424999999999999,15.655,15.315,15.525,38368570.0,600487,亨通光电
2025-08-05,15.525,15.924999999999999,15.514999999999999,15.865,64870354.0,600487,亨通光电
2025-08-06,15.995,16.065,15.825000000000001,15.924999999999999,52881346.0,600487,亨通光电
2025-08-07,15.825000000000001,15.944999999999999,15.625,15.784999999999998,43652412.0,600487,亨通光电
2025-08-08,15.784999999999998,16.995,15.755,16.695,175451591.0,600487,亨通光电
2025-08-11,16.975,17.845000000000002,16.975,17.375,158597760.0,600487,亨通光电
2025-08-12,17.275000000000002,17.675,17.225,17.625,93089551.0,600487,亨通光电
2025-08-13,17.625,17.915000000000003,17.475,17.855,104794391.0,600487,亨通光电
2025-08-14,17.975,18.035,17.205000000000002,17.285,104283479.0,600487,亨通光电
2025-08-15,17.215,18.165000000000003,17.205000000000002,17.865000000000002,101759227.0,600487,亨通光电
2025-08-18,17.925,17.965,17.615000000000002,17.745,106316808.0,600487,亨通光电
2025-08-19,17.755000000000003,18.725,17.705000000000002,18.385,143686479.0,600487,亨通光电
2025-08-20,18.185000000000002,18.265,17.845000000000002,18.205000000000002,78754244.0,600487,亨通光电
2025-08-21,18.225,18.285,17.835,17.955000000000002,65090899.0,600487,亨通光电
2025-08-22,17.975,18.585,17.905,18.455000000000002,87507739.0,600487,亨通光电
2025-08-25,19.005000000000003,20.055,18.945,19.945,162979984.0,600487,亨通光电
2025-08-26,19.475,19.525000000000002,19.075000000000003,19.085,154039555.0,600487,亨通光电
2025-08-27,19.195,19.505000000000003,18.615000000000002,18.625,129606312.0,600487,亨通光电
2025-08-28,18.605,20.515,18.605,20.235000000000003,246738048.0,600487,亨通光电
2025-08-29,20.505000000000003,20.695,19.925,20.205000000000002,172651844.0,600487,亨通光电
2025-09-01,20.525000000000002,20.875,20.095000000000002,20.435000000000002,143528866.0,600487,亨通光电
2025-09-02,20.635,21.735000000000003,19.715,19.965,180921917.0,600487,亨通光电
2025-09-03,20.185000000000002,21.185000000000002,19.735000000000003,20.625,165648024.0,600487,亨通光电
2025-09-04,21.305,21.405,18.545,19.015,210352581.0,600487,亨通光电
2025-09-05,19.015,19.895000000000003,19.015,19.825000000000003,138363468.0,600487,亨通光电
2025-09-08,19.835,19.845000000000002,19.115000000000002,19.435000000000002,103291107.0,600487,亨通光电
2025-09-09,19.405,19.905,19.045,19.525000000000002,109891014.0,600487,亨通光电
2025-09-10,19.735000000000003,20.585,19.525000000000002,20.115000000000002,129815820.0,600487,亨通光电
2025-09-11,20.175,20.815,19.755000000000003,20.675,134243058.0,600487,亨通光电
2025-09-12,20.575000000000003,20.865000000000002,20.225,20.285,103425162.0,600487,亨通光电
2025-09-15,20.295,20.355,19.735000000000003,19.805,79971166.0,600487,亨通光电
2025-09-16,19.815,19.935000000000002,19.255000000000003,19.865000000000002,96193182.0,600487,亨通光电
2025-09-17,19.805,20.005000000000003,19.525000000000002,19.925,66740415.0,600487,亨通光电
2025-09-18,20.065,21.945,20.055,21.945,189319721.0,600487,亨通光电
2025-09-19,22.925,23.575000000000003,22.415000000000003,22.625,296449672.0,600487,亨通光电
2025-09-22,22.405,22.785,21.695,22.595000000000002,170396943.0,600487,亨通光电
2025-09-23,22.825000000000003,23.025000000000002,21.285,21.765,161644551.0,600487,亨通光电
2025-09-24,21.605,22.565,21.305,22.335,141738777.0,600487,亨通光电
2025-09-25,22.345000000000002,22.725,21.825000000000003,22.655,141080468.0,600487,亨通光电
2025-09-26,22.455000000000002,23.285,22.355,22.505000000000003,136834221.0,600487,亨通光电
2025-09-29,22.425,23.225,22.385,22.855,113962708.0,600487,亨通光电
2025-09-30,22.925,23.415000000000003,22.515,22.695,116902832.0,600487,亨通光电
2025-10-09,22.715,24.205000000000002,22.705000000000002,23.835,147279294.0,600487,亨通光电
2025-10-10,23.535,23.535,22.185000000000002,22.285,129935734.0,600487,亨通光电
2025-10-13,20.825000000000003,22.015,20.825000000000003,21.875,90777827.0,600487,亨通光电
2025-10-14,21.985000000000003,22.265,20.485000000000003,20.555,115496198.0,600487,亨通光电
2025-10-15,20.695,21.515,20.565,21.475,82249122.0,600487,亨通光电
2025-10-16,21.605,21.605,21.025000000000002,21.105,48632480.0,600487,亨通光电
2025-10-17,21.515,21.595000000000002,20.045,20.125,70825397.0,600487,亨通光电
2025-10-20,20.485000000000003,20.895000000000003,20.235000000000003,20.325000000000003,50142165.0,600487,亨通光电
2025-10-21,20.495,20.865000000000002,20.425,20.715,63819447.0,600487,亨通光电
2025-10-22,21.025000000000002,21.085,20.345000000000002,20.665000000000003,53833578.0,600487,亨通光电
2025-10-23,20.435000000000002,20.785,19.945,20.765,53663939.0,600487,亨通光电
2025-10-24,21.025000000000002,21.225,20.875,21.185000000000002,69805903.0,600487,亨通光电
2025-10-27,21.475,22.185000000000002,21.455000000000002,21.615000000000002,98562054.0,600487,亨通光电
2025-10-28,21.735000000000003,21.805,21.025000000000002,21.245,86998627.0,600487,亨通光电
2025-10-29,21.405,22.465,21.325000000000003,22.205000000000002,119506165.0,600487,亨通光电
2025-10-30,22.205000000000002,22.805,21.915000000000003,22.255000000000003,119914233.0,600487,亨通光电
2025-10-31,22.325000000000003,22.825000000000003,22.025000000000002,22.085,88911172.0,600487,亨通光电
2025-11-03,21.875,21.955000000000002,21.205000000000002,21.735000000000003,71270324.0,600487,亨通光电
2025-11-04,21.755000000000003,21.755000000000003,20.625,20.845000000000002,79679401.0,600487,亨通光电
2025-11-05,20.495,21.805,20.385,21.405,77809833.0,600487,亨通光电
2025-11-06,21.435000000000002,22.225,21.425,21.955000000000002,93781744.0,600487,亨通光电
2025-11-07,21.705000000000002,21.895000000000003,21.425,21.695,48259171.0,600487,亨通光电
2025-11-10,21.745,22.015,20.955000000000002,21.085,65356467.0,600487,亨通光电
2025-11-11,21.185000000000002,21.415000000000003,20.625,20.685000000000002,56270690.0,600487,亨通光电
2025-11-12,20.695,20.795,20.095000000000002,20.295,50906205.0,600487,亨通光电
2025-11-13,20.325000000000003,20.625,20.225,20.445,35520342.0,600487,亨通光电
2025-11-14,20.245,20.365000000000002,20.025000000000002,20.025000000000002,37203679.0,600487,亨通光电
2025-11-17,20.025000000000002,20.165000000000003,19.575000000000003,19.855,43481102.0,600487,亨通光电
2025-11-18,19.725,20.005000000000003,19.665000000000003,19.735000000000003,30537619.0,600487,亨通光电
2025-11-19,19.845000000000002,20.095000000000002,19.665000000000003,19.725,33007928.0,600487,亨通光电
2025-11-20,19.935000000000002,20.005000000000003,19.285,19.365000000000002,44376152.0,600487,亨通光电
2025-11-21,19.035,19.165000000000003,18.665000000000003,18.705000000000002,56383886.0,600487,亨通光电
2025-11-24,18.815,18.985000000000003,18.635,18.805,33573682.0,600487,亨通光电
2025-11-25,18.925,19.635,18.925,19.345000000000002,50986290.0,600487,亨通光电
2025-11-26,19.255000000000003,19.895000000000003,19.215,19.705000000000002,57290339.0,600487,亨通光电
2025-11-27,19.625,19.855,19.395000000000003,19.605,48858175.0,600487,亨通光电
2025-11-28,19.525000000000002,19.595000000000002,19.285,19.505000000000003,29829406.0,600487,亨通光电
2025-12-01,19.555,19.975,19.555,19.795,47684971.0,600487,亨通光电
2025-12-02,19.725,19.735000000000003,19.485000000000003,19.565,32892889.0,600487,亨通光电
2025-12-03,19.635,19.755000000000003,19.405,19.425,28394625.0,600487,亨通光电
2025-12-04,19.355,19.645000000000003,19.225,19.545,24285828.0,600487,亨通光电
2025-12-05,19.545,19.775000000000002,19.425,19.745,36837072.0,600487,亨通光电
2025-12-08,19.775000000000002,20.365000000000002,19.775000000000002,20.105,52465565.0,600487,亨通光电
2025-12-09,20.205000000000002,20.365000000000002,20.025000000000002,20.125,44059363.0,600487,亨通光电
2025-12-10,20.075000000000003,20.525000000000002,20.005000000000003,20.475,61450052.0,600487,亨通光电
2025-12-11,20.515,20.815,20.195,20.315,66106600.0,600487,亨通光电
2025-12-12,20.355,20.825000000000003,20.145000000000003,20.645000000000003,64931560.0,600487,亨通光电
2025-12-15,20.465,20.525000000000002,20.125,20.145000000000003,46812259.0,600487,亨通光电
2025-12-16,20.045,20.105,19.435000000000002,19.635,47681641.0,600487,亨通光电
2025-12-17,19.605,21.625,19.605,21.395000000000003,174406990.0,600487,亨通光电
2025-12-18,21.525000000000002,22.675,21.495,22.325000000000003,218978208.0,600487,亨通光电
2025-12-19,22.305,24.015,22.225,23.485000000000003,200209171.0,600487,亨通光电
2025-12-22,24.125,25.865000000000002,23.975,25.865000000000002,184672154.0,600487,亨通光电
2025-12-23,25.645000000000003,26.405,25.285,25.935000000000002,227875648.0,600487,亨通光电
2025-12-24,25.915000000000003,26.805,25.915000000000003,26.655,148761486.0,600487,亨通光电
2025-12-25,26.455000000000002,26.635,25.155,25.225,164680633.0,600487,亨通光电
2025-12-26,25.125,25.645000000000003,24.735000000000003,25.175,117262760.0,600487,亨通光电
2025-12-29,25.175,25.475,24.425,24.675,106314518.0,600487,亨通光电
2025-12-30,24.535,24.725,24.105,24.185000000000002,82713612.0,600487,亨通光电
2025-12-31,24.275000000000002,25.115000000000002,24.035,24.455000000000002,101633766.0,600487,亨通光电
2026-01-05,24.685000000000002,24.685000000000002,24.235000000000003,24.525000000000002,85578747.0,600487,亨通光电
2026-01-06,24.525000000000002,24.525000000000002,23.925,24.315,102666635.0,600487,亨通光电
2026-01-07,24.355,25.105,24.255000000000003,24.645000000000003,112667313.0,600487,亨通光电
2026-01-08,24.655,24.715,24.075000000000003,24.305,83079513.0,600487,亨通光电
2026-01-09,24.205000000000002,24.635,23.875,24.315,79833338.0,600487,亨通光电
2026-01-12,24.315,24.825000000000003,24.005000000000003,24.765,115234267.0,600487,亨通光电
2026-01-13,24.835,24.835,23.505000000000003,23.775000000000002,143626992.0,600487,亨通光电
2026-01-14,23.765,25.055,23.765,24.675,144673926.0,600487,亨通光电
2026-01-15,24.525000000000002,24.825000000000003,24.125,24.635,72336005.0,600487,亨通光电
2026-01-16,25.015,25.725,24.895000000000003,25.355,144045818.0,600487,亨通光电
2026-01-19,26.635,27.865000000000002,26.635,26.805,195830557.0,600487,亨通光电
2026-01-20,27.125,27.925,26.805,27.505000000000003,168272319.0,600487,亨通光电
2026-01-21,26.995,28.895000000000003,26.995,27.695,142227689.0,600487,亨通光电
2026-01-22,27.445,27.925,26.305,26.715,127680225.0,600487,亨通光电
2026-01-23,27.425,29.085,27.395000000000003,28.135,145320871.0,600487,亨通光电
2026-01-26,28.725,30.975,28.725,30.735000000000003,243638686.0,600487,亨通光电
2026-01-27,30.425,31.655,29.805,31.585,188414592.0,600487,亨通光电
2026-01-28,33.715,34.725,32.865,33.345,196801330.0,600487,亨通光电
2026-01-29,32.725,33.195,31.225,31.555,140671783.0,600487,亨通光电
2026-01-30,31.725,34.735,31.725,34.735,176270673.0,600487,亨通光电
2026-02-02,35.445,36.885,33.525,34.575,277225310.0,600487,亨通光电
2026-02-03,35.225,37.525,34.885,36.005,172531463.0,600487,亨通光电
2026-02-04,36.125,37.745000000000005,36.065000000000005,37.075,152216834.0,600487,亨通光电
2026-02-05,35.535000000000004,35.965,33.925000000000004,34.455,142259760.0,600487,亨通光电
2026-02-06,33.895,37.525,33.895,36.425000000000004,180696440.0,600487,亨通光电
2026-02-09,37.795,38.875,35.355000000000004,38.415,205927059.0,600487,亨通光电
2026-02-10,38.725,41.605000000000004,38.485,41.235,182255957.0,600487,亨通光电
2026-02-11,39.425000000000004,43.275,39.425000000000004,40.825,161804170.0,600487,亨通光电
2026-02-12,40.825,41.775,40.125,41.575,120767531.0,600487,亨通光电
2026-02-13,40.695,40.925000000000004,38.105000000000004,38.225,143495674.0,600487,亨通光电
2026-02-24,40.585,42.075,40.135,41.955,148405770.0,600487,亨通光电
2026-02-25,41.955,42.485,38.875,40.025,152111316.0,600487,亨通光电
2026-02-26,40.945,44.055,40.925000000000004,44.055,130808142.0,600487,亨通光电
2026-02-27,41.965,47.325,41.965,47.225,187329451.0,600487,亨通光电
2026-03-02,45.725,51.915,45.725,49.325,178803640.0,600487,亨通光电
2026-03-03,49.795,50.685,47.025,47.245000000000005,162607416.0,600487,亨通光电
2026-03-04,46.625,48.675000000000004,45.715,48.105000000000004,147598604.0,600487,亨通光电
2026-03-05,48.625,51.605000000000004,47.765,50.625,169785688.0,600487,亨通光电
2026-03-06,49.095,50.015,47.055,48.155,140507830.0,600487,亨通光电
2026-03-09,45.535000000000004,45.885,43.315000000000005,45.445,160204750.0,600487,亨通光电
2026-03-10,46.445,49.925000000000004,46.445,49.715,153667766.0,600487,亨通光电
2026-03-11,50.725,54.025,50.355000000000004,50.525,168100591.0,600487,亨通光电
2026-03-12,49.625,54.025,49.625,51.145,150679865.0,600487,亨通光电
2026-03-13,50.775,52.725,49.175000000000004,49.405,130784094.0,600487,亨通光电
2026-03-16,49.005,49.925000000000004,46.395,46.955,125450079.0,600487,亨通光电
2026-03-17,47.615,48.015,42.815000000000005,42.945,160718227.0,600487,亨通光电
2026-03-18,42.825,44.375,42.145,44.235,137891286.0,600487,亨通光电
2026-03-19,42.605000000000004,44.125,42.595,42.835,90545645.0,600487,亨通光电
2026-03-20,44.225,45.125,42.615,42.705,128651148.0,600487,亨通光电
2026-03-23,41.755,42.695,40.645,41.085,106727762.0,600487,亨通光电
2026-03-24,42.525,44.125,41.325,44.095,138690856.0,600487,亨通光电
2026-03-25,45.805,48.325,45.725,47.895,180209572.0,600487,亨通光电
2026-03-26,47.535000000000004,49.605000000000004,46.895,47.605000000000004,138967101.0,600487,亨通光电
2026-03-27,46.605000000000004,49.935,46.245000000000005,48.675000000000004,139297170.0,600487,亨通光电
2026-03-30,47.825,53.575,47.825,53.575,135108699.0,600487,亨通光电
2026-03-31,53.035000000000004,54.385,51.065000000000005,52.385,176089922.0,600487,亨通光电
2026-04-01,54.385,54.425000000000004,50.305,51.685,128739639.0,600487,亨通光电
2026-04-02,51.755,55.525,51.755,53.115,146987529.0,600487,亨通光电
2026-04-03,54.175000000000004,58.455,53.735,57.775,169832639.0,600487,亨通光电
2026-04-07,58.075,61.225,57.725,58.425000000000004,166875408.0,600487,亨通光电
2026-04-08,60.525,60.595,56.275,58.285000000000004,195107878.0,600487,亨通光电
2026-04-09,56.935,60.525,55.835,59.265,194181874.0,600487,亨通光电
2026-04-10,58.935,58.935,55.435,55.705,208927553.0,600487,亨通光电
2026-04-13,54.725,55.675000000000004,52.825,53.215,203511870.0,600487,亨通光电
2026-04-14,53.235,54.135,51.875,52.395,156956401.0,600487,亨通光电
2026-04-15,52.585,53.715,51.455,51.855000000000004,130152540.0,600487,亨通光电
2026-04-16,51.535000000000004,53.165,50.615,52.865,142840210.0,600487,亨通光电
2026-04-17,52.315000000000005,55.825,52.315000000000005,55.375,213417354.0,600487,亨通光电
2026-04-20,58.075,60.715,57.225,60.615,221872593.0,600487,亨通光电
2026-04-21,59.225,60.125,56.995000000000005,59.525,183209207.0,600487,亨通光电
2026-04-22,59.425000000000004,65.505,59.275,65.505,203696367.0,600487,亨通光电
2026-04-23,66.49499999999999,70.02499999999999,65.755,69.24499999999999,273438882.0,600487,亨通光电
2026-04-24,67.725,71.02499999999999,66.27499999999999,69.265,221203009.0,600487,亨通光电
2026-04-27,69.265,74.21499999999999,68.625,71.10499999999999,249512238.0,600487,亨通光电
2026-04-28,69.725,71.32499999999999,67.405,68.015,176584323.0,600487,亨通光电
2026-04-29,66.725,67.925,65.07499999999999,67.10499999999999,123763734.0,600487,亨通光电
2026-04-30,67.425,67.725,63.025,65.425,160934768.0,600487,亨通光电
2026-05-06,67.225,71.99499999999999,67.225,71.52499999999999,191574699.0,600487,亨通光电
2026-05-07,74.27499999999999,76.35499999999999,71.52499999999999,75.68499999999999,190890446.0,600487,亨通光电
2026-05-08,73.975,79.21499999999999,73.975,76.99499999999999,163302292.0,600487,亨通光电
2026-05-11,79.02499999999999,79.625,73.55499999999999,74.71499999999999,238897082.0,600487,亨通光电
2026-05-12,75.225,78.225,74.38499999999999,74.82499999999999,177002325.0,600487,亨通光电
2026-05-13,73.065,76.725,73.05499999999999,75.155,152332907.0,600487,亨通光电
2026-05-14,76.60499999999999,76.925,73.405,73.725,143096362.0,600487,亨通光电
2026-05-15,73.705,74.235,67.695,69.52499999999999,158376933.0,600487,亨通光电
2026-05-18,68.735,72.675,68.735,71.52499999999999,129168578.0,600487,亨通光电
2026-05-19,70.125,75.835,66.24499999999999,75.195,194173310.0,600487,亨通光电
2026-05-20,74.425,77.85499999999999,73.725,75.505,171065316.0,600487,亨通光电
2026-05-21,75.71499999999999,75.725,69.10499999999999,69.625,163020418.0,600487,亨通光电
2026-05-22,70.38499999999999,73.02499999999999,69.41499999999999,72.77499999999999,131991938.0,600487,亨通光电
2026-05-25,72.82499999999999,73.46499999999999,69.395,73.13499999999999,146251848.0,600487,亨通光电
2026-05-26,71.735,71.80499999999999,67.395,69.13499999999999,159662162.0,600487,亨通光电
2026-05-27,68.365,71.32499999999999,67.74499999999999,68.41499999999999,133268843.0,600487,亨通光电
2026-05-28,67.225,70.705,65.345,70.205,160320211.0,600487,亨通光电
2026-05-29,70.21499999999999,77.255,69.205,76.845,323928166.0,600487,亨通光电
2026-06-01,74.96499999999999,80.535,73.125,75.285,237217082.0,600487,亨通光电
2026-06-02,74.335,82.845,74.335,82.845,191393332.0,600487,亨通光电
2026-06-03,89.725,91.155,87.845,91.155,69916280.0,600487,亨通光电
2026-06-04,92.725,98.71499999999999,92.125,97.595,265385062.0,600487,亨通光电
2026-06-05,95.725,102.68499999999999,94.725,95.845,250990648.0,600487,亨通光电
2026-06-08,92.27499999999999,102.05499999999999,92.27499999999999,95.195,244205900.0,600487,亨通光电
2026-06-09,99.49499999999999,104.74499999999999,97.425,104.74499999999999,172943017.0,600487,亨通光电
2026-06-10,105.725,109.71499999999999,104.145,106.60499999999999,212989149.0,600487,亨通光电
2026-06-11,104.82499999999999,107.725,97.725,102.125,224922901.0,600487,亨通光电
2026-06-12,104.80499999999999,105.21499999999999,96.725,96.725,215530121.0,600487,亨通光电
2026-06-15,98.66499999999999,99.645,92.60499999999999,99.005,220543981.0,600487,亨通光电
2026-06-16,97.93499999999999,108.38499999999999,97.905,107.225,225899315.0,600487,亨通光电
2026-06-17,103.835,111.13499999999999,103.725,110.725,216953138.0,600487,亨通光电
2026-06-18,110.755,116.38499999999999,108.505,110.735,198467805.0,600487,亨通光电
2026-06-22,114.925,121.71499999999999,114.895,119.85499999999999,181255520.0,600487,亨通光电
2026-06-23,120.925,124.88499999999999,115.365,117.035,183423327.0,600487,亨通光电
2026-06-24,114.68499999999999,120.27499999999999,113.38499999999999,118.74499999999999,164810573.0,600487,亨通光电
2026-06-25,121.725,124.49499999999999,116.875,122.725,161583190.0,600487,亨通光电
2026-06-26,119.225,119.725,110.425,110.535,198822735.0,600487,亨通光电
2026-06-29,108.92,112.12,102.0,108.04,148882549.0,600487,亨通光电
2026-06-30,112.0,113.44,107.8,109.34,126872267.0,600487,亨通光电
2026-07-01,107.61,109.55,100.0,101.93,173351553.0,600487,亨通光电
2026-07-02,96.8,98.9,91.93,93.84,153584987.0,600487,亨通光电
2026-07-03,93.0,95.0,89.22,89.42,172639294.0,600487,亨通光电
2026-07-06,91.5,92.63,82.61,84.6,198775807.0,600487,亨通光电
2026-07-07,84.6,85.24,78.55,80.89,170351427.0,600487,亨通光电
2026-07-08,81.78,82.5,76.7,76.96,161693443.0,600487,亨通光电
2026-07-09,78.18,80.58,74.0,80.06,238197174.0,600487,亨通光电
2026-07-10,80.8,86.39,77.39,77.79,259314841.0,600487,亨通光电
2026-07-13,75.08,76.33,70.01,70.01,160105457.0,600487,亨通光电
2026-07-14,69.0,74.39,68.2,74.38,222459127.0,600487,亨通光电
2026-07-15,75.88,77.0,70.4,71.05,214913792.0,600487,亨通光电
2026-07-16,68.5,69.82,63.95,64.85,205642671.0,600487,亨通光电
2026-07-17,64.08,65.2,58.37,58.39,206526234.0,600487,亨通光电
2026-07-20,60.39,60.89,54.52,56.56,233169654.0,600487,亨通光电
2026-07-21,57.0,60.26,50.9,59.96,335881880.0,600487,亨通光电
2026-07-22,57.61,59.38,55.05,55.12,261473881.0,600487,亨通光电
2026-07-23,56.11,58.18,55.0,55.67,183746677.0,600487,亨通光电
2026-07-24,55.0,55.66,52.3,52.43,144395460.0,600487,亨通光电
2026-07-27,52.87,55.83,51.32,55.55,156117915.0,600487,亨通光电
2026-07-28,53.4,54.72,50.0,50.01,170244442.0,600487,亨通光电
2026-07-29,50.01,51.0,47.27,49.75,174294429.0,600487,亨通光电
2026-07-30,49.7,50.5,45.6,47.2,176301508.0,600487,亨通光电
2026-07-31,50.5,51.26,47.58,47.61,216925691.0,600487,亨通光电
2026-08-03,47.33,48.5,46.33,47.37,153426594.0,600487,亨通光电
2026-08-04,48.5,50.86,48.2,50.27,225754445.0,600487,亨通光电
2026-08-05,48.15,55.3,48.08,54.41,347605671.0,600487,亨通光电
2026-08-06,53.87,57.18,53.68,56.15,288933861.0,600487,亨通光电
2026-08-07,56.1,60.29,55.8,59.52,281966629.0,600487,亨通光电
2026-08-10,60.99,61.75,57.2,59.62,259599086.0,600487,亨通光电
2026-08-11,57.99,59.27,56.36,57.62,191626365.0,600487,亨通光电
2026-08-12,58.23,59.88,57.15,59.3,176170446.0,600487,亨通光电
2026-08-13,60.14,60.8,57.21,57.25,216352692.0,600487,亨通光电
2026-08-14,58.1,62.98,57.25,62.98,318281407.0,600487,亨通光电
2026-08-17,63.8,65.5,63.2,65.06,298765151.0,600487,亨通光电
2026-08-18,65.07,67.56,64.53,65.41,259648751.0,600487,亨通光电
2026-08-19,62.01,63.27,58.87,58.91,230701040.0,600487,亨通光电
2026-08-20,59.8,62.37,58.08,62.02,195134067.0,600487,亨通光电
2026-08-21,60.89,63.3,59.48,62.18,166256614.0,600487,亨通光电
2026-08-24,62.2,62.23,59.3,60.43,148191168.0,600487,亨通光电
2026-08-25,58.2,66.37,57.0,64.6,260143443.0,600487,亨通光电
2026-08-26,64.7,65.8,63.5,64.83,211074741.0,600487,亨通光电
2026-08-27,66.18,71.31,66.13,71.3,275480915.0,600487,亨通光电
2026-08-28,71.0,72.21,68.67,68.7,260227051.0,600487,亨通光电
2026-08-31,66.0,68.2,65.66,67.38,190889164.0,600487,亨通光电
2026-09-01,67.67,69.0,65.07,67.34,163716785.0,600487,亨通光电
2026-09-02,65.39,68.77,64.19,66.9,149995287.0,600487,亨通光电
2026-09-03,67.77,67.96,64.6,65.29,130676289.0,600487,亨通光电
2026-09-04,65.7,66.49,61.22,62.22,159942100.0,600487,亨通光电
2026-09-07,62.99,64.64,62.22,64.0,140685365.0,600487,亨通光电
2026-09-08,63.9,65.5,62.66,63.11,150600604.0,600487,亨通光电
2026-09-09,64.51,67.5,64.5,66.62,218400786.0,600487,亨通光电
2026-09-10,65.01,65.68,63.8,63.91,146400016.0,600487,亨通光电
2026-09-11,62.0,65.8,61.8,65.24,170028614.0,600487,亨通光电
2026-09-14,63.01,64.93,62.22,63.2,110323988.0,600487,亨通光电
