date,open,high,low,close,volume,amount,outstanding_share,turnover,code,name
2021-01-04,56.72,57.55,55.8,56.85,13887713.0,1476688359.0,1044090754.0,0.013301250822110047,600570,恒生电子
2021-01-05,56.51,59.22,56.39,58.7,15178699.0,1656565275.0,1044090754.0,0.01453771996528953,600570,恒生电子
2021-01-06,58.3,58.71,54.63,55.26,27879182.0,2913842218.0,1044090754.0,0.026701876147444556,600570,恒生电子
2021-01-07,55.26,55.63,51.19,52.56,41259844.0,4073574952.0,1044090754.0,0.03951748815122636,600570,恒生电子
2021-01-08,52.62,53.58,51.54,53.29,24074709.0,2372453701.0,1044090754.0,0.023058061674971982,600570,恒生电子
2021-01-11,53.23,53.79,51.72,51.98,18952299.0,1864093312.0,1044090754.0,0.01815196516911211,600570,恒生电子
2021-01-12,51.84,54.61,51.3,54.08,21403949.0,2121027756.0,1044090754.0,0.02050008480393075,600570,恒生电子
2021-01-13,54.08,54.08,50.55,50.87,30610517.0,2960530523.0,1044090754.0,0.02931787000577155,600570,恒生电子
2021-01-14,50.86,52.61,50.34,51.3,16740989.0,1621027976.0,1044090754.0,0.01603403625198658,600570,恒生电子
2021-01-15,51.94,52.64,50.14,51.19,15541642.0,1492513785.0,1044090754.0,0.014885336299032105,600570,恒生电子
2021-01-18,50.97,52.51,50.49,51.94,18087109.0,1749226379.0,1044090754.0,0.017323311149635943,600570,恒生电子
2021-01-19,51.84,53.47,51.47,52.21,15583208.0,1523824215.0,1044090754.0,0.014925147014566896,600570,恒生电子
2021-01-20,52.26,53.49,51.32,52.91,15003459.0,1467656750.0,1044090754.0,0.01436988014932656,600570,恒生电子
2021-01-21,53.01,54.82,52.08,54.61,20427748.0,2050068118.0,1044090754.0,0.019565107651551908,600570,恒生电子
2021-01-22,54.1,55.09,53.28,53.43,16446325.0,1658852305.0,1044090754.0,0.015751815574453407,600570,恒生电子
2021-01-25,53.0,53.07,51.29,51.33,22354686.0,2166330957.0,1044090754.0,0.021410673271798745,600570,恒生电子
2021-01-26,51.33,51.94,49.96,50.02,17032364.0,1614121680.0,1044090754.0,0.016313106820214213,600570,恒生电子
2021-01-27,50.02,51.68,49.59,51.23,14596683.0,1383675174.0,1044090754.0,0.01398028183285684,600570,恒生电子
2021-01-28,50.55,51.79,50.4,50.5,10379933.0,990019219.0,1044090754.0,0.009941600344829795,600570,恒生电子
2021-01-29,51.24,53.98,51.14,52.01,21239085.0,2086304650.0,1044090754.0,0.020342182821398685,600570,恒生电子
2021-02-01,52.83,55.28,52.57,55.27,25870685.0,2628211530.0,1044090754.0,0.024778195670143825,600570,恒生电子
2021-02-02,55.8,58.15,55.8,57.74,22070599.0,2361432382.0,1044090754.0,0.021138582939697212,600570,恒生电子
2021-02-03,56.93,57.89,56.39,56.71,12733727.0,1358650727.0,1044090754.0,0.012195996326196754,600570,恒生电子
2021-02-04,56.29,56.42,54.07,55.42,15744573.0,1619304585.0,1044090754.0,0.015079697755852361,600570,恒生电子
2021-02-05,55.16,55.58,53.06,53.15,14047614.0,1415763012.0,1044090754.0,0.013454399386434945,600570,恒生电子
2021-02-08,54.81,55.42,53.61,54.75,11723487.0,1196021742.0,1044090754.0,0.011228417601713577,600570,恒生电子
2021-02-09,55.37,57.13,55.0,56.57,13701275.0,1438720058.0,1044090754.0,0.013122685884832574,600570,恒生电子
2021-02-10,56.23,57.66,56.04,56.95,12258164.0,1303749081.0,1044090754.0,0.011740515805774485,600570,恒生电子
2021-02-18,58.66,58.85,54.35,54.48,15523899.0,1619403875.0,1044090754.0,0.014868342565554412,600570,恒生电子
2021-02-19,54.07,54.57,51.02,52.38,19025479.0,1861423463.0,1044090754.0,0.018222054861717508,600570,恒生电子
2021-02-22,52.57,54.47,51.41,51.66,17008882.0,1677268041.0,1044090754.0,0.01629061643811856,600570,恒生电子
2021-02-23,51.51,52.37,51.14,51.34,12202500.0,1177493304.0,1044090754.0,0.0116872024325962,600570,恒生电子
2021-02-24,51.49,51.84,49.27,49.91,21147428.0,1976314743.0,1044090754.0,0.020254396391293013,600570,恒生电子
2021-02-25,50.3,50.41,48.87,49.0,12190275.0,1123034871.0,1044090754.0,0.011675493680312775,600570,恒生电子
2021-02-26,47.61,48.14,46.05,46.8,21375410.0,1876206237.0,1044090754.0,0.02047275097314002,600570,恒生电子
2021-03-01,47.82,48.46,46.76,48.39,14647099.0,1302970798.0,1044090754.0,0.014028568823050798,600570,恒生电子
2021-03-02,49.02,49.69,48.25,48.56,12847744.0,1173710916.0,1044090754.0,0.012305198519170106,600570,恒生电子
2021-03-03,48.19,49.79,47.58,49.45,9758185.0,893311998.0,1044090754.0,0.009346108049147612,600570,恒生电子
2021-03-04,49.1,49.23,46.82,47.11,13294893.0,1183048630.0,1044090754.0,0.01273346493019514,600570,恒生电子
2021-03-05,46.41,48.19,46.32,47.69,8561552.0,759999439.0,1044090754.0,0.008200007487088618,600570,恒生电子
2021-03-08,48.23,48.35,44.61,45.27,16412500.0,1410125488.0,1044090754.0,0.015719418965374727,600570,恒生电子
2021-03-09,45.16,46.59,44.51,45.68,11977127.0,1024835335.0,1044090754.0,0.011471346675674133,600570,恒生电子
2021-03-10,46.21,47.06,44.98,45.39,9463611.0,811565684.0,1044090754.0,0.009063973571017755,600570,恒生电子
2021-03-11,45.58,46.34,45.2,45.96,7095128.0,607240078.0,1044090754.0,0.006795508889258874,600570,恒生电子
2021-03-12,46.48,47.04,45.4,47.02,10557884.0,911176693.0,1044090754.0,0.0101120366783748,600570,恒生电子
2021-03-15,45.81,47.33,45.81,46.96,9552926.0,833012637.0,1044090754.0,0.00914951690109498,600570,恒生电子
2021-03-16,46.57,47.34,45.31,45.91,10901401.0,935647792.0,1044090754.0,0.010441047349797717,600570,恒生电子
2021-03-17,45.84,47.97,44.98,47.93,11907586.0,1044524672.0,1044090754.0,0.011404742312276046,600570,恒生电子
2021-03-18,48.19,48.41,47.3,47.66,10081648.0,899213619.0,1044090754.0,0.009655911577969974,600570,恒生电子
2021-03-19,47.1,47.1,45.52,45.52,14516267.0,1243924637.0,1044090754.0,0.01390326170822503,600570,恒生电子
2021-03-22,45.7,47.05,45.59,46.8,7290392.0,632357286.0,1044090754.0,0.006982527114687964,600570,恒生电子
2021-03-23,46.55,47.07,44.86,45.19,12544914.0,1066357946.0,1044090754.0,0.012015156682442952,600570,恒生电子
2021-03-24,45.25,45.47,44.07,44.33,8695490.0,727091588.0,1044090754.0,0.008328289439099851,600570,恒生电子
2021-03-25,44.14,45.09,42.91,44.32,8669573.0,715383026.0,1044090754.0,0.00830346688425899,600570,恒生电子
2021-03-26,44.14,45.78,44.14,45.28,8500439.0,717176945.0,1044090754.0,0.008141475218925269,600570,恒生电子
2021-03-29,45.55,45.57,43.64,44.07,12924512.0,1071676716.0,1044090754.0,0.012378724694654274,600570,恒生电子
2021-03-30,44.07,45.18,43.96,44.62,10210195.0,850735994.0,1044090754.0,0.009779030185722725,600570,恒生电子
2021-03-31,44.48,45.21,44.23,44.98,6590979.0,550882134.0,1044090754.0,0.006312649522801923,600570,恒生电子
2021-04-01,44.82,45.39,44.7,45.3,6243549.0,526156280.0,1044090754.0,0.005979891092877162,600570,恒生电子
2021-04-02,45.41,45.75,45.09,45.4,6068807.0,514468501.0,1044090754.0,0.005812528246945859,600570,恒生电子
2021-04-06,45.41,46.17,44.87,46.05,6221357.0,527741911.0,1044090754.0,0.005958636235562335,600570,恒生电子
2021-04-07,45.76,45.84,44.34,45.17,8734329.0,731721664.0,1044090754.0,0.00836548831271424,600570,恒生电子
2021-04-08,44.96,45.64,44.61,45.09,7127092.0,602894331.0,1044090754.0,0.006826123086231257,600570,恒生电子
2021-04-09,45.52,45.52,43.82,44.36,7157676.0,592501313.0,1044090754.0,0.006855415559019499,600570,恒生电子
2021-04-12,43.85,44.55,42.91,43.79,10412665.0,844616388.0,1044090754.0,0.009972950110043786,600570,恒生电子
2021-04-13,43.54,43.99,43.13,43.42,6577321.0,534633749.0,1044090754.0,0.006299568284463517,600570,恒生电子
2021-04-14,43.43,44.23,43.06,44.02,7208409.0,590256018.0,1044090754.0,0.00690400616266735,600570,恒生电子
2021-04-15,44.01,44.39,43.7,44.27,3967243.0,326649614.0,1044090754.0,0.003799710882220876,600570,恒生电子
2021-04-16,44.44,44.97,43.92,44.07,4965018.0,411094020.0,1044090754.0,0.004755350989345128,600570,恒生电子
2021-04-19,44.18,46.46,44.18,46.31,13532442.0,1156197899.0,1044090754.0,0.012960982508614381,600570,恒生电子
2021-04-20,46.3,48.67,46.3,46.96,15408966.0,1374354553.0,1044090754.0,0.014758263054209558,600570,恒生电子
2021-04-21,46.77,47.21,45.83,46.33,7465264.0,645687183.0,1044090754.0,0.007150014470868497,600570,恒生电子
2021-04-22,46.59,47.81,46.43,47.37,8774978.0,774293259.0,1044090754.0,0.008404420752106383,600570,恒生电子
2021-04-23,47.12,47.73,46.81,47.28,5795866.0,511575404.0,1044090754.0,0.005551113232059136,600570,恒生电子
2021-04-26,47.34,48.18,46.29,46.49,7731090.0,681158507.0,1044090754.0,0.0074046149440377095,600570,恒生电子
2021-04-27,47.31,48.77,47.25,48.35,15672115.0,1409378321.0,1044090754.0,0.015010299574015767,600570,恒生电子
2021-04-28,48.19,50.02,47.5,49.99,17687343.0,1627013400.0,1044090754.0,0.016940426808913202,600570,恒生电子
2021-04-29,49.72,50.7,48.52,50.64,15088485.0,1404003846.0,1044090754.0,0.01445131559895032,600570,恒生电子
2021-04-30,50.34,50.63,49.15,49.21,7815934.0,726388632.0,1044090754.0,0.007485876079312546,600570,恒生电子
2021-05-06,49.16,49.16,47.39,48.21,7212526.0,648669046.0,1044090754.0,0.006907949306483371,600570,恒生电子
2021-05-07,48.21,48.44,46.42,46.59,7469112.0,659031129.0,1044090754.0,0.007153699974245725,600570,恒生电子
2021-05-10,46.86,47.24,45.35,45.78,6827764.0,587882756.0,1044090754.0,0.0065394353640641474,600570,恒生电子
2021-05-11,45.31,45.68,44.84,45.53,6285396.0,531968658.0,1044090754.0,0.0060199709421045215,600570,恒生电子
2021-05-12,45.39,45.82,44.81,45.68,5922494.0,501295609.0,1044090754.0,0.005672393876979012,600570,恒生电子
2021-05-13,45.41,45.52,44.75,45.03,5066317.0,426168076.0,1044090754.0,0.004852372248859126,600570,恒生电子
2021-05-14,44.92,46.89,44.67,46.74,10085461.0,866975145.0,1044090754.0,0.009659563559357025,600570,恒生电子
2021-05-17,46.28,48.67,46.22,47.5,9953134.0,889447587.0,1044090754.0,0.009532824576665105,600570,恒生电子
2021-05-18,47.5,47.94,46.66,47.66,5155975.0,456743337.0,1044090754.0,0.004938244094440089,600570,恒生电子
2021-05-19,47.66,48.28,46.57,48.09,7819167.0,694774546.0,1044090754.0,0.007488972553433799,600570,恒生电子
2021-05-20,48.09,49.8,47.71,49.3,10433161.0,959018439.0,1044090754.0,0.009992580587491726,600570,恒生电子
2021-05-21,49.47,49.75,47.39,47.66,8101423.0,728389804.0,1044090754.0,0.0077593092065634745,600570,恒生电子
2021-05-24,48.18,49.27,47.96,49.18,7886542.0,719780420.0,1044090754.0,0.007553502384525474,600570,恒生电子
2021-05-25,49.18,52.9,48.84,52.75,21019741.0,2029343312.0,1044090754.0,0.02013210146672748,600570,恒生电子
2021-05-26,52.99,53.85,51.68,52.03,13137591.0,1289797740.0,1044090754.0,0.012582805613083708,600570,恒生电子
2021-05-27,52.0,52.42,50.43,50.91,13529763.0,1288482775.0,1044090754.0,0.01295841663970908,600570,恒生电子
2021-05-28,50.65,50.87,49.36,50.18,12124402.0,1134702716.0,1044090754.0,0.011612402421485288,600570,恒生电子
2021-05-31,50.15,50.5,49.53,50.27,12174533.0,1137104513.0,1044090754.0,0.011660416446902086,600570,恒生电子
2021-06-01,49.81,50.33,48.72,49.16,13051253.0,1199711240.0,1044090754.0,0.012500113567713866,600570,恒生电子
2021-06-02,49.32,49.42,47.44,47.76,15920608.0,1426204582.0,1044090754.0,0.015248298999877936,600570,恒生电子
2021-06-03,47.93,48.09,46.9,46.99,11383698.0,1008254619.0,1044090754.0,0.010902977501130137,600570,恒生电子
2021-06-04,46.86,47.84,46.59,47.06,12658930.0,1114265789.0,1044090754.0,0.012124357917645155,600570,恒生电子
2021-06-07,47.11,47.59,46.8,47.49,10522682.0,927593124.0,1044090754.0,0.010078321218425425,600570,恒生电子
2021-06-08,47.61,47.93,47.04,47.77,10029276.0,890811839.0,1044090754.0,0.009605751187410668,600570,恒生电子
2021-06-09,47.66,48.07,47.27,47.66,7173454.0,637030701.0,1044090754.0,0.006870527272191513,600570,恒生电子
2021-06-10,47.06,48.09,47.05,47.64,11161619.0,991675348.0,1044090754.0,0.010690276642369347,600570,恒生电子
2021-06-11,47.64,48.19,46.52,47.02,12936866.0,1139464946.0,1044090754.0,0.012390556999415782,600570,恒生电子
2021-06-15,46.6,48.73,46.51,48.52,17274571.0,1542699933.0,1044090754.0,0.016545085696640503,600570,恒生电子
2021-06-16,48.19,49.2,47.13,47.42,12770255.0,1151427116.0,1044090754.0,0.012230981790688284,600570,恒生电子
2021-06-17,47.07,48.05,46.96,47.39,7662811.0,678088988.0,1044090754.0,0.007339219287828307,600570,恒生电子
2021-06-18,47.28,47.85,45.44,45.84,17141226.0,1479990279.0,1044090754.0,0.016417371702919993,600570,恒生电子
2021-06-21,45.84,47.55,45.58,46.67,17354214.0,1506892683.0,1044090754.0,0.016621365464174965,600570,恒生电子
2021-06-22,46.59,48.33,46.11,47.65,12917320.0,1141557178.0,1044090754.0,0.012371836404558372,600570,恒生电子
2021-06-23,47.65,47.79,46.59,46.82,11526628.0,1011052027.0,1044090754.0,0.011039871731303542,600570,恒生电子
2021-06-24,46.94,47.06,46.05,46.12,7769505.0,672308505.0,1044090754.0,0.007441407722685379,600570,恒生电子
2021-06-25,46.12,46.82,45.73,46.63,10009742.0,863676917.0,1044090754.0,0.009587042085807036,600570,恒生电子
2021-06-28,46.72,46.96,46.0,46.71,9047081.0,786933447.0,1044090754.0,0.008665033154771141,600570,恒生电子
2021-06-29,47.1,49.74,47.1,49.6,31503362.0,2884815655.0,1044090754.0,0.030173011186343673,600570,恒生电子
2021-06-30,49.22,50.44,48.74,49.93,15550176.0,1444776044.0,1044090754.0,0.014893509918008526,600570,恒生电子
2021-07-01,49.96,50.24,48.7,49.66,12676454.0,1172748031.0,1044090754.0,0.012141141899241452,600570,恒生电子
2021-07-02,49.27,49.27,48.52,48.63,11532893.0,1050190197.0,1044090754.0,0.011045872167545313,600570,恒生电子
2021-07-05,47.65,47.65,45.63,46.0,29960157.0,2586785863.0,1044090754.0,0.02869497396200484,600570,恒生电子
2021-07-06,46.0,46.44,45.25,45.63,11835073.0,1010022331.0,1044090754.0,0.011335291453026313,600570,恒生电子
2021-07-07,45.73,45.78,44.92,45.18,12397908.0,1045755803.0,1044090754.0,0.01187435857707059,600570,恒生电子
2021-07-08,45.3,45.55,44.93,45.13,11931677.0,1007000577.0,1044090754.0,0.011427815977000788,600570,恒生电子
2021-07-09,45.01,45.14,44.12,45.02,11874639.0,988996974.0,1044090754.0,0.011373186626265248,600570,恒生电子
2021-07-12,45.36,45.97,45.07,45.77,13317868.0,1132011978.0,1044090754.0,0.012755469722318794,600570,恒生电子
2021-07-13,45.84,46.55,45.62,46.37,9148885.0,791313597.0,1044090754.0,0.008762538088714843,600570,恒生电子
2021-07-14,46.55,47.06,45.84,46.42,8950506.0,775355806.0,1044090754.0,0.008572536406159957,600570,恒生电子
2021-07-15,46.05,46.58,45.64,46.32,6508124.0,561457353.0,1044090754.0,0.0062332933943403165,600570,恒生电子
2021-07-16,47.65,49.14,46.84,47.34,16976273.0,1090295397.0,1044090754.0,0.016259384478755762,600570,恒生电子
2021-07-19,46.53,46.55,45.07,46.18,14104090.0,860367614.0,1461560480.0,0.009650021461992458,600570,恒生电子
2021-07-20,46.15,46.18,45.63,46.18,7819608.0,477962491.0,1461560480.0,0.005350177503431127,600570,恒生电子
2021-07-21,46.3,47.9,46.25,47.12,16124063.0,1014337620.0,1461560480.0,0.01103208743027863,600570,恒生电子
2021-07-22,47.43,47.79,46.83,46.92,12497707.0,785837287.0,1461560480.0,0.008550933862141648,600570,恒生电子
2021-07-23,46.87,47.26,45.12,45.37,16723293.0,1019467870.0,1461560480.0,0.011442080727305928,600570,恒生电子
2021-07-26,45.18,45.7,43.23,44.04,17092461.0,1015465744.0,1461560480.0,0.011694665553627996,600570,恒生电子
2021-07-27,44.36,44.48,39.63,39.92,43940455.0,2383793018.0,1461560480.0,0.0300640689189954,600570,恒生电子
2021-07-28,39.17,40.15,38.4,39.39,24417001.0,1281327450.0,1461560480.0,0.01670611742320783,600570,恒生电子
2021-07-29,40.19,40.99,39.98,40.28,16423146.0,885434369.0,1461560480.0,0.011236720084275951,600570,恒生电子
2021-07-30,40.22,41.89,39.62,41.81,15791491.0,858648781.0,1461560480.0,0.010804541595158621,600570,恒生电子
2021-08-02,41.24,42.61,40.86,41.37,17060027.0,947149190.0,1461560480.0,0.011672474203735995,600570,恒生电子
2021-08-03,41.78,41.88,40.97,41.39,11873533.0,656576553.0,1461560480.0,0.008123873874860108,600570,恒生电子
2021-08-04,41.7,41.98,41.18,41.5,9906544.0,547074171.0,1461560480.0,0.00677805957095939,600570,恒生电子
2021-08-05,41.46,41.46,39.86,40.24,15032846.0,810613063.0,1461560480.0,0.010285476520273729,600570,恒生电子
2021-08-06,40.25,40.47,38.8,39.19,20120874.0,1052804426.0,1461560480.0,0.013766706390419095,600570,恒生电子
2021-08-09,38.8,40.91,38.78,40.83,16245923.0,873445342.0,1461560480.0,0.011115464068924469,600570,恒生电子
2021-08-10,40.48,40.89,39.92,40.76,9661282.0,521027811.0,1461560480.0,0.006610251256930538,600570,恒生电子
2021-08-11,40.53,40.92,40.04,40.21,13769255.0,739244729.0,1461560480.0,0.009420927281777625,600570,恒生电子
2021-08-12,40.07,40.61,39.47,39.65,13975113.0,742405512.0,1461560480.0,0.00956177537039042,600570,恒生电子
2021-08-13,39.62,39.87,38.54,38.6,17781448.0,921399684.0,1461560480.0,0.01216607060968151,600570,恒生电子
2021-08-16,38.5,39.15,38.18,38.8,12892895.0,663060966.0,1461560480.0,0.008821321578153235,600570,恒生电子
2021-08-17,38.87,38.94,37.44,38.3,18407987.0,938699724.0,1461560480.0,0.012594748730480177,600570,恒生电子
2021-08-18,38.01,40.52,37.58,39.81,30306658.0,1593880717.0,1461560480.0,0.02073582203043695,600570,恒生电子
2021-08-19,39.98,42.39,39.98,41.85,38410754.0,2129370921.0,1461560480.0,0.026280646285674062,600570,恒生电子
2021-08-20,41.65,42.02,39.24,40.14,22038503.0,1187617818.0,1461560480.0,0.015078748571526784,600570,恒生电子
2021-08-23,39.96,42.61,39.96,41.51,24885350.0,1383923666.0,1461560480.0,0.01702656191141676,600570,恒生电子
2021-08-24,41.92,42.47,41.09,41.79,18026102.0,1001956485.0,1461560480.0,0.012333462929977416,600570,恒生电子
2021-08-25,41.94,43.15,41.73,42.75,19085383.0,1086170117.0,1461560480.0,0.01305822322179921,600570,恒生电子
2021-08-26,42.7,42.7,40.5,40.71,21104515.0,1157460810.0,1461560480.0,0.014439713777701488,600570,恒生电子
2021-08-27,40.64,40.67,38.8,39.14,23378011.0,1226211161.0,1461560480.0,0.015995240238022856,600570,恒生电子
2021-08-30,38.8,39.04,36.34,37.52,28671365.0,1438697054.0,1461560480.0,0.01961695420226469,600570,恒生电子
2021-08-31,37.15,37.62,36.14,37.19,20028223.0,984229405.0,1461560480.0,0.01370331455596008,600570,恒生电子
2021-09-01,37.47,38.35,36.4,37.73,27267918.0,1363265883.0,1461560480.0,0.018656715457987753,600570,恒生电子
2021-09-02,37.9,38.63,36.61,36.82,27421277.0,1358953539.0,1461560480.0,0.018761643719321146,600570,恒生电子
2021-09-03,39.77,40.51,39.72,40.51,33192433.0,1786605208.0,1461560480.0,0.022710269916438902,600570,恒生电子
2021-09-06,42.4,44.34,40.52,43.92,70443093.0,4030612473.0,1461560480.0,0.048197179633647454,600570,恒生电子
2021-09-07,45.03,45.25,43.98,44.55,43980771.0,2613153798.0,1461560480.0,0.030091653135010877,600570,恒生电子
2021-09-08,45.03,46.33,44.17,45.02,39960928.0,2414569074.0,1461560480.0,0.027341275675434245,600570,恒生电子
2021-09-09,44.28,44.85,41.92,42.1,38773402.0,2218239905.0,1461560480.0,0.026528770126570473,600570,恒生电子
2021-09-10,42.73,43.94,42.16,42.57,39311870.0,2244240704.0,1461560480.0,0.026897190049911583,600570,恒生电子
2021-09-13,42.81,44.61,41.94,43.25,37523783.0,2167308498.0,1461560480.0,0.025673780533529478,600570,恒生电子
2021-09-14,43.75,43.75,41.2,41.33,33635277.0,1882326671.0,1461560480.0,0.023013263878070924,600570,恒生电子
2021-09-15,41.35,41.65,40.07,40.85,18204814.0,987024059.0,1461560480.0,0.012455737719454484,600570,恒生电子
2021-09-16,40.37,40.72,39.94,40.22,14096717.0,756392705.0,1461560480.0,0.009644976853780282,600570,恒生电子
2021-09-17,40.21,41.27,40.12,41.12,12612936.0,686061709.0,1461560480.0,0.008629773569137557,600570,恒生电子
2021-09-22,40.45,41.06,39.81,40.08,11646957.0,624988567.0,1461560480.0,0.007968850526117127,600570,恒生电子
2021-09-23,40.3,41.16,40.1,40.81,14658488.0,796387343.0,1461560480.0,0.010029340694816816,600570,恒生电子
2021-09-24,40.82,41.35,40.43,41.02,12829898.0,700805582.0,1461560480.0,0.008778219016978346,600570,恒生电子
2021-09-27,40.79,42.34,40.75,41.29,16561970.0,915445360.0,1461560480.0,0.01133170349543113,600570,恒生电子
2021-09-28,41.65,41.88,40.39,41.65,13641486.0,750493375.0,1461560480.0,0.009333507704039725,600570,恒生电子
2021-09-29,41.27,41.5,39.77,41.09,15803486.0,856683666.0,1461560480.0,0.01081274857678144,600570,恒生电子
2021-09-30,41.09,43.74,40.75,42.99,20178311.0,1147630758.0,1461560480.0,0.013806004798378237,600570,恒生电子
2021-10-08,43.04,44.28,42.79,44.09,16617272.0,969486057.0,1461560480.0,0.011369541135923434,600570,恒生电子
2021-10-11,43.65,44.08,42.54,42.59,14306431.0,821939003.0,1461560480.0,0.00978846321843623,600570,恒生电子
2021-10-12,42.63,43.15,41.95,42.63,10704725.0,607517212.0,1461560480.0,0.007324175185689202,600570,恒生电子
2021-10-13,42.55,43.36,41.63,43.11,9908283.0,561484426.0,1461560480.0,0.006779249395139639,600570,恒生电子
2021-10-14,42.12,43.44,42.12,42.86,7180378.0,410399260.0,1461560480.0,0.004912816197657452,600570,恒生电子
2021-10-15,42.78,43.82,42.48,43.62,15169375.0,878073213.0,1461560480.0,0.010378889691927084,600570,恒生电子
2021-10-18,43.59,43.9,42.08,42.85,10982823.0,625868567.0,1461560480.0,0.0075144498980979565,600570,恒生电子
2021-10-19,42.89,47.14,42.62,44.47,42929565.0,2623711189.0,1461560480.0,0.029372417759954757,600570,恒生电子
2021-10-20,44.47,44.94,43.3,43.41,18189084.0,1060128606.0,1461560480.0,0.012444975250014971,600570,恒生电子
2021-10-21,43.41,44.04,42.69,42.85,10324078.0,593927669.0,1461560480.0,0.0070637364250571415,600570,恒生电子
2021-10-22,43.01,44.16,42.87,43.55,11800540.0,685114733.0,1461560480.0,0.0080739320482995,600570,恒生电子
2021-10-25,43.59,45.46,43.2,45.07,15223103.0,898658302.0,1461560480.0,0.010415650401275218,600570,恒生电子
2021-10-26,44.84,46.37,44.82,45.66,17072011.0,1042191748.0,1461560480.0,0.01168067365915641,600570,恒生电子
2021-10-27,45.48,46.34,44.58,45.97,12961690.0,784606144.0,1461560480.0,0.008868391132195912,600570,恒生电子
2021-10-28,45.78,46.48,45.03,45.51,16514699.0,1006220216.0,1461560480.0,0.01129936066689488,600570,恒生电子
2021-10-29,45.18,47.53,45.03,47.28,31729427.0,1976010333.0,1461560480.0,0.021709280891338823,600570,恒生电子
2021-11-01,47.62,47.64,45.95,46.72,16992324.0,1058051917.0,1461560480.0,0.011626151796332095,600570,恒生电子
2021-11-02,46.9,47.37,46.06,46.71,10999987.0,685305562.0,1461560480.0,0.007526193510651027,600570,恒生电子
2021-11-03,46.54,47.12,46.42,46.54,6968140.0,433266142.0,1461560480.0,0.004767602911649609,600570,恒生电子
2021-11-04,46.39,47.83,46.15,47.73,13223581.0,828215001.0,1461560480.0,0.009047577011660852,600570,恒生电子
2021-11-05,47.65,48.86,47.32,47.59,14390702.0,924637450.0,1461560480.0,0.009846121455062879,600570,恒生电子
2021-11-08,47.89,48.39,46.39,46.65,11495872.0,718844275.0,1461560480.0,0.007865478136080965,600570,恒生电子
2021-11-09,46.08,46.08,44.11,45.84,18577341.0,1116295797.0,1461560480.0,0.012710620774311029,600570,恒生电子
2021-11-10,45.67,46.44,44.74,45.1,10621379.0,642832103.0,1461560480.0,0.007267149834264812,600570,恒生电子
2021-11-11,44.95,46.66,44.48,46.52,12550870.0,763723801.0,1461560480.0,0.00858730799836624,600570,恒生电子
2021-11-12,46.5,48.36,46.5,47.29,13691193.0,866298690.0,1461560480.0,0.009367517244308631,600570,恒生电子
2021-11-15,47.55,48.25,46.44,47.58,11366768.0,717669947.0,1461560480.0,0.007777145151051156,600570,恒生电子
2021-11-16,47.58,48.01,46.29,46.6,9274919.0,579462089.0,1461560480.0,0.00634590160784862,600570,恒生电子
2021-11-17,46.29,47.04,46.2,46.42,6615716.0,410246944.0,1461560480.0,0.0045264743337887735,600570,恒生电子
2021-11-18,46.0,46.18,43.8,44.11,18751922.0,1110762078.0,1461560480.0,0.012830069132684814,600570,恒生电子
2021-11-19,44.01,44.46,43.75,43.98,8313480.0,489072516.0,1461560480.0,0.005688084833820903,600570,恒生电子
2021-11-22,43.94,44.25,43.16,43.45,17226968.0,1002724964.0,1461560480.0,0.011786695272439222,600570,恒生电子
2021-11-23,43.53,44.55,43.21,44.17,14803928.0,865258661.0,1461560480.0,0.010128850774618645,600570,恒生电子
2021-11-24,44.58,44.73,43.23,43.4,10791217.0,626439397.0,1461560480.0,0.007383353031001495,600570,恒生电子
2021-11-25,43.75,43.75,42.48,42.78,9586078.0,547763994.0,1461560480.0,0.006558796663686473,600570,恒生电子
2021-11-26,42.78,43.3,42.08,42.89,7848388.0,447948136.0,1461560480.0,0.005369868785724146,600570,恒生电子
2021-11-29,42.7,43.97,42.64,43.77,14333162.0,832607953.0,1461560480.0,0.009806752574481215,600570,恒生电子
2021-11-30,43.9,44.56,43.53,43.83,9968557.0,584043930.0,1461560480.0,0.006820488879119118,600570,恒生电子
2021-12-01,43.86,44.64,43.68,43.94,8642190.0,508236016.0,1461560480.0,0.005912988287696449,600570,恒生电子
2021-12-02,43.88,44.13,43.27,43.41,8400273.0,487175503.0,1461560480.0,0.0057474686233990125,600570,恒生电子
2021-12-03,43.61,44.39,43.53,44.09,8581151.0,504183385.0,1461560480.0,0.005871225390549695,600570,恒生电子
2021-12-06,44.1,45.0,43.93,44.15,10836301.0,641901099.0,1461560480.0,0.0074141995136595374,600570,恒生电子
2021-12-07,44.58,45.24,44.35,45.03,13217965.0,791925044.0,1461560480.0,0.009043734543232861,600570,恒生电子
2021-12-08,45.01,46.44,44.69,45.98,13292824.0,810040689.0,1461560480.0,0.009094953087401488,600570,恒生电子
2021-12-09,45.78,48.09,45.78,47.09,18856861.0,1183375120.0,1461560480.0,0.012901868419430716,600570,恒生电子
2021-12-10,47.03,47.03,45.84,46.56,11303915.0,698579891.0,1461560480.0,0.007734141114707754,600570,恒生电子
2021-12-13,46.9,48.77,46.65,47.21,15765488.0,1003786686.0,1461560480.0,0.010786750336872819,600570,恒生电子
2021-12-14,47.1,47.58,46.87,47.58,9624976.0,607232931.0,1461560480.0,0.006585410683791888,600570,恒生电子
2021-12-15,47.69,47.73,46.9,46.97,9499527.0,597825743.0,1461560480.0,0.00649957845056128,600570,恒生电子
2021-12-16,47.58,47.58,46.53,47.23,6964111.0,437553656.0,1461560480.0,0.00476484626896863,600570,恒生电子
2021-12-17,47.28,47.59,46.75,47.04,6869689.0,432061092.0,1461560480.0,0.004700242715922368,600570,恒生电子
2021-12-20,47.04,47.71,46.53,46.75,8936900.0,559566135.0,1461560480.0,0.006114628934137573,600570,恒生电子
2021-12-21,47.01,48.18,46.58,48.16,16201460.0,1026290570.0,1461560480.0,0.011085042474602215,600570,恒生电子
2021-12-22,48.25,48.69,47.66,47.72,13363052.0,856594968.0,1461560480.0,0.009143003100357502,600570,恒生电子
2021-12-23,47.72,48.82,47.72,48.04,14184581.0,914306825.0,1461560480.0,0.009705093421792576,600570,恒生电子
2021-12-24,48.0,48.04,47.14,47.8,9705189.0,615691791.0,1461560480.0,0.006640292435931218,600570,恒生电子
2021-12-27,47.83,47.95,46.52,46.83,7460424.0,467868643.0,1461560480.0,0.005104423732092154,600570,恒生电子
2021-12-28,47.2,47.99,46.9,47.67,7696007.0,487956123.0,1461560480.0,0.005265609672204601,600570,恒生电子
2021-12-29,47.67,47.88,46.31,46.83,7046809.0,439701129.0,1461560480.0,0.004821428258651329,600570,恒生电子
2021-12-30,46.79,47.35,45.89,46.38,10361493.0,641830453.0,1461560480.0,0.007089335776238285,600570,恒生电子
2021-12-31,46.54,47.02,46.18,46.64,8065896.0,500101847.0,1461560480.0,0.005518687806884324,600570,恒生电子
2022-01-04,46.69,47.27,45.85,46.88,10676344.0,664304953.0,1461560480.0,0.007304756899283429,600570,恒生电子
2022-01-05,47.19,47.95,46.91,47.13,9742797.0,615001261.0,1461560480.0,0.006666023837754562,600570,恒生电子
2022-01-06,47.06,47.06,44.58,44.76,14775840.0,892188209.0,1461560480.0,0.01010963295887694,600570,恒生电子
2022-01-07,44.79,45.18,44.08,44.13,10866024.0,643946354.0,1461560480.0,0.007434535996758752,600570,恒生电子
2022-01-10,44.05,44.66,43.9,44.26,7947242.0,468903970.0,1461560480.0,0.005437504714139506,600570,恒生电子
2022-01-11,44.16,44.5,43.45,43.47,6701636.0,390537548.0,1461560480.0,0.0045852608165759924,600570,恒生电子
2022-01-12,43.68,44.37,43.45,44.28,8837491.0,517245338.0,1461560480.0,0.006046613274600857,600570,恒生电子
2022-01-13,44.39,44.92,43.83,43.89,7026628.0,415608322.0,1461560480.0,0.004807620414038562,600570,恒生电子
2022-01-14,43.64,44.27,43.15,43.25,8703261.0,505475048.0,1461560480.0,0.0059547730792502,600570,恒生电子
2022-01-17,43.51,44.13,42.87,43.86,11782293.0,686614171.0,1461560480.0,0.008061447446909622,600570,恒生电子
2022-01-18,43.98,45.18,43.56,44.91,19784599.0,1175249356.0,1461560480.0,0.01353662696188939,600570,恒生电子
2022-01-19,44.51,45.21,44.35,44.97,9258148.0,551993390.0,1461560480.0,0.0063344268859814815,600570,恒生电子
2022-01-20,45.26,45.47,44.65,45.18,8473205.0,509787350.0,1461560480.0,0.005797368713746283,600570,恒生电子
2022-01-21,45.25,46.65,45.18,45.36,12443994.0,761910087.0,1461560480.0,0.008514183415796793,600570,恒生电子
2022-01-24,45.62,46.3,45.51,45.95,7999799.0,488980963.0,1461560480.0,0.0054734642250315905,600570,恒生电子
2022-01-25,45.78,46.0,43.98,44.01,10150782.0,604307816.0,1461560480.0,0.006945167263964335,600570,恒生电子
2022-01-26,44.12,45.29,43.83,44.57,7517124.0,446971341.0,1461560480.0,0.005143217884490145,600570,恒生电子
2022-01-27,44.65,46.9,44.28,44.88,22702230.0,1388201500.0,1461560480.0,0.01553287073005696,600570,恒生电子
2022-01-28,45.08,46.38,43.91,43.95,13863262.0,835448618.0,1461560480.0,0.009485246891733143,600570,恒生电子
2022-02-07,44.52,44.88,43.38,43.76,9772944.0,572463909.0,1461560480.0,0.006686650421746488,600570,恒生电子
2022-02-08,43.6,43.75,41.28,43.57,14880254.0,846812720.0,1461560480.0,0.010181073040508047,600570,恒生电子
2022-02-09,43.89,44.69,43.08,44.34,8611268.0,503770913.0,1461560480.0,0.005891831448535062,600570,恒生电子
2022-02-10,44.11,44.28,42.22,42.38,13390567.0,765112740.0,1461560480.0,0.009161828869373917,600570,恒生电子
2022-02-11,42.22,42.61,40.11,40.29,17764899.0,974247061.0,1461560480.0,0.012154747780262914,600570,恒生电子
2022-02-14,39.81,40.31,38.95,39.19,13240589.0,696812868.0,1461560480.0,0.009059213888979812,600570,恒生电子
2022-02-15,39.39,41.24,39.32,41.12,10093021.0,547127015.0,1461560480.0,0.006905647175134347,600570,恒生电子
2022-02-16,41.26,41.46,40.58,40.75,5289475.0,287888696.0,1461560480.0,0.0036190599515936554,600570,恒生电子
2022-02-17,40.57,40.82,40.21,40.34,6841565.0,369314860.0,1461560480.0,0.00468100026897279,600570,恒生电子
2022-02-18,40.28,40.52,39.68,40.14,9881591.0,528999676.0,1461560480.0,0.006760986722903181,600570,恒生电子
2022-02-21,40.15,40.52,39.66,39.94,11987879.0,637060192.0,1461560480.0,0.00820210943306294,600570,恒生电子
2022-02-22,39.65,39.65,38.5,38.87,15278533.0,792711149.0,1461560480.0,0.01045357561939551,600570,恒生电子
2022-02-23,38.93,39.89,38.46,39.77,17742488.0,927923627.0,1461560480.0,0.012139414169162538,600570,恒生电子
2022-02-24,39.44,39.5,37.52,38.33,17665843.0,905149627.0,1461560480.0,0.012086973643403385,600570,恒生电子
2022-02-25,38.52,39.25,38.5,39.23,12223348.0,635114467.0,1461560480.0,0.008363217374350461,600570,恒生电子
2022-02-28,39.49,39.68,38.65,39.2,6936929.0,360885293.0,1461560480.0,0.004746248338625029,600570,恒生电子
2022-03-01,39.2,39.39,38.91,39.14,6229508.0,325005120.0,1461560480.0,0.0042622307357407475,600570,恒生电子
2022-03-02,38.87,39.17,38.52,38.58,6999885.0,360861444.0,1461560480.0,0.004789322847590953,600570,恒生电子
2022-03-03,38.68,38.9,38.05,38.45,8523496.0,435621888.0,1461560480.0,0.005831777826942885,600570,恒生电子
2022-03-04,38.09,38.39,37.52,37.75,12282303.0,617838404.0,1461560480.0,0.008403554398241529,600570,恒生电子
2022-03-07,37.65,37.65,36.39,37.03,12336642.0,607128852.0,1461560480.0,0.008440733153923264,600570,恒生电子
2022-03-08,37.09,37.89,36.14,36.62,13132697.0,647530816.0,1461560480.0,0.008985394158988207,600570,恒生电子
2022-03-09,36.97,37.06,34.0,36.02,17714904.0,840036493.0,1461560480.0,0.012120541190331036,600570,恒生电子
2022-03-10,36.61,37.04,34.97,35.04,15563433.0,743574048.0,1461560480.0,0.010648504261691586,600570,恒生电子
2022-03-11,34.52,35.68,33.98,35.59,14590732.0,675988486.0,1461560480.0,0.009982982024801327,600570,恒生电子
2022-03-14,35.23,35.52,34.06,34.06,15982112.0,737199718.0,1461560480.0,0.010934964525039703,600570,恒生电子
2022-03-15,33.92,34.9,32.65,32.94,18520040.0,832077609.0,1461560480.0,0.012671415417581626,600570,恒生电子
2022-03-16,33.61,33.91,32.01,33.78,18524830.0,816622985.0,1461560480.0,0.012674692736629004,600570,恒生电子
2022-03-17,34.75,35.7,34.4,34.99,18788003.0,880813518.0,1461560480.0,0.012854755760774265,600570,恒生电子
2022-03-18,34.96,35.23,34.27,34.75,10025148.0,463301731.0,1461560480.0,0.006859208453693274,600570,恒生电子
2022-03-21,35.0,35.5,34.37,34.75,8364788.0,388492226.0,1461560480.0,0.005723189778639882,600570,恒生电子
2022-03-22,34.75,35.54,34.4,35.22,9428508.0,442220855.0,1461560480.0,0.006450987235232304,600570,恒生电子
2022-03-23,35.23,35.56,34.9,35.02,7062255.0,330712891.0,1461560480.0,0.004831996415228743,600570,恒生电子
2022-03-24,34.81,35.12,34.53,34.82,4290209.0,199057132.0,1461560480.0,0.002935361935894709,600570,恒生电子
2022-03-25,35.05,35.38,34.27,34.31,6934722.0,321182481.0,1461560480.0,0.0047447383087424475,600570,恒生电子
2022-03-28,33.77,34.07,33.21,33.72,9204896.0,411884355.0,1461560480.0,0.00629799185593743,600570,恒生电子
2022-03-29,33.99,34.11,33.38,33.43,5880809.0,263430238.0,1461560480.0,0.0040236508036944185,600570,恒生电子
2022-03-30,33.77,35.12,33.67,35.01,9856383.0,454847731.0,1461560480.0,0.0067437394037912135,600570,恒生电子
2022-03-31,35.01,35.01,33.09,33.37,20611174.0,922456862.0,1461560480.0,0.01410216975762782,600570,恒生电子
2022-04-01,33.09,33.49,32.19,32.28,25711331.0,1120254943.0,1461560480.0,0.017591698292225306,600570,恒生电子
2022-04-06,32.31,32.83,31.76,31.93,15285092.0,655053515.0,1461560480.0,0.010458063288629698,600570,恒生电子
2022-04-07,32.12,32.37,31.53,31.56,13662714.0,581769069.0,1461560480.0,0.009348031906281428,600570,恒生电子
2022-04-08,31.17,31.8,30.9,31.14,9947554.0,413224032.0,1461560480.0,0.006806118621926613,600570,恒生电子
2022-04-11,31.02,31.11,29.67,29.76,15803096.0,635565827.0,1461560480.0,0.010812481738696164,600570,恒生电子
2022-04-12,29.81,30.06,29.0,30.02,16772345.0,661910489.0,1461560480.0,0.01147564211643161,600570,恒生电子
2022-04-13,29.73,29.9,29.08,29.21,13168937.0,514974947.0,1461560480.0,0.009010189574912425,600570,恒生电子
2022-04-14,29.43,29.61,29.05,29.51,15411792.0,603422068.0,1461560480.0,0.010544751456333849,600570,恒生电子
2022-04-15,29.19,29.34,28.59,28.74,13711211.0,527817161.0,1461560480.0,0.009381213564285756,600570,恒生电子
2022-04-18,28.67,29.19,28.26,29.06,10528553.0,405114952.0,1461560480.0,0.007203638264767531,600570,恒生电子
2022-04-19,29.25,29.32,28.37,28.63,12562467.0,480668582.0,1461560480.0,0.008595242668302033,600570,恒生电子
2022-04-20,28.74,28.95,28.16,28.2,11559627.0,439975681.0,1461560480.0,0.007909099321021597,600570,恒生电子
2022-04-21,27.56,28.34,27.05,27.25,18028343.0,665087799.0,1461560480.0,0.012334996222667432,600570,恒生电子
2022-04-22,27.08,27.28,26.18,26.63,21716998.0,771140324.0,1461560480.0,0.01485877478022668,600570,恒生电子
2022-04-25,26.11,26.32,25.16,25.16,27018300.0,929297380.0,1461560480.0,0.01848592676780642,600570,恒生电子
2022-04-26,25.14,25.42,24.04,24.04,21226122.0,698968066.0,1461560480.0,0.014522917313692006,600570,恒生电子
2022-04-27,24.04,26.45,23.9,26.27,33886042.0,1154894161.0,1461560480.0,0.02318483734590306,600570,恒生电子
2022-04-28,25.8,27.0,25.7,25.98,25652606.0,893465156.0,1461560480.0,0.01755151863438453,600570,恒生电子
2022-04-29,26.12,28.58,25.5,28.58,34515843.0,1260851668.0,1461560480.0,0.023615747327814993,600570,恒生电子
2022-05-05,28.14,28.22,27.13,27.45,32721637.0,1207049607.0,1461560480.0,0.02238815119029491,600570,恒生电子
2022-05-06,26.94,28.04,26.49,27.23,18534862.0,676051136.0,1461560480.0,0.012681556633222594,600570,恒生电子
2022-05-09,27.17,27.83,27.02,27.29,11430387.0,416693601.0,1461560480.0,0.007820673284762051,600570,恒生电子
2022-05-10,27.03,28.02,26.87,27.73,18468296.0,678591117.0,1461560480.0,0.01263601216146731,600570,恒生电子
2022-05-11,27.69,29.12,27.62,28.46,21643857.0,825978186.0,1461560480.0,0.014808731692033708,600570,恒生电子
2022-05-12,28.38,28.6,28.07,28.26,7965378.0,300532796.0,1461560480.0,0.005449913369305114,600570,恒生电子
2022-05-13,28.43,28.69,27.92,28.18,7379246.0,278259406.0,1461560480.0,0.005048881726741818,600570,恒生电子
2022-05-16,28.35,28.72,27.82,28.06,7606310.0,285122403.0,1461560480.0,0.005204238965191506,600570,恒生电子
2022-05-17,27.95,28.23,27.65,28.02,6473527.0,241033843.0,1461560480.0,0.004429188588897806,600570,恒生电子
2022-05-18,28.19,28.31,27.86,27.96,7781752.0,291042201.0,1461560480.0,0.005324276419953556,600570,恒生电子
2022-05-19,27.4,27.7,27.14,27.57,7034290.0,257238734.0,1461560480.0,0.004812862756113931,600570,恒生电子
2022-05-20,27.56,28.16,27.44,27.83,12270833.0,453790462.0,1461560480.0,0.008395706621733504,600570,恒生电子
2022-05-23,28.01,28.14,27.29,27.62,9388812.0,344673017.0,1461560480.0,0.006423827223352399,600570,恒生电子
2022-05-24,27.69,27.69,26.12,26.12,12135854.0,433667956.0,1461560480.0,0.008303353960419072,600570,恒生电子
2022-05-25,25.88,26.51,25.83,26.27,10820889.0,377136836.0,1461560480.0,0.007403654619889558,600570,恒生电子
2022-05-26,26.42,27.31,25.55,27.16,14179565.0,504715636.0,1461560480.0,0.009701661473495781,600570,恒生电子
2022-05-27,27.65,27.91,27.03,27.13,10869773.0,397724123.0,1461560480.0,0.007437101063378506,600570,恒生电子
2022-05-30,27.24,28.21,26.73,28.07,14502845.0,536123914.0,1461560480.0,0.009922849720184005,600570,恒生电子
2022-05-31,28.09,30.35,27.83,30.09,30372430.0,1193047713.0,1461560480.0,0.020780823247218617,600570,恒生电子
2022-06-01,29.98,30.27,29.31,29.57,19879730.0,786900905.0,1461560480.0,0.013601715612890683,600570,恒生电子
2022-06-02,29.56,30.53,29.03,30.23,22851090.0,911044966.0,1461560480.0,0.015634720774606602,600570,恒生电子
2022-06-06,30.17,31.89,29.94,31.67,26841933.0,1107994919.0,1461560480.0,0.01836525642784211,600570,恒生电子
2022-06-07,31.67,33.2,30.92,32.46,24420490.0,1051764359.0,1461560480.0,0.016708504597770735,600570,恒生电子
2022-06-08,32.44,32.64,31.44,32.15,13437646.0,573745865.0,1461560480.0,0.009194040331468185,600570,恒生电子
2022-06-09,32.15,32.75,30.96,31.06,17491097.0,737194643.0,1461560480.0,0.011967412391993521,600570,恒生电子
2022-06-10,30.76,32.45,30.47,32.19,17606780.0,743744187.0,1461560480.0,0.012046562725888702,600570,恒生电子
2022-06-13,31.86,32.15,31.39,31.53,10357007.0,436822539.0,1461560480.0,0.007086266454057378,600570,恒生电子
2022-06-14,30.77,31.77,30.27,31.65,14119854.0,581551685.0,1461560480.0,0.009660807194239406,600570,恒生电子
2022-06-15,31.67,34.75,31.67,32.91,35141428.0,1551615157.0,1461560480.0,0.024043772721605062,600570,恒生电子
2022-06-16,33.18,33.18,31.2,31.34,25726003.0,1095343086.0,1461560480.0,0.01760173687783348,600570,恒生电子
2022-06-17,30.92,32.12,30.78,32.1,17576875.0,740666167.0,1461560480.0,0.012026101718349691,600570,恒生电子
2022-06-20,32.18,32.79,31.69,32.11,16181347.0,692106960.0,1461560480.0,0.011071281155604316,600570,恒生电子
2022-06-21,32.27,34.26,31.77,33.92,27493227.0,1220068289.0,1461560480.0,0.018810871925053693,600570,恒生电子
2022-06-22,33.7,33.81,32.34,32.4,19371098.0,852087732.0,1461560480.0,0.013253709487273493,600570,恒生电子
2022-06-23,32.34,34.18,32.04,33.78,24373277.0,1078293328.0,1461560480.0,0.016676201452847164,600570,恒生电子
2022-06-24,33.85,34.26,33.24,33.96,16381139.0,736163271.0,1461560480.0,0.011207978885690724,600570,恒生电子
2022-06-27,34.07,35.26,33.88,34.29,18851952.0,867137302.0,1461560480.0,0.012898509680557318,600570,恒生电子
2022-06-28,34.27,34.52,33.31,34.3,10968314.0,493137940.0,1461560480.0,0.007504522837125427,600570,恒生电子
2022-06-29,34.31,34.49,33.0,33.22,19444156.0,867875527.0,1461560480.0,0.013303695786848315,600570,恒生电子
2022-06-30,33.22,33.55,32.4,32.67,16627887.0,725406662.0,1461560480.0,0.011376803921244504,600570,恒生电子
2022-07-01,32.79,33.0,32.07,32.27,8937435.0,387305905.0,1461560480.0,0.006114994981254556,600570,恒生电子
2022-07-04,32.61,34.9,32.4,34.54,24432541.0,1109089177.0,1461560480.0,0.0167167498946058,600570,恒生电子
2022-07-05,34.37,34.93,33.3,33.84,12774475.0,575187806.0,1461560480.0,0.008740298588259584,600570,恒生电子
2022-07-06,33.84,34.48,32.91,33.4,12507557.0,558632234.0,1461560480.0,0.008557673234295442,600570,恒生电子
2022-07-07,33.38,33.65,32.48,32.72,10681334.0,466891556.0,1461560480.0,0.007308171058374539,600570,恒生电子
2022-07-08,32.88,33.39,32.72,32.79,7758396.0,341480273.0,1461560480.0,0.005308296239646545,600570,恒生电子
2022-07-11,32.57,32.69,31.15,31.38,16161333.0,679506835.0,1461560480.0,0.011057587572428067,600570,恒生电子
2022-07-12,31.39,31.71,30.39,30.53,13301052.0,545497131.0,1461560480.0,0.009100582686800618,600570,恒生电子
2022-07-13,30.72,31.13,30.53,30.66,7929392.0,325613347.0,1461560480.0,0.005425291740236435,600570,恒生电子
2022-07-14,30.66,31.72,30.54,31.25,9700925.0,405722973.0,1461560480.0,0.006637375006198854,600570,恒生电子
2022-07-15,30.51,30.88,28.71,29.05,31157366.0,1222324522.0,1461560480.0,0.021317876630052284,600570,恒生电子
2022-07-18,29.05,31.14,29.04,30.93,19634113.0,796568715.0,1461560480.0,0.013433664407784205,600570,恒生电子
2022-07-19,30.83,31.14,30.3,30.59,8432141.0,344201867.0,1461560480.0,0.005769272715967251,600570,恒生电子
2022-07-20,30.92,31.28,30.36,31.07,9835668.0,406850030.0,1461560480.0,0.006729566196261683,600570,恒生电子
2022-07-21,30.93,31.52,30.77,30.78,9913778.0,411776022.0,1461560480.0,0.006783009075341172,600570,恒生电子
2022-07-22,30.92,31.29,30.42,30.9,11643233.0,477915599.0,1461560480.0,0.007966302564502838,600570,恒生电子
2022-07-25,31.05,31.1,30.27,30.93,8408291.0,344320925.0,1461560480.0,0.005752954540752224,600570,恒生电子
2022-07-26,30.89,31.77,30.85,31.59,11398958.0,478170809.0,1461560480.0,0.0077991695560898034,600570,恒生电子
2022-07-27,31.5,32.21,31.41,31.98,10106575.0,430741116.0,1461560480.0,0.006914920824898057,600570,恒生电子
2022-07-28,32.16,32.7,31.78,32.06,11664303.0,502109587.0,1461560480.0,0.007980718663109993,600570,恒生电子
2022-07-29,32.06,32.55,31.76,31.86,10354129.0,442629813.0,1461560480.0,0.007084297325828077,600570,恒生电子
2022-08-01,31.74,31.82,30.99,31.71,9081426.0,380747622.0,1461560480.0,0.006213513654939548,600570,恒生电子
2022-08-02,31.43,31.43,30.12,30.84,10184210.0,417140145.0,1461560480.0,0.006968038708873683,600570,恒生电子
2022-08-03,31.07,31.5,30.73,30.84,8828628.0,365928602.0,1461560480.0,0.006040549208062878,600570,恒生电子
2022-08-04,31.27,31.85,30.88,31.08,6742287.0,280500845.0,1461560480.0,0.004613074239664718,600570,恒生电子
2022-08-05,31.32,33.62,31.22,33.37,18716475.0,816957854.0,1461560480.0,0.012805816287533993,600570,恒生电子
2022-08-08,33.47,33.6,32.71,32.96,8369650.0,368359229.0,1461560480.0,0.005726516360103005,600570,恒生电子
2022-08-09,32.65,32.91,31.92,32.31,8028554.0,344788559.0,1461560480.0,0.005493138402319143,600570,恒生电子
2022-08-10,32.27,32.31,31.17,31.46,8710606.0,366992895.0,1461560480.0,0.005959798529856253,600570,恒生电子
2022-08-11,31.65,32.94,31.51,32.76,10786655.0,467615756.0,1461560480.0,0.00738023170960397,600570,恒生电子
2022-08-12,32.64,32.97,32.21,32.51,5790127.0,250951182.0,1461560480.0,0.0039616061594659425,600570,恒生电子
2022-08-15,32.66,32.72,31.77,31.98,6587916.0,281233322.0,1461560480.0,0.004507453567710041,600570,恒生电子
2022-08-16,32.2,32.22,30.56,30.82,18297597.0,757081377.0,1461560480.0,0.012519219868342363,600570,恒生电子
2022-08-17,30.84,31.32,30.57,31.11,9124322.0,376707179.0,1461560480.0,0.006242863107519163,600570,恒生电子
2022-08-18,31.58,31.72,30.51,30.59,9005137.0,285278630.0,1461560480.0,0.006161316704458237,600570,恒生电子
2022-08-19,30.34,31.35,30.22,30.53,8623483.0,271758831.0,1900006442.0,0.004538659874712151,600570,恒生电子
2022-08-22,30.32,31.1,30.23,30.48,12060176.0,377109858.0,1900006442.0,0.00634743953147081,600570,恒生电子
2022-08-23,30.5,31.18,30.34,30.64,8526808.0,267540048.0,1900006442.0,0.00448777846827953,600570,恒生电子
2022-08-24,30.75,31.03,29.4,29.64,10129601.0,311321200.0,1900006442.0,0.005331350871282993,600570,恒生电子
2022-08-25,29.73,29.97,29.1,29.8,7512719.0,226537963.0,1900006442.0,0.003954049225270995,600570,恒生电子
2022-08-26,29.98,32.35,29.83,31.72,32244549.0,1036880350.0,1900006442.0,0.016970757723357235,600570,恒生电子
2022-08-29,31.28,32.59,31.0,31.98,18550430.0,603424283.0,1900006442.0,0.009763351107627456,600570,恒生电子
2022-08-30,31.88,32.83,31.79,32.59,15707202.0,520249830.0,1900006442.0,0.008266920391841492,600570,恒生电子
2022-08-31,32.32,33.41,32.27,32.9,16978484.0,571133142.0,1900006442.0,0.008936013912735987,600570,恒生电子
2022-09-01,33.01,34.5,32.48,33.74,18972069.0,656015375.0,1900006442.0,0.00998526561837836,600570,恒生电子
2022-09-02,33.74,33.98,33.26,33.61,9198115.0,316330428.0,1900006442.0,0.004841096744028829,600570,恒生电子
2022-09-05,33.45,33.71,32.64,32.99,13408324.0,453006040.0,1900006442.0,0.007056988704673034,600570,恒生电子
2022-09-06,33.22,33.23,32.62,32.92,7777872.0,261700436.0,1900006442.0,0.004093602962636692,600570,恒生电子
2022-09-07,32.81,32.95,32.43,32.85,9641033.0,321831816.0,1900006442.0,0.005074210690491964,600570,恒生电子
2022-09-08,32.87,33.89,32.66,33.24,9848363.0,335667772.0,1900006442.0,0.005183331373146997,600570,恒生电子
2022-09-09,33.21,34.72,32.76,34.52,17459887.0,612443086.0,1900006442.0,0.009189383053681246,600570,恒生电子
2022-09-13,34.8,35.74,34.24,35.35,17231425.0,623102538.0,1900006442.0,0.009069140303472719,600570,恒生电子
2022-09-14,34.99,35.75,34.72,35.5,15800874.0,570153859.0,1900006442.0,0.008316221277317121,600570,恒生电子
2022-09-15,35.46,35.77,34.65,34.92,11962063.0,429581886.0,1900006442.0,0.00629580128549901,600570,恒生电子
2022-09-16,35.01,35.5,33.13,33.24,35226212.0,1218509836.0,1900006442.0,0.018540048718424292,600570,恒生电子
2022-09-19,33.39,33.62,32.68,32.95,15299555.0,515515683.0,1900006442.0,0.008052370066648436,600570,恒生电子
2022-09-20,32.95,33.35,31.75,32.05,12891522.0,423834105.0,1900006442.0,0.006784988574265055,600570,恒生电子
2022-09-21,31.94,32.61,31.05,32.02,11432438.0,372897722.0,1900006442.0,0.006017052230605016,600570,恒生电子
2022-09-22,31.71,32.41,31.51,32.08,7126897.0,233906092.0,1900006442.0,0.0037509857032368946,600570,恒生电子
2022-09-23,32.09,32.62,31.49,31.8,7643189.0,249477806.0,1900006442.0,0.004022717413502327,600570,恒生电子
2022-09-26,31.74,32.57,31.16,31.33,10782840.0,351086309.0,1900006442.0,0.005675159705590093,600570,恒生电子
2022-09-27,31.6,33.15,31.33,32.93,13616596.0,451762474.0,1900006442.0,0.00716660517512077,600570,恒生电子
2022-09-28,32.86,33.21,32.19,32.77,8597484.0,288722133.0,1900006442.0,0.004524976236896359,600570,恒生电子
2022-09-29,33.12,33.89,32.58,32.78,11899406.0,402772723.0,1900006442.0,0.006262824028888214,600570,恒生电子
2022-09-30,33.04,33.97,32.86,33.14,10196081.0,348552134.0,1900006442.0,0.005366340226334874,600570,恒生电子
2022-10-10,33.14,33.52,32.59,32.72,8716235.0,294297575.0,1900006442.0,0.004587476551303188,600570,恒生电子
2022-10-11,33.05,33.1,31.43,31.72,11424966.0,372804775.0,1900006442.0,0.006013119612359714,600570,恒生电子
2022-10-12,31.69,32.78,30.77,32.67,12744774.0,411701222.0,1900006442.0,0.00670775304666046,600570,恒生电子
2022-10-13,32.51,34.23,32.28,33.55,15501954.0,530331547.0,1900006442.0,0.008158895494944854,600570,恒生电子
2022-10-14,33.73,34.7,33.45,34.28,10760969.0,376904969.0,1900006442.0,0.005663648691986908,600570,恒生电子
2022-10-17,34.24,34.88,34.12,34.6,10108570.0,357384054.0,1900006442.0,0.005320281961444002,600570,恒生电子
2022-10-18,34.58,34.93,33.27,33.53,10585995.0,365334909.0,1900006442.0,0.005571557425277403,600570,恒生电子
2022-10-19,33.53,33.97,33.05,33.67,9083424.0,312353225.0,1900006442.0,0.004780733264482268,600570,恒生电子
2022-10-20,33.47,34.38,33.27,34.18,13319819.0,464358684.0,1900006442.0,0.007010407283661199,600570,恒生电子
2022-10-21,34.43,34.6,33.31,33.51,10681408.0,368821029.0,1900006442.0,0.0056217746234357244,600570,恒生电子
2022-10-24,33.25,34.22,32.52,32.97,19787415.0,672601868.0,1900006442.0,0.010414393637092732,600570,恒生电子
2022-10-25,33.24,33.24,30.83,31.33,23561001.0,760907702.0,1900006442.0,0.012400484797935226,600570,恒生电子
2022-10-26,31.27,33.48,31.16,33.23,22588447.0,755762803.0,1900006442.0,0.011888616007124044,600570,恒生电子
2022-10-27,34.42,36.56,34.42,36.56,36786342.0,1362689408.0,1900006442.0,0.019361166987032774,600570,恒生电子
2022-10-28,36.56,38.43,36.09,37.6,62313295.0,2386780831.0,1900006442.0,0.03279635985571042,600570,恒生电子
2022-10-31,37.16,41.36,36.42,40.76,54858893.0,2210970661.0,1900006442.0,0.02887300368426856,600570,恒生电子
2022-11-01,40.71,42.2,39.08,41.0,37871503.0,1579951420.0,1900006442.0,0.019932302419004115,600570,恒生电子
2022-11-02,40.73,41.22,39.71,39.9,32149813.0,1325966258.0,1900006442.0,0.016920896839780295,600570,恒生电子
2022-11-03,39.15,40.28,36.98,37.83,44675592.0,1746259616.0,1900006442.0,0.023513389750917487,600570,恒生电子
2022-11-04,37.82,40.0,37.65,39.59,34787952.0,1380376772.0,1900006442.0,0.01830938634259641,600570,恒生电子
2022-11-07,38.82,40.42,38.32,38.74,27034457.0,1080079800.0,1900006442.0,0.014228613336459413,600570,恒生电子
2022-11-08,38.79,39.69,37.94,39.56,19129612.0,765287692.0,1900006442.0,0.010068182705666848,600570,恒生电子
2022-11-09,39.14,39.54,38.63,38.78,13642435.0,544440115.0,1900006442.0,0.007180204602695763,600570,恒生电子
2022-11-10,38.69,40.24,38.43,39.5,19006786.0,766743742.0,1900006442.0,0.010003537661689675,600570,恒生电子
2022-11-11,41.07,42.54,39.42,40.19,27604762.0,1151115906.0,1900006442.0,0.01452877284507649,600570,恒生电子
2022-11-14,41.05,41.17,39.61,40.61,18902301.0,780572300.0,1900006442.0,0.009948545742878066,600570,恒生电子
2022-11-15,40.04,42.98,40.04,42.15,28324182.0,1224957748.0,1900006442.0,0.01490741366654798,600570,恒生电子
2022-11-16,42.1,43.0,41.35,41.85,12416911.0,532863074.0,1900006442.0,0.006535194158041702,600570,恒生电子
2022-11-17,41.86,42.71,41.29,42.25,17461639.0,749251021.0,1900006442.0,0.009190305155817993,600570,恒生电子
2022-11-18,42.26,44.11,42.25,42.72,20773573.0,919065865.0,1900006442.0,0.010933422403627829,600570,恒生电子
2022-11-21,42.56,43.04,40.88,41.45,17547933.0,744402325.0,1900006442.0,0.00923572289656479,600570,恒生电子
2022-11-22,41.42,42.12,40.68,41.36,10927039.0,461129124.0,1900006442.0,0.005751053658795963,600570,恒生电子
2022-11-23,41.18,41.93,40.99,41.72,11977432.0,508312983.0,1900006442.0,0.006303890205441735,600570,恒生电子
2022-11-24,41.76,41.99,39.88,40.05,16568932.0,684347685.0,1900006442.0,0.008720460959363421,600570,恒生电子
2022-11-25,40.13,40.33,39.15,39.56,19986082.0,809977221.0,1900006442.0,0.010518954861522517,600570,恒生电子
2022-11-28,39.12,39.82,38.63,39.06,15120197.0,603488703.0,1900006442.0,0.007957971439341046,600570,恒生电子
2022-11-29,39.16,39.68,38.44,39.22,15346344.0,614219511.0,1900006442.0,0.008076995772628017,600570,恒生电子
2022-11-30,39.02,39.66,38.61,39.08,11896206.0,474712094.0,1900006442.0,0.006261139824072238,600570,恒生电子
2022-12-01,39.61,40.34,39.06,40.0,16327677.0,663770942.0,1900006442.0,0.008593485074089028,600570,恒生电子
2022-12-02,39.56,40.58,39.16,39.22,14936806.0,609067049.0,1900006442.0,0.007861450187651522,600570,恒生电子
2022-12-05,39.61,40.22,39.02,39.41,13553583.0,548529116.0,1900006442.0,0.007133440550724196,600570,恒生电子
2022-12-06,39.31,39.77,38.92,39.09,11502788.0,462076967.0,1900006442.0,0.006054078420856217,600570,恒生电子
2022-12-07,39.14,39.46,38.66,38.83,11314589.0,451494066.0,1900006442.0,0.00595502665143069,600570,恒生电子
2022-12-08,38.84,39.02,38.06,38.75,11817332.0,465544715.0,1900006442.0,0.006219627333242484,600570,恒生电子
2022-12-09,38.74,39.12,37.94,38.63,21933329.0,864685306.0,1900006442.0,0.011543818228801564,600570,恒生电子
2022-12-12,38.58,39.61,38.4,39.06,16815965.0,672336387.0,1900006442.0,0.008850477886958658,600570,恒生电子
2022-12-13,38.91,39.41,37.91,37.93,11846846.0,465033464.0,1900006442.0,0.006235160964785823,600570,恒生电子
2022-12-14,37.95,38.42,37.55,38.04,8486964.0,330422570.0,1900006442.0,0.004466808013064621,600570,恒生电子
2022-12-15,38.03,38.34,37.66,37.93,7672092.0,297713401.0,1900006442.0,0.004037929467188617,600570,恒生电子
2022-12-16,37.83,37.87,37.06,37.54,13260211.0,506348865.0,1900006442.0,0.006979034758451624,600570,恒生电子
2022-12-19,37.52,37.92,36.67,37.65,6749452.0,257111948.0,1900006442.0,0.0035523311136226136,600570,恒生电子
2022-12-20,37.16,37.46,35.64,35.98,16093049.0,593912495.0,1900006442.0,0.008469997071725717,600570,恒生电子
2022-12-21,36.25,36.93,35.79,36.05,8034637.0,297575581.0,1900006442.0,0.004228741978128514,600570,恒生电子
2022-12-22,36.31,37.39,36.09,36.84,11500964.0,434173528.0,1900006442.0,0.006053118424111111,600570,恒生电子
2022-12-23,36.83,38.34,36.64,37.65,13833237.0,534840838.0,1900006442.0,0.007280626367476285,600570,恒生电子
2022-12-26,37.64,39.03,37.64,38.72,11884046.0,470358379.0,1900006442.0,0.006254739845771533,600570,恒生电子
2022-12-27,38.84,39.09,38.25,38.86,7988180.0,315915887.0,1900006442.0,0.0042042910083985915,600570,恒生电子
2022-12-28,38.95,39.3,38.26,38.44,9761975.0,385574944.0,1900006442.0,0.005137864158883731,600570,恒生电子
2022-12-29,38.48,39.61,38.04,39.48,12667767.0,508229526.0,1900006442.0,0.006667223184078025,600570,恒生电子
2022-12-30,39.42,40.27,39.31,39.57,9306386.0,378456328.0,1900006442.0,0.00489808128766334,600570,恒生电子
2023-01-03,39.46,41.24,39.23,40.98,18878516.0,787623838.0,1900006442.0,0.009936027364269327,600570,恒生电子
2023-01-04,41.14,42.1,40.46,41.82,25784166.0,1088131008.0,1900006442.0,0.013570567672843712,600570,恒生电子
2023-01-05,41.39,41.8,40.78,41.16,9920643.0,418456166.0,1900006442.0,0.0052213733494278335,600570,恒生电子
2023-01-06,41.49,43.03,40.78,41.28,21846478.0,929761896.0,1900006442.0,0.011498107331153985,600570,恒生电子
2023-01-09,40.66,42.16,40.0,41.59,19154367.0,810618618.0,1900006442.0,0.010081211608860429,600570,恒生电子
2023-01-10,41.65,42.81,41.2,42.03,13794964.0,593735746.0,1900006442.0,0.007260482751563218,600570,恒生电子
2023-01-11,42.0,42.0,40.78,41.05,16814479.0,708221638.0,1900006442.0,0.008849695784347241,600570,恒生电子
2023-01-12,40.99,41.5,40.49,41.15,12788190.0,535670731.0,1900006442.0,0.006730603495501201,600570,恒生电子
2023-01-13,41.31,41.44,40.69,41.28,7900505.0,332089298.0,1900006442.0,0.004158146428010901,600570,恒生电子
2023-01-16,41.55,43.44,41.28,43.03,24010707.0,1053931714.0,1900006442.0,0.012637171363864249,600570,恒生电子
2023-01-17,42.8,43.51,42.6,43.02,10852488.0,478156667.0,1900006442.0,0.00571181642340979,600570,恒生电子
2023-01-18,43.03,45.69,42.95,44.99,23782633.0,1087422583.0,1900006442.0,0.012517132823489659,600570,恒生电子
2023-01-19,44.99,45.74,44.54,45.37,15864651.0,733635802.0,1900006442.0,0.00834978800561351,600570,恒生电子
2023-01-20,45.23,45.93,44.74,45.19,11401406.0,527574801.0,1900006442.0,0.006000719654402098,600570,恒生电子
2023-01-30,45.96,47.28,44.99,45.27,18207766.0,848908958.0,1900006442.0,0.009583002245420807,600570,恒生电子
2023-01-31,45.66,46.6,45.06,46.18,19731935.0,931974141.0,1900006442.0,0.010385193736095765,600570,恒生电子
2023-02-01,46.17,47.04,45.92,46.73,19359797.0,919792766.0,1900006442.0,0.010189332294905977,600570,恒生电子
2023-02-02,48.7,49.29,45.33,46.18,52317795.0,2488043027.0,1900006442.0,0.027535588218810893,600570,恒生电子
2023-02-03,46.37,47.16,45.86,46.78,25294797.0,1203281210.0,1900006442.0,0.013313005914534683,600570,恒生电子
2023-02-06,46.6,46.94,45.81,46.33,15182187.0,718288645.0,1900006442.0,0.007990597644510513,600570,恒生电子
2023-02-07,46.08,46.26,44.89,45.63,21300850.0,989192786.0,1900006442.0,0.011210935673238102,600570,恒生电子
2023-02-08,45.87,46.94,45.43,46.75,14076523.0,668644613.0,1900006442.0,0.007408671196494817,600570,恒生电子
2023-02-09,46.74,46.74,45.38,46.24,19844570.0,929586702.0,1900006442.0,0.01044447511404806,600570,恒生电子
2023-02-10,46.02,46.03,44.81,45.38,19393361.0,897650279.0,1900006442.0,0.010206997498169536,600570,恒生电子
2023-02-13,45.16,46.21,45.16,45.34,20455657.0,954252015.0,1900006442.0,0.01076609876041673,600570,恒生电子
2023-02-14,45.43,45.74,44.91,45.34,13279038.0,613528865.0,1900006442.0,0.006988943672223613,600570,恒生电子
2023-02-15,45.28,45.84,45.13,45.29,9924544.0,460984055.0,1900006442.0,0.005223426500361308,600570,恒生电子
2023-02-16,45.29,45.47,44.01,44.43,19210141.0,879649937.0,1900006442.0,0.010110566246174865,600570,恒生电子
2023-02-17,44.2,44.55,42.96,43.0,20040879.0,891468505.0,1900006442.0,0.010547795290054075,600570,恒生电子
2023-02-20,43.52,43.96,43.08,43.77,10899062.0,484931106.0,1900006442.0,0.005736328971878296,600570,恒生电子
2023-02-21,43.79,45.05,43.33,44.3,20758499.0,941762526.0,1900006442.0,0.010925488746316577,600570,恒生电子
2023-02-22,43.89,44.0,42.97,43.57,17176319.0,762628210.0,1900006442.0,0.009040137243913619,600570,恒生电子
2023-02-23,43.38,43.81,42.81,43.23,9382717.0,415541956.0,1900006442.0,0.004938255361978399,600570,恒生电子
2023-02-24,43.13,44.11,43.13,43.53,14965107.0,667143859.0,1900006442.0,0.007876345400306807,600570,恒生电子
2023-02-27,42.94,44.98,42.93,43.34,16218491.0,726827427.0,1900006442.0,0.00853601895313995,600570,恒生电子
2023-02-28,43.53,44.3,42.91,43.42,17130776.0,761885882.0,1900006442.0,0.009016167325184258,600570,恒生电子
2023-03-01,43.42,44.38,43.14,44.28,15627974.0,703540488.0,1900006442.0,0.00822522158585397,600570,恒生电子
2023-03-02,44.03,45.09,43.68,44.37,11873465.0,538626567.0,1900006442.0,0.006249170917284711,600570,恒生电子
2023-03-03,44.35,44.73,43.87,44.49,10387001.0,470634186.0,1900006442.0,0.005466824096167985,600570,恒生电子
2023-03-06,44.89,45.52,44.28,45.19,13662226.0,629143251.0,1900006442.0,0.0071906208831685635,600570,恒生电子
2023-03-07,45.1,45.1,43.03,43.11,18214190.0,816528619.0,1900006442.0,0.009586383286588878,600570,恒生电子
2023-03-08,43.12,43.95,43.04,43.78,11687205.0,520336910.0,1900006442.0,0.006151139670714864,600570,恒生电子
2023-03-09,43.47,44.78,42.79,44.58,14539596.0,653141059.0,1900006442.0,0.00765239300172857,600570,恒生电子
2023-03-10,44.42,44.83,44.11,44.27,9241096.0,419806168.0,1900006442.0,0.004863718246277399,600570,恒生电子
2023-03-13,44.11,46.53,43.52,45.95,23114373.0,1078747630.0,1900006442.0,0.01216541822651357,600570,恒生电子
2023-03-14,45.95,46.03,45.05,45.44,10344606.0,480900022.0,1900006442.0,0.005444511013926341,600570,恒生电子
2023-03-15,45.77,46.55,44.93,45.07,11350527.0,530045276.0,1900006442.0,0.0059739413241421,600570,恒生电子
2023-03-16,44.69,45.07,43.94,44.16,11281600.0,512507604.0,1900006442.0,0.005937664078720002,600570,恒生电子
2023-03-17,44.65,46.93,44.65,46.21,23045718.0,1087348826.0,1900006442.0,0.012129284138500831,600570,恒生电子
2023-03-20,46.01,46.7,44.09,44.19,17716904.0,821439559.0,1900006442.0,0.009324654700302326,600570,恒生电子
2023-03-21,44.57,45.09,43.81,44.32,13740151.0,624276868.0,1900006442.0,0.007231633902007581,600570,恒生电子
2023-03-22,44.67,44.67,43.6,43.91,17000495.0,765436708.0,1900006442.0,0.008947598610299869,600570,恒生电子
2023-03-23,43.62,45.01,42.55,44.92,24331595.0,1094265157.0,1900006442.0,0.012806059212298186,600570,恒生电子
2023-03-24,44.86,46.45,44.34,46.35,29597020.0,1383959900.0,1900006442.0,0.01557732613203424,600570,恒生电子
2023-03-27,46.16,50.99,46.16,49.48,66468546.0,3367184240.0,1900006442.0,0.03498332665126827,600570,恒生电子
2023-03-28,48.77,49.01,47.33,47.92,28805528.0,1415658928.0,1900006442.0,0.015160752807594954,600570,恒生电子
2023-03-29,48.52,49.03,47.19,47.85,22249146.0,1096811625.0,1900006442.0,0.011710037138916185,600570,恒生电子
2023-03-30,47.53,48.0,46.64,47.31,15661507.0,756591411.0,1900006442.0,0.008242870473383374,600570,恒生电子
2023-03-31,47.15,52.05,46.45,52.05,52244804.0,2694879339.0,1900006442.0,0.027497172033272507,600570,恒生电子
2023-04-03,52.81,56.9,52.69,56.3,83971770.0,4696236598.0,1900006442.0,0.04419551857498386,600570,恒生电子
2023-04-04,57.42,57.8,54.46,55.95,59337113.0,3393600161.0,1900006442.0,0.03122995358770473,600570,恒生电子
2023-04-06,53.6,53.98,50.45,51.65,63675448.0,3379903061.0,1900006442.0,0.03351328005655257,600570,恒生电子
2023-04-07,51.54,53.19,50.47,52.03,34659967.0,1844008158.0,1900006442.0,0.018242026044667483,600570,恒生电子
2023-04-10,52.03,52.28,47.68,47.92,58294151.0,2944650287.0,1900006442.0,0.030681028080430054,600570,恒生电子
2023-04-11,47.92,48.84,47.35,48.1,36534702.0,1798772199.0,1900006442.0,0.019228725330816536,600570,恒生电子
2023-04-12,48.23,50.39,48.11,49.48,39781841.0,2001676876.0,1900006442.0,0.020937740062672905,600570,恒生电子
2023-04-13,49.88,52.12,49.48,49.75,49412155.0,2567167907.0,1900006442.0,0.026006309193345355,600570,恒生电子
2023-04-14,49.56,50.09,48.45,49.39,20685995.0,1042242816.0,1900006442.0,0.010887328875698623,600570,恒生电子
2023-04-17,49.28,49.87,48.17,48.99,21281122.0,1064667495.0,1900006442.0,0.011200552550547615,600570,恒生电子
2023-04-18,48.9,50.01,48.44,48.91,22315785.0,1121376683.0,1900006442.0,0.01174511017789486,600570,恒生电子
2023-04-19,48.9,51.25,48.67,49.98,33200166.0,1702964815.0,1900006442.0,0.017473712333865864,600570,恒生电子
2023-04-20,50.25,51.71,47.15,48.96,50760333.0,2562071224.0,1900006442.0,0.02671587415596773,600570,恒生电子
2023-04-21,48.97,50.32,47.82,48.08,29741949.0,1481903803.0,1900006442.0,0.015653604294463757,600570,恒生电子
2023-04-24,47.8,48.21,45.87,46.39,26110638.0,1247994860.0,1900006442.0,0.013742394458681525,600570,恒生电子
2023-04-25,46.21,47.12,45.25,45.67,28575174.0,1341427336.0,1900006442.0,0.015039514271288981,600570,恒生电子
2023-04-26,46.06,46.5,44.4,44.59,23463902.0,1083149944.0,1900006442.0,0.01234938023436449,600570,恒生电子
2023-04-27,44.12,45.36,43.57,44.98,21826781.0,1000869489.0,1900006442.0,0.011487740524197654,600570,恒生电子
2023-04-28,45.57,48.53,45.57,48.31,41186209.0,1990577323.0,1900006442.0,0.02167687860923579,600570,恒生电子
2023-05-04,48.52,48.52,45.11,45.77,31288706.0,1481755339.0,1900006442.0,0.016467684165883477,600570,恒生电子
2023-05-05,45.44,46.99,45.17,46.18,21217266.0,1000937374.0,1900006442.0,0.011166944243444834,600570,恒生电子
2023-05-08,46.18,46.42,44.71,45.83,24445974.0,1134245439.0,1900006442.0,0.01286625848187519,600570,恒生电子
2023-05-09,45.47,47.31,45.1,45.42,21408839.0,1010680181.0,1900006442.0,0.011267771796323205,600570,恒生电子
2023-05-10,44.99,46.16,44.88,45.23,13871457.0,644855393.0,1900006442.0,0.007300742088747087,600570,恒生电子
2023-05-11,45.24,45.54,44.28,44.3,15947259.0,727544520.0,1900006442.0,0.008393265752937905,600570,恒生电子
2023-05-12,44.02,44.43,43.76,43.9,12379715.0,557069775.0,1900006442.0,0.006515617382312012,600570,恒生电子
2023-05-15,43.9,43.92,42.05,43.17,26399667.0,1152364523.0,1900006442.0,0.013894514469230415,600570,恒生电子
2023-05-16,43.32,43.41,41.23,41.51,32504309.0,1392645217.0,1900006442.0,0.017107473049294008,600570,恒生电子
2023-05-17,41.38,42.38,41.27,41.62,16991825.0,725360996.0,1900006442.0,0.008943035467876587,600570,恒生电子
2023-05-18,41.93,42.9,41.75,42.12,17707589.0,764587897.0,1900006442.0,0.009319752085345825,600570,恒生电子
2023-05-19,42.05,42.18,41.2,41.84,14979007.0,639124767.0,1900006442.0,0.007883661164976198,600570,恒生电子
2023-05-22,41.7,42.14,41.14,42.0,14916332.0,636550371.0,1900006442.0,0.00785067443471331,600570,恒生电子
2023-05-23,41.99,42.3,41.37,41.56,9284448.0,396960359.0,1900006442.0,0.004886535011021821,600570,恒生电子
2023-05-24,41.47,41.58,40.88,41.13,10926278.0,460912306.0,1900006442.0,0.005750653133838164,600570,恒生电子
2023-05-25,41.03,41.36,40.07,40.66,16289952.0,675363639.0,1900006442.0,0.008573629878250697,600570,恒生电子
2023-05-26,40.67,41.39,40.29,41.2,10593249.0,443347355.0,1900006442.0,0.005575375307069617,600570,恒生电子
2023-05-29,41.64,41.93,41.0,41.41,12771028.0,540752462.0,1900006442.0,0.006721570894547525,600570,恒生电子
2023-05-30,41.41,41.52,40.23,41.37,23835525.0,993159224.0,1900006442.0,0.012544970623841706,600570,恒生电子
2023-05-31,41.16,41.74,41.0,41.54,11879642.0,502903711.0,1900006442.0,0.006252421958893548,600570,恒生电子
2023-06-01,41.17,43.57,40.89,42.96,31239856.0,1359869111.0,1900006442.0,0.016441973726739608,600570,恒生电子
2023-06-02,42.91,43.13,42.19,42.78,20117573.0,879159272.0,1900006442.0,0.010588160416352946,600570,恒生电子
2023-06-05,42.89,43.26,42.35,42.65,12442469.0,543749898.0,1900006442.0,0.006548645691381293,600570,恒生电子
2023-06-06,42.54,42.74,41.33,41.58,12937665.0,556046005.0,1900006442.0,0.00680927428139741,600570,恒生电子
2023-06-07,41.46,42.63,41.27,42.04,10021362.0,431257549.0,1900006442.0,0.005274383169696643,600570,恒生电子
2023-06-08,41.93,42.05,40.81,41.35,14976511.0,632281000.0,1900006442.0,0.007882347485219737,600570,恒生电子
2023-06-09,41.6,41.83,40.19,40.88,21912860.0,914647676.0,1900006442.0,0.011533045107433379,600570,恒生电子
2023-06-12,40.81,41.03,39.59,39.81,25186534.0,1028512143.0,1900006442.0,0.013256025581412213,600570,恒生电子
2023-06-13,40.05,42.03,39.17,41.7,27707392.0,1166927301.0,1900006442.0,0.01458278845140884,600570,恒生电子
2023-06-14,41.87,43.62,41.87,42.93,26711801.0,1169548056.0,1900006442.0,0.014058794964864651,600570,恒生电子
2023-06-15,42.93,43.13,42.08,42.76,17984100.0,783592217.0,1900006442.0,0.009465283697180223,600570,恒生电子
2023-06-16,42.69,43.94,42.12,43.66,22692179.0,1003633700.0,1900006442.0,0.011943211611489894,600570,恒生电子
2023-06-19,44.32,45.74,43.89,45.3,42481937.0,1950893209.0,1900006442.0,0.022358838402296324,600570,恒生电子
2023-06-20,46.11,49.83,45.78,49.83,81173649.0,4082276551.0,1900006442.0,0.04272282830502108,600570,恒生电子
2023-06-21,48.76,50.1,48.29,48.45,56965636.0,2852368074.0,1900006442.0,0.029981812030087842,600570,恒生电子
2023-06-26,47.57,47.74,44.01,44.36,48889899.0,2276332430.0,1900006442.0,0.025731438546354148,600570,恒生电子
2023-06-27,44.24,45.26,43.41,44.02,37718794.0,1695806283.0,1900006442.0,0.01985192953361576,600570,恒生电子
2023-06-28,44.92,44.92,42.07,43.55,37254156.0,1638135112.0,1900006442.0,0.019607384046964195,600570,恒生电子
2023-06-29,44.19,45.27,42.76,44.43,36922573.0,1656880815.0,1900006442.0,0.019432867270246866,600570,恒生电子
2023-06-30,43.99,44.28,42.93,43.44,25004356.0,1109242366.0,1900006442.0,0.013160142748610744,600570,恒生电子
2023-07-03,43.9,44.43,42.25,43.62,27261623.0,1203211631.0,1900006442.0,0.014348173983717473,600570,恒生电子
2023-07-04,43.29,43.74,43.03,43.3,21007805.0,928993894.0,1900006442.0,0.011056701985645163,600570,恒生电子
2023-07-05,43.29,43.65,42.15,42.17,19901605.0,865438793.0,1900006442.0,0.01047449343332279,600570,恒生电子
2023-07-06,41.69,42.17,41.31,41.54,21808205.0,929055183.0,1900006442.0,0.01147796371524092,600570,恒生电子
2023-07-07,41.36,41.51,40.22,40.77,21949546.0,914065702.0,1900006442.0,0.011552353463020523,600570,恒生电子
2023-07-10,41.63,41.93,39.34,39.63,43317156.0,1769097197.0,1900006442.0,0.0227984258592319,600570,恒生电子
2023-07-11,39.66,39.66,35.67,36.51,93315192.0,3535897391.0,1900006442.0,0.04911309242813609,600570,恒生电子
2023-07-12,36.78,37.21,35.67,35.77,42249993.0,1569051145.0,1900006442.0,0.022236763026722412,600570,恒生电子
2023-07-13,36.17,36.22,35.49,35.96,38678959.0,1413992404.0,1900006442.0,0.020357277820219098,600570,恒生电子
2023-07-14,36.67,37.94,36.29,36.98,49169471.0,1858339673.0,1900006442.0,0.02587858120535783,600570,恒生电子
2023-07-17,37.27,37.95,36.98,37.58,33178980.0,1268304993.0,1900006442.0,0.017462561845356103,600570,恒生电子
2023-07-18,37.37,37.65,36.88,37.03,25766910.0,974668382.0,1900006442.0,0.013561485598373566,600570,恒生电子
2023-07-19,37.38,37.61,36.8,37.02,20993774.0,797174239.0,1900006442.0,0.011049317273841118,600570,恒生电子
2023-07-20,37.02,37.06,36.0,36.07,25036061.0,928363791.0,1900006442.0,0.013176829534139022,600570,恒生电子
2023-07-21,35.8,36.22,35.6,35.75,15737503.0,575719033.0,1900006442.0,0.008282868232506761,600570,恒生电子
2023-07-24,35.76,36.17,35.52,35.94,14504549.0,530383684.0,1900006442.0,0.0076339472747956084,600570,恒生电子
2023-07-25,36.9,38.01,36.66,37.65,47191819.0,1799634230.0,1900006442.0,0.024837715260756996,600570,恒生电子
2023-07-26,37.28,37.37,36.65,36.94,22167314.0,834501320.0,1900006442.0,0.011666967811259664,600570,恒生电子
2023-07-27,36.92,36.98,36.0,36.27,26309134.0,977544110.0,1900006442.0,0.013846865683416457,600570,恒生电子
2023-07-28,36.08,39.33,35.9,39.12,66384421.0,2577714807.0,1900006442.0,0.034939050485598304,600570,恒生电子
2023-07-31,39.71,40.61,39.21,40.33,60575107.0,2478582537.0,1900006442.0,0.03188152716800104,600570,恒生电子
2023-08-01,39.76,40.61,39.53,40.04,24028437.0,979869646.0,1900006442.0,0.012646502911172761,600570,恒生电子
2023-08-02,39.86,40.99,39.73,40.12,22743232.0,932028460.0,1900006442.0,0.01197008152038676,600570,恒生电子
2023-08-03,39.83,40.86,39.62,40.59,26734622.0,1097746814.0,1900006442.0,0.014070805976772578,600570,恒生电子
2023-08-04,41.59,42.45,40.7,40.74,70392465.0,2979788956.0,1900006442.0,0.03704854017542326,600570,恒生电子
2023-08-07,40.21,41.0,39.9,40.61,31518628.0,1300837939.0,1900006442.0,0.016588695334539293,600570,恒生电子
2023-08-08,40.33,40.66,39.92,40.07,22044596.0,905208148.0,1900006442.0,0.01160237960919503,600570,恒生电子
2023-08-09,40.02,40.57,39.68,39.74,15611660.0,637162549.0,1900006442.0,0.008216635299176527,600570,恒生电子
2023-08-10,39.74,40.2,39.13,40.09,20621788.0,832046606.0,1900006442.0,0.010853535832380088,600570,恒生电子
2023-08-11,40.5,40.5,38.63,38.66,28326293.0,1133852753.0,1900006442.0,0.014908524715412517,600570,恒生电子
2023-08-14,37.66,38.64,37.52,38.3,24138147.0,938828385.0,1900006442.0,0.012704244820660456,600570,恒生电子
2023-08-15,38.14,38.43,37.64,38.18,17911826.0,693894838.0,1900006442.0,0.009427244878783417,600570,恒生电子
2023-08-16,37.84,38.48,37.23,37.48,18648579.0,717463758.0,1900006442.0,0.009815008300903434,600570,恒生电子
2023-08-17,37.28,37.46,36.83,37.27,17998988.0,681353583.0,1900006442.0,0.009473119460086546,600570,恒生电子
2023-08-18,37.18,37.71,36.49,36.52,16575038.0,623744279.0,1900006442.0,0.008723674632677904,600570,恒生电子
2023-08-21,36.37,36.83,35.67,36.08,17136249.0,634949702.0,1900006442.0,0.009019047841733581,600570,恒生电子
2023-08-22,36.17,36.53,35.2,36.01,25040669.0,912477111.0,1900006442.0,0.013179254789074026,600570,恒生电子
2023-08-23,35.85,35.9,34.4,34.44,30021114.0,1069246310.0,1900006442.0,0.015800532743667405,600570,恒生电子
2023-08-24,34.71,35.29,34.18,34.63,22920274.0,811428545.0,1900006442.0,0.01206326120445859,600570,恒生电子
2023-08-25,34.38,34.6,33.25,33.5,25334369.0,872822228.0,1900006442.0,0.013333833212340235,600570,恒生电子
2023-08-28,36.86,36.86,34.7,34.79,50990364.0,1874494686.0,1900006442.0,0.026836942692850092,600570,恒生电子
2023-08-29,34.67,35.5,34.24,34.99,38758226.0,1378361375.0,1900006442.0,0.020398997152452813,600570,恒生电子
2023-08-30,35.04,35.64,34.88,35.29,26422192.0,951718290.0,1900006442.0,0.013906369692192866,600570,恒生电子
2023-08-31,35.3,35.88,35.06,35.31,23242413.0,841052176.0,1900006442.0,0.012232807471712773,600570,恒生电子
2023-09-01,35.35,36.0,35.24,35.48,17523662.0,635684740.0,1900006442.0,0.009222948729349624,600570,恒生电子
2023-09-04,35.65,35.7,34.82,35.53,22238408.0,800351565.0,1900006442.0,0.011704385579130578,600570,恒生电子
2023-09-05,35.37,35.44,34.76,34.76,19802837.0,706388053.0,1900006442.0,0.01042251045167772,600570,恒生电子
2023-09-06,34.52,34.62,34.15,34.46,15190231.0,532935643.0,1900006442.0,0.00799483131436667,600570,恒生电子
2023-09-07,34.49,34.49,33.44,33.57,18896151.0,651278819.0,1900006442.0,0.009945308911747363,600570,恒生电子
2023-09-08,33.38,33.64,32.94,33.33,12030572.0,407303970.0,1900006442.0,0.00633185853166702,600570,恒生电子
2023-09-11,33.35,33.89,33.05,33.52,21972470.0,748851167.0,1900006442.0,0.011564418685270963,600570,恒生电子
2023-09-12,33.33,33.45,32.95,32.96,16977716.0,574004091.0,1900006442.0,0.008935609703580153,600570,恒生电子
2023-09-13,32.95,33.02,31.88,32.26,21418558.0,705522274.0,1900006442.0,0.011272887042137723,600570,恒生电子
2023-09-14,32.44,32.46,31.4,31.62,17039142.0,552494343.0,1900006442.0,0.008967939067650803,600570,恒生电子
2023-09-15,31.68,32.07,31.29,31.48,19823102.0,638993298.0,1900006442.0,0.010433176204988888,600570,恒生电子
2023-09-18,31.73,32.46,31.56,32.05,23127231.0,757409915.0,1900006442.0,0.012172185571989761,600570,恒生电子
2023-09-19,32.09,32.22,31.33,31.42,17326858.0,557462680.0,1900006442.0,0.00911936802791114,600570,恒生电子
2023-09-20,31.42,32.2,31.39,31.44,15356496.0,496806776.0,1900006442.0,0.008082338912406698,600570,恒生电子
2023-09-21,31.39,31.8,31.12,31.53,15046834.0,484048984.0,1900006442.0,0.007919359464992804,600570,恒生电子
2023-09-22,31.39,32.3,31.32,32.19,27461934.0,895834584.0,1900006442.0,0.014453600468371465,600570,恒生电子
2023-09-25,32.32,32.35,31.53,31.81,21885749.0,708127366.0,1900006442.0,0.011518776208444034,600570,恒生电子
2023-09-26,31.82,32.44,31.69,31.98,17898849.0,585434993.0,1900006442.0,0.009420414901940632,600570,恒生电子
2023-09-27,31.79,32.13,31.64,31.86,15253972.0,495241897.0,1900006442.0,0.008028379095358877,600570,恒生电子
2023-09-28,31.92,31.96,31.56,31.83,15114088.0,489038399.0,1900006442.0,0.00795475618708455,600570,恒生电子
2023-10-09,31.76,31.77,31.2,31.32,19069952.0,609896212.0,1900006442.0,0.010036782812129013,600570,恒生电子
2023-10-10,31.36,31.99,31.2,31.21,22387042.0,719015364.0,1900006442.0,0.011782613734948589,600570,恒生电子
2023-10-11,31.44,32.26,31.1,31.81,27902117.0,906298542.0,1900006442.0,0.014685274946030946,600570,恒生电子
2023-10-12,32.44,32.46,31.56,31.74,22508246.0,731576522.0,1900006442.0,0.011846405097609664,600570,恒生电子
2023-10-13,31.48,31.49,30.79,31.2,23023835.0,728561010.0,1900006442.0,0.012117766809129587,600570,恒生电子
2023-10-16,31.17,31.17,30.39,30.51,17185351.0,536962555.0,1900006442.0,0.009044890912006708,600570,恒生电子
2023-10-17,30.69,31.11,30.5,30.89,15292730.0,480645107.0,1900006442.0,0.008048777973564365,600570,恒生电子
2023-10-18,30.54,30.66,29.82,30.34,18473975.0,570351027.0,1900006442.0,0.009723111770375777,600570,恒生电子
2023-10-19,30.0,30.61,29.89,29.92,17247241.0,531225366.0,1900006442.0,0.009077464485775675,600570,恒生电子
2023-10-20,29.82,29.99,29.2,29.35,19408841.0,583463211.0,1900006442.0,0.010215144838966815,600570,恒生电子
2023-10-23,29.23,29.72,28.89,29.23,17343950.0,517589538.0,1900006442.0,0.009128363786884466,600570,恒生电子
2023-10-24,29.23,30.34,28.86,30.11,32688334.0,992425488.0,1900006442.0,0.017204327984062698,600570,恒生电子
2023-10-25,30.36,30.93,30.06,30.27,25806330.0,801685128.0,1900006442.0,0.013582232896450358,600570,恒生电子
2023-10-26,30.12,30.39,29.62,29.97,19475612.0,593710568.0,1900006442.0,0.010250287351394148,600570,恒生电子
2023-10-27,30.08,30.66,29.33,30.53,31441137.0,961790291.0,1900006442.0,0.01654791073597844,600570,恒生电子
2023-10-30,30.27,31.39,30.21,31.07,29933427.0,945214620.0,1900006442.0,0.015754381847511652,600570,恒生电子
2023-10-31,31.2,31.26,30.25,30.52,21796383.0,679378638.0,1900006442.0,0.011471741631073902,600570,恒生电子
2023-11-01,30.83,30.85,30.16,30.21,17018107.0,527927567.0,1900006442.0,0.008956868052555793,600570,恒生电子
2023-11-02,30.27,30.62,29.71,29.72,16224519.0,497833434.0,1900006442.0,0.008539191573962043,600570,恒生电子
2023-11-03,29.83,30.9,29.74,30.7,27920408.0,870157269.0,1900006442.0,0.014694901755496259,600570,恒生电子
2023-11-06,31.12,32.13,31.04,31.92,39820198.0,1289885198.0,1900006442.0,0.020957927888962388,600570,恒生电子
2023-11-07,31.84,32.15,31.53,32.01,22245724.0,723542475.0,1900006442.0,0.011708236092391102,600570,恒生电子
2023-11-08,32.05,32.6,31.7,32.13,25351949.0,830898662.0,1900006442.0,0.013343085812547997,600570,恒生电子
2023-11-09,32.06,32.25,31.78,32.0,15668884.0,511485701.0,1900006442.0,0.008246753091798202,600570,恒生电子
2023-11-10,31.89,32.2,31.61,31.97,19336887.0,630154309.0,1900006442.0,0.010177274441051605,600570,恒生电子
2023-11-13,32.69,33.42,32.37,32.78,36305130.0,1221722047.0,1900006442.0,0.019107898372062466,600570,恒生电子
2023-11-14,32.67,33.43,32.47,33.15,27454035.0,927183688.0,1900006442.0,0.01444944311404603,600570,恒生电子
2023-11-15,33.55,33.68,32.8,32.86,24049048.0,813630374.0,1900006442.0,0.012657350769129655,600570,恒生电子
2023-11-16,32.71,33.12,32.48,32.51,15753323.0,526335592.0,1900006442.0,0.008291194520065737,600570,恒生电子
2023-11-17,32.27,32.77,31.73,31.88,30080536.0,981785919.0,1900006442.0,0.01583180737447205,600570,恒生电子
2023-11-20,31.88,32.46,31.48,32.13,23775974.0,774430652.0,1900006442.0,0.012513628098530415,600570,恒生电子
2023-11-21,32.25,32.41,31.7,31.83,16002672.0,523142480.0,1900006442.0,0.008422430390896537,600570,恒生电子
2023-11-22,31.68,32.03,31.27,31.35,14084251.0,452614634.0,1900006442.0,0.0074127385511253965,600570,恒生电子
2023-11-23,31.21,31.37,30.61,31.23,16521114.0,522071776.0,1900006442.0,0.008695293676272704,600570,恒生电子
2023-11-24,31.24,31.24,30.47,30.53,15131781.0,473245682.0,1900006442.0,0.007964068260774875,600570,恒生电子
2023-11-27,30.45,30.59,30.02,30.21,12743175.0,393216883.0,1900006442.0,0.006706911470566478,600570,恒生电子
2023-11-28,30.2,30.43,29.93,30.25,11308551.0,348232778.0,1900006442.0,0.005951848767468547,600570,恒生电子
2023-11-29,30.25,30.39,29.72,29.77,13396144.0,409336082.0,1900006442.0,0.007050578200092229,600570,恒生电子
2023-11-30,29.73,29.91,29.27,29.45,13359883.0,402284888.0,1900006442.0,0.007031493527957206,600570,恒生电子
2023-12-01,29.44,30.33,29.37,30.17,18677952.0,567871098.0,1900006442.0,0.009830467722172071,600570,恒生电子
2023-12-04,30.02,30.27,29.83,29.99,17071708.0,522299785.0,1900006442.0,0.00898507900953738,600570,恒生电子
2023-12-05,29.9,29.91,28.83,28.83,23884797.0,711773352.0,1900006442.0,0.012570903167495682,600570,恒生电子
2023-12-06,28.84,28.93,28.18,28.58,25641271.0,746778043.0,1900006442.0,0.01349536003310035,600570,恒生电子
2023-12-07,28.54,28.81,28.15,28.58,20065763.0,582770991.0,1900006442.0,0.010560892087754301,600570,恒生电子
2023-12-08,28.51,29.17,28.48,28.89,22322371.0,657451683.0,1900006442.0,0.01174857648193174,600570,恒生电子
2023-12-11,28.82,29.81,28.33,29.63,27356704.0,810202572.0,1900006442.0,0.014398216445626135,600570,恒生电子
2023-12-12,29.59,29.66,28.99,29.15,22322928.0,664476820.0,1900006442.0,0.011748869638832518,600570,恒生电子
2023-12-13,29.21,29.58,28.77,28.78,23586296.0,701452200.0,1900006442.0,0.012413797910691506,600570,恒生电子
2023-12-14,29.03,29.3,28.59,28.61,15548213.0,458627579.0,1900006442.0,0.008183242254501788,600570,恒生电子
2023-12-15,28.76,28.8,28.16,28.22,18555582.0,536890405.0,1900006442.0,0.009766062677381174,600570,恒生电子
2023-12-18,28.0,28.62,27.76,27.94,16045350.0,459751589.0,1900006442.0,0.008444892420001595,600570,恒生电子
2023-12-19,27.93,28.26,27.73,28.11,15010100.0,428294273.0,1900006442.0,0.00790002584633342,600570,恒生电子
2023-12-20,28.0,28.07,26.87,26.88,30614280.0,850283899.0,1900006442.0,0.016112724316752605,600570,恒生电子
2023-12-21,26.73,27.59,26.59,27.46,27835169.0,774861069.0,1900006442.0,0.014650039276024727,600570,恒生电子
2023-12-22,27.4,27.59,26.95,27.14,21453115.0,596098541.0,1900006442.0,0.011291074875208239,600570,恒生电子
2023-12-25,27.13,27.46,26.81,26.92,17108537.0,471487136.0,1900006442.0,0.009004462628027237,600570,恒生电子
2023-12-26,26.83,27.04,26.32,26.48,13635263.0,367967894.0,1900006442.0,0.007176429878651959,600570,恒生电子
2023-12-27,26.51,26.68,26.16,26.51,20016895.0,539641539.0,1900006442.0,0.010535172174958342,600570,恒生电子
2023-12-28,26.42,28.33,26.07,28.02,39723891.0,1111124254.0,1900006442.0,0.020907240166083606,600570,恒生电子
2023-12-29,28.0,28.49,27.86,28.21,24618692.0,707055690.0,1900006442.0,0.012957162384189432,600570,恒生电子
2024-01-02,28.59,28.64,27.6,27.64,22137055.0,629192256.0,1900006442.0,0.011651042075782604,600570,恒生电子
2024-01-03,27.63,27.63,26.2,26.72,36639075.0,997004085.0,1900006442.0,0.019283658302459587,600570,恒生电子
2024-01-04,26.49,26.53,25.21,25.48,48526760.0,1267384435.0,1900006442.0,0.025540313404895286,600570,恒生电子
2024-01-05,25.47,25.79,25.13,25.34,24727411.0,642962365.0,1900006442.0,0.01301438271649818,600570,恒生电子
2024-01-08,25.11,25.27,24.5,24.54,27854848.0,700888893.0,1900006442.0,0.01466039660932897,600570,恒生电子
2024-01-09,24.64,24.99,24.23,24.51,21716931.0,544619170.0,1900006442.0,0.011429924930749262,600570,恒生电子
2024-01-10,24.42,24.62,23.96,24.22,19185105.0,474852371.0,1900006442.0,0.010097389448745879,600570,恒生电子
2024-01-11,24.13,24.64,24.13,24.54,23927882.0,595109020.0,1900006442.0,0.012593579406400771,600570,恒生电子
2024-01-12,24.4,24.59,24.23,24.31,18704098.0,465207997.0,1900006442.0,0.009844228728146597,600570,恒生电子
2024-01-15,24.18,24.51,23.97,24.13,17472106.0,430619940.0,1900006442.0,0.009195814084508246,600570,恒生电子
2024-01-16,24.02,24.21,23.68,24.2,20670621.0,503714051.0,1900006442.0,0.010879237324185873,600570,恒生电子
2024-01-17,24.06,24.08,23.44,23.44,20759325.0,502348016.0,1900006442.0,0.010925923481684701,600570,恒生电子
2024-01-18,23.24,24.14,23.01,24.04,31140685.0,744020454.0,1900006442.0,0.016389778640550526,600570,恒生电子
2024-01-19,23.92,24.02,23.63,23.7,17290010.0,419539971.0,1900006442.0,0.009099974409455187,600570,恒生电子
2024-01-22,23.59,23.8,22.56,22.75,26322933.0,622031140.0,1900006442.0,0.013854128290371344,600570,恒生电子
2024-01-23,22.75,23.6,22.62,23.44,26131144.0,617041579.0,1900006442.0,0.013753187053667895,600570,恒生电子
2024-01-24,23.82,24.27,22.76,24.03,35242012.0,844791620.0,1900006442.0,0.01854836447970317,600570,恒生电子
2024-01-25,23.83,24.38,23.41,24.21,41444136.0,1011320241.0,1900006442.0,0.021812629201601413,600570,恒生电子
2024-01-26,24.02,24.26,23.74,23.82,26057008.0,637590863.0,1900006442.0,0.013714168238593793,600570,恒生电子
2024-01-29,23.83,23.83,22.22,22.27,57045473.0,1313780978.0,1900006442.0,0.030023831361304404,600570,恒生电子
2024-01-30,22.11,22.52,21.52,21.55,30476542.0,681010554.0,1900006442.0,0.01604023087833299,600570,恒生电子
2024-01-31,21.5,21.68,20.39,20.64,44442217.0,946837603.0,1900006442.0,0.023390561220002434,600570,恒生电子
2024-02-01,20.57,21.24,20.25,20.63,36212421.0,765306848.0,1900006442.0,0.019059104326973646,600570,恒生电子
2024-02-02,20.72,21.01,18.96,19.67,44617088.0,904256475.0,1900006442.0,0.023482598276369424,600570,恒生电子
2024-02-05,19.55,19.66,18.24,18.93,48087492.0,928524316.0,1900006442.0,0.025309120504550375,600570,恒生电子
2024-02-06,18.83,20.36,18.66,20.24,48339811.0,968268654.0,1900006442.0,0.025441919527976,600570,恒生电子
2024-02-07,20.24,20.95,20.18,20.5,46555725.0,976874708.0,1900006442.0,0.024502930080065488,600570,恒生电子
2024-02-08,20.68,21.37,20.58,21.33,46609367.0,1000622933.0,1900006442.0,0.024531162615921278,600570,恒生电子
2024-02-19,21.81,22.01,21.19,21.84,44685032.0,983413661.0,1900006442.0,0.023518358155124614,600570,恒生电子
2024-02-20,21.63,21.71,21.34,21.65,27026618.0,593054004.0,1900006442.0,0.01422448756097428,600570,恒生电子
2024-02-21,21.48,23.0,21.34,22.21,47961589.0,1090464068.0,1900006442.0,0.02524285599237984,600570,恒生电子
2024-02-22,22.24,22.81,22.17,22.73,35950180.0,826746757.0,1900006442.0,0.018921083215990484,600570,恒生电子
2024-02-23,22.75,22.86,22.46,22.81,32268056.0,746553385.0,1900006442.0,0.016983129786672588,600570,恒生电子
2024-02-26,22.78,23.21,22.55,22.82,31923427.0,742651961.0,1900006442.0,0.01680174671744613,600570,恒生电子
2024-02-27,22.67,23.91,22.64,23.91,51405614.0,1224899074.0,1900006442.0,0.0270554945834231,600570,恒生电子
2024-02-28,24.05,24.76,22.85,22.85,65675500.0,1603288126.0,1900006442.0,0.034565935434865226,600570,恒生电子
2024-02-29,22.62,24.16,22.62,23.95,48139920.0,1157357285.0,1900006442.0,0.025336714095204105,600570,恒生电子
2024-03-01,23.93,24.91,23.78,24.75,63115605.0,1570356652.0,1900006442.0,0.03321862684505572,600570,恒生电子
2024-03-04,25.01,25.06,24.09,24.31,46859005.0,1166245244.0,1900006442.0,0.02466255059149952,600570,恒生电子
2024-03-05,24.14,24.26,23.61,23.86,39152696.0,956325165.0,1900006442.0,0.020606612238002087,600570,恒生电子
2024-03-06,23.69,24.0,23.19,23.65,34330008.0,825185740.0,1900006442.0,0.018068364001894262,600570,恒生电子
2024-03-07,23.76,23.82,22.78,22.8,36359759.0,859795700.0,1900006442.0,0.019136650379841184,600570,恒生电子
2024-03-08,22.8,23.9,22.54,23.56,37790901.0,889767771.0,1900006442.0,0.019889880457573735,600570,恒生电子
2024-03-11,23.29,23.79,23.0,23.78,35422803.0,846181138.0,1900006442.0,0.018643517314979714,600570,恒生电子
2024-03-12,23.78,24.07,23.64,24.03,36416268.0,886522081.0,1900006442.0,0.01916639185794929,600570,恒生电子
2024-03-13,24.06,24.42,23.85,23.97,42040867.0,1033169552.0,1900006442.0,0.022126697084114414,600570,恒生电子
2024-03-14,23.94,23.94,23.23,23.65,38167188.0,917302340.0,1900006442.0,0.020087925575570233,600570,恒生电子
2024-03-15,23.52,23.69,23.01,23.62,31853622.0,756784298.0,1900006442.0,0.016765007368327648,600570,恒生电子
2024-03-18,23.58,24.5,23.56,24.5,50806133.0,1251205643.0,1900006442.0,0.026739979337396372,600570,恒生电子
2024-03-19,24.47,24.58,24.14,24.17,31153237.0,773788458.0,1900006442.0,0.016396384933941188,600570,恒生电子
2024-03-20,24.17,24.72,24.1,24.48,39098388.0,973575819.0,1900006442.0,0.02057802917701897,600570,恒生电子
2024-03-21,24.7,25.79,24.67,24.94,75761913.0,1948226095.0,1900006442.0,0.03987455585690062,600570,恒生电子
2024-03-22,24.86,24.91,23.95,24.39,53486341.0,1330275150.0,1900006442.0,0.028150610344088507,600570,恒生电子
2024-03-25,24.69,24.77,23.42,23.47,41508172.0,1017318961.0,1900006442.0,0.021846332245225093,600570,恒生电子
2024-03-26,23.34,23.57,22.74,22.98,32720570.0,771269604.0,1900006442.0,0.01722129424232763,600570,恒生电子
2024-03-27,22.9,22.95,21.6,21.66,38917370.0,879473915.0,1900006442.0,0.020482756868463292,600570,恒生电子
2024-03-28,21.58,22.49,21.49,22.3,32955688.0,745467109.0,1900006442.0,0.017345040138553383,600570,恒生电子
2024-03-29,22.3,22.3,21.77,22.13,21714114.0,486972405.0,1900006442.0,0.011428442304197197,600570,恒生电子
2024-04-01,22.31,22.83,22.27,22.82,27231015.0,626160833.0,1900006442.0,0.01433206456465267,600570,恒生电子
2024-04-02,22.75,22.77,22.34,22.48,23176709.0,532097651.0,1900006442.0,0.012198226536328764,600570,恒生电子
2024-04-03,22.42,22.64,21.77,21.8,39972072.0,900291051.0,1900006442.0,0.021037861302156576,600570,恒生电子
2024-04-08,21.58,21.65,20.95,20.96,39526854.0,857071983.0,1900006442.0,0.020803536833481958,600570,恒生电子
2024-04-09,21.09,21.26,20.85,21.11,20885659.0,447984860.0,1900006442.0,0.010992414835191385,600570,恒生电子
2024-04-10,21.04,21.05,20.3,20.46,26683343.0,559374670.0,1900006442.0,0.014043817120910582,600570,恒生电子
2024-04-11,20.34,20.79,20.28,20.47,21538741.0,452194222.0,1900006442.0,0.011336141038199701,600570,恒生电子
2024-04-12,20.47,20.66,20.07,20.13,20013324.0,413550017.0,1894144775.0,0.01056588929428586,600570,恒生电子
2024-04-15,20.21,20.97,19.97,20.62,32964261.0,689440926.0,1894144775.0,0.017403242579490788,600570,恒生电子
2024-04-16,20.58,20.97,20.01,20.07,26463104.0,550578995.0,1894144775.0,0.013971003879574095,600570,恒生电子
2024-04-17,20.19,20.69,20.19,20.63,29192074.0,610107096.0,1894144775.0,0.015411743804007802,600570,恒生电子
2024-04-18,20.5,21.14,20.2,20.59,33934473.0,715716791.0,1894144775.0,0.017915458970130728,600570,恒生电子
2024-04-19,20.38,20.43,19.83,19.92,31528338.0,645347866.0,1894144775.0,0.016645157443152675,600570,恒生电子
2024-04-22,19.62,20.35,19.35,20.18,30002123.0,613298865.0,1894144775.0,0.015839403300098854,600570,恒生电子
2024-04-23,20.18,20.39,20.03,20.16,17126858.0,352321183.0,1894144775.0,0.009042000498615529,600570,恒生电子
2024-04-24,20.24,20.39,20.05,20.38,20752192.0,428417427.0,1894144775.0,0.01095596929754221,600570,恒生电子
2024-04-25,21.01,21.03,20.01,20.06,36091086.0,747059691.0,1894144775.0,0.01905402716642924,600570,恒生电子
2024-04-26,20.16,21.17,20.12,21.1,54998638.0,1157447856.0,1894144775.0,0.029036132150986188,600570,恒生电子
2024-04-29,20.99,22.04,20.92,21.82,56257858.0,1242035728.0,1894144775.0,0.02970092821970274,600570,恒生电子
2024-04-30,21.38,21.38,20.18,20.21,81058988.0,1695308051.0,1894144775.0,0.04279450497652694,600570,恒生电子
2024-05-06,20.64,21.35,20.6,20.8,57253094.0,1222742779.0,1894144775.0,0.030226355849700032,600570,恒生电子
2024-05-07,20.79,21.08,20.58,20.87,26998481.0,574211943.0,1894144775.0,0.014253652284841848,600570,恒生电子
2024-05-08,20.73,20.73,20.32,20.39,28968178.0,604966270.0,1894144775.0,0.01529353953422066,600570,恒生电子
2024-05-09,20.37,21.06,20.36,20.84,29132252.0,617090722.0,1894144775.0,0.015380161212861884,600570,恒生电子
2024-05-10,20.83,21.02,20.47,20.69,21406506.0,451080714.0,1894144775.0,0.011301409629578077,600570,恒生电子
2024-05-13,20.5,20.96,20.28,20.43,29605321.0,619960250.0,1894144775.0,0.015629914561309074,600570,恒生电子
2024-05-14,20.43,20.62,20.35,20.53,18205547.0,380163504.0,1894144775.0,0.009611486534866376,600570,恒生电子
2024-05-15,20.55,20.56,20.11,20.17,20706882.0,427517939.0,1894144775.0,0.010932048211573479,600570,恒生电子
2024-05-16,20.26,20.72,20.09,20.51,31887864.0,666542040.0,1894144775.0,0.016834966588021236,600570,恒生电子
2024-05-17,20.43,20.88,20.36,20.85,24995585.0,527389095.0,1894144775.0,0.013196237864130529,600570,恒生电子
2024-05-20,20.85,21.58,20.74,21.29,37478461.0,812781860.0,1894144775.0,0.019786481738176535,600570,恒生电子
2024-05-21,21.24,21.31,20.83,20.89,21006620.0,451036554.0,1894144775.0,0.011090292715349595,600570,恒生电子
2024-05-22,20.88,21.09,20.67,21.0,16178907.0,344275104.0,1894144775.0,0.00854153664151675,600570,恒生电子
2024-05-23,20.94,21.02,20.46,20.5,21692339.0,456086427.0,1894144775.0,0.011452313089425807,600570,恒生电子
2024-05-24,20.42,20.55,19.79,19.86,28021348.0,574227581.0,1894144775.0,0.014793667500943797,600570,恒生电子
2024-05-27,19.93,19.98,19.42,19.91,21935738.0,439187230.0,1894144775.0,0.011580813826651661,600570,恒生电子
2024-05-28,19.86,19.93,19.6,19.72,12924629.0,260370033.0,1894144775.0,0.0068234641673575345,600570,恒生电子
2024-05-29,19.63,19.91,19.54,19.67,12411545.0,249185491.0,1894144775.0,0.006552585189798916,600570,恒生电子
2024-05-30,19.65,19.73,19.45,19.65,10437881.0,208390948.0,1894144775.0,0.00551060359153381,600570,恒生电子
2024-05-31,19.7,19.89,19.65,19.68,14233847.0,286474868.0,1894144775.0,0.007514656317651326,600570,恒生电子
2024-06-03,19.61,19.67,19.1,19.27,20944660.0,413048012.0,1894144775.0,0.011057581382605772,600570,恒生电子
2024-06-04,19.27,19.47,19.11,19.45,14778783.0,290256638.0,1894144775.0,0.007802351327659207,600570,恒生电子
2024-06-05,19.35,19.83,19.33,19.5,16749360.0,335506731.0,1894144775.0,0.008842703166657364,600570,恒生电子
2024-06-06,19.56,19.62,18.93,19.02,18697883.0,365440757.0,1894144775.0,0.009871411756263456,600570,恒生电子
2024-06-07,19.13,19.29,18.83,19.02,12439067.0,241453678.0,1894144775.0,0.006567115230143905,600570,恒生电子
2024-06-11,18.82,19.24,18.76,19.14,12314694.0,237755530.0,1894144775.0,0.006501453406590845,600570,恒生电子
2024-06-12,19.14,19.28,19.09,19.14,12624127.0,245189897.0,1894144775.0,0.006664816315320987,600570,恒生电子
2024-06-13,19.14,19.2,18.89,18.95,12095211.0,232651338.0,1894144775.0,0.0063855789481561676,600570,恒生电子
2024-06-14,18.92,19.29,18.71,19.26,18353926.0,353672820.0,1894144775.0,0.009689822152058044,600570,恒生电子
2024-06-17,19.07,19.25,18.88,18.97,17573991.0,338377985.0,1894144775.0,0.009278061123918048,600570,恒生电子
2024-06-18,18.97,19.34,18.89,19.13,15795892.0,306370320.0,1894144775.0,0.008339326649410946,600570,恒生电子
2024-06-19,19.21,19.22,18.73,18.79,15668884.0,299813742.0,1894144775.0,0.0082722736967136,600570,恒生电子
2024-06-20,18.64,18.69,17.9,17.91,32248716.0,594061576.0,1894144775.0,0.017025475784975305,600570,恒生电子
2024-06-21,17.85,18.07,17.65,17.99,16860571.0,305265923.0,1894144775.0,0.008901416207744733,600570,恒生电子
2024-06-24,17.87,17.9,17.42,17.43,18342543.0,328019714.0,1894144775.0,0.009683812579743278,600570,恒生电子
2024-06-25,17.42,17.56,16.98,17.17,21847393.0,380909578.0,1894144775.0,0.011534172724468751,600570,恒生电子
2024-06-26,17.08,17.95,17.03,17.89,19905918.0,353252088.0,1894144775.0,0.010509185075359405,600570,恒生电子
2024-06-27,17.76,18.03,17.63,17.69,13132599.0,236637955.0,1894144775.0,0.006933260420920043,600570,恒生电子
2024-06-28,17.67,17.95,17.38,17.44,17790781.0,318552996.0,1894144775.0,0.009392513832528983,600570,恒生电子
2024-07-01,17.28,17.44,16.81,17.24,19612505.0,339218689.0,1894144775.0,0.010354279809472325,600570,恒生电子
2024-07-02,17.24,17.52,17.07,17.11,15010008.0,263030196.0,1894144775.0,0.007924424889855635,600570,恒生电子
2024-07-03,17.05,17.16,16.8,16.93,13418524.0,230308808.0,1894144775.0,0.007084212451500704,600570,恒生电子
2024-07-04,16.92,17.03,16.38,16.39,21574672.0,363056328.0,1894144775.0,0.01139019164994925,600570,恒生电子
2024-07-05,16.4,16.68,16.24,16.58,16202568.0,270995131.0,1894144775.0,0.008554028294906866,600570,恒生电子
2024-07-08,16.5,16.58,16.1,16.16,13998727.0,230890927.0,1894144775.0,0.007390526418446552,600570,恒生电子
2024-07-09,16.18,16.45,15.93,16.33,17179223.0,282442751.0,1894144775.0,0.009069646220680254,600570,恒生电子
2024-07-10,15.95,16.57,15.71,16.13,22011850.0,361096796.0,1894144775.0,0.011620996605182938,600570,恒生电子
2024-07-11,16.43,16.79,16.25,16.63,19058914.0,319896452.0,1894144775.0,0.010062015454969644,600570,恒生电子
2024-07-12,16.65,16.7,16.49,16.51,10489550.0,175862215.0,1894144775.0,0.005537881865445053,600570,恒生电子
2024-07-15,16.49,16.55,16.25,16.29,11028455.0,182435784.0,1894144775.0,0.005822392852732178,600570,恒生电子
2024-07-16,16.26,16.67,16.07,16.62,14733699.0,245498929.0,1894144775.0,0.007778549556751806,600570,恒生电子
2024-07-17,16.61,16.86,16.56,16.73,14026297.0,237851269.0,1894144775.0,0.007405081800043505,600570,恒生电子
2024-07-18,16.66,16.87,16.44,16.8,13620090.0,229357692.0,1894144775.0,0.007190627759696985,600570,恒生电子
2024-07-19,16.76,17.4,16.69,17.27,24855823.0,432810471.0,1894144775.0,0.013122451529609187,600570,恒生电子
2024-07-22,17.47,17.77,17.21,17.54,22077797.0,391580747.0,1894144775.0,0.01165581284566804,600570,恒生电子
2024-07-23,17.59,17.59,17.1,17.1,14589282.0,256286440.0,1894144775.0,0.007702305648732684,600570,恒生电子
2024-07-24,17.1,17.17,16.8,16.86,13074371.0,224415034.0,1894144775.0,0.006902519370516438,600570,恒生电子
2024-07-25,16.77,17.46,16.77,17.21,15466199.0,268847426.0,1894144775.0,0.008165267620580903,600570,恒生电子
2024-07-26,17.22,17.46,17.1,17.21,11513241.0,201130206.0,1894144775.0,0.006078332106372386,600570,恒生电子
2024-07-29,17.21,17.27,16.93,17.05,10116295.0,175096765.0,1894144775.0,0.005340824594571975,600570,恒生电子
2024-07-30,17.03,17.19,16.89,17.1,8125179.0,140432017.0,1894144775.0,0.004289629339446875,600570,恒生电子
2024-07-31,17.1,18.17,17.08,18.09,29631856.0,534739552.0,1894144775.0,0.015643923522160548,600570,恒生电子
2024-08-01,18.01,18.15,17.85,17.9,14622282.0,266337504.0,1894144775.0,0.007719727759458091,600570,恒生电子
2024-08-02,17.84,18.05,17.57,17.6,12062945.0,217338071.0,1894144775.0,0.006368544347408714,600570,恒生电子
2024-08-05,17.46,18.0,17.3,17.41,17217690.0,306968788.0,1894144775.0,0.009089954594415837,600570,恒生电子
2024-08-06,17.63,17.73,17.26,17.45,14485990.0,255899524.0,1894144775.0,0.007647773386276664,600570,恒生电子
2024-08-07,17.45,17.57,17.22,17.27,10261554.0,180281073.0,1894144775.0,0.0054175130303859695,600570,恒生电子
2024-08-08,17.14,17.32,16.78,17.04,15230805.0,262639957.0,1894144775.0,0.008040993065062833,600570,恒生电子
2024-08-09,17.18,17.21,16.76,16.76,10332848.0,177450566.0,1894144775.0,0.005455152180751337,600570,恒生电子
2024-08-12,16.67,16.81,16.44,16.52,10019077.0,168105139.0,1894144775.0,0.005289499056374928,600570,恒生电子
2024-08-13,16.52,16.67,16.4,16.65,9125415.0,152889250.0,1894144775.0,0.004817696683190439,600570,恒生电子
2024-08-14,16.58,16.7,16.26,16.28,11955606.0,198688318.0,1894144775.0,0.006311875500646459,600570,恒生电子
2024-08-15,16.25,16.69,16.17,16.37,16722809.0,278187972.0,1894144775.0,0.0088286857587219,600570,恒生电子
2024-08-16,16.39,16.47,16.19,16.19,10572171.0,174334922.0,1894144775.0,0.0055815010233312284,600570,恒生电子
2024-08-19,16.19,16.47,16.13,16.22,11166643.0,184377450.0,1894144775.0,0.005895348205366192,600570,恒生电子
2024-08-20,16.21,16.24,15.75,15.79,14446198.0,232764465.0,1894144775.0,0.00762676548839832,600570,恒生电子
2024-08-21,15.74,15.89,15.6,15.63,9984881.0,159055128.0,1894144775.0,0.0052714455261214125,600570,恒生电子
2024-08-22,15.7,15.77,15.14,15.17,15732666.0,244771637.0,1894144775.0,0.008305946941146565,600570,恒生电子
2024-08-23,15.17,15.62,15.17,15.5,13938293.0,217754904.0,1894144775.0,0.007358620726338091,600570,恒生电子
2024-08-26,15.55,15.82,15.29,15.38,15185917.0,238646908.0,1894144775.0,0.008017294770934286,600570,恒生电子
2024-08-27,15.33,15.35,15.09,15.15,11067049.0,169993446.0,1894144775.0,0.0058427682751969155,600570,恒生电子
2024-08-28,15.16,15.39,15.04,15.35,10824356.0,166919065.0,1894144775.0,0.005714640265552035,600570,恒生电子
2024-08-29,15.29,15.73,15.25,15.59,11025398.0,174009395.0,1894144775.0,0.005820778931747706,600570,恒生电子
2024-08-30,15.55,16.33,15.5,16.12,21214644.0,345404148.0,1894144775.0,0.011200117477820563,600570,恒生电子
2024-09-02,16.1,16.17,15.62,15.64,15804957.0,253392068.0,1894144775.0,0.00834411245043294,600570,恒生电子
2024-09-03,15.61,16.0,15.61,15.96,11598204.0,186368565.0,1894144775.0,0.006123187706177317,600570,恒生电子
2024-09-04,15.84,16.12,15.78,15.91,10372585.0,167804544.0,1894144775.0,0.005476131041778473,600570,恒生电子
2024-09-05,15.92,16.23,15.92,16.12,12656092.0,206415052.0,1894144775.0,0.006681692005300915,600570,恒生电子
2024-09-06,16.35,16.35,15.89,15.9,9970535.0,162257849.0,1894144775.0,0.005263871659440604,600570,恒生电子
2024-09-09,15.78,15.96,15.6,15.68,10448744.0,166807797.0,1894144775.0,0.005516338633618964,600570,恒生电子
2024-09-10,15.72,16.22,15.5,16.0,13949754.0,223694458.0,1894144775.0,0.007364671478187299,600570,恒生电子
2024-09-11,15.94,16.18,15.87,16.1,9727440.0,158454772.0,1894144775.0,0.005135531416810523,600570,恒生电子
2024-09-12,16.11,16.29,15.97,16.0,9056390.0,147780641.0,1894144775.0,0.00478125543492313,600570,恒生电子
2024-09-13,15.99,16.09,15.77,15.79,9162504.0,147177165.0,1894144775.0,0.0048372775518175475,600570,恒生电子
2024-09-18,15.73,15.87,15.47,15.72,8623053.0,136594835.0,1894144775.0,0.004552478307789329,600570,恒生电子
2024-09-19,15.86,16.35,15.67,16.27,18884068.0,308610364.0,1894144775.0,0.00996970677703345,600570,恒生电子
2024-09-20,16.31,16.47,16.14,16.42,19515812.0,322707227.0,1894144775.0,0.010303231441218636,600570,恒生电子
2024-09-23,16.43,16.5,16.2,16.22,13561375.0,224157746.0,1894144775.0,0.007159629601174493,600570,恒生电子
2024-09-24,16.47,17.4,16.3,17.33,45501260.0,781356119.0,1894144775.0,0.02402206029895471,600570,恒生电子
2024-09-25,17.77,18.15,17.57,17.67,50306341.0,910738144.0,1894144775.0,0.02655886797248642,600570,恒生电子
2024-09-26,17.72,18.77,17.58,18.66,50931704.0,938643311.0,1894144775.0,0.026889023833988612,600570,恒生电子
2024-09-27,19.74,20.53,19.59,20.53,58085691.0,1199596897.0,1894144775.0,0.03066591939890128,600570,恒生电子
2024-09-30,22.58,22.58,22.58,22.58,12354101.0,282538290.0,1894144775.0,0.006522258046510727,600570,恒生电子
2024-10-08,24.84,24.84,24.84,24.84,8202979.0,206386952.0,1894144775.0,0.004330703285338894,600570,恒生电子
2024-10-09,27.33,27.33,26.54,27.33,157534965.0,4354533695.0,1894144775.0,0.08316944252584917,600570,恒生电子
2024-10-10,27.65,27.77,24.69,25.14,248834295.0,6552922004.0,1894144775.0,0.13137026181116487,600570,恒生电子
2024-10-11,24.07,24.9,22.82,23.09,128719439.0,3074413624.0,1894144775.0,0.06795649450818773,600570,恒生电子
2024-10-14,23.22,25.2,22.21,24.63,126394387.0,3013665291.0,1894144775.0,0.0667290001631475,600570,恒生电子
2024-10-15,24.14,26.96,23.94,25.26,144015634.0,3746652353.0,1894144775.0,0.07603200974962433,600570,恒生电子
2024-10-16,24.53,26.11,24.3,25.26,90124031.0,2300212254.0,1894144775.0,0.04758032870005937,600570,恒生电子
2024-10-17,25.79,26.17,24.86,25.44,97513120.0,2532408279.0,1894144775.0,0.05148134466120732,600570,恒生电子
2024-10-18,25.18,27.98,24.77,27.75,162988798.0,4397889899.0,1894144775.0,0.0860487541138454,600570,恒生电子
2024-10-21,27.65,28.31,26.93,27.66,136329610.0,3810092453.0,1894144775.0,0.07197422910822643,600570,恒生电子
2024-10-22,27.6,27.6,26.17,26.76,94044622.0,2558281758.0,1894144775.0,0.04965017629130276,600570,恒生电子
2024-10-23,26.65,27.59,26.38,26.52,78354677.0,2135261273.0,1894144775.0,0.041366783592347106,600570,恒生电子
2024-10-24,26.19,26.74,25.73,25.97,59644934.0,1570259634.0,1894144775.0,0.03148911043507749,600570,恒生电子
2024-10-25,26.09,26.49,25.61,26.05,58012529.0,1526797301.0,1894144775.0,0.030627294051480305,600570,恒生电子
2024-10-28,25.96,26.31,25.67,26.14,47382859.0,1248254525.0,1894144775.0,0.02501543684800968,600570,恒生电子
2024-10-29,26.14,26.75,25.52,25.55,66675085.0,1757116238.0,1894144775.0,0.03520062768169344,600570,恒生电子
2024-10-30,25.26,25.78,25.06,25.54,47370316.0,1218560502.0,1894144775.0,0.025008814862105776,600570,恒生电子
2024-10-31,25.66,27.18,25.38,26.47,98647154.0,2640564188.0,1894144775.0,0.05208004968891568,600570,恒生电子
2024-11-01,26.21,26.81,25.41,25.5,72112786.0,1899466456.0,1894144775.0,0.03807142249725869,600570,恒生电子
2024-11-04,25.38,26.22,25.34,26.17,49807981.0,1302691679.0,1894144775.0,0.02629576242396783,600570,恒生电子
2024-11-05,26.88,28.78,26.44,28.78,141106094.0,4016927203.0,1894144775.0,0.0744959392029577,600570,恒生电子
2024-11-06,30.12,31.66,29.5,30.11,203375517.0,6301003512.0,1894144775.0,0.10737062957608401,600570,恒生电子
2024-11-07,29.33,32.47,28.72,32.19,176349407.0,5382686820.0,1894144775.0,0.093102390761023,600570,恒生电子
2024-11-08,33.1,33.36,31.19,31.26,136379647.0,4420809079.0,1894144775.0,0.07200064577957088,600570,恒生电子
2024-11-11,30.8,34.39,30.63,34.0,134604559.0,4391255754.0,1894144775.0,0.0710635009406818,600570,恒生电子
2024-11-12,34.56,36.83,33.81,33.9,163867171.0,5783443371.0,1894144775.0,0.08651248477033652,600570,恒生电子
2024-11-13,33.37,33.76,31.89,32.39,110895759.0,3653744720.0,1894144775.0,0.058546611887151025,600570,恒生电子
2024-11-14,32.09,32.74,31.14,31.26,77698347.0,2514169511.0,1894144775.0,0.04102027892772874,600570,恒生电子
2024-11-15,30.95,31.75,29.43,29.44,94799819.0,2929099724.0,1894144775.0,0.05004887707171169,600570,恒生电子
2024-11-18,29.55,30.19,28.3,28.93,72121179.0,2125329016.0,1894144775.0,0.03807585352075318,600570,恒生电子
2024-11-19,28.93,29.87,28.58,29.62,62369404.0,1845990821.0,1894144775.0,0.032927474617139546,600570,恒生电子
2024-11-20,29.59,30.9,29.35,30.24,68419616.0,2085614469.0,1894144775.0,0.036121640173993566,600570,恒生电子
2024-11-21,29.73,30.71,29.73,30.23,49452451.0,1512678457.0,1894144775.0,0.026108062938325294,600570,恒生电子
2024-11-22,30.12,30.39,28.54,28.6,64420594.0,1922078649.0,1894144775.0,0.03401038550498338,600570,恒生电子
2024-11-25,28.58,28.81,27.08,27.75,64546223.0,1811209774.0,1894144775.0,0.0340767104246295,600570,恒生电子
2024-11-26,27.75,28.43,27.48,27.73,34126009.0,963198202.0,1894144775.0,0.018016579012551985,600570,恒生电子
2024-11-27,27.73,28.62,27.17,28.62,49680619.0,1410685299.0,1894144775.0,0.02622852257953725,600570,恒生电子
2024-11-28,29.42,30.41,28.95,29.01,71510241.0,2147129808.0,1894144775.0,0.03775331323340899,600570,恒生电子
2024-11-29,28.84,31.3,28.78,30.29,89802834.0,2737571646.0,1894144775.0,0.04741075507282699,600570,恒生电子
2024-12-02,30.1,31.47,29.83,30.95,77227555.0,2421700656.0,1894144775.0,0.04077172770492161,600570,恒生电子
2024-12-03,30.74,31.25,30.21,30.78,59413634.0,1847553172.0,1894144775.0,0.03136699727717487,600570,恒生电子
2024-12-04,30.61,30.9,30.06,30.21,44955880.0,1385993939.0,1894144775.0,0.02373413088236616,600570,恒生电子
2024-12-05,30.01,30.96,30.01,30.63,50353498.0,1560835041.0,1894144775.0,0.02658376416871303,600570,恒生电子
2024-12-06,30.63,31.73,30.25,30.72,67221499.0,2110905006.0,1894144775.0,0.03548910299108472,600570,恒生电子
2024-12-09,30.82,32.15,30.61,30.88,59769392.0,1891337679.0,1894144775.0,0.031554817133764235,600570,恒生电子
2024-12-10,32.81,32.85,31.29,31.46,87733275.0,2828202620.0,1894144775.0,0.046318146404622104,600570,恒生电子
2024-12-11,31.31,31.49,30.04,30.43,64768047.0,2015145875.0,1894144775.0,0.034193820797040184,600570,恒生电子
2024-12-12,30.43,31.87,30.02,31.39,68163350.0,2127183686.0,1894144775.0,0.03598634639741305,600570,恒生电子
2024-12-13,30.81,30.86,29.63,29.74,62651686.0,1922106757.0,1894144775.0,0.033076503352284674,600570,恒生电子
2024-12-16,29.74,29.85,29.26,29.43,33406264.0,996547750.0,1894144775.0,0.017636594858489632,600570,恒生电子
2024-12-17,29.51,29.93,29.33,29.38,33098817.0,991771226.0,1894144775.0,0.01747428044405951,600570,恒生电子
2024-12-18,29.62,29.84,29.18,29.5,29736876.0,888657039.0,1894144775.0,0.015699368069687282,600570,恒生电子
2024-12-19,29.09,29.55,28.93,29.54,31689928.0,940538867.0,1894144775.0,0.01673046771200475,600570,恒生电子
2024-12-20,29.42,29.99,29.24,29.61,32238324.0,968869415.0,1894144775.0,0.017019989403925052,600570,恒生电子
2024-12-23,29.52,29.8,28.81,28.88,32067346.0,948720387.0,1894144775.0,0.016929722808542973,600570,恒生电子
2024-12-24,28.96,29.38,28.77,29.28,25397765.0,747082516.0,1894144775.0,0.013408565879025799,600570,恒生电子
2024-12-25,29.31,29.38,28.58,28.75,26197865.0,768495647.0,1894144775.0,0.013830972872704517,600570,恒生电子
2024-12-26,28.9,29.14,28.72,28.77,25392861.0,742799465.0,1894144775.0,0.013405976847783455,600570,恒生电子
2024-12-27,28.84,29.71,28.66,29.04,41121344.0,1218730157.0,1894144775.0,0.02170971540440989,600570,恒生电子
2024-12-30,29.04,29.26,28.76,29.06,22236091.0,653227663.0,1894144775.0,0.01173938301521857,600570,恒生电子
2024-12-31,29.13,29.18,27.64,27.64,45925062.0,1311849630.0,1894145075.0,0.02424579965185613,600570,恒生电子
2025-01-02,27.33,27.47,25.38,26.09,62482031.0,1680318466.0,1894145075.0,0.03298693000059671,600570,恒生电子
2025-01-03,26.17,26.4,24.99,25.04,40995292.0,1061072684.0,1894145075.0,0.021643163737075418,600570,恒生电子
2025-01-06,25.01,25.34,24.67,24.84,31414240.0,793717074.0,1894145075.0,0.016584917604582108,600570,恒生电子
2025-01-07,24.93,25.29,24.7,25.28,27721795.0,702145156.0,1894145075.0,0.014635518348561553,600570,恒生电子
2025-01-08,25.2,25.4,24.32,25.05,34351787.0,867241429.0,1894145075.0,0.018135773998198105,600570,恒生电子
2025-01-09,24.87,25.33,24.85,25.1,19803550.0,504735166.0,1894145075.0,0.010455138976089252,600570,恒生电子
2025-01-10,25.09,25.44,24.59,24.59,21087818.0,535169747.0,1894145075.0,0.011133158847402435,600570,恒生电子
2025-01-13,24.43,25.16,24.19,24.96,25063955.0,627545468.0,1894145075.0,0.013232331214123079,600570,恒生电子
2025-01-14,25.18,26.36,25.0,26.32,41265923.0,1083811513.0,1894145075.0,0.02178604138861961,600570,恒生电子
2025-01-15,26.28,26.32,25.89,25.97,22930331.0,605845763.0,1894145075.0,0.012105900072094531,600570,恒生电子
2025-01-16,26.3,26.63,25.56,25.75,26875738.0,708120366.0,1894145075.0,0.014188848760700128,600570,恒生电子
2025-01-17,25.59,26.12,25.53,25.82,21160015.0,553988689.0,1894145075.0,0.01117127472403348,600570,恒生电子
2025-01-20,26.24,26.32,25.8,25.86,22267525.0,588001850.0,1894145075.0,0.011755976505653876,600570,恒生电子
2025-01-21,26.36,26.43,25.78,26.07,21038812.0,554259008.0,1894145075.0,0.011107286489130196,600570,恒生电子
2025-01-22,26.05,26.07,25.62,25.78,18256587.0,477061263.0,1894145075.0,0.009638431206226376,600570,恒生电子
2025-01-23,26.36,27.14,25.97,25.97,42567454.0,1143357849.0,1894145075.0,0.022473175134169698,600570,恒生电子
2025-01-24,25.89,26.35,25.78,26.16,26926670.0,713187145.0,1894145075.0,0.014215737936546386,600570,恒生电子
2025-01-27,26.51,26.6,25.6,25.61,25791480.0,681091861.0,1894145075.0,0.013616422701941138,600570,恒生电子
2025-02-05,26.46,27.73,26.37,26.9,61809124.0,1685465532.0,1894145075.0,0.03263167368529045,600570,恒生电子
2025-02-06,26.96,28.49,26.55,28.11,57148073.0,1604530621.0,1894145075.0,0.030170905995677233,600570,恒生电子
2025-02-07,28.14,30.26,28.04,29.77,100817945.0,3002139266.0,1894145075.0,0.0532260946274139,600570,恒生电子
2025-02-10,30.21,30.57,29.43,30.37,77300139.0,2351431925.0,1894145075.0,0.040810041437823866,600570,恒生电子
2025-02-11,30.37,31.94,29.74,30.81,98905778.0,3080113595.0,1894145075.0,0.05221658008428948,600570,恒生电子
2025-02-12,31.1,32.49,30.95,32.48,112042028.0,3625621105.0,1894145075.0,0.05915176692577257,600570,恒生电子
2025-02-13,31.99,32.52,31.52,31.79,85278092.0,2758480984.0,1894145075.0,0.045021943210976065,600570,恒生电子
2025-02-14,31.75,34.97,31.75,34.52,172333870.0,5861671029.0,1894145075.0,0.09098240270745893,600570,恒生电子
2025-02-17,34.86,36.71,33.28,34.19,202263952.0,7122923733.0,1894145075.0,0.10678376998129353,600570,恒生电子
2025-02-18,33.99,34.57,32.27,32.33,131366498.0,4402961753.0,1894145075.0,0.06935397912960811,600570,恒生电子
2025-02-19,32.58,33.33,32.29,33.16,89405362.0,2971428800.0,1894145075.0,0.04720090513658253,600570,恒生电子
2025-02-20,32.95,33.77,32.49,32.6,65695231.0,2184545154.0,1894145075.0,0.03468331537382373,600570,恒生电子
2025-02-21,33.48,34.84,32.64,34.64,130093983.0,4482680659.0,1894145075.0,0.06868216416844418,600570,恒生电子
2025-02-24,34.34,34.64,33.06,33.48,92205596.0,3163348851.0,1894145075.0,0.04867926813895182,600570,恒生电子
2025-02-25,32.15,33.04,31.94,32.32,70220321.0,2306217130.0,1894145075.0,0.03707230345067418,600570,恒生电子
2025-02-26,32.58,33.01,32.04,32.78,54312916.0,1789546015.0,1894145075.0,0.02867410565159588,600570,恒生电子
2025-02-27,32.73,32.78,31.3,31.96,61300899.0,1982076001.0,1894145075.0,0.03236336002404673,600570,恒生电子
2025-02-28,31.96,32.14,30.02,30.17,64541336.0,2019726950.0,1894145075.0,0.03407412497165773,600570,恒生电子
2025-03-03,30.17,31.01,29.68,30.31,43174261.0,1331196071.0,1894145075.0,0.02279353443927731,600570,恒生电子
2025-03-04,30.01,30.78,29.92,30.56,32240023.0,996542468.0,1891767475.0,0.017042275769119035,600570,恒生电子
2025-03-05,30.61,30.86,30.31,30.54,30672076.0,948117405.0,1891767475.0,0.01621344927711055,600570,恒生电子
2025-03-06,31.5,32.44,30.92,31.92,70626919.0,2271657777.0,1891767475.0,0.037333826663871576,600570,恒生电子
2025-03-07,31.94,31.97,30.65,30.81,59419549.0,1882918640.0,1891767475.0,0.03140954149240778,600570,恒生电子
2025-03-10,30.71,30.91,30.25,30.74,34161212.0,1057133570.0,1891767475.0,0.018057828169394868,600570,恒生电子
2025-03-11,30.06,30.59,30.01,30.45,36385669.0,1115150387.0,1891767475.0,0.01923368991212834,600570,恒生电子
2025-03-12,30.73,31.3,30.42,30.59,40312583.0,1256404282.0,1891767475.0,0.02130948096567735,600570,恒生电子
2025-03-13,30.36,30.62,29.62,29.87,36221153.0,1101882245.0,1891767475.0,0.019146725735941728,600570,恒生电子
2025-03-14,29.87,31.5,29.69,31.29,67359914.0,2110146920.0,1891767475.0,0.035606867593492166,600570,恒生电子
2025-03-17,31.25,31.26,30.65,30.72,35775173.0,1117946246.0,1891767475.0,0.01891097794669506,600570,恒生电子
2025-03-18,31.1,31.2,30.51,30.66,28945789.0,902469632.0,1891767475.0,0.015300923280753624,600570,恒生电子
2025-03-19,30.53,30.7,30.17,30.34,25704325.0,790537778.0,1891767475.0,0.013587465341109113,600570,恒生电子
2025-03-20,30.26,30.66,29.85,29.88,41143444.0,1253605175.0,1891767475.0,0.0217486792344815,600570,恒生电子
2025-03-21,29.67,29.91,28.89,28.94,41091416.0,1219006573.0,1891767475.0,0.02172117691155463,600570,恒生电子
2025-03-24,28.94,29.12,28.24,28.79,34907996.0,1014021900.0,1891767475.0,0.01845258281544353,600570,恒生电子
2025-03-25,28.73,29.15,28.49,28.62,23082326.0,672398320.0,1891767475.0,0.012201460435828669,600570,恒生电子
2025-03-26,28.63,28.81,28.5,28.63,18625311.0,540603683.0,1891767475.0,0.009845454711605082,600570,恒生电子
2025-03-27,28.57,29.06,28.28,28.63,25549560.0,742496900.0,1891767475.0,0.013505655603894976,600570,恒生电子
2025-03-28,28.73,28.8,28.52,28.56,17331153.0,502707887.0,1891767475.0,0.009161354780137554,600570,恒生电子
2025-03-31,27.53,27.89,27.24,27.69,37456290.0,1044872854.0,1891767477.0,0.01979962678045342,600570,恒生电子
2025-04-01,27.85,27.92,27.24,27.26,28604233.0,796039686.0,1891767477.0,0.01512037464845369,600570,恒生电子
2025-04-02,27.2,27.72,27.15,27.5,18401145.0,511499900.0,1891767477.0,0.009726959165817185,600570,恒生电子
2025-04-03,27.2,27.72,27.15,27.21,19331026.0,535818959.0,1891767477.0,0.010218500019175453,600570,恒生电子
2025-04-07,24.98,26.0,24.49,24.49,47150747.0,1183080858.0,1891767477.0,0.024924176767629248,600570,恒生电子
2025-04-08,24.74,24.74,23.31,23.94,60075727.0,1453482902.0,1891767477.0,0.031756401212303956,600570,恒生电子
2025-04-09,23.57,24.89,23.2,24.89,52340679.0,1290671444.0,1891767477.0,0.02766760695294478,600570,恒生电子
2025-04-10,25.82,25.88,25.24,25.31,40132528.0,1037552714.0,1891767477.0,0.02121430275545434,600570,恒生电子
2025-04-11,25.39,25.72,25.16,25.5,28180047.0,725698940.0,1891767477.0,0.01489614730277975,600570,恒生电子
2025-04-14,25.77,26.45,25.68,25.74,27911948.0,733754347.0,1891767477.0,0.014754428511617762,600570,恒生电子
2025-04-15,25.69,25.82,25.31,25.51,16012474.0,412977214.0,1891767477.0,0.008464292887301815,600570,恒生电子
2025-04-16,25.49,25.52,24.95,25.34,18625598.0,476023338.0,1891767477.0,0.009845606411173121,600570,恒生电子
2025-04-17,25.18,25.57,25.1,25.41,17067315.0,438733710.0,1891767477.0,0.009021888370269302,600570,恒生电子
2025-04-18,25.29,25.48,25.11,25.29,12248313.0,313747568.0,1891767477.0,0.006474534079327551,600570,恒生电子
2025-04-21,25.25,25.72,25.03,25.69,17862613.0,460704595.0,1891767477.0,0.009442287816643758,600570,恒生电子
2025-04-22,25.67,25.89,25.49,25.57,18493536.0,480360376.0,1891767477.0,0.009775797620396452,600570,恒生电子
2025-04-23,25.87,26.22,25.63,25.9,29385563.0,772129948.0,1891767477.0,0.015533390523554286,600570,恒生电子
2025-04-24,25.91,26.18,25.4,25.42,25136319.0,654795931.0,1891767477.0,0.013287213838701595,600570,恒生电子
2025-04-25,25.5,25.75,25.38,25.52,19496419.0,504995582.0,1891767477.0,0.010305927782899505,600570,恒生电子
2025-04-28,25.52,25.69,24.96,24.98,21819106.0,556558489.0,1891767477.0,0.01153371451051751,600570,恒生电子
2025-04-29,24.89,25.33,24.82,25.1,15208318.0,387330304.0,1891767477.0,0.008039211047288768,600570,恒生电子
2025-04-30,25.17,25.73,25.06,25.62,23134157.0,599246194.0,1891767477.0,0.01222885861040733,600570,恒生电子
2025-05-06,26.05,26.43,25.96,26.34,29413971.0,781244437.0,1891767477.0,0.01554840716822409,600570,恒生电子
2025-05-07,27.39,27.59,26.15,26.35,44685541.0,1211739759.0,1891767477.0,0.023621053614296807,600570,恒生电子
2025-05-08,26.27,26.47,26.12,26.38,21487858.0,573071467.0,1891767477.0,0.011358614767009233,600570,恒生电子
2025-05-09,26.37,26.37,25.7,25.75,19729400.0,517022684.0,1891767477.0,0.010429082981851051,600570,恒生电子
2025-05-12,26.11,26.86,25.98,26.76,32456946.0,867450997.0,1891767477.0,0.01715694259184053,600570,恒生电子
2025-05-13,26.96,26.98,26.34,26.34,23955317.0,645660284.0,1891767477.0,0.012662928870089673,600570,恒生电子
2025-05-14,26.28,27.59,26.0,27.05,47621395.0,1294267816.0,1891767477.0,0.02517296421414269,600570,恒生电子
2025-05-15,26.83,26.83,26.17,26.21,28041733.0,749414983.0,1891767477.0,0.014823033666097855,600570,恒生电子
2025-05-16,26.07,26.21,25.92,26.09,15709043.0,414545170.0,1891767477.0,0.008303897382204547,600570,恒生电子
2025-05-19,25.93,26.02,25.46,25.8,17723683.0,461346660.0,1891767477.0,0.009368848558548297,600570,恒生电子
2025-05-20,25.92,26.01,25.72,25.9,12036802.0,315400976.0,1891767477.0,0.006362728055293658,600570,恒生电子
2025-05-21,26.01,26.39,25.93,26.16,18765498.0,496044089.0,1891767477.0,0.00991955841727371,600570,恒生电子
2025-05-22,26.09,26.12,25.77,25.81,13311253.0,349084754.0,1891767477.0,0.007036410743834772,600570,恒生电子
2025-05-23,25.82,25.86,25.18,25.18,20245017.0,522455638.0,1891767477.0,0.01070164132016104,600570,恒生电子
2025-05-26,25.17,25.29,24.96,25.29,12558374.0,319708792.0,1891767477.0,0.006638434243470187,600570,恒生电子
2025-05-27,25.18,25.18,24.99,25.02,10026933.0,254422225.0,1891767477.0,0.005300298859086476,600570,恒生电子
2025-05-28,25.02,25.18,24.86,24.88,9515211.0,240835665.0,1891767477.0,0.0050297994418898664,600570,恒生电子
2025-05-29,24.92,25.94,24.88,25.9,29180714.0,756260093.0,1891767477.0,0.015425106073963867,600570,恒生电子
2025-05-30,25.78,26.79,25.67,25.98,33614430.0,891204916.0,1891767477.0,0.017768795800055928,600570,恒生电子
2025-06-03,26.58,27.07,26.25,26.37,39172789.0,1054745775.0,1891767477.0,0.020706978778449524,600570,恒生电子
2025-06-04,26.27,26.42,25.99,26.35,24372265.0,646629269.0,1891767477.0,0.012883330164154208,600570,恒生电子
2025-06-05,26.48,27.33,26.43,27.04,45345023.0,1233332529.0,1891767477.0,0.023969659882254125,600570,恒生电子
2025-06-06,27.04,27.11,26.56,26.64,22695425.0,611886341.0,1891767477.0,0.011996942159081214,600570,恒生电子
2025-06-09,26.81,27.01,26.54,26.86,23539810.0,637407330.0,1891767477.0,0.01244328929754616,600570,恒生电子
2025-06-10,26.86,26.86,25.82,26.06,32127480.0,850285589.0,1891767477.0,0.016982784824564355,600570,恒生电子
2025-06-11,26.07,26.73,25.85,26.18,26575980.0,705734380.0,1891767477.0,0.014048227556033833,600570,恒生电子
2025-06-12,25.92,27.02,25.83,26.48,29418302.0,783701733.0,1891767477.0,0.015550696561636681,600570,恒生电子
2025-06-13,27.17,28.14,27.17,27.5,99847344.0,2786117322.0,1891767477.0,0.052779924178810694,600570,恒生电子
2025-06-16,27.5,30.26,27.5,30.26,123972181.0,3650983353.0,1891767477.0,0.06553246237037408,600570,恒生电子
2025-06-17,30.26,31.42,29.77,30.31,165680834.0,5095609919.0,1891767477.0,0.08757991455838945,600570,恒生电子
2025-06-18,29.88,30.41,29.5,29.61,94689295.0,2850264469.0,1891767477.0,0.05005334754467819,600570,恒生电子
2025-06-19,30.02,30.35,28.4,28.54,82356308.0,2415013898.0,1891767477.0,0.04353405426474619,600570,恒生电子
2025-06-20,28.24,28.58,27.46,27.76,57609593.0,1619023148.0,1891767477.0,0.030452787512426402,600570,恒生电子
2025-06-23,27.4,29.83,27.34,29.52,94792337.0,2769706044.0,1891767477.0,0.05010781618379625,600570,恒生电子
2025-06-24,29.42,30.21,28.97,29.82,84894873.0,2541180857.0,1891767477.0,0.044875955439633554,600570,恒生电子
2025-06-25,29.61,32.7,29.44,32.01,154687864.0,4855476974.0,1891767477.0,0.08176896256050817,600570,恒生电子
2025-06-26,32.21,35.21,32.15,33.32,231601339.0,7890437327.0,1891767477.0,0.12242590160566547,600570,恒生电子
2025-06-27,33.07,35.45,32.58,33.42,180424915.0,6150434795.0,1891767477.0,0.09537372705345436,600570,恒生电子
2025-06-30,33.55,34.37,32.71,33.24,118005522.0,3974457017.0,1891767477.0,0.06237844948425445,600570,恒生电子
2025-07-01,32.95,33.15,31.59,31.8,101205504.0,3269678595.0,1891767477.0,0.05349785596298207,600570,恒生电子
2025-07-02,31.8,32.0,31.26,31.33,55749952.0,1774773523.0,1891767477.0,0.029469769767058958,600570,恒生电子
2025-07-03,31.35,31.9,31.17,31.68,66042128.0,2104154740.0,1891767477.0,0.034910277718026336,600570,恒生电子
2025-07-04,31.82,33.46,31.17,32.46,115174463.0,3764006356.0,1891767477.0,0.0608819341701792,600570,恒生电子
2025-07-07,32.15,33.32,32.02,32.64,81069726.0,2686322066.0,1891767477.0,0.04285395905450382,600570,恒生电子
2025-07-08,32.64,33.75,32.34,33.12,87879822.0,2917725877.0,1891767477.0,0.046453817960419454,600570,恒生电子
2025-07-09,33.46,34.24,32.8,33.48,113391665.0,3847836181.0,1891767477.0,0.05993953611033562,600570,恒生电子
2025-07-10,33.15,33.96,32.51,33.1,94472199.0,3168075304.0,1891767477.0,0.04993858925506837,600570,恒生电子
2025-07-11,33.1,34.78,32.96,34.21,129147251.0,4435300169.0,1891767477.0,0.06826803641048111,600570,恒生电子
2025-07-14,34.0,34.0,32.71,32.96,79306344.0,2648982054.0,1891767477.0,0.041921824412461874,600570,恒生电子
2025-07-15,33.3,34.05,33.05,33.4,74987168.0,2537411870.0,1891767477.0,0.03963868123947032,600570,恒生电子
2025-07-16,33.03,33.2,32.51,32.77,55565619.0,1839170999.0,1891767477.0,0.029372330202080115,600570,恒生电子
2025-07-17,33.08,33.44,32.73,33.12,48046305.0,1603025484.0,1891767477.0,0.02539757427069881,600570,恒生电子
2025-07-18,33.12,33.79,33.05,33.38,49538584.0,1669007402.0,1891767477.0,0.026186402188581447,600570,恒生电子
2025-07-21,33.2,33.55,32.65,32.8,59012404.0,1959768430.0,1891767477.0,0.03119432209162564,600570,恒生电子
2025-07-22,32.7,32.87,32.11,32.35,60500025.0,1976201503.0,1891767477.0,0.031980687761871275,600570,恒生电子
2025-07-23,32.34,33.2,32.21,32.75,62900308.0,2076696565.0,1891767477.0,0.03324949221547485,600570,恒生电子
2025-07-24,32.46,33.79,32.41,33.58,63553071.0,2139607158.0,1891767477.0,0.03359454677843581,600570,恒生电子
2025-07-25,33.58,33.93,33.04,33.23,48099904.0,1615296625.0,1891767477.0,0.025425907033922435,600570,恒生电子
2025-07-28,33.58,34.35,32.95,34.07,86956714.0,2966078318.0,1891767477.0,0.045965857356791845,600570,恒生电子
2025-07-29,33.87,37.48,33.5,37.48,163579321.0,5977731751.0,1891767477.0,0.08646904177642759,600570,恒生电子
2025-07-30,38.14,38.14,36.06,36.67,182684170.0,6858208952.0,1891767477.0,0.09656798323317406,600570,恒生电子
2025-07-31,36.44,37.52,35.62,35.88,119681386.0,4393962577.0,1891767477.0,0.06326432156968517,600570,恒生电子
2025-08-01,35.68,36.01,34.71,35.21,89027487.0,3161789501.0,1891767477.0,0.04706048078444685,600570,恒生电子
2025-08-04,34.81,35.08,34.09,34.54,68424536.0,2379667573.0,1891767477.0,0.036169633335968385,600570,恒生电子
2025-08-05,34.54,35.21,34.13,34.72,66989343.0,2337594169.0,1891767477.0,0.03541098143109688,600570,恒生电子
2025-08-06,34.65,34.69,34.23,34.57,52411481.0,1824225718.0,1891767477.0,0.02770503332846968,600570,恒生电子
2025-08-07,34.35,34.88,33.73,34.1,65419140.0,2259050963.0,1891767477.0,0.03458096240439808,600570,恒生电子
2025-08-08,34.09,34.54,33.34,34.1,58373429.0,2004569546.0,1891767477.0,0.030856555950824184,600570,恒生电子
2025-08-11,34.09,35.15,33.96,34.84,66474129.0,2328707825.0,1891767477.0,0.03513863612108181,600570,恒生电子
2025-08-12,34.88,35.32,34.51,35.29,63776358.0,2242576915.0,1891767477.0,0.03371257766897322,600570,恒生电子
2025-08-13,35.53,35.97,34.79,35.37,85694558.0,3063754058.0,1891767477.0,0.04529867388136729,600570,恒生电子
2025-08-14,35.39,36.91,35.39,35.49,109103123.0,3978446536.0,1891767477.0,0.05767258625939471,600570,恒生电子
2025-08-15,35.08,37.13,34.57,36.53,127465262.0,4665790630.0,1891767477.0,0.0673789266121314,600570,恒生电子
2025-08-18,36.62,38.12,36.07,37.31,121707490.0,4564212407.0,1891767477.0,0.06433533268740088,600570,恒生电子
2025-08-19,37.21,37.73,36.22,36.25,96195462.0,3577731648.0,1891767477.0,0.05084951674533942,600570,恒生电子
2025-08-20,36.15,36.76,35.41,36.71,76626989.0,2787375685.0,1891767477.0,0.04050550077196406,600570,恒生电子
2025-08-21,37.76,39.05,36.81,37.11,145045108.0,5562099635.0,1891767477.0,0.07667174204200572,600570,恒生电子
2025-08-22,36.65,38.11,36.55,38.11,105319555.0,3999715160.0,1891767477.0,0.05567256879107453,600570,恒生电子
2025-08-25,38.95,39.86,38.11,38.69,125524914.0,4907080705.0,1891767477.0,0.06635324664691865,600570,恒生电子
2025-08-26,37.95,38.24,37.17,37.81,88958106.0,3396830898.0,1891767477.0,0.04702380555831915,600570,恒生电子
2025-08-27,37.84,38.56,36.79,36.82,92923169.0,3548625131.0,1891767477.0,0.04911976240724853,600570,恒生电子
2025-08-28,36.66,37.34,35.88,37.32,82284971.0,3039870297.0,1891767477.0,0.04349634508490918,600570,恒生电子
2025-08-29,37.66,37.85,36.87,37.15,62619355.0,2354019712.0,1891767477.0,0.03310097872033562,600570,恒生电子
2025-09-01,37.87,38.98,37.16,38.31,110511659.0,4251470468.0,1891767477.0,0.058417147109036595,600570,恒生电子
2025-09-02,37.89,37.93,35.33,35.58,113748550.0,4173873200.0,1891767477.0,0.060128187730758835,600570,恒生电子
2025-09-03,35.56,35.9,34.29,34.52,60709952.0,2148853603.0,1891767477.0,0.032091656473698854,600570,恒生电子
2025-09-04,34.57,34.96,33.04,33.68,57405311.0,1975042674.0,1891767477.0,0.0303448027825462,600570,恒生电子
2025-09-05,33.79,34.36,33.22,34.23,45506087.0,1553984098.0,1891767477.0,0.024054799309777965,600570,恒生电子
2025-09-08,34.29,35.02,33.89,34.88,40707867.0,1423044991.0,1891767477.0,0.02151843051269456,600570,恒生电子
2025-09-09,34.9,34.93,34.03,34.12,31099582.0,1080423255.0,1891767477.0,0.01643943157819707,600570,恒生电子
2025-09-10,34.29,34.96,34.12,34.15,31058121.0,1080426541.0,1891767477.0,0.01641751503691804,600570,恒生电子
2025-09-11,34.15,35.0,33.69,35.0,56293740.0,1961554675.0,1891767477.0,0.029757219470371517,600570,恒生电子
2025-09-12,35.47,35.75,34.62,34.69,53956522.0,1911337915.0,1891767477.0,0.0285217515661942,600570,恒生电子
2025-09-15,34.57,34.68,34.13,34.17,37294691.0,1293370258.0,1891767477.0,0.019714204548617473,600570,恒生电子
2025-09-16,34.18,34.41,33.72,34.25,35583548.0,1223874584.0,1891767477.0,0.018809683765379587,600570,恒生电子
2025-09-17,34.31,34.98,34.04,34.73,44741632.0,1563503599.0,1891767477.0,0.023650703664148044,600570,恒生电子
2025-09-18,34.49,35.15,33.45,33.85,64843008.0,2248418299.0,1891767477.0,0.03427641546244851,600570,恒生电子
2025-09-19,33.7,34.08,33.18,33.2,37726477.0,1279500044.0,1891767477.0,0.01994244930134191,600570,恒生电子
2025-09-22,33.3,33.77,33.04,33.73,32533691.0,1102017327.0,1891767477.0,0.01719751047395768,600570,恒生电子
2025-09-23,33.6,33.6,31.8,32.44,61570197.0,2014997149.0,1891767477.0,0.03254638730635076,600570,恒生电子
2025-09-24,32.25,33.18,32.14,33.12,42473087.0,1403341692.0,1891767477.0,0.0224515367329153,600570,恒生电子
2025-09-25,33.5,34.67,33.32,34.27,65437820.0,2261128639.0,1891767477.0,0.03459083676804324,600570,恒生电子
2025-09-26,34.19,34.44,33.17,33.17,42567807.0,1447321995.0,1891767477.0,0.02250160631131307,600570,恒生电子
2025-09-29,32.98,34.47,32.52,33.92,60363649.0,2042065001.0,1891767477.0,0.031908598563987256,600570,恒生电子
2025-09-30,33.94,34.35,33.85,34.21,42275619.0,1456342574.0,1894734206.9999998,0.022312163280641086,600570,恒生电子
2025-10-09,34.21,35.2,33.85,35.01,66709097.0,2338185483.0,1894734206.9999998,0.03520762793723078,600570,恒生电子
2025-10-10,34.7,34.73,33.61,33.71,50555773.0,1740776612.0,1894734206.9999998,0.026682250636117854,600570,恒生电子
2025-10-13,32.07,33.43,31.99,33.17,39472446.0,1310741795.0,1894734206.9999998,0.020832708806423107,600570,恒生电子
2025-10-14,33.54,34.04,32.36,32.51,40999857.0,1370069229.0,1894734206.9999998,0.02163884351088828,600570,恒生电子
2025-10-15,32.51,32.85,32.24,32.77,23982534.0,788737492.0,1894734206.9999998,0.012657466103370985,600570,恒生电子
2025-10-16,32.7,32.7,31.75,31.87,37654296.0,1219935271.0,1894734206.9999998,0.01987312830521986,600570,恒生电子
2025-10-17,31.89,32.08,30.74,30.86,35486427.0,1122400622.0,1894734206.9999998,0.01872897363065341,600570,恒生电子
2025-10-20,31.22,31.5,30.83,30.99,25200252.0,793144843.0,1894734206.9999998,0.013300151497185697,600570,恒生电子
2025-10-21,31.11,31.79,31.07,31.54,27857204.0,884665483.0,1894734206.9999998,0.01470243366963185,600570,恒生电子
2025-10-22,31.32,31.5,31.14,31.28,15209285.0,480979340.0,1894130907.0,0.008029690526558733,600570,恒生电子
2025-10-23,31.28,31.71,30.89,31.67,21738007.0,685892016.0,1894130907.0,0.01147650720426157,600570,恒生电子
2025-10-24,31.91,32.06,31.59,31.95,26128977.0,839056945.0,1894130907.0,0.013794704950664743,600570,恒生电子
2025-10-27,32.21,32.46,31.94,32.21,29540429.0,960335437.0,1894130907.0,0.015595769485007406,600570,恒生电子
2025-10-28,32.22,32.52,31.95,32.03,28892344.0,938312363.0,1894130907.0,0.015253615203270636,600570,恒生电子
2025-10-29,31.89,32.36,31.71,32.27,30479232.0,986994799.0,1894130907.0,0.016091407350653616,600570,恒生电子
2025-10-30,32.21,32.26,31.64,31.68,32266068.0,1038391158.0,1894130907.0,0.01703476136773687,600570,恒生电子
2025-10-31,30.92,31.59,30.78,31.18,38692243.0,1216197256.0,1894130907.0,0.020427438703950147,600570,恒生电子
2025-11-03,31.2,31.32,30.4,30.96,32506935.0,1010472565.0,1894130907.0,0.01716192628496083,600570,恒生电子
2025-11-04,30.8,30.92,29.82,29.99,42366679.0,1290755329.0,1894130907.0,0.02236734475079235,600570,恒生电子
2025-11-05,29.7,29.92,29.1,29.55,39785688.0,1184207754.0,1894130907.0,0.02100471928997461,600570,恒生电子
2025-11-06,29.53,30.0,29.53,29.81,23034711.0,692372865.0,1894130907.0,0.012161097691227314,600570,恒生电子
2025-11-07,29.56,29.67,29.34,29.35,20766981.0,617146818.0,1894130907.0,0.01096385731485242,600570,恒生电子
2025-11-10,29.35,29.57,29.22,29.54,22002773.0,653075633.0,1894130907.0,0.01161628951762836,600570,恒生电子
2025-11-11,29.54,29.58,28.81,28.87,29740743.0,872831492.0,1894130907.0,0.015701524583168633,600570,恒生电子
2025-11-12,28.84,28.85,28.54,28.69,19528265.0,565536587.0,1894130907.0,0.010309881396175329,600570,恒生电子
2025-11-13,28.83,29.3,28.7,29.28,24127738.0,706273683.0,1894130907.0,0.012738157595566861,600570,恒生电子
2025-11-14,28.97,29.11,28.6,28.6,20820014.0,605846085.0,1894130907.0,0.010991855907665625,600570,恒生电子
2025-11-17,28.53,28.93,28.45,28.72,17260752.0,500223922.0,1894130907.0,0.009112755584215806,600570,恒生电子
2025-11-18,28.69,29.78,28.57,29.53,49440319.0,1469367218.0,1894130907.0,0.02610184904184133,600570,恒生电子
2025-11-19,29.63,30.01,29.14,29.25,31268838.0,929243176.0,1894130907.0,0.01650827716523819,600570,恒生电子
2025-11-20,29.59,29.61,28.62,28.72,24131319.0,704380189.0,1894130907.0,0.01274004817239382,600570,恒生电子
2025-11-21,28.34,28.72,27.9,28.1,29353068.0,835880048.0,1894130907.0,0.015496852879345366,600570,恒生电子
2025-11-24,28.27,29.27,28.14,29.24,36910955.0,1073351435.0,1894130907.0,0.01948701373468481,600570,恒生电子
2025-11-25,29.33,30.05,29.19,29.43,38118496.0,1141581842.0,1894130907.0,0.02012453091765109,600570,恒生电子
2025-11-26,29.14,29.87,29.1,29.34,27085388.0,807848303.0,1894130907.0,0.014299638900301203,600570,恒生电子
2025-11-27,29.22,29.47,28.92,28.98,23134850.0,681007287.0,1894130907.0,0.012213965737268866,600570,恒生电子
2025-11-28,28.89,29.12,28.72,29.06,17302700.0,505525973.0,1894130907.0,0.009134901888805936,600570,恒生电子
2025-12-01,28.93,29.19,28.74,29.18,19876708.0,582379031.0,1894130907.0,0.010493840698413777,600570,恒生电子
2025-12-02,29.16,29.16,28.64,28.72,21190555.0,614658075.0,1894130907.0,0.011187481774193974,600570,恒生电子
2025-12-03,28.69,28.82,27.86,28.04,26013742.0,739744343.0,1894130907.0,0.013733867022528871,600570,恒生电子
2025-12-04,28.05,28.29,27.87,28.13,16091374.0,456083113.0,1894130907.0,0.008495386427903318,600570,恒生电子
2025-12-05,28.13,29.21,27.86,28.96,43173027.0,1244945618.0,1894130907.0,0.02279305344759891,600570,恒生电子
2025-12-08,29.26,29.91,29.18,29.66,45892868.0,1373163717.0,1894130907.0,0.024228984295856803,600570,恒生电子
2025-12-09,29.43,29.6,29.07,29.16,23600444.0,697665054.0,1894130907.0,0.0124597745133568,600570,恒生电子
2025-12-10,29.04,29.48,28.64,29.43,25209090.0,741787093.0,1894130907.0,0.013309053723180708,600570,恒生电子
2025-12-11,29.42,29.56,28.74,28.74,20251623.0,593355840.0,1894130907.0,0.010691775803434478,600570,恒生电子
2025-12-12,28.74,29.22,28.47,29.09,23388335.0,682544467.0,1894130907.0,0.012347792284876116,600570,恒生电子
2025-12-15,28.84,29.12,28.45,28.58,19068824.0,553501032.0,1894130907.0,0.010067321075607157,600570,恒生电子
2025-12-16,28.52,29.04,28.25,28.73,25072595.0,724877716.0,1894130907.0,0.013236991650017989,600570,恒生电子
2025-12-17,28.72,29.41,28.22,29.26,37132541.0,1082123779.0,1894130907.0,0.01960399931323226,600570,恒生电子
2025-12-18,29.09,29.21,28.76,28.76,22847033.0,666545222.0,1894130907.0,0.01206201372648844,600570,恒生电子
2025-12-19,28.86,29.28,28.73,28.91,23449049.0,686316745.0,1894130907.0,0.012379846035636227,600570,恒生电子
2025-12-22,28.97,29.46,28.97,29.23,26416148.0,779291401.0,1894130907.0,0.013946315907932123,600570,恒生电子
2025-12-23,29.24,29.28,28.87,28.94,19525762.0,572478129.0,1894130907.0,0.01030855994579893,600570,恒生电子
2025-12-24,28.84,29.44,28.79,29.34,28171753.0,830634658.0,1894130907.0,0.014873181624294143,600570,恒生电子
2025-12-25,29.38,29.9,29.33,29.82,38234913.0,1146955622.0,1894130907.0,0.020185992878685444,600570,恒生电子
2025-12-26,29.72,30.23,29.61,29.71,37778555.0,1140682500.0,1894130907.0,0.01994506021753015,600570,恒生电子
2025-12-29,29.66,30.25,29.62,29.93,37959320.0,1144928066.0,1894130907.0,0.020040494487322147,600570,恒生电子
2025-12-30,29.93,30.31,29.81,30.0,40370457.0,1224230408.0,1894130907.0,0.02131344610386002,600570,恒生电子
2025-12-31,29.99,30.15,29.76,29.88,29780638.0,900364022.0,1894130907.0,0.015722587013358946,600570,恒生电子
2026-01-05,29.91,30.47,29.63,30.46,43819364.0,1335181666.0,1894130907.0,0.02313428487865332,600570,恒生电子
2026-01-06,30.58,31.47,30.34,31.31,66535820.0,2080464502.0,1894130907.0,0.03512736092004437,600570,恒生电子
2026-01-07,31.24,31.24,30.54,30.68,56108544.0,1745676455.0,1894130907.0,0.029622315856123665,600570,恒生电子
2026-01-08,30.55,30.85,30.42,30.6,32116157.0,992732827.0,1894130907.0,0.016955616362792397,600570,恒生电子
2026-01-09,30.58,31.0,30.41,30.98,47791655.0,1483235354.0,1894130907.0,0.025231442464393513,600570,恒生电子
2026-01-12,31.42,33.34,31.34,33.12,111648473.0,3658088435.0,1894130907.0,0.05894443334797451,600570,恒生电子
2026-01-13,34.08,34.2,32.43,32.59,108553195.0,3642662261.0,1894130907.0,0.05731029180656308,600570,恒生电子
2026-01-14,32.42,35.86,32.42,34.81,251942868.0,8889744002.0,1894130907.0,0.13301238423855147,600570,恒生电子
2026-01-15,33.99,35.52,33.6,33.93,147228601.0,5094742288.0,1894130907.0,0.07772884147336286,600570,恒生电子
2026-01-16,33.74,34.53,32.78,32.9,91815421.0,3091644620.0,1894130907.0,0.04847364068696863,600570,恒生电子
2026-01-19,32.63,32.82,32.21,32.55,60519787.0,1981382384.0,1894130907.0,0.03195121666424505,600570,恒生电子
2026-01-20,32.87,33.09,31.74,32.11,56214851.0,1832189235.0,1894130907.0,0.0296784402768842,600570,恒生电子
2026-01-21,31.91,32.49,31.88,32.02,43126892.0,1399398117.0,1894130907.0,0.022768696630533363,600570,恒生电子
2026-01-22,32.21,32.66,31.81,31.97,55820276.0,1815024478.0,1894130907.0,0.029470125741420047,600570,恒生电子
2026-01-23,32.16,32.47,32.1,32.41,49826485.0,1624884996.0,1894130907.0,0.026305724074223134,600570,恒生电子
2026-01-26,32.46,32.54,31.48,31.82,54915962.0,1770023340.0,1894130907.0,0.028992696226565508,600570,恒生电子
2026-01-27,32.1,32.62,31.56,32.37,51664629.0,1677480603.0,1894130907.0,0.027276165976209372,600570,恒生电子
2026-01-28,32.38,32.51,31.94,31.98,36871425.0,1193977532.0,1894130907.0,0.019466144005008835,600570,恒生电子
2026-01-29,31.72,32.49,31.04,31.98,50589557.0,1631747089.0,1894130907.0,0.02670858535333535,600570,恒生电子
2026-01-30,31.66,31.82,30.72,30.77,52834097.0,1655168177.0,1894130907.0,0.02789358264771718,600570,恒生电子
2026-02-02,30.62,30.98,29.9,29.9,37443818.0,1152162549.0,1894130907.0,0.0197683369515917,600570,恒生电子
2026-02-03,30.22,30.39,29.84,30.37,28022856.0,853560174.0,1894130907.0,0.014794571957216894,600570,恒生电子
2026-02-04,30.08,30.3,29.55,30.17,35041639.0,1057202660.0,1894130907.0,0.0185001146808276,600570,恒生电子
2026-02-05,29.93,30.11,29.69,29.81,23029399.0,694867816.0,1894130907.0,0.012158293238810448,600570,恒生电子
2026-02-06,29.53,29.86,29.29,29.5,22936621.0,684977880.0,1894130907.0,0.012109311407799124,600570,恒生电子
2026-02-09,29.98,30.29,29.87,30.24,27619376.0,838928893.0,1894130907.0,0.01458155605714954,600570,恒生电子
2026-02-10,30.31,30.78,30.1,30.57,26539621.0,817552975.0,1894130907.0,0.014011503060279243,600570,恒生电子
2026-02-11,30.57,30.83,30.43,30.48,20166788.0,622617996.0,1894130907.0,0.01064698745238309,600570,恒生电子
2026-02-12,30.46,30.62,30.24,30.46,22780328.0,700584892.0,1894130907.0,0.012026797047560135,600570,恒生电子
2026-02-13,30.35,30.6,30.06,30.13,22846562.0,699118079.0,1894130907.0,0.012061765063632953,600570,恒生电子
2026-02-24,30.31,30.4,29.66,29.75,26207802.0,788744365.0,1894130907.0,0.013836320342562257,600570,恒生电子
2026-02-25,29.79,30.12,29.75,29.88,19825798.0,598654135.0,1894130907.0,0.010466962936263412,600570,恒生电子
2026-02-26,30.03,30.22,29.51,29.58,27872918.0,835809282.0,1894130907.0,0.014715412697713823,600570,恒生电子
2026-02-27,29.54,29.84,29.53,29.75,20579704.0,616691468.0,1894130907.0,0.010864985056706009,600570,恒生电子
2026-03-02,29.14,29.24,28.41,28.69,43279938.0,1256567423.0,1894130907.0,0.022849496748114675,600570,恒生电子
2026-03-03,28.68,28.98,27.4,27.43,42924777.0,1215959717.0,1894130907.0,0.0226619907005192,600570,恒生电子
2026-03-04,27.01,27.4,26.68,26.78,39212251.0,1069330398.0,1894130907.0,0.02070197516712608,600570,恒生电子
2026-03-05,27.27,27.54,27.06,27.23,27740342.0,763784532.0,1894130907.0,0.014645419647333804,600570,恒生电子
2026-03-06,27.1,27.72,27.06,27.61,19784095.0,548470236.0,1894130907.0,0.010444945978593865,600570,恒生电子
2026-03-09,27.11,27.6,26.74,27.43,27622723.0,753710265.0,1894130907.0,0.014583323094468676,600570,恒生电子
2026-03-10,27.85,28.01,27.43,27.68,23125379.0,646521680.0,1894130907.0,0.012208965554881789,600570,恒生电子
2026-03-11,27.7,27.75,27.46,27.55,23435525.0,652787142.0,1894130907.0,0.01237270608562009,600570,恒生电子
2026-03-12,27.5,27.83,27.41,27.6,19025929.0,529996373.0,1894130907.0,0.010044674805572982,600570,恒生电子
2026-03-13,27.36,27.44,26.98,27.05,22847669.0,626793190.0,1894130907.0,0.012062349500535339,600570,恒生电子
2026-03-16,26.87,27.21,26.78,27.11,20482998.0,557661841.0,1894130907.0,0.010813929451392453,600570,恒生电子
2026-03-17,27.51,27.92,27.29,27.31,35120494.0,978297366.0,1894130907.0,0.018541745911123553,600570,恒生电子
2026-03-18,27.2,27.38,26.95,27.27,19787416.0,541921185.0,1894130907.0,0.010446699289301023,600570,恒生电子
2026-03-19,26.9,27.2,26.84,26.92,19639679.0,534275661.0,1894130907.0,0.010368702040296732,600570,恒生电子
2026-03-20,26.96,27.05,25.87,25.87,32051490.0,850816646.0,1894130907.0,0.01692147563906469,600570,恒生电子
2026-03-23,25.32,25.64,24.66,24.82,33998886.0,862085359.0,1894130907.0,0.01794959676459152,600570,恒生电子
2026-03-24,25.34,25.45,24.83,25.2,20112061.0,508576647.0,1894130907.0,0.010618094518004715,600570,恒生电子
2026-03-25,25.19,25.72,25.18,25.57,20238234.0,521183609.0,1893647942.0,0.010687432204861236,600570,恒生电子
2026-03-26,25.47,25.49,24.75,24.76,19781635.0,500298637.0,1893647942.0,0.0104463108275065,600570,恒生电子
2026-03-27,24.43,25.25,24.34,25.2,18351645.0,461702011.0,1893647942.0,0.009691159899879637,600570,恒生电子
2026-03-30,24.82,25.37,24.76,25.36,19150140.0,484686121.0,1893647942.0,0.01011283014929076,600570,恒生电子
2026-03-31,25.45,25.73,25.29,25.3,17044156.0,438663469.0,1893647942.0,0.009000699455252807,600570,恒生电子
2026-04-01,25.65,25.74,25.44,25.62,16926538.0,437047700.0,1893647942.0,0.008938587593068025,600570,恒生电子
2026-04-02,25.48,25.49,25.02,25.13,14010311.0,356658681.0,1893647942.0,0.007398582750921924,600570,恒生电子
2026-04-03,25.4,25.45,24.93,24.97,12045845.0,305526052.0,1893647942.0,0.006361185061293722,600570,恒生电子
2026-04-07,25.14,25.46,25.07,25.13,13128531.0,334503015.0,1893647942.0,0.006932931253385007,600570,恒生电子
2026-04-08,25.59,26.23,25.59,26.23,32050758.0,838863092.0,1893647942.0,0.016925404817407185,600570,恒生电子
2026-04-09,26.0,26.0,25.6,25.74,20812186.0,540290580.0,1893647942.0,0.010990525502865622,600570,恒生电子
2026-04-10,25.78,26.91,25.78,26.65,44501634.0,1192295103.0,1893647942.0,0.02350047916140053,600570,恒生电子
2026-04-13,26.26,26.6,26.2,26.45,22470280.0,599302903.0,1893647942.0,0.011866133879282615,600570,恒生电子
2026-04-14,26.71,26.78,26.27,26.69,25301214.0,677373107.0,1893647942.0,0.01336109708612352,600570,恒生电子
2026-04-15,26.74,26.81,26.14,26.18,21794604.0,581510607.0,1893647942.0,0.011509322042713682,600570,恒生电子
2026-04-16,26.38,26.52,26.27,26.48,20536291.0,547340380.0,1893647942.0,0.010844830522356937,600570,恒生电子
2026-04-17,26.31,26.53,26.03,26.39,20380371.0,540415416.0,1893647942.0,0.010762492091573799,600570,恒生电子
2026-04-20,26.56,26.66,26.33,26.47,21462614.0,573987929.0,1893647942.0,0.011334004343664848,600570,恒生电子
2026-04-21,26.37,26.38,25.98,26.18,17923424.0,472194732.0,1893647942.0,0.00946502441265294,600570,恒生电子
2026-04-22,26.03,26.74,25.8,26.61,29469173.0,788028261.0,1893647942.0,0.01556211814582375,600570,恒生电子
2026-04-23,26.56,26.71,26.1,26.22,20626060.0,547945953.0,1893647942.0,0.010892235849402677,600570,恒生电子
2026-04-24,26.02,26.16,25.58,25.96,19952883.0,520465010.0,1893647942.0,0.010536743687914086,600570,恒生电子
2026-04-27,25.98,26.38,25.84,26.26,19981153.0,528433506.0,1893647942.0,0.010551672545265544,600570,恒生电子
2026-04-28,26.1,26.49,25.81,25.91,21004889.0,553174504.0,1893647942.0,0.011092288346806124,600570,恒生电子
2026-04-29,25.92,26.01,25.67,25.91,20506654.0,535424043.0,1893647942.0,0.010829179777916713,600570,恒生电子
2026-04-30,26.31,27.19,26.3,26.55,47833315.0,1288728342.0,1893647942.0,0.02525987747726763,600570,恒生电子
2026-05-06,26.74,27.4,26.66,27.14,48062786.0,1315945321.0,1893647942.0,0.02538105681314653,600570,恒生电子
2026-05-07,27.43,27.44,26.96,27.21,31598218.0,863744104.0,1893647942.0,0.016686426921905636,600570,恒生电子
2026-05-08,27.15,27.71,27.01,27.41,33726281.0,933375772.0,1893647942.0,0.01781021712218564,600570,恒生电子
2026-05-11,27.36,27.83,27.12,27.76,44183908.0,1225739860.0,1893647942.0,0.023332694013510565,600570,恒生电子
2026-05-12,27.64,27.67,27.09,27.15,32810012.0,905252813.0,1893647942.0,0.017326352629912452,600570,恒生电子
2026-05-13,26.97,27.13,26.65,27.1,29598944.0,803792561.0,1893647942.0,0.01563064777961774,600570,恒生电子
2026-05-14,27.37,27.5,26.48,26.51,33498141.0,910886112.0,1893647942.0,0.017689740662469984,600570,恒生电子
2026-05-15,26.49,26.68,25.82,25.88,33454341.0,884657652.0,1893647942.0,0.01766661070307862,600570,恒生电子
2026-05-18,25.62,26.76,25.57,26.42,29182313.0,772541809.0,1893647942.0,0.015410632754248255,600570,恒生电子
2026-05-19,26.41,26.68,26.06,26.66,26239752.0,698497563.0,1893647942.0,0.013856721420079045,600570,恒生电子
2026-05-20,26.46,26.48,26.09,26.16,19973297.0,529002691.0,1893647942.0,0.010547523938850509,600570,恒生电子
2026-05-21,26.36,27.24,25.84,25.94,41761311.0,1123262251.0,1893647942.0,0.022053365926030192,600570,恒生电子
2026-05-22,26.02,26.19,25.32,25.6,33378912.0,861023310.0,1893647942.0,0.01762677806136786,600570,恒生电子
2026-05-25,25.52,26.13,25.49,25.92,26519243.0,690539305.0,1893647942.0,0.014004315380815384,600570,恒生电子
2026-05-26,25.77,26.1,25.16,25.77,31771462.0,821469183.0,1893647942.0,0.01677791383251745,600570,恒生电子
2026-05-27,25.58,25.93,25.02,25.1,29398634.0,753446624.0,1893647942.0,0.015524867821497097,600570,恒生电子
2026-05-28,25.13,25.19,23.78,24.6,46047475.0,1129424534.0,1893647942.0,0.02431680883161755,600570,恒生电子
2026-05-29,24.71,24.94,24.03,24.05,32185591.0,794752985.0,1893647942.0,0.016996607598562797,600570,恒生电子
2026-06-01,23.81,24.95,23.81,24.43,32798575.0,811165530.0,1893647942.0,0.01732031296448873,600570,恒生电子
2026-06-02,24.52,24.63,23.89,24.16,25347845.0,617704070.0,1893647942.0,0.013385722043575089,600570,恒生电子
2026-06-03,24.17,24.64,23.8,24.07,28156660.0,688665091.0,1893647942.0,0.014869004620923354,600570,恒生电子
2026-06-04,23.97,24.02,23.21,23.35,30630804.0,727328825.0,1893647942.0,0.01617555371335228,600570,恒生电子
2026-06-05,23.39,23.53,22.94,22.94,24705581.0,579385617.0,1893647942.0,0.013046554458220408,600570,恒生电子
2026-06-08,22.48,22.94,21.79,22.06,30936606.0,696810591.0,1893647942.0,0.01633704202024264,600570,恒生电子
2026-06-09,22.26,22.29,21.86,22.27,19704278.0,436250062.0,1893647942.0,0.01040546004511751,600570,恒生电子
2026-06-10,22.04,22.2,21.58,21.79,21891679.0,478759654.0,1893647942.0,0.011560585531478903,600570,恒生电子
2026-06-11,21.6,21.7,20.91,21.02,28922141.0,611031217.0,1893647942.0,0.015273240795463553,600570,恒生电子
2026-06-12,21.35,22.06,21.11,21.71,32346211.0,699544468.0,1893647942.0,0.017081428011289757,600570,恒生电子
2026-06-15,22.09,23.23,21.97,22.64,45018141.0,1016903686.0,1893647942.0,0.0237732368311575,600570,恒生电子
2026-06-16,22.5,22.82,22.35,22.58,26668000.0,602175237.0,1893647942.0,0.014082871165499885,600570,恒生电子
2026-06-17,22.57,22.57,22.2,22.5,21932651.0,491379848.0,1893647942.0,0.011582222077053856,600570,恒生电子
2026-06-18,22.48,22.71,22.24,22.25,22663618.0,507667302.0,1893647942.0,0.011968232054826165,600570,恒生电子
2026-06-22,22.0,23.71,21.86,23.57,56383359.0,1285054945.0,1893647942.0,0.02977499552554104,600570,恒生电子
2026-06-23,23.49,24.27,23.1,23.28,43957247.0,1042850322.0,1893647942.0,0.023212998585985314,600570,恒生电子
2026-06-24,23.11,23.28,22.35,22.59,32577646.0,737451941.0,1893647942.0,0.017203644498772413,600570,恒生电子
2026-06-25,22.4,23.08,22.25,22.55,35121441.0,794667876.0,1893647942.0,0.018546974979364986,600570,恒生电子
2026-06-26,22.42,22.42,20.96,20.96,40886414.0,877608255.0,1893647942.0,0.021591349211837814,600570,恒生电子
2026-06-29,20.94,21.17,20.49,20.72,37270013.0,775151252.0,1893647942.0,0.019681595598301557,600570,恒生电子
2026-06-30,20.7,21.28,20.32,21.19,30806416.0,643590463.0,1893647942.0,0.016268291120398768,600570,恒生电子
2026-07-01,21.26,22.52,21.15,21.9,44081529.0,963195925.0,1893647942.0,0.023278629581717676,600570,恒生电子
2026-07-02,22.05,22.39,21.26,21.29,38055324.0,828826990.0,1893647942.0,0.020096303624319627,600570,恒生电子
2026-07-03,21.29,21.66,21.16,21.23,24520759.0,524108090.0,1893647942.0,0.012948953422726556,600570,恒生电子
2026-07-06,21.23,21.47,20.94,20.99,20839728.0,439866508.0,1893647942.0,0.01100506991705642,600570,恒生电子
2026-07-07,20.9,20.99,20.25,20.26,22905624.0,470344144.0,1893647942.0,0.012096030889357363,600570,恒生电子
2026-07-08,20.29,20.96,20.19,20.72,26959271.0,554319114.0,1893647942.0,0.01423668592353372,600570,恒生电子
2026-07-09,20.52,21.23,20.36,21.15,29132230.0,605316717.0,1893647942.0,0.01538418486027114,600570,恒生电子
2026-07-10,21.08,21.95,20.65,21.32,35554746.0,762396486.0,1893647942.0,0.018775795231741128,600570,恒生电子
2026-07-13,21.2,21.38,20.63,20.76,25788667.0,539089891.0,1893647942.0,0.013618511882817552,600570,恒生电子
2026-07-14,20.7,20.86,20.06,20.51,26324761.0,536430175.0,1893647942.0,0.013901613080305082,600570,恒生电子
2026-07-15,20.2,20.96,20.19,20.85,25660157.0,532246427.0,1893647942.0,0.013550648159498278,600570,恒生电子
2026-07-16,20.57,21.27,20.51,20.91,24909365.0,521089291.0,1893647942.0,0.013154168970654419,600570,恒生电子
2026-07-17,20.89,21.15,20.04,20.06,33962562.0,694688124.0,1893647942.0,0.017934992691476755,600570,恒生电子
2026-07-20,20.22,20.91,20.18,20.64,34462624.0,706113648.0,1893647942.0,0.01819906606483667,600570,恒生电子
2026-07-21,20.7,21.85,20.69,21.48,44739942.0,957022137.0,1893647942.0,0.02362632515141508,600570,恒生电子
2026-07-22,21.31,21.8,21.05,21.52,34868360.0,749130025.0,1893647942.0,0.01841332764482787,600570,恒生电子
2026-07-23,21.5,21.53,21.21,21.51,19841658.0,424110025.0,1893647942.0,0.010478007849254168,600570,恒生电子
2026-07-24,21.3,21.38,20.75,20.78,20756564.0,436333912.0,1893647942.0,0.010961152566763648,600570,恒生电子
2026-07-27,20.65,21.15,20.5,21.04,19190154.0,402241137.0,1893647942.0,0.010133960793014185,600570,恒生电子
2026-07-28,20.8,21.39,20.79,21.32,27149221.0,575122245.0,1893647942.0,0.014336994959752661,600570,恒生电子
2026-07-29,21.26,22.22,21.11,21.87,44928799.0,974858198.0,1893647942.0,0.023726056994811763,600570,恒生电子
2026-07-30,21.58,22.59,21.55,22.25,50882648.0,1131678177.0,1893647942.0,0.026870173104225306,600570,恒生电子
2026-07-31,22.12,23.45,21.92,22.92,70098450.0,1598755205.0,1893647942.0,0.037017678125515055,600570,恒生电子
2026-08-03,22.94,23.58,22.81,23.18,58942201.0,1366522543.0,1893647942.0,0.031126272044922697,600570,恒生电子
2026-08-04,23.28,23.5,23.01,23.08,46121280.0,1070024389.0,1893647942.0,0.024355783869354528,600570,恒生电子
2026-08-05,23.0,23.83,22.95,23.33,47013603.0,1100631849.0,1893647942.0,0.024827002927664578,600570,恒生电子
2026-08-06,23.06,23.85,22.9,23.17,39937140.0,929582050.0,1893647942.0,0.021090055397425082,600570,恒生电子
