date,open,high,low,close,volume,code,name
2021-09-13,7.72,7.869999999999999,7.64,7.72,59585288.0,600522,中天科技
2021-09-14,7.680000000000001,7.809999999999999,7.47,7.54,70321233.0,600522,中天科技
2021-09-15,7.55,8.389999999999999,7.490000000000001,8.389999999999999,173464771.0,600522,中天科技
2021-09-16,8.45,8.48,7.959999999999999,8.02,144102414.0,600522,中天科技
2021-09-17,8.08,8.35,7.91,8.11,97556520.0,600522,中天科技
2021-09-22,8.03,8.42,7.949999999999999,8.309999999999999,90797849.0,600522,中天科技
2021-09-23,8.4,8.48,8.17,8.25,83021727.0,600522,中天科技
2021-09-24,8.19,8.24,7.91,7.9399999999999995,63161866.0,600522,中天科技
2021-09-27,7.949999999999999,8.1,7.490000000000001,7.670000000000001,63202056.0,600522,中天科技
2021-09-28,7.62,8.16,7.570000000000001,8.02,66741961.0,600522,中天科技
2021-09-29,7.9,8.1,7.75,7.85,51389306.0,600522,中天科技
2021-09-30,7.869999999999999,8.209999999999999,7.869999999999999,8.12,58635441.0,600522,中天科技
2021-10-08,8.18,8.24,7.9399999999999995,8.18,58006481.0,600522,中天科技
2021-10-11,8.19,8.99,8.01,8.78,141286990.0,600522,中天科技
2021-10-12,8.62,8.709999999999999,8.18,8.36,85488207.0,600522,中天科技
2021-10-13,8.379999999999999,8.41,8.049999999999999,8.19,58713785.0,600522,中天科技
2021-10-14,8.18,8.309999999999999,8.059999999999999,8.129999999999999,43067509.0,600522,中天科技
2021-10-15,8.08,8.129999999999999,7.82,7.82,60936499.0,600522,中天科技
2021-10-18,7.869999999999999,8.08,7.85,7.91,35106835.0,600522,中天科技
2021-10-19,7.949999999999999,8.01,7.83,7.91,36609959.0,600522,中天科技
2021-10-20,7.869999999999999,8.11,7.789999999999999,8.0,50803148.0,600522,中天科技
2021-10-21,7.93,7.969999999999999,7.82,7.879999999999999,32572492.0,600522,中天科技
2021-10-22,7.83,8.02,7.74,7.879999999999999,32808239.0,600522,中天科技
2021-10-25,7.92,8.11,7.859999999999999,8.04,34080192.0,600522,中天科技
2021-10-26,8.07,8.17,8.0,8.1,34232678.0,600522,中天科技
2021-10-27,8.12,8.45,8.08,8.33,73329549.0,600522,中天科技
2021-10-28,8.29,8.82,8.23,8.57,131186056.0,600522,中天科技
2021-10-29,8.69,9.219999999999999,8.65,9.129999999999999,168144736.0,600522,中天科技
2021-11-01,10.139999999999999,10.139999999999999,10.139999999999999,10.139999999999999,41555034.0,600522,中天科技
2021-11-02,11.25,11.25,11.25,11.25,50214569.0,600522,中天科技
2021-11-03,12.02,12.469999999999999,11.91,12.379999999999999,662543177.0,600522,中天科技
2021-11-04,12.03,13.719999999999999,12.03,13.719999999999999,262867469.0,600522,中天科技
2021-11-05,14.59,14.76,13.44,14.2,425895697.0,600522,中天科技
2021-11-08,14.57,15.319999999999997,14.4,15.059999999999999,334708006.0,600522,中天科技
2021-11-09,14.969999999999999,16.179999999999996,14.61,15.07,310070101.0,600522,中天科技
2021-11-10,14.91,15.399999999999995,14.59,15.269999999999996,213822960.0,600522,中天科技
2021-11-11,15.19,16.329999999999995,15.12,15.339999999999996,231289526.0,600522,中天科技
2021-11-12,15.309999999999995,16.969999999999995,15.309999999999995,16.969999999999995,304716378.0,600522,中天科技
2021-11-15,16.919999999999995,17.259999999999994,15.78,15.919999999999996,268757215.0,600522,中天科技
2021-11-16,16.199999999999996,17.599999999999994,16.049999999999997,17.169999999999995,258913938.0,600522,中天科技
2021-11-17,16.979999999999997,18.699999999999996,16.979999999999997,18.369999999999997,224536822.0,600522,中天科技
2021-11-18,18.499999999999996,18.679999999999996,17.529999999999998,17.569999999999997,206982724.0,600522,中天科技
2021-11-19,17.409999999999997,18.019999999999996,16.869999999999997,17.519999999999996,178833192.0,600522,中天科技
2021-11-22,17.699999999999996,17.819999999999997,16.829999999999995,17.279999999999998,149460523.0,600522,中天科技
2021-11-23,17.319999999999997,17.989999999999995,17.099999999999994,17.269999999999996,151433268.0,600522,中天科技
2021-11-24,17.019999999999996,17.369999999999997,16.399999999999995,16.809999999999995,172587354.0,600522,中天科技
2021-11-25,16.729999999999997,17.009999999999994,16.149999999999995,16.289999999999996,142518603.0,600522,中天科技
2021-11-26,16.279999999999998,16.939999999999998,15.969999999999997,16.539999999999996,167264533.0,600522,中天科技
2021-11-29,16.169999999999995,17.319999999999997,16.119999999999997,16.869999999999997,146207030.0,600522,中天科技
2021-11-30,17.469999999999995,18.049999999999997,17.059999999999995,17.599999999999994,183257152.0,600522,中天科技
2021-12-01,17.419999999999995,17.519999999999996,16.849999999999994,16.999999999999996,130419236.0,600522,中天科技
2021-12-02,16.769999999999996,16.819999999999997,15.719999999999997,15.879999999999997,165614768.0,600522,中天科技
2021-12-03,15.829999999999997,16.039999999999996,15.289999999999996,15.329999999999995,155307181.0,600522,中天科技
2021-12-06,15.489999999999997,15.849999999999996,15.099999999999998,15.169999999999996,117778941.0,600522,中天科技
2021-12-07,15.229999999999997,15.319999999999997,14.49,15.02,116111715.0,600522,中天科技
2021-12-08,15.01,15.719999999999997,15.0,15.419999999999995,116585523.0,600522,中天科技
2021-12-09,15.229999999999997,16.059999999999995,15.12,15.649999999999997,128927511.0,600522,中天科技
2021-12-10,15.919999999999996,16.769999999999996,15.709999999999999,16.079999999999995,179343297.0,600522,中天科技
2021-12-13,15.949999999999998,17.259999999999994,15.639999999999999,16.769999999999996,147990287.0,600522,中天科技
2021-12-14,16.659999999999997,16.949999999999996,16.529999999999998,16.659999999999997,91008684.0,600522,中天科技
2021-12-15,16.659999999999997,17.439999999999998,16.419999999999995,17.129999999999995,130785184.0,600522,中天科技
2021-12-16,17.419999999999995,17.749999999999996,16.699999999999996,16.909999999999997,111970939.0,600522,中天科技
2021-12-17,16.379999999999995,18.379999999999995,16.029999999999998,17.439999999999998,236286624.0,600522,中天科技
2021-12-20,17.479999999999997,17.609999999999996,15.599999999999996,15.599999999999996,162320947.0,600522,中天科技
2021-12-21,15.649999999999997,16.729999999999997,15.559999999999997,16.349999999999994,164011577.0,600522,中天科技
2021-12-22,16.339999999999996,16.629999999999995,15.69,16.319999999999997,104886417.0,600522,中天科技
2021-12-23,16.309999999999995,16.519999999999996,15.94,16.249999999999996,68550771.0,600522,中天科技
2021-12-24,16.189999999999998,16.229999999999997,14.53,15.0,175858392.0,600522,中天科技
2021-12-27,14.87,15.509999999999996,14.68,14.92,104994372.0,600522,中天科技
2021-12-28,15.179999999999998,15.719999999999997,14.67,15.539999999999997,112096443.0,600522,中天科技
2021-12-29,15.53,16.659999999999997,15.429999999999996,15.669999999999996,148366820.0,600522,中天科技
2021-12-30,15.78,15.919999999999996,14.91,15.759999999999996,108515529.0,600522,中天科技
2021-12-31,15.949999999999998,16.639999999999997,15.579999999999997,15.979999999999999,116476815.0,600522,中天科技
2022-01-04,16.299999999999997,16.359999999999996,15.0,15.509999999999996,127487088.0,600522,中天科技
2022-01-05,15.519999999999998,15.519999999999998,14.57,14.809999999999999,103811478.0,600522,中天科技
2022-01-06,14.57,15.369999999999997,14.299999999999999,15.07,98711047.0,600522,中天科技
2022-01-07,14.98,15.149999999999997,13.969999999999999,14.4,117399799.0,600522,中天科技
2022-01-10,14.299999999999999,14.35,13.62,13.85,112234945.0,600522,中天科技
2022-01-11,13.82,13.9,13.12,13.57,119283857.0,600522,中天科技
2022-01-12,13.92,14.0,13.309999999999999,13.79,135661955.0,600522,中天科技
2022-01-13,13.73,13.799999999999999,12.889999999999999,12.969999999999999,116867478.0,600522,中天科技
2022-01-14,12.99,13.82,12.85,13.52,115235156.0,600522,中天科技
2022-01-17,13.5,13.809999999999999,13.2,13.57,76608384.0,600522,中天科技
2022-01-18,13.559999999999999,14.12,13.25,13.75,99916174.0,600522,中天科技
2022-01-19,13.74,14.209999999999999,13.51,13.74,88062167.0,600522,中天科技
2022-01-20,13.719999999999999,13.76,13.049999999999999,13.37,56072497.0,600522,中天科技
2022-01-21,13.4,13.5,13.04,13.16,50165946.0,600522,中天科技
2022-01-24,13.129999999999999,13.79,13.04,13.57,62907768.0,600522,中天科技
2022-01-25,13.51,13.66,13.02,13.08,55817521.0,600522,中天科技
2022-01-26,13.19,14.49,13.1,14.49,198520475.0,600522,中天科技
2022-01-27,14.62,15.519999999999998,14.459999999999999,15.01,214922909.0,600522,中天科技
2022-01-28,14.969999999999999,16.399999999999995,14.309999999999999,15.639999999999999,188108685.0,600522,中天科技
2022-02-07,16.369999999999997,16.499999999999996,15.299999999999997,15.319999999999997,120810523.0,600522,中天科技
2022-02-08,15.369999999999997,15.919999999999996,14.62,15.579999999999997,121364087.0,600522,中天科技
2022-02-09,15.389999999999997,16.449999999999996,15.11,16.039999999999996,114813455.0,600522,中天科技
2022-02-10,15.53,15.53,14.77,15.159999999999998,137586828.0,600522,中天科技
2022-02-11,14.82,15.729999999999999,14.62,15.02,80031877.0,600522,中天科技
2022-02-14,15.02,15.259999999999994,14.42,14.74,76647133.0,600522,中天科技
2022-02-15,14.73,16.309999999999995,14.629999999999999,16.309999999999995,152814758.0,600522,中天科技
2022-02-16,16.419999999999995,16.739999999999995,15.969999999999997,16.169999999999995,120650799.0,600522,中天科技
2022-02-17,16.209999999999997,17.569999999999997,16.089999999999996,17.139999999999997,151171612.0,600522,中天科技
2022-02-18,17.009999999999994,17.259999999999994,16.659999999999997,16.969999999999995,72110232.0,600522,中天科技
2022-02-21,16.979999999999997,17.559999999999995,16.819999999999997,17.349999999999994,100651402.0,600522,中天科技
2022-02-22,17.019999999999996,17.249999999999996,16.729999999999997,17.069999999999997,59410661.0,600522,中天科技
2022-02-23,16.879999999999995,18.169999999999995,16.839999999999996,17.759999999999994,90010569.0,600522,中天科技
2022-02-24,17.529999999999998,17.919999999999995,16.599999999999994,16.999999999999996,106100136.0,600522,中天科技
2022-02-25,17.279999999999998,18.189999999999998,17.209999999999997,17.519999999999996,81561516.0,600522,中天科技
2022-02-28,17.269999999999996,17.869999999999997,17.129999999999995,17.729999999999997,66883194.0,600522,中天科技
2022-03-01,17.889999999999997,19.599999999999994,17.869999999999997,18.729999999999997,202221437.0,600522,中天科技
2022-03-02,18.619999999999997,18.619999999999997,17.209999999999997,18.009999999999994,149056066.0,600522,中天科技
2022-03-03,18.419999999999995,18.469999999999995,16.709999999999997,16.769999999999996,132903456.0,600522,中天科技
2022-03-04,16.469999999999995,17.149999999999995,16.139999999999997,16.839999999999996,74972139.0,600522,中天科技
2022-03-07,16.419999999999995,16.569999999999997,15.979999999999999,16.299999999999997,80060827.0,600522,中天科技
2022-03-08,16.219999999999995,16.949999999999996,15.759999999999996,16.509999999999994,116862800.0,600522,中天科技
2022-03-09,16.619999999999997,17.199999999999996,15.729999999999999,16.679999999999996,105159509.0,600522,中天科技
2022-03-10,17.199999999999996,17.489999999999995,16.199999999999996,16.319999999999997,141407713.0,600522,中天科技
2022-03-11,16.929999999999996,17.769999999999996,16.669999999999995,17.659999999999997,173694943.0,600522,中天科技
2022-03-14,17.199999999999996,18.269999999999996,17.029999999999998,17.069999999999997,117840928.0,600522,中天科技
2022-03-15,16.699999999999996,17.309999999999995,16.049999999999997,16.319999999999997,100879028.0,600522,中天科技
2022-03-16,16.709999999999997,18.049999999999997,16.419999999999995,18.049999999999997,139762451.0,600522,中天科技
2022-03-17,18.399999999999995,18.699999999999996,17.729999999999997,18.019999999999996,122860605.0,600522,中天科技
2022-03-18,17.719999999999995,17.799999999999997,17.079999999999995,17.639999999999997,77536210.0,600522,中天科技
2022-03-21,17.419999999999995,17.679999999999996,16.859999999999996,17.129999999999995,90243892.0,600522,中天科技
2022-03-22,16.879999999999995,17.399999999999995,16.749999999999996,17.019999999999996,51145718.0,600522,中天科技
2022-03-23,17.209999999999997,17.799999999999997,17.159999999999997,17.269999999999996,80954567.0,600522,中天科技
2022-03-24,16.869999999999997,17.249999999999996,16.519999999999996,16.999999999999996,58684632.0,600522,中天科技
2022-03-25,16.999999999999996,17.039999999999996,16.019999999999996,16.169999999999995,75335308.0,600522,中天科技
2022-03-28,15.789999999999997,15.979999999999999,15.279999999999998,15.599999999999996,59405875.0,600522,中天科技
2022-03-29,15.699999999999998,15.819999999999999,15.279999999999998,15.379999999999995,41123787.0,600522,中天科技
2022-03-30,15.62,16.589999999999996,15.62,16.549999999999997,68369719.0,600522,中天科技
2022-03-31,16.289999999999996,16.479999999999997,15.849999999999996,16.019999999999996,51851897.0,600522,中天科技
2022-04-01,15.819999999999999,16.249999999999996,15.719999999999997,15.999999999999998,32040714.0,600522,中天科技
2022-04-06,16.139999999999997,16.199999999999996,14.82,15.07,68957694.0,600522,中天科技
2022-04-07,14.91,15.030000000000001,14.58,14.799999999999999,53105645.0,600522,中天科技
2022-04-08,14.87,15.229999999999997,14.49,14.94,53951313.0,600522,中天科技
2022-04-11,14.73,14.87,13.82,13.9,61839811.0,600522,中天科技
2022-04-12,14.01,14.26,13.639999999999999,14.12,47633912.0,600522,中天科技
2022-04-13,13.87,14.19,13.719999999999999,13.91,30696770.0,600522,中天科技
2022-04-14,14.12,14.35,13.799999999999999,13.98,43765872.0,600522,中天科技
2022-04-15,13.799999999999999,13.87,13.42,13.51,48925610.0,600522,中天科技
2022-04-18,13.44,14.75,13.23,14.58,61572922.0,600522,中天科技
2022-04-19,14.549999999999999,15.139999999999999,14.219999999999999,14.32,37756778.0,600522,中天科技
2022-04-20,14.32,14.32,13.68,13.73,36335415.0,600522,中天科技
2022-04-21,13.54,13.95,13.33,13.51,41179509.0,600522,中天科技
2022-04-22,13.469999999999999,14.27,13.35,13.73,47145257.0,600522,中天科技
2022-04-25,13.27,14.12,12.86,13.32,67121950.0,600522,中天科技
2022-04-26,13.33,14.01,12.93,13.59,64055239.0,600522,中天科技
2022-04-27,13.34,14.549999999999999,12.17,14.41,120718447.0,600522,中天科技
2022-04-28,14.02,14.75,13.9,14.42,70753697.0,600522,中天科技
2022-04-29,14.42,15.509999999999996,14.17,15.369999999999997,68628091.0,600522,中天科技
2022-05-05,15.02,15.249999999999996,14.59,14.879999999999999,83255744.0,600522,中天科技
2022-05-06,14.219999999999999,14.799999999999999,14.16,14.37,56601002.0,600522,中天科技
2022-05-09,14.29,14.5,14.04,14.309999999999999,30839182.0,600522,中天科技
2022-05-10,14.03,15.519999999999998,13.92,15.079999999999998,84156692.0,600522,中天科技
2022-05-11,15.05,16.009999999999994,14.9,15.219999999999997,94666710.0,600522,中天科技
2022-05-12,15.07,15.719999999999997,15.02,15.539999999999997,48014053.0,600522,中天科技
2022-05-13,15.709999999999999,15.799999999999999,15.369999999999997,15.569999999999999,31954493.0,600522,中天科技
2022-05-16,15.569999999999999,15.87,15.030000000000001,15.12,41549485.0,600522,中天科技
2022-05-17,15.159999999999998,15.679999999999998,14.9,15.539999999999997,55449001.0,600522,中天科技
2022-05-18,15.489999999999997,15.589999999999998,14.68,14.99,61246705.0,600522,中天科技
2022-05-19,14.68,16.489999999999995,14.6,16.169999999999995,105654802.0,600522,中天科技
2022-05-20,16.169999999999995,16.869999999999997,15.949999999999998,16.499999999999996,72410126.0,600522,中天科技
2022-05-23,16.369999999999997,17.059999999999995,16.309999999999995,16.969999999999995,59380902.0,600522,中天科技
2022-05-24,16.979999999999997,17.149999999999995,16.029999999999998,16.039999999999996,56955573.0,600522,中天科技
2022-05-25,15.979999999999999,16.979999999999997,15.879999999999997,16.959999999999997,61040859.0,600522,中天科技
2022-05-26,16.729999999999997,17.649999999999995,16.419999999999995,17.179999999999996,71765494.0,600522,中天科技
2022-05-27,17.099999999999994,17.589999999999996,16.629999999999995,16.779999999999998,48429763.0,600522,中天科技
2022-05-30,16.809999999999995,17.219999999999995,16.519999999999996,16.919999999999995,30484706.0,600522,中天科技
2022-05-31,17.269999999999996,17.619999999999997,17.059999999999995,17.369999999999997,53686961.0,600522,中天科技
2022-06-01,17.269999999999996,17.569999999999997,17.089999999999996,17.329999999999995,44446618.0,600522,中天科技
2022-06-02,17.319999999999997,18.619999999999997,17.169999999999995,18.299999999999997,66876565.0,600522,中天科技
2022-06-06,18.099999999999994,18.949999999999996,18.019999999999996,18.569999999999997,58700331.0,600522,中天科技
2022-06-07,18.539999999999996,18.799999999999997,17.549999999999997,17.939999999999998,59167106.0,600522,中天科技
2022-06-08,18.049999999999997,18.119999999999997,17.189999999999998,17.879999999999995,56587250.0,600522,中天科技
2022-06-09,17.769999999999996,17.969999999999995,17.239999999999995,17.469999999999995,48685539.0,600522,中天科技
2022-06-10,17.349999999999994,17.889999999999997,17.289999999999996,17.699999999999996,58777909.0,600522,中天科技
2022-06-13,17.449999999999996,18.289999999999996,17.369999999999997,17.979999999999997,49971469.0,600522,中天科技
2022-06-14,17.679999999999996,17.739999999999995,16.529999999999998,17.339999999999996,84488366.0,600522,中天科技
2022-06-15,17.239999999999995,17.599999999999994,16.969999999999995,17.019999999999996,49525462.0,600522,中天科技
2022-06-16,17.009999999999994,17.949999999999996,16.939999999999998,17.749999999999996,58238255.0,600522,中天科技
2022-06-17,17.479999999999997,19.619999999999997,17.449999999999996,19.449999999999996,110353114.0,600522,中天科技
2022-06-20,19.619999999999997,20.289999999999996,19.379999999999995,19.849999999999994,114437830.0,600522,中天科技
2022-06-21,19.649999999999995,20.379999999999995,19.349999999999994,19.739999999999995,77243634.0,600522,中天科技
2022-06-22,19.669999999999995,20.149999999999995,19.369999999999997,19.379999999999995,57638773.0,600522,中天科技
2022-06-23,19.419999999999995,20.099999999999994,18.809999999999995,19.719999999999995,64802974.0,600522,中天科技
2022-06-24,19.939999999999998,21.789999999999996,19.919999999999995,21.359999999999996,104999843.0,600522,中天科技
2022-06-27,21.589999999999996,22.029999999999998,21.059999999999995,21.619999999999997,82771101.0,600522,中天科技
2022-06-28,21.619999999999997,22.479999999999997,21.529999999999998,22.019999999999996,57108491.0,600522,中天科技
2022-06-29,21.819999999999997,22.339999999999996,21.119999999999997,21.259999999999994,61722104.0,600522,中天科技
2022-06-30,21.549999999999997,22.769999999999996,21.519999999999996,22.119999999999997,79487780.0,600522,中天科技
2022-07-01,22.149999999999995,22.859999999999996,21.829999999999995,22.379999999999995,50728721.0,600522,中天科技
2022-07-04,22.769999999999996,23.499999999999996,22.099999999999994,23.009999999999994,68555339.0,600522,中天科技
2022-07-05,23.009999999999994,23.209999999999997,22.329999999999995,22.779999999999998,50603637.0,600522,中天科技
2022-07-06,22.679999999999996,24.009999999999994,22.459999999999997,22.949999999999996,75022270.0,600522,中天科技
2022-07-07,22.939999999999998,23.519999999999996,22.219999999999995,23.319999999999997,50379864.0,600522,中天科技
2022-07-08,23.599999999999994,24.219999999999995,23.229999999999997,23.619999999999997,52680944.0,600522,中天科技
2022-07-11,23.339999999999996,23.589999999999996,21.979999999999997,22.429999999999996,95503028.0,600522,中天科技
2022-07-12,22.509999999999994,23.689999999999998,22.499999999999996,22.859999999999996,67421759.0,600522,中天科技
2022-07-13,22.619999999999997,23.909999999999997,22.249999999999996,23.599999999999994,71998734.0,600522,中天科技
2022-07-14,23.569999999999997,25.789999999999996,23.519999999999996,25.689999999999998,90858318.0,600522,中天科技
2022-07-15,25.019999999999996,25.929999999999996,24.229999999999997,25.239999999999995,86395016.0,600522,中天科技
2022-07-18,25.839999999999996,26.029999999999998,24.649999999999995,25.329999999999995,62336212.0,600522,中天科技
2022-07-19,25.569999999999997,26.559999999999995,25.029999999999998,25.259999999999994,83768177.0,600522,中天科技
2022-07-20,25.039999999999996,26.619999999999997,24.569999999999997,25.939999999999998,73480701.0,600522,中天科技
2022-07-21,25.819999999999997,25.879999999999995,24.899999999999995,24.899999999999995,51882562.0,600522,中天科技
2022-07-22,24.929999999999996,25.259999999999994,24.099999999999994,24.409999999999997,57356172.0,600522,中天科技
2022-07-25,24.329999999999995,24.329999999999995,22.239999999999995,22.689999999999998,98652274.0,600522,中天科技
2022-07-26,22.889999999999997,23.419999999999995,22.429999999999996,22.919999999999995,80383440.0,600522,中天科技
2022-07-27,22.929999999999996,23.029999999999998,21.619999999999997,22.859999999999996,112929889.0,600522,中天科技
2022-07-28,22.929999999999996,23.169999999999995,21.319999999999997,21.489999999999995,117188512.0,600522,中天科技
2022-07-29,21.589999999999996,22.579999999999995,21.419999999999995,22.019999999999996,89901960.0,600522,中天科技
2022-08-01,21.999999999999996,22.559999999999995,21.649999999999995,22.039999999999996,63141511.0,600522,中天科技
2022-08-02,21.659999999999997,22.519999999999996,21.359999999999996,21.739999999999995,74204681.0,600522,中天科技
2022-08-03,21.999999999999996,22.659999999999997,21.409999999999997,21.519999999999996,78413016.0,600522,中天科技
2022-08-04,21.609999999999996,21.819999999999997,20.729999999999997,21.159999999999997,81182465.0,600522,中天科技
2022-08-05,21.349999999999998,21.919999999999998,20.819999999999997,21.599999999999998,70158558.0,600522,中天科技
2022-08-08,21.009999999999998,22.619999999999997,21.009999999999998,21.929999999999996,76184081.0,600522,中天科技
2022-08-09,21.849999999999998,23.419999999999998,21.56,22.979999999999997,88133635.0,600522,中天科技
2022-08-10,22.83,23.819999999999997,22.449999999999996,22.589999999999996,67768266.0,600522,中天科技
2022-08-11,22.659999999999997,23.319999999999997,22.479999999999997,22.83,51987090.0,600522,中天科技
2022-08-12,22.72,22.819999999999997,21.74,22.229999999999997,58237426.0,600522,中天科技
2022-08-15,22.24,23.869999999999997,22.029999999999998,23.549999999999997,77050267.0,600522,中天科技
2022-08-16,23.9,24.549999999999997,23.819999999999997,24.199999999999996,84643136.0,600522,中天科技
2022-08-17,24.119999999999997,24.79,23.83,24.089999999999996,42172797.0,600522,中天科技
2022-08-18,24.04,25.439999999999998,23.999999999999996,25.169999999999998,64512215.0,600522,中天科技
2022-08-19,24.99,24.99,23.699999999999996,23.88,73042738.0,600522,中天科技
2022-08-22,23.79,24.109999999999996,23.319999999999997,24.069999999999997,41095381.0,600522,中天科技
2022-08-23,23.869999999999997,24.139999999999997,23.22,23.569999999999997,51036370.0,600522,中天科技
2022-08-24,23.519999999999996,23.81,22.81,22.979999999999997,46869603.0,600522,中天科技
2022-08-25,22.979999999999997,23.259999999999998,22.169999999999998,22.47,36763281.0,600522,中天科技
2022-08-26,22.54,23.419999999999998,22.4,22.74,40949072.0,600522,中天科技
2022-08-29,22.299999999999997,23.389999999999997,22.119999999999997,23.04,36976969.0,600522,中天科技
2022-08-30,23.019999999999996,24.699999999999996,22.999999999999996,23.849999999999998,78507643.0,600522,中天科技
2022-08-31,23.699999999999996,23.699999999999996,21.38,21.38,106111615.0,600522,中天科技
2022-09-01,21.189999999999998,22.88,21.189999999999998,22.519999999999996,100164806.0,600522,中天科技
2022-09-02,22.609999999999996,22.81,21.389999999999997,22.119999999999997,50263072.0,600522,中天科技
2022-09-05,22.419999999999998,23.759999999999998,22.229999999999997,23.459999999999997,57187022.0,600522,中天科技
2022-09-06,23.619999999999997,24.749999999999996,23.419999999999998,24.319999999999997,69572659.0,600522,中天科技
2022-09-07,24.22,25.339999999999996,24.08,24.72,57420420.0,600522,中天科技
2022-09-08,24.33,24.99,24.209999999999997,24.769999999999996,34485843.0,600522,中天科技
2022-09-09,24.519999999999996,24.619999999999997,23.699999999999996,23.97,46893468.0,600522,中天科技
2022-09-13,24.019999999999996,24.22,23.279999999999998,23.799999999999997,26103013.0,600522,中天科技
2022-09-14,23.54,24.369999999999997,22.79,23.31,41179417.0,600522,中天科技
2022-09-15,23.479999999999997,23.509999999999998,21.769999999999996,22.249999999999996,60020929.0,600522,中天科技
2022-09-16,21.97,22.619999999999997,21.589999999999996,21.609999999999996,37868120.0,600522,中天科技
2022-09-19,21.449999999999996,22.319999999999997,21.339999999999996,21.869999999999997,36281528.0,600522,中天科技
2022-09-20,22.179999999999996,23.089999999999996,22.15,22.65,39595220.0,600522,中天科技
2022-09-21,22.619999999999997,22.819999999999997,22.06,22.179999999999996,29130409.0,600522,中天科技
2022-09-22,22.019999999999996,22.88,21.439999999999998,22.319999999999997,34139660.0,600522,中天科技
2022-09-23,22.33,22.619999999999997,21.449999999999996,21.83,31685703.0,600522,中天科技
2022-09-26,21.549999999999997,22.979999999999997,21.529999999999998,22.519999999999996,45176840.0,600522,中天科技
2022-09-27,23.009999999999998,24.419999999999998,23.009999999999998,23.659999999999997,57748336.0,600522,中天科技
2022-09-28,23.859999999999996,23.859999999999996,22.209999999999997,22.319999999999997,33956969.0,600522,中天科技
2022-09-29,22.639999999999997,22.699999999999996,21.519999999999996,22.369999999999997,35076497.0,600522,中天科技
2022-09-30,22.29,22.659999999999997,21.58,21.589999999999996,36844996.0,600522,中天科技
2022-10-10,21.58,21.9,20.279999999999998,20.54,48488827.0,600522,中天科技
2022-10-11,20.38,21.909999999999997,20.38,21.569999999999997,47691237.0,600522,中天科技
2022-10-12,21.56,23.279999999999998,21.509999999999998,23.13,55697539.0,600522,中天科技
2022-10-13,22.88,23.919999999999998,22.839999999999996,23.159999999999997,50887130.0,600522,中天科技
2022-10-14,23.319999999999997,23.439999999999998,22.47,22.97,60365366.0,600522,中天科技
2022-10-17,22.889999999999997,23.209999999999997,22.569999999999997,22.799999999999997,33815527.0,600522,中天科技
2022-10-18,22.869999999999997,24.089999999999996,22.72,23.769999999999996,51159015.0,600522,中天科技
2022-10-19,23.669999999999998,23.88,22.699999999999996,22.799999999999997,54109404.0,600522,中天科技
2022-10-20,22.799999999999997,22.799999999999997,21.619999999999997,21.939999999999998,56860107.0,600522,中天科技
2022-10-21,22.729999999999997,24.119999999999997,22.679999999999996,23.909999999999997,104452065.0,600522,中天科技
2022-10-24,23.909999999999997,24.72,23.519999999999996,24.089999999999996,80646014.0,600522,中天科技
2022-10-25,23.909999999999997,24.599999999999998,23.339999999999996,24.029999999999998,58762952.0,600522,中天科技
2022-10-26,23.97,24.229999999999997,23.22,23.599999999999998,61875465.0,600522,中天科技
2022-10-27,23.029999999999998,23.269999999999996,21.15,21.15,158935541.0,600522,中天科技
2022-10-28,20.22,21.769999999999996,20.22,21.22,123103644.0,600522,中天科技
2022-10-31,21.029999999999998,21.97,20.639999999999997,21.089999999999996,88606810.0,600522,中天科技
2022-11-01,21.019999999999996,21.019999999999996,18.889999999999997,19.569999999999997,176510656.0,600522,中天科技
2022-11-02,19.319999999999997,19.419999999999998,18.22,19.08,167540478.0,600522,中天科技
2022-11-03,18.919999999999998,19.88,18.679999999999996,19.33,139212165.0,600522,中天科技
2022-11-04,19.119999999999997,20.529999999999998,19.029999999999998,20.049999999999997,112811658.0,600522,中天科技
2022-11-07,19.819999999999997,19.919999999999998,18.33,19.549999999999997,160952412.0,600522,中天科技
2022-11-08,19.549999999999997,20.509999999999998,19.419999999999998,20.439999999999998,114326174.0,600522,中天科技
2022-11-09,19.999999999999996,20.4,19.669999999999998,19.959999999999997,66392468.0,600522,中天科技
2022-11-10,19.929999999999996,20.169999999999998,19.47,19.58,59212615.0,600522,中天科技
2022-11-11,20.419999999999998,20.519999999999996,19.699999999999996,20.029999999999998,73267256.0,600522,中天科技
2022-11-14,19.819999999999997,20.119999999999997,19.019999999999996,19.419999999999998,63816385.0,600522,中天科技
2022-11-15,19.229999999999997,20.029999999999998,19.119999999999997,19.97,57041145.0,600522,中天科技
2022-11-16,19.959999999999997,20.119999999999997,19.069999999999997,19.4,69934674.0,600522,中天科技
2022-11-17,19.229999999999997,19.29,18.269999999999996,18.589999999999996,103738364.0,600522,中天科技
2022-11-18,18.599999999999998,18.669999999999998,17.619999999999997,17.909999999999997,118776156.0,600522,中天科技
2022-11-21,17.929999999999996,18.439999999999998,17.799999999999997,17.97,71571197.0,600522,中天科技
2022-11-22,17.929999999999996,17.959999999999997,17.33,17.449999999999996,78140214.0,600522,中天科技
2022-11-23,17.419999999999998,18.359999999999996,17.169999999999998,18.189999999999998,93901367.0,600522,中天科技
2022-11-24,18.209999999999997,18.81,18.08,18.229999999999997,65875565.0,600522,中天科技
2022-11-25,16.319999999999997,16.319999999999997,16.319999999999997,16.319999999999997,18182800.0,600522,中天科技
2022-11-28,14.639999999999999,15.369999999999997,14.6,15.279999999999998,375030621.0,600522,中天科技
2022-11-29,15.12,15.799999999999999,15.02,15.65,179585329.0,600522,中天科技
2022-11-30,15.499999999999998,15.97,15.479999999999999,15.81,93691322.0,600522,中天科技
2022-12-01,15.999999999999998,16.65,15.72,15.83,117592728.0,600522,中天科技
2022-12-02,15.749999999999998,16.409999999999997,15.699999999999998,16.069999999999997,81846542.0,600522,中天科技
2022-12-05,16.169999999999998,16.229999999999997,15.69,15.78,67002395.0,600522,中天科技
2022-12-06,15.790000000000001,15.859999999999998,15.259999999999998,15.419999999999998,98297783.0,600522,中天科技
2022-12-07,15.459999999999999,15.499999999999998,14.979999999999999,15.209999999999999,82764622.0,600522,中天科技
2022-12-08,15.319999999999997,15.519999999999998,15.199999999999998,15.329999999999998,65281133.0,600522,中天科技
2022-12-09,15.219999999999999,15.319999999999997,14.92,14.92,92413068.0,600522,中天科技
2022-12-12,14.899999999999999,15.17,14.36,14.989999999999998,79557444.0,600522,中天科技
2022-12-13,14.959999999999999,15.0,14.459999999999999,14.52,71290311.0,600522,中天科技
2022-12-14,14.559999999999999,14.659999999999998,14.12,14.26,70963830.0,600522,中天科技
2022-12-15,14.26,14.5,14.149999999999999,14.469999999999999,48292138.0,600522,中天科技
2022-12-16,14.379999999999999,14.409999999999998,13.899999999999999,14.08,66971309.0,600522,中天科技
2022-12-19,14.04,14.229999999999999,13.77,13.819999999999999,54016658.0,600522,中天科技
2022-12-20,13.809999999999999,14.309999999999999,13.76,14.2,88353005.0,600522,中天科技
2022-12-21,14.28,14.37,13.76,13.979999999999999,60828062.0,600522,中天科技
2022-12-22,14.03,14.069999999999999,13.299999999999999,13.36,92713911.0,600522,中天科技
2022-12-23,13.2,13.7,13.139999999999999,13.29,63941262.0,600522,中天科技
2022-12-26,13.29,14.219999999999999,13.239999999999998,14.159999999999998,93332309.0,600522,中天科技
2022-12-27,14.159999999999998,14.659999999999998,13.989999999999998,14.559999999999999,78169216.0,600522,中天科技
2022-12-28,14.45,15.319999999999997,14.219999999999999,14.989999999999998,150709835.0,600522,中天科技
2022-12-29,14.92,15.47,14.899999999999999,14.989999999999998,85156722.0,600522,中天科技
2022-12-30,15.059999999999999,15.540000000000001,14.93,15.269999999999996,79986091.0,600522,中天科技
2023-01-03,15.229999999999997,16.109999999999996,15.15,16.019999999999996,117458479.0,600522,中天科技
2023-01-04,15.999999999999998,15.999999999999998,15.179999999999998,15.309999999999999,96651472.0,600522,中天科技
2023-01-05,15.359999999999996,15.549999999999999,15.02,15.519999999999998,106205284.0,600522,中天科技
2023-01-06,15.309999999999999,15.839999999999998,15.219999999999999,15.6,86254332.0,600522,中天科技
2023-01-09,15.609999999999998,16.119999999999997,15.299999999999997,16.009999999999998,92711415.0,600522,中天科技
2023-01-10,16.099999999999998,16.619999999999997,15.92,15.94,86465925.0,600522,中天科技
2023-01-11,16.109999999999996,16.119999999999997,15.399999999999999,15.51,82386569.0,600522,中天科技
2023-01-12,15.540000000000001,16.169999999999998,15.479999999999999,15.81,89934207.0,600522,中天科技
2023-01-13,16.029999999999998,16.029999999999998,15.319999999999997,15.58,74063873.0,600522,中天科技
2023-01-16,15.639999999999999,15.819999999999999,15.369999999999997,15.540000000000001,65169777.0,600522,中天科技
2023-01-17,15.519999999999998,15.53,15.09,15.209999999999999,85013379.0,600522,中天科技
2023-01-18,15.319999999999997,15.67,15.259999999999998,15.569999999999999,78104568.0,600522,中天科技
2023-01-19,15.51,15.569999999999999,14.02,14.28,245536658.0,600522,中天科技
2023-01-20,14.299999999999999,14.739999999999998,14.299999999999999,14.58,107308989.0,600522,中天科技
2023-01-30,14.85,15.01,14.629999999999999,14.75,97617866.0,600522,中天科技
2023-01-31,15.01,15.78,14.92,15.47,136346288.0,600522,中天科技
2023-02-01,15.609999999999998,15.709999999999999,15.349999999999998,15.679999999999998,103322365.0,600522,中天科技
2023-02-02,15.72,15.83,15.09,15.159999999999998,168030775.0,600522,中天科技
2023-02-03,14.95,14.969999999999999,14.129999999999999,14.479999999999999,205215825.0,600522,中天科技
2023-02-06,14.299999999999999,14.45,14.149999999999999,14.389999999999999,86324467.0,600522,中天科技
2023-02-07,14.389999999999999,14.44,14.149999999999999,14.309999999999999,78060197.0,600522,中天科技
2023-02-08,14.319999999999999,14.44,14.29,14.319999999999999,68183690.0,600522,中天科技
2023-02-09,14.299999999999999,14.979999999999999,14.149999999999999,14.95,142536797.0,600522,中天科技
2023-02-10,14.93,15.069999999999999,14.719999999999999,14.799999999999999,78929906.0,600522,中天科技
2023-02-13,14.639999999999999,14.85,14.6,14.729999999999999,72017572.0,600522,中天科技
2023-02-14,14.729999999999999,14.959999999999999,14.7,14.87,65912030.0,600522,中天科技
2023-02-15,14.92,15.19,14.879999999999999,15.02,107175132.0,600522,中天科技
2023-02-16,15.069999999999999,15.069999999999999,14.43,14.61,94700004.0,600522,中天科技
2023-02-17,14.52,14.61,14.239999999999998,14.28,66886696.0,600522,中天科技
2023-02-20,14.29,14.51,14.229999999999999,14.51,56145218.0,600522,中天科技
2023-02-21,14.479999999999999,14.709999999999999,14.36,14.61,68139677.0,600522,中天科技
2023-02-22,14.5,14.62,14.389999999999999,14.43,48458822.0,600522,中天科技
2023-02-23,14.409999999999998,14.92,14.37,14.909999999999998,120535923.0,600522,中天科技
2023-02-24,14.819999999999999,15.0,14.67,14.87,81924806.0,600522,中天科技
2023-02-27,14.77,15.419999999999998,14.68,15.299999999999997,131486170.0,600522,中天科技
2023-02-28,15.369999999999997,15.419999999999998,14.92,15.179999999999998,111650811.0,600522,中天科技
2023-03-01,15.1,15.269999999999996,15.03,15.179999999999998,77100834.0,600522,中天科技
2023-03-02,15.209999999999999,15.6,15.1,15.409999999999997,133277974.0,600522,中天科技
2023-03-03,15.540000000000001,15.58,15.02,15.159999999999998,97971570.0,600522,中天科技
2023-03-06,15.159999999999998,15.389999999999997,15.03,15.29,74397804.0,600522,中天科技
2023-03-07,15.219999999999999,15.229999999999997,14.549999999999999,14.649999999999999,99530349.0,600522,中天科技
2023-03-08,14.61,14.799999999999999,14.59,14.76,48605450.0,600522,中天科技
2023-03-09,15.049999999999999,15.11,14.729999999999999,14.78,52765891.0,600522,中天科技
2023-03-10,14.62,14.62,14.2,14.28,87992082.0,600522,中天科技
2023-03-13,14.389999999999999,14.569999999999999,14.239999999999998,14.37,57081398.0,600522,中天科技
2023-03-14,14.37,14.479999999999999,14.12,14.34,57646443.0,600522,中天科技
2023-03-15,14.43,15.08,14.43,14.899999999999999,105559399.0,600522,中天科技
2023-03-16,14.729999999999999,14.989999999999998,14.37,14.45,70956502.0,600522,中天科技
2023-03-17,14.569999999999999,14.649999999999999,14.34,14.389999999999999,68568243.0,600522,中天科技
2023-03-20,15.199999999999998,15.92,15.12,15.92,285473887.0,600522,中天科技
2023-03-21,16.119999999999997,16.58,15.709999999999999,16.449999999999996,331721135.0,600522,中天科技
2023-03-22,16.189999999999998,16.269999999999996,15.929999999999998,16.089999999999996,189788024.0,600522,中天科技
2023-03-23,16.019999999999996,16.869999999999997,15.999999999999998,16.56,239315218.0,600522,中天科技
2023-03-24,16.65,17.99,16.38,17.199999999999996,290253684.0,600522,中天科技
2023-03-27,17.24,18.06,17.049999999999997,17.849999999999998,277943739.0,600522,中天科技
2023-03-28,17.659999999999997,17.659999999999997,16.429999999999996,16.499999999999996,265509747.0,600522,中天科技
2023-03-29,16.429999999999996,16.699999999999996,15.94,16.24,183489235.0,600522,中天科技
2023-03-30,16.049999999999997,16.4,16.029999999999998,16.189999999999998,111861598.0,600522,中天科技
2023-03-31,16.109999999999996,16.299999999999997,15.929999999999998,16.209999999999997,95939762.0,600522,中天科技
2023-04-03,16.279999999999998,16.999999999999996,16.269999999999996,16.779999999999998,170974621.0,600522,中天科技
2023-04-04,16.83,16.889999999999997,16.319999999999997,16.439999999999998,150314060.0,600522,中天科技
2023-04-06,16.319999999999997,17.119999999999997,15.859999999999998,17.119999999999997,203672543.0,600522,中天科技
2023-04-07,17.4,17.609999999999996,16.819999999999997,16.97,166525552.0,600522,中天科技
2023-04-10,16.769999999999996,16.81,16.119999999999997,16.24,151132596.0,600522,中天科技
2023-04-11,16.529999999999998,16.669999999999998,16.169999999999998,16.499999999999996,111794087.0,600522,中天科技
2023-04-12,16.369999999999997,16.689999999999998,16.24,16.459999999999997,109024163.0,600522,中天科技
2023-04-13,16.429999999999996,16.429999999999996,15.429999999999996,15.540000000000001,199084302.0,600522,中天科技
2023-04-14,15.499999999999998,15.639999999999999,15.17,15.359999999999996,110045492.0,600522,中天科技
2023-04-17,15.359999999999996,15.399999999999999,15.139999999999999,15.219999999999999,82566233.0,600522,中天科技
2023-04-18,15.239999999999998,15.67,15.219999999999999,15.56,103388467.0,600522,中天科技
2023-04-19,15.439999999999998,15.449999999999998,15.17,15.199999999999998,95094963.0,600522,中天科技
2023-04-20,15.269999999999996,15.459999999999999,15.219999999999999,15.319999999999997,76710114.0,600522,中天科技
2023-04-21,15.399999999999999,15.399999999999999,14.469999999999999,14.54,136988303.0,600522,中天科技
2023-04-24,14.51,14.969999999999999,14.379999999999999,14.719999999999999,79303284.0,600522,中天科技
2023-04-25,14.649999999999999,14.69,14.17,14.389999999999999,79995273.0,600522,中天科技
2023-04-26,13.819999999999999,14.35,13.34,14.059999999999999,98827443.0,600522,中天科技
2023-04-27,13.92,14.069999999999999,13.7,13.709999999999999,64339724.0,600522,中天科技
2023-04-28,13.77,13.94,13.639999999999999,13.709999999999999,79581416.0,600522,中天科技
2023-05-04,13.67,13.899999999999999,13.62,13.709999999999999,60682236.0,600522,中天科技
2023-05-05,13.709999999999999,13.729999999999999,13.18,13.219999999999999,76962532.0,600522,中天科技
2023-05-08,13.219999999999999,13.51,13.2,13.219999999999999,97826929.0,600522,中天科技
2023-05-09,13.25,13.25,12.659999999999998,12.68,113927985.0,600522,中天科技
2023-05-10,12.68,13.43,12.51,13.42,154021450.0,600522,中天科技
2023-05-11,13.479999999999999,14.239999999999998,13.37,14.059999999999999,163824310.0,600522,中天科技
2023-05-12,13.92,14.0,13.659999999999998,13.809999999999999,75976671.0,600522,中天科技
2023-05-15,14.229999999999999,14.909999999999998,14.229999999999999,14.459999999999999,146529286.0,600522,中天科技
2023-05-16,14.42,15.269999999999996,14.35,15.1,176987627.0,600522,中天科技
2023-05-17,14.85,15.08,14.69,14.989999999999998,91141390.0,600522,中天科技
2023-05-18,14.909999999999998,15.19,14.84,15.01,81567957.0,600522,中天科技
2023-05-19,14.93,15.309999999999999,14.629999999999999,15.159999999999998,101727256.0,600522,中天科技
2023-05-22,15.179999999999998,15.439999999999998,14.85,14.92,82900389.0,600522,中天科技
2023-05-23,14.979999999999999,15.01,14.62,14.629999999999999,60617653.0,600522,中天科技
2023-05-24,14.62,14.79,14.52,14.549999999999999,45469209.0,600522,中天科技
2023-05-25,14.42,14.7,14.319999999999999,14.649999999999999,56450477.0,600522,中天科技
2023-05-26,14.6,14.639999999999999,14.129999999999999,14.25,60919974.0,600522,中天科技
2023-05-29,14.299999999999999,14.37,13.87,13.889999999999999,66838280.0,600522,中天科技
2023-05-30,13.84,13.879999999999999,13.239999999999998,13.649999999999999,93765443.0,600522,中天科技
2023-05-31,13.709999999999999,13.739999999999998,13.469999999999999,13.659999999999998,45444960.0,600522,中天科技
2023-06-01,13.75,14.149999999999999,13.68,13.95,76792063.0,600522,中天科技
2023-06-02,13.899999999999999,15.319999999999997,13.84,14.819999999999999,148756856.0,600522,中天科技
2023-06-05,14.62,14.819999999999999,14.549999999999999,14.719999999999999,60115101.0,600522,中天科技
2023-06-06,14.719999999999999,14.799999999999999,14.26,14.34,65223185.0,600522,中天科技
2023-06-07,14.43,14.5,13.729999999999999,13.87,83798508.0,600522,中天科技
2023-06-08,13.85,13.879999999999999,13.53,13.61,53440727.0,600522,中天科技
2023-06-09,13.61,14.76,13.409999999999998,14.6,154625854.0,600522,中天科技
2023-06-12,14.27,14.309999999999999,13.79,14.149999999999999,97717921.0,600522,中天科技
2023-06-13,14.09,14.649999999999999,14.04,14.53,93873007.0,600522,中天科技
2023-06-14,14.479999999999999,15.219999999999999,14.42,15.02,141711899.0,600522,中天科技
2023-06-15,15.01,15.47,14.95,15.12,156888435.0,600522,中天科技
2023-06-16,15.0,15.389999999999997,14.85,15.199999999999998,117440898.0,600522,中天科技
2023-06-19,15.199999999999998,15.83,15.02,15.69,152693425.0,600522,中天科技
2023-06-20,15.6,15.6,15.229999999999997,15.339999999999996,111353652.0,600522,中天科技
2023-06-21,15.139999999999999,15.19,14.819999999999999,14.92,70209686.0,600522,中天科技
2023-06-26,14.6,15.479999999999999,14.52,15.13,95422508.0,600522,中天科技
2023-06-27,15.17,15.399999999999999,14.979999999999999,15.269999999999996,50821176.0,600522,中天科技
2023-06-28,15.349999999999998,15.369999999999997,14.87,15.12,53283084.0,600522,中天科技
2023-06-29,15.12,15.219999999999999,14.889999999999999,14.93,42400063.0,600522,中天科技
2023-06-30,14.87,15.259999999999998,14.819999999999999,15.03,54877773.0,600522,中天科技
2023-07-03,15.03,15.69,14.899999999999999,15.56,111541049.0,600522,中天科技
2023-07-04,15.659999999999998,15.78,15.319999999999997,15.439999999999998,71232664.0,600522,中天科技
2023-07-05,15.339999999999996,15.409999999999997,15.049999999999999,15.069999999999999,52359878.0,600522,中天科技
2023-07-06,15.02,15.29,15.02,15.15,35769099.0,600522,中天科技
2023-07-07,15.03,15.049999999999999,14.729999999999999,14.739999999999998,43845825.0,600522,中天科技
2023-07-10,14.77,15.0,14.36,14.42,54077826.0,600522,中天科技
2023-07-11,14.43,14.879999999999999,14.389999999999999,14.79,45042269.0,600522,中天科技
2023-07-12,14.729999999999999,14.799999999999999,14.399999999999999,14.45,41221396.0,600522,中天科技
2023-07-13,14.559999999999999,14.61,14.399999999999999,14.5,34654472.0,600522,中天科技
2023-07-14,14.569999999999999,15.199999999999998,14.569999999999999,14.989999999999998,99015694.0,600522,中天科技
2023-07-17,14.87,15.159999999999998,14.739999999999998,15.15,50938304.0,600522,中天科技
2023-07-18,15.139999999999999,15.139999999999999,14.79,14.84,44510725.0,600522,中天科技
2023-07-19,14.84,14.909999999999998,14.62,14.68,29143358.0,600522,中天科技
2023-07-20,14.739999999999998,14.799999999999999,14.59,14.62,23725659.0,600522,中天科技
2023-07-21,14.719999999999999,14.899999999999999,14.62,14.76,23421351.0,600522,中天科技
2023-07-24,14.719999999999999,14.909999999999998,14.6,14.659999999999998,19734987.0,600522,中天科技
2023-07-25,14.77,14.889999999999999,14.719999999999999,14.819999999999999,30445848.0,600522,中天科技
2023-07-26,14.83,15.209999999999999,14.77,15.08,56581805.0,600522,中天科技
2023-07-27,15.02,15.11,14.77,14.87,33655629.0,600522,中天科技
2023-07-28,14.86,14.93,14.639999999999999,14.86,28672181.0,600522,中天科技
2023-07-31,14.93,14.989999999999998,14.78,14.86,36498480.0,600522,中天科技
2023-08-01,14.87,15.069999999999999,14.6,15.01,56550714.0,600522,中天科技
2023-08-02,15.419999999999998,15.790000000000001,14.989999999999998,15.01,135179337.0,600522,中天科技
2023-08-03,14.649999999999999,14.68,14.33,14.58,73086628.0,600522,中天科技
2023-08-04,14.53,14.79,14.53,14.629999999999999,47692072.0,600522,中天科技
2023-08-07,14.659999999999998,14.759999999999998,14.52,14.629999999999999,35628308.0,600522,中天科技
2023-08-08,14.53,14.569999999999999,14.02,14.2,64633854.0,600522,中天科技
2023-08-09,14.11,14.169999999999998,13.839999999999998,13.909999999999998,40959854.0,600522,中天科技
2023-08-10,13.87,14.009999999999998,13.819999999999999,13.989999999999998,21645750.0,600522,中天科技
2023-08-11,14.02,14.089999999999998,13.87,13.889999999999999,24203526.0,600522,中天科技
2023-08-14,13.709999999999999,13.87,13.62,13.839999999999998,24029081.0,600522,中天科技
2023-08-15,13.839999999999998,13.95,13.54,13.659999999999998,27690314.0,600522,中天科技
2023-08-16,13.669999999999998,13.719999999999999,13.45,13.579999999999998,27608036.0,600522,中天科技
2023-08-17,13.579999999999998,13.77,13.54,13.749999999999998,28038433.0,600522,中天科技
2023-08-18,13.77,13.819999999999999,13.53,13.53,23151700.0,600522,中天科技
2023-08-21,13.579999999999998,13.639999999999999,13.389999999999999,13.389999999999999,20853223.0,600522,中天科技
2023-08-22,13.479999999999999,13.52,12.919999999999998,13.329999999999998,42518221.0,600522,中天科技
2023-08-23,13.27,13.29,12.989999999999998,12.999999999999998,27561599.0,600522,中天科技
2023-08-24,13.009999999999998,13.259999999999998,12.959999999999999,13.089999999999998,24370748.0,600522,中天科技
2023-08-25,13.009999999999998,13.02,12.639999999999999,12.749999999999998,27837152.0,600522,中天科技
2023-08-28,13.419999999999998,13.499999999999998,12.889999999999999,12.93,37968274.0,600522,中天科技
2023-08-29,12.94,13.29,12.839999999999998,13.219999999999999,33115418.0,600522,中天科技
2023-08-30,13.53,13.999999999999998,13.53,13.759999999999998,84138874.0,600522,中天科技
2023-08-31,13.77,13.979999999999999,13.629999999999999,13.79,41529209.0,600522,中天科技
2023-09-01,13.78,13.87,13.709999999999999,13.77,19080210.0,600522,中天科技
2023-09-04,13.799999999999999,14.03,13.79,14.009999999999998,32288430.0,600522,中天科技
2023-09-05,14.02,14.139999999999999,13.87,13.899999999999999,22885420.0,600522,中天科技
2023-09-06,13.799999999999999,13.829999999999998,13.68,13.799999999999999,25874987.0,600522,中天科技
2023-09-07,13.799999999999999,13.829999999999998,13.569999999999999,13.569999999999999,21916215.0,600522,中天科技
2023-09-08,13.509999999999998,13.61,13.37,13.53,21600632.0,600522,中天科技
2023-09-11,13.569999999999999,13.819999999999999,13.52,13.68,24643250.0,600522,中天科技
2023-09-12,13.68,13.759999999999998,13.549999999999999,13.61,22196065.0,600522,中天科技
2023-09-13,13.589999999999998,13.61,13.329999999999998,13.389999999999999,22154452.0,600522,中天科技
2023-09-14,13.37,13.559999999999999,13.259999999999998,13.299999999999999,22026762.0,600522,中天科技
2023-09-15,13.329999999999998,13.389999999999999,13.1,13.149999999999999,27534677.0,600522,中天科技
2023-09-18,13.02,13.27,12.969999999999999,13.169999999999998,18631112.0,600522,中天科技
2023-09-19,13.12,13.18,12.969999999999999,13.03,17998832.0,600522,中天科技
2023-09-20,12.999999999999998,13.1,12.959999999999999,12.969999999999999,14203475.0,600522,中天科技
2023-09-21,12.979999999999999,13.11,12.839999999999998,12.86,21039084.0,600522,中天科技
2023-09-22,12.979999999999999,13.219999999999999,12.819999999999999,13.219999999999999,34550058.0,600522,中天科技
2023-09-25,13.169999999999998,13.209999999999999,13.02,13.04,24244285.0,600522,中天科技
2023-09-26,13.1,13.419999999999998,13.04,13.169999999999998,38661256.0,600522,中天科技
2023-09-27,13.12,13.93,13.11,13.819999999999999,104063077.0,600522,中天科技
2023-09-28,13.79,14.29,13.759999999999998,14.069999999999999,88352353.0,600522,中天科技
2023-10-09,14.02,14.339999999999998,13.889999999999999,14.11,42579925.0,600522,中天科技
2023-10-10,14.069999999999999,14.159999999999998,13.759999999999998,13.79,48987984.0,600522,中天科技
2023-10-11,13.94,14.049999999999999,13.719999999999999,13.77,37911319.0,600522,中天科技
2023-10-12,13.919999999999998,14.659999999999998,13.799999999999999,14.409999999999998,102412750.0,600522,中天科技
2023-10-13,14.37,14.43,14.19,14.389999999999999,50458588.0,600522,中天科技
2023-10-16,14.419999999999998,14.45,13.989999999999998,14.12,33681798.0,600522,中天科技
2023-10-17,14.139999999999999,14.469999999999999,14.139999999999999,14.35,46274834.0,600522,中天科技
2023-10-18,14.27,14.28,13.969999999999999,14.069999999999999,27392050.0,600522,中天科技
2023-10-19,13.93,14.079999999999998,13.85,13.86,29253442.0,600522,中天科技
2023-10-20,13.709999999999999,14.2,13.709999999999999,13.889999999999999,43713170.0,600522,中天科技
2023-10-23,13.759999999999998,13.969999999999999,13.28,13.44,39100749.0,600522,中天科技
2023-10-24,13.44,13.62,13.249999999999998,13.569999999999999,36003028.0,600522,中天科技
2023-10-25,13.69,13.95,13.399999999999999,13.499999999999998,34085771.0,600522,中天科技
2023-10-26,13.399999999999999,13.649999999999999,13.209999999999999,13.579999999999998,38198120.0,600522,中天科技
2023-10-27,13.52,14.04,13.339999999999998,13.87,45424394.0,600522,中天科技
2023-10-30,13.85,14.04,13.629999999999999,13.86,47060405.0,600522,中天科技
2023-10-31,13.719999999999999,13.78,12.829999999999998,13.209999999999999,102230060.0,600522,中天科技
2023-11-01,13.28,13.659999999999998,13.11,13.389999999999999,57932405.0,600522,中天科技
2023-11-02,13.409999999999998,13.44,13.03,13.049999999999999,48776548.0,600522,中天科技
2023-11-03,13.059999999999999,13.319999999999999,13.059999999999999,13.209999999999999,38518240.0,600522,中天科技
2023-11-06,13.35,13.899999999999999,13.299999999999999,13.77,66987327.0,600522,中天科技
2023-11-07,13.709999999999999,13.809999999999999,13.579999999999998,13.749999999999998,32137794.0,600522,中天科技
2023-11-08,13.719999999999999,13.799999999999999,13.54,13.62,33589057.0,600522,中天科技
2023-11-09,13.579999999999998,13.899999999999999,13.569999999999999,13.829999999999998,44154867.0,600522,中天科技
2023-11-10,13.77,13.809999999999999,13.62,13.639999999999999,29008319.0,600522,中天科技
2023-11-13,13.649999999999999,13.719999999999999,13.319999999999999,13.399999999999999,52655558.0,600522,中天科技
2023-11-14,13.409999999999998,13.509999999999998,13.36,13.419999999999998,31895928.0,600522,中天科技
2023-11-15,13.68,13.809999999999999,13.569999999999999,13.709999999999999,72090715.0,600522,中天科技
2023-11-16,13.709999999999999,13.709999999999999,13.479999999999999,13.479999999999999,35425819.0,600522,中天科技
2023-11-17,13.419999999999998,13.509999999999998,13.37,13.44,26626099.0,600522,中天科技
2023-11-20,13.43,13.459999999999999,13.299999999999999,13.459999999999999,28362762.0,600522,中天科技
2023-11-21,13.499999999999998,13.54,13.249999999999998,13.28,38521235.0,600522,中天科技
2023-11-22,13.219999999999999,13.249999999999998,12.969999999999999,12.979999999999999,54049043.0,600522,中天科技
2023-11-23,12.979999999999999,13.1,12.879999999999999,13.1,31165747.0,600522,中天科技
2023-11-24,13.1,13.1,12.879999999999999,12.919999999999998,28240574.0,600522,中天科技
2023-11-27,12.879999999999999,12.889999999999999,12.649999999999999,12.79,38750408.0,600522,中天科技
2023-11-28,12.759999999999998,12.819999999999999,12.589999999999998,12.709999999999999,34183998.0,600522,中天科技
2023-11-29,12.68,12.69,12.35,12.379999999999999,57234630.0,600522,中天科技
2023-11-30,12.35,12.419999999999998,12.089999999999998,12.2,37294223.0,600522,中天科技
2023-12-01,12.2,12.259999999999998,11.94,12.11,45979877.0,600522,中天科技
2023-12-04,12.12,12.489999999999998,12.12,12.389999999999999,49132017.0,600522,中天科技
2023-12-05,12.379999999999999,12.509999999999998,12.209999999999999,12.219999999999999,35464105.0,600522,中天科技
2023-12-06,12.219999999999999,12.37,12.11,12.27,30829748.0,600522,中天科技
2023-12-07,12.28,12.309999999999999,11.959999999999999,11.999999999999998,36638091.0,600522,中天科技
2023-12-08,12.009999999999998,12.139999999999999,11.979999999999999,12.04,31517942.0,600522,中天科技
2023-12-11,12.04,12.11,11.819999999999999,12.11,31839373.0,600522,中天科技
2023-12-12,12.069999999999999,12.239999999999998,12.04,12.129999999999999,22968228.0,600522,中天科技
2023-12-13,12.12,12.149999999999999,11.68,11.7,43890740.0,600522,中天科技
2023-12-14,11.79,11.87,11.7,11.739999999999998,25384332.0,600522,中天科技
2023-12-15,11.78,11.819999999999999,11.44,11.479999999999999,39423104.0,600522,中天科技
2023-12-18,11.399999999999999,11.469999999999999,11.009999999999998,11.069999999999999,55000537.0,600522,中天科技
2023-12-19,11.069999999999999,11.079999999999998,10.77,10.879999999999999,54464588.0,600522,中天科技
2023-12-20,10.95,10.969999999999999,10.719999999999999,10.729999999999999,41446261.0,600522,中天科技
2023-12-21,10.69,10.94,10.549999999999999,10.899999999999999,52424017.0,600522,中天科技
2023-12-22,10.87,11.03,10.78,10.889999999999999,41281169.0,600522,中天科技
2023-12-25,10.86,10.979999999999999,10.85,10.959999999999999,22726089.0,600522,中天科技
2023-12-26,10.969999999999999,10.989999999999998,10.68,10.739999999999998,26276690.0,600522,中天科技
2023-12-27,10.79,10.86,10.649999999999999,10.86,22813965.0,600522,中天科技
2023-12-28,10.86,11.77,10.799999999999999,11.62,91998768.0,600522,中天科技
2023-12-29,11.579999999999998,11.909999999999998,11.53,11.709999999999999,57899638.0,600522,中天科技
2024-01-02,11.729999999999999,11.829999999999998,11.61,11.62,32238516.0,600522,中天科技
2024-01-03,11.589999999999998,11.729999999999999,11.37,11.52,33397744.0,600522,中天科技
2024-01-04,11.509999999999998,11.509999999999998,11.249999999999998,11.329999999999998,24776117.0,600522,中天科技
2024-01-05,11.329999999999998,11.379999999999999,10.909999999999998,10.95,42451030.0,600522,中天科技
2024-01-08,10.94,11.089999999999998,10.739999999999998,10.749999999999998,30188955.0,600522,中天科技
2024-01-09,10.819999999999999,10.909999999999998,10.569999999999999,10.669999999999998,38250474.0,600522,中天科技
2024-01-10,10.62,10.739999999999998,10.35,10.469999999999999,38915031.0,600522,中天科技
2024-01-11,10.459999999999999,10.93,10.419999999999998,10.86,44184500.0,600522,中天科技
2024-01-12,10.809999999999999,10.95,10.739999999999998,10.79,29094838.0,600522,中天科技
2024-01-15,10.749999999999998,10.78,10.589999999999998,10.62,26590806.0,600522,中天科技
2024-01-16,11.219999999999999,11.479999999999999,11.02,11.319999999999999,127609131.0,600522,中天科技
2024-01-17,11.219999999999999,11.319999999999999,10.899999999999999,10.899999999999999,51243625.0,600522,中天科技
2024-01-18,10.86,11.399999999999999,10.78,11.37,78298698.0,600522,中天科技
2024-01-19,11.319999999999999,11.62,11.219999999999999,11.229999999999999,54320579.0,600522,中天科技
2024-01-22,11.229999999999999,11.229999999999999,10.6,10.7,44006569.0,600522,中天科技
2024-01-23,10.7,11.419999999999998,10.649999999999999,11.35,64223083.0,600522,中天科技
2024-01-24,11.409999999999998,11.54,11.089999999999998,11.479999999999999,61183589.0,600522,中天科技
2024-01-25,11.45,11.669999999999998,11.29,11.62,57536045.0,600522,中天科技
2024-01-26,11.629999999999999,11.669999999999998,11.389999999999999,11.409999999999998,39711725.0,600522,中天科技
2024-01-29,11.409999999999998,11.479999999999999,11.159999999999998,11.27,32511510.0,600522,中天科技
2024-01-30,11.219999999999999,11.249999999999998,10.919999999999998,10.959999999999999,26121867.0,600522,中天科技
2024-01-31,10.919999999999998,11.159999999999998,10.709999999999999,10.78,35730176.0,600522,中天科技
2024-02-01,10.759999999999998,11.02,10.549999999999999,10.79,29725182.0,600522,中天科技
2024-02-02,10.819999999999999,11.069999999999999,10.219999999999999,10.559999999999999,50651329.0,600522,中天科技
2024-02-05,10.499999999999998,10.61,9.749999999999998,9.909999999999998,57893867.0,600522,中天科技
2024-02-06,9.879999999999999,10.809999999999999,9.639999999999999,10.749999999999998,59163490.0,600522,中天科技
2024-02-07,10.749999999999998,11.169999999999998,10.719999999999999,10.95,50279328.0,600522,中天科技
2024-02-08,10.999999999999998,11.29,10.999999999999998,11.259999999999998,50289219.0,600522,中天科技
2024-02-19,11.36,11.6,11.35,11.499999999999998,48573950.0,600522,中天科技
2024-02-20,11.409999999999998,11.6,11.249999999999998,11.489999999999998,38992390.0,600522,中天科技
2024-02-21,11.37,11.889999999999999,11.319999999999999,11.6,62011966.0,600522,中天科技
2024-02-22,11.559999999999999,11.77,11.509999999999998,11.62,41911224.0,600522,中天科技
2024-02-23,11.639999999999999,11.739999999999998,11.579999999999998,11.639999999999999,36830364.0,600522,中天科技
2024-02-26,11.6,11.7,11.489999999999998,11.589999999999998,41789973.0,600522,中天科技
2024-02-27,11.589999999999998,12.28,11.53,12.28,84943408.0,600522,中天科技
2024-02-28,12.419999999999998,12.469999999999999,11.78,11.79,86778572.0,600522,中天科技
2024-02-29,11.729999999999999,12.319999999999999,11.7,12.309999999999999,68357795.0,600522,中天科技
2024-03-01,12.44,12.669999999999998,12.12,12.6,86092728.0,600522,中天科技
2024-03-04,12.589999999999998,12.749999999999998,12.459999999999999,12.639999999999999,70299855.0,600522,中天科技
2024-03-05,12.52,12.6,12.319999999999999,12.379999999999999,55596912.0,600522,中天科技
2024-03-06,12.339999999999998,13.29,12.299999999999999,13.129999999999999,131388287.0,600522,中天科技
2024-03-07,12.999999999999998,13.079999999999998,12.649999999999999,12.7,71237466.0,600522,中天科技
2024-03-08,12.7,13.149999999999999,12.68,13.12,77994886.0,600522,中天科技
2024-03-11,13.219999999999999,13.569999999999999,12.989999999999998,13.53,98101418.0,600522,中天科技
2024-03-12,13.649999999999999,14.049999999999999,13.54,13.69,103750266.0,600522,中天科技
2024-03-13,13.829999999999998,14.61,13.749999999999998,14.239999999999998,152402399.0,600522,中天科技
2024-03-14,14.169999999999998,14.389999999999999,13.989999999999998,14.309999999999999,83373981.0,600522,中天科技
2024-03-15,14.229999999999999,14.459999999999999,13.829999999999998,14.009999999999998,91617087.0,600522,中天科技
2024-03-18,14.069999999999999,14.149999999999999,13.909999999999998,14.11,62233336.0,600522,中天科技
2024-03-19,14.11,14.11,13.899999999999999,13.909999999999998,48320835.0,600522,中天科技
2024-03-20,13.93,14.049999999999999,13.759999999999998,13.799999999999999,43970891.0,600522,中天科技
2024-03-21,13.77,14.169999999999998,13.77,14.069999999999999,63315088.0,600522,中天科技
2024-03-22,14.02,14.159999999999998,13.77,13.969999999999999,46160323.0,600522,中天科技
2024-03-25,13.909999999999998,14.229999999999999,13.739999999999998,13.739999999999998,37842331.0,600522,中天科技
2024-03-26,13.52,13.669999999999998,13.35,13.549999999999999,56905698.0,600522,中天科技
2024-03-27,13.649999999999999,13.669999999999998,12.93,12.94,46762588.0,600522,中天科技
2024-03-28,12.95,13.419999999999998,12.94,13.28,39858639.0,600522,中天科技
2024-03-29,13.27,13.329999999999998,12.969999999999999,13.249999999999998,31100560.0,600522,中天科技
2024-04-01,13.37,13.549999999999999,13.18,13.319999999999999,37731687.0,600522,中天科技
2024-04-02,13.319999999999999,13.44,12.85,12.95,53238079.0,600522,中天科技
2024-04-03,12.999999999999998,12.999999999999998,12.489999999999998,12.54,56678283.0,600522,中天科技
2024-04-08,12.45,12.77,12.309999999999999,12.53,40962473.0,600522,中天科技
2024-04-09,12.44,12.719999999999999,12.44,12.649999999999999,25166210.0,600522,中天科技
2024-04-10,12.62,12.62,11.989999999999998,12.12,54690895.0,600522,中天科技
2024-04-11,12.12,12.36,12.03,12.259999999999998,36935472.0,600522,中天科技
2024-04-12,12.309999999999999,12.79,12.299999999999999,12.559999999999999,55232440.0,600522,中天科技
2024-04-15,12.559999999999999,12.799999999999999,12.419999999999998,12.709999999999999,52253822.0,600522,中天科技
2024-04-16,12.62,12.87,12.219999999999999,12.27,80807803.0,600522,中天科技
2024-04-17,12.399999999999999,12.69,12.149999999999999,12.6,68874603.0,600522,中天科技
2024-04-18,12.569999999999999,12.6,12.28,12.29,76402418.0,600522,中天科技
2024-04-19,12.18,12.18,11.569999999999999,11.85,101114774.0,600522,中天科技
2024-04-22,11.749999999999998,11.919999999999998,11.659999999999998,11.749999999999998,33350049.0,600522,中天科技
2024-04-23,11.739999999999998,11.819999999999999,11.579999999999998,11.77,31508588.0,600522,中天科技
2024-04-24,11.749999999999998,12.159999999999998,11.739999999999998,12.129999999999999,43335657.0,600522,中天科技
2024-04-25,12.089999999999998,12.209999999999999,11.959999999999999,12.04,27942705.0,600522,中天科技
2024-04-26,11.829999999999998,11.829999999999998,11.239999999999998,11.78,141642614.0,600522,中天科技
2024-04-29,11.85,12.979999999999999,11.839999999999998,12.799999999999999,138548431.0,600522,中天科技
2024-04-30,12.719999999999999,12.85,12.62,12.79,53518203.0,600522,中天科技
2024-05-06,13.059999999999999,13.43,13.04,13.129999999999999,80581849.0,600522,中天科技
2024-05-07,13.12,13.12,12.909999999999998,13.059999999999999,44258850.0,600522,中天科技
2024-05-08,13.049999999999999,13.389999999999999,12.87,13.159999999999998,75002991.0,600522,中天科技
2024-05-09,13.089999999999998,13.499999999999998,13.089999999999998,13.399999999999999,59646979.0,600522,中天科技
2024-05-10,13.399999999999999,13.7,13.35,13.6,58296380.0,600522,中天科技
2024-05-13,13.52,14.459999999999999,13.44,14.229999999999999,146105098.0,600522,中天科技
2024-05-14,14.19,14.319999999999999,14.03,14.19,61106667.0,600522,中天科技
2024-05-15,14.139999999999999,14.259999999999998,13.819999999999999,13.919999999999998,50563199.0,600522,中天科技
2024-05-16,13.95,14.709999999999999,13.95,14.27,111298110.0,600522,中天科技
2024-05-17,14.129999999999999,14.239999999999998,13.78,13.989999999999998,62322978.0,600522,中天科技
2024-05-20,13.969999999999999,14.29,13.919999999999998,14.159999999999998,46379130.0,600522,中天科技
2024-05-21,14.11,14.18,13.899999999999999,13.969999999999999,35199912.0,600522,中天科技
2024-05-22,13.969999999999999,14.04,13.659999999999998,13.719999999999999,54385201.0,600522,中天科技
2024-05-23,13.709999999999999,13.85,13.499999999999998,13.759999999999998,50930944.0,600522,中天科技
2024-05-24,13.79,14.409999999999998,13.69,13.839999999999998,65097662.0,600522,中天科技
2024-05-27,14.059999999999999,14.569999999999999,13.919999999999998,14.559999999999999,91487599.0,600522,中天科技
2024-05-28,14.649999999999999,15.089999999999998,14.399999999999999,14.45,87755200.0,600522,中天科技
2024-05-29,14.319999999999999,14.87,14.249999999999998,14.559999999999999,52734187.0,600522,中天科技
2024-05-30,14.559999999999999,14.739999999999998,14.36,14.6,40982684.0,600522,中天科技
2024-05-31,14.589999999999998,14.669999999999998,14.249999999999998,14.28,42072805.0,600522,中天科技
2024-06-03,14.229999999999999,14.239999999999998,13.839999999999998,14.009999999999998,48570036.0,600522,中天科技
2024-06-04,13.95,14.37,13.909999999999998,14.35,43159233.0,600522,中天科技
2024-06-05,14.29,14.389999999999999,13.719999999999999,13.759999999999998,58082814.0,600522,中天科技
2024-06-06,13.78,13.969999999999999,13.549999999999999,13.649999999999999,38514100.0,600522,中天科技
2024-06-07,13.669999999999998,13.78,13.37,13.68,39526915.0,600522,中天科技
2024-06-11,13.629999999999999,13.94,13.379999999999999,13.78,33907247.0,600522,中天科技
2024-06-12,13.729999999999999,13.989999999999998,13.53,13.719999999999999,30797420.0,600522,中天科技
2024-06-13,13.659999999999998,14.069999999999999,13.6,13.87,39146222.0,600522,中天科技
2024-06-14,13.819999999999999,14.03,13.62,13.959999999999999,34206382.0,600522,中天科技
2024-06-17,13.93,14.649999999999999,13.919999999999998,14.6,76574018.0,600522,中天科技
2024-06-18,14.6,14.879999999999999,14.52,14.85,57804199.0,600522,中天科技
2024-06-19,14.899999999999999,14.959999999999999,14.639999999999999,14.78,34219126.0,600522,中天科技
2024-06-20,14.729999999999999,15.2,14.719999999999999,14.839999999999998,66391669.0,600522,中天科技
2024-06-21,14.799999999999999,15.12,14.709999999999999,15.03,48102945.0,600522,中天科技
2024-06-24,14.889999999999999,15.419999999999998,14.879999999999999,14.919999999999998,67166248.0,600522,中天科技
2024-06-25,14.87,14.899999999999999,14.43,14.499999999999998,50590116.0,600522,中天科技
2024-06-26,14.479999999999999,14.61,14.339999999999998,14.54,31045030.0,600522,中天科技
2024-06-27,14.45,14.6,14.139999999999999,14.399999999999999,38768200.0,600522,中天科技
2024-06-28,14.319999999999999,15.32,14.319999999999999,15.069999999999999,62804955.0,600522,中天科技
2024-07-01,15.079999999999998,15.23,14.79,15.149999999999999,32542261.0,600522,中天科技
2024-07-02,15.069999999999999,15.209999999999999,13.7,14.35,102061437.0,600522,中天科技
2024-07-03,14.35,14.419999999999998,13.979999999999999,14.389999999999999,36497877.0,600522,中天科技
2024-07-04,14.409999999999998,14.94,14.409999999999998,14.509999999999998,45434018.0,600522,中天科技
2024-07-05,14.44,14.659999999999998,14.11,14.569999999999999,27012792.0,600522,中天科技
2024-07-08,14.52,14.87,14.379999999999999,14.52,44253510.0,600522,中天科技
2024-07-09,14.589999999999998,15.27,14.469999999999999,15.209999999999999,65087496.0,600522,中天科技
2024-07-10,15.169999999999998,15.2,14.54,14.589999999999998,59924514.0,600522,中天科技
2024-07-11,14.809999999999999,14.879999999999999,14.239999999999998,14.409999999999998,64075717.0,600522,中天科技
2024-07-12,14.44,14.469999999999999,14.03,14.28,41902409.0,600522,中天科技
2024-07-15,14.32,14.42,14.0,14.12,27890785.0,600522,中天科技
2024-07-16,14.01,14.11,13.43,13.85,66556229.0,600522,中天科技
2024-07-17,13.79,13.85,13.6,13.6,28033019.0,600522,中天科技
2024-07-18,13.6,13.61,13.16,13.479999999999999,55015642.0,600522,中天科技
2024-07-19,13.44,13.83,13.37,13.7,44810262.0,600522,中天科技
2024-07-22,13.74,14.33,13.5,14.02,58248679.0,600522,中天科技
2024-07-23,14.1,14.139999999999999,13.49,13.49,39606700.0,600522,中天科技
2024-07-24,13.469999999999999,13.879999999999999,13.43,13.68,31674449.0,600522,中天科技
2024-07-25,13.69,14.639999999999999,13.549999999999999,14.42,90389398.0,600522,中天科技
2024-07-26,14.389999999999999,14.99,14.27,14.93,65713681.0,600522,中天科技
2024-07-29,14.93,15.16,14.54,14.7,41767662.0,600522,中天科技
2024-07-30,14.639999999999999,14.83,14.45,14.54,24900350.0,600522,中天科技
2024-07-31,14.54,14.639999999999999,14.129999999999999,14.41,59523540.0,600522,中天科技
2024-08-01,14.42,14.69,14.299999999999999,14.43,38264733.0,600522,中天科技
2024-08-02,14.24,14.34,13.95,14.01,39178711.0,600522,中天科技
2024-08-05,13.879999999999999,14.09,13.51,13.51,33027655.0,600522,中天科技
2024-08-06,13.65,13.76,13.07,13.229999999999999,53339335.0,600522,中天科技
2024-08-07,13.32,13.719999999999999,13.32,13.53,39427346.0,600522,中天科技
2024-08-08,13.45,13.54,13.07,13.17,37524404.0,600522,中天科技
2024-08-09,13.219999999999999,13.559999999999999,13.04,13.04,34344900.0,600522,中天科技
2024-08-12,13.19,13.34,12.85,12.959999999999999,25155300.0,600522,中天科技
2024-08-13,12.91,13.049999999999999,12.85,13.02,19866044.0,600522,中天科技
2024-08-14,13.059999999999999,13.1,12.49,12.58,46297099.0,600522,中天科技
2024-08-15,12.54,12.77,12.379999999999999,12.629999999999999,26505941.0,600522,中天科技
2024-08-16,12.62,12.94,12.6,12.77,30676299.0,600522,中天科技
2024-08-19,12.77,12.889999999999999,12.58,12.69,22043964.0,600522,中天科技
2024-08-20,12.629999999999999,12.66,12.34,12.559999999999999,30602047.0,600522,中天科技
2024-08-21,12.5,12.6,12.37,12.44,15726491.0,600522,中天科技
2024-08-22,12.5,12.51,12.219999999999999,12.26,20490600.0,600522,中天科技
2024-08-23,12.19,12.36,12.08,12.129999999999999,22579312.0,600522,中天科技
2024-08-26,12.15,12.309999999999999,11.99,12.07,23729884.0,600522,中天科技
2024-08-27,12.0,12.02,11.719999999999999,11.76,25932139.0,600522,中天科技
2024-08-28,11.709999999999999,12.07,11.7,12.03,31238098.0,600522,中天科技
2024-08-29,12.09,12.58,12.09,12.5,49041770.0,600522,中天科技
2024-08-30,12.2,12.58,11.78,12.4,86704258.0,600522,中天科技
2024-09-02,12.29,12.44,11.91,11.93,43669239.0,600522,中天科技
2024-09-03,11.9,12.33,11.799999999999999,12.32,50150111.0,600522,中天科技
2024-09-04,12.32,12.76,12.19,12.629999999999999,56272083.0,600522,中天科技
2024-09-05,12.639999999999999,12.74,12.53,12.65,26929918.0,600522,中天科技
2024-09-06,12.66,12.809999999999999,12.4,12.42,27733200.0,600522,中天科技
2024-09-09,12.29,12.54,12.26,12.51,23745827.0,600522,中天科技
2024-09-10,12.45,12.61,12.26,12.41,21985200.0,600522,中天科技
2024-09-11,12.44,13.12,12.35,12.959999999999999,55460344.0,600522,中天科技
2024-09-12,12.99,13.2,12.77,12.79,26252560.0,600522,中天科技
2024-09-13,12.92,13.34,12.61,12.639999999999999,35078325.0,600522,中天科技
2024-09-18,12.67,12.959999999999999,12.549999999999999,12.86,29254460.0,600522,中天科技
2024-09-19,12.94,13.04,12.709999999999999,12.85,36145275.0,600522,中天科技
2024-09-20,12.879999999999999,12.93,12.34,12.51,44137406.0,600522,中天科技
2024-09-23,12.49,12.54,12.229999999999999,12.28,34703969.0,600522,中天科技
2024-09-24,12.389999999999999,12.58,12.09,12.559999999999999,64110032.0,600522,中天科技
2024-09-25,12.62,13.129999999999999,12.58,12.629999999999999,68173148.0,600522,中天科技
2024-09-26,12.639999999999999,12.889999999999999,12.34,12.889999999999999,81793389.0,600522,中天科技
2024-09-27,13.03,13.74,13.01,13.719999999999999,89261988.0,600522,中天科技
2024-09-30,14.34,15.03,14.01,14.93,147779862.0,600522,中天科技
2024-10-08,16.479999999999997,16.479999999999997,14.85,15.72,172695840.0,600522,中天科技
2024-10-09,15.32,15.479999999999999,14.44,14.45,110879215.0,600522,中天科技
2024-10-10,14.469999999999999,15.19,14.16,14.799999999999999,90650041.0,600522,中天科技
2024-10-11,14.59,14.78,14.0,14.16,59989394.0,600522,中天科技
2024-10-14,14.299999999999999,14.61,14.16,14.49,57410753.0,600522,中天科技
2024-10-15,14.44,14.44,13.94,13.94,68440167.0,600522,中天科技
2024-10-16,13.77,13.969999999999999,13.559999999999999,13.799999999999999,42026704.0,600522,中天科技
2024-10-17,13.879999999999999,14.36,13.879999999999999,14.059999999999999,61572172.0,600522,中天科技
2024-10-18,14.049999999999999,14.75,13.969999999999999,14.51,85605806.0,600522,中天科技
2024-10-21,14.67,14.93,14.5,14.639999999999999,82820106.0,600522,中天科技
2024-10-22,14.639999999999999,15.85,14.61,15.729999999999999,162247838.0,600522,中天科技
2024-10-23,15.929999999999998,16.679999999999996,15.709999999999999,15.790000000000001,202877433.0,600522,中天科技
2024-10-24,15.729999999999999,16.019999999999996,15.34,15.85,72526516.0,600522,中天科技
2024-10-25,15.769999999999998,16.429999999999996,15.69,16.279999999999998,89758311.0,600522,中天科技
2024-10-28,16.299999999999997,16.319999999999997,15.16,15.35,142747306.0,600522,中天科技
2024-10-29,15.35,15.379999999999999,14.82,14.93,125232855.0,600522,中天科技
2024-10-30,15.12,15.6,15.09,15.25,120672191.0,600522,中天科技
2024-10-31,15.29,15.389999999999999,14.87,15.19,72929667.0,600522,中天科技
2024-11-01,15.09,15.43,14.85,15.1,65828740.0,600522,中天科技
2024-11-04,15.16,15.41,15.02,15.18,51386275.0,600522,中天科技
2024-11-05,15.139999999999999,15.74,15.07,15.65,99964070.0,600522,中天科技
2024-11-06,16.06,16.599999999999998,16.049999999999997,16.36,141419676.0,600522,中天科技
2024-11-07,16.22,16.759999999999998,16.139999999999997,16.749999999999996,99619773.0,600522,中天科技
2024-11-08,17.08,17.22,16.689999999999998,16.74,91806218.0,600522,中天科技
2024-11-11,16.689999999999998,16.729999999999997,16.24,16.709999999999997,85035553.0,600522,中天科技
2024-11-12,16.599999999999998,16.929999999999996,16.339999999999996,16.49,63029651.0,600522,中天科技
2024-11-13,16.339999999999996,16.619999999999997,16.29,16.589999999999996,40905689.0,600522,中天科技
2024-11-14,16.529999999999998,16.619999999999997,15.87,15.979999999999999,53884837.0,600522,中天科技
2024-11-15,15.979999999999999,16.11,15.6,15.709999999999999,55091300.0,600522,中天科技
2024-11-18,15.769999999999998,16.33,15.549999999999999,15.65,71399366.0,600522,中天科技
2024-11-19,15.639999999999999,15.909999999999998,15.19,15.63,43316166.0,600522,中天科技
2024-11-20,15.610000000000001,15.860000000000001,15.4,15.729999999999999,41496012.0,600522,中天科技
2024-11-21,15.74,15.92,15.639999999999999,15.76,32081684.0,600522,中天科技
2024-11-22,15.729999999999999,15.729999999999999,15.049999999999999,15.059999999999999,49916670.0,600522,中天科技
2024-11-25,15.059999999999999,15.44,14.99,15.09,39515353.0,600522,中天科技
2024-11-26,15.18,15.379999999999999,15.139999999999999,15.209999999999999,24083688.0,600522,中天科技
2024-11-27,15.15,15.769999999999998,15.09,15.749999999999998,38868522.0,600522,中天科技
2024-11-28,15.819999999999999,15.959999999999999,15.32,15.36,35192250.0,600522,中天科技
2024-11-29,15.32,15.63,15.29,15.32,47111728.0,600522,中天科技
2024-12-02,15.28,15.790000000000001,15.03,15.709999999999999,56632206.0,600522,中天科技
2024-12-03,15.709999999999999,16.49,15.679999999999998,16.209999999999997,88235817.0,600522,中天科技
2024-12-04,16.259999999999998,16.279999999999998,15.679999999999998,15.790000000000001,39824202.0,600522,中天科技
2024-12-05,15.76,15.819999999999999,15.09,15.389999999999999,61836518.0,600522,中天科技
2024-12-06,15.33,15.53,15.209999999999999,15.36,36318665.0,600522,中天科技
2024-12-09,15.29,15.479999999999999,15.11,15.32,44456393.0,600522,中天科技
2024-12-10,15.69,15.799999999999999,15.16,15.209999999999999,71140397.0,600522,中天科技
2024-12-11,15.08,15.299999999999999,15.059999999999999,15.24,29959461.0,600522,中天科技
2024-12-12,15.219999999999999,15.29,15.049999999999999,15.28,33937491.0,600522,中天科技
2024-12-13,15.15,15.379999999999999,15.04,15.059999999999999,45046062.0,600522,中天科技
2024-12-16,15.139999999999999,15.2,14.79,14.9,38339271.0,600522,中天科技
2024-12-17,14.889999999999999,15.49,14.85,14.94,49614103.0,600522,中天科技
2024-12-18,15.04,15.18,14.94,14.979999999999999,26893864.0,600522,中天科技
2024-12-19,14.889999999999999,15.08,14.57,14.979999999999999,46889089.0,600522,中天科技
2024-12-20,15.09,15.219999999999999,14.78,14.84,59235880.0,600522,中天科技
2024-12-23,14.86,14.889999999999999,14.49,14.51,36910547.0,600522,中天科技
2024-12-24,14.54,14.74,14.44,14.549999999999999,33657089.0,600522,中天科技
2024-12-25,14.58,14.59,14.049999999999999,14.19,56564518.0,600522,中天科技
2024-12-26,14.2,14.36,14.1,14.209999999999999,56736029.0,600522,中天科技
2024-12-27,14.219999999999999,14.379999999999999,14.04,14.2,42162105.0,600522,中天科技
2024-12-30,14.16,14.219999999999999,13.95,13.99,51392801.0,600522,中天科技
2024-12-31,13.99,14.059999999999999,13.709999999999999,13.76,36580351.0,600522,中天科技
2025-01-02,13.74,13.74,13.02,13.129999999999999,64564411.0,600522,中天科技
2025-01-03,13.18,13.4,13.049999999999999,13.09,51047812.0,600522,中天科技
2025-01-06,13.09,13.309999999999999,12.99,13.129999999999999,39232310.0,600522,中天科技
2025-01-07,13.129999999999999,13.17,12.879999999999999,13.16,48645310.0,600522,中天科技
2025-01-08,13.1,13.17,12.66,12.95,57166258.0,600522,中天科技
2025-01-09,12.889999999999999,12.979999999999999,12.709999999999999,12.799999999999999,46856294.0,600522,中天科技
2025-01-10,12.75,13.059999999999999,12.549999999999999,12.559999999999999,60312137.0,600522,中天科技
2025-01-13,12.5,12.59,12.18,12.24,70490351.0,600522,中天科技
2025-01-14,12.29,12.9,12.17,12.74,102251822.0,600522,中天科技
2025-01-15,12.729999999999999,12.76,12.469999999999999,12.69,57685850.0,600522,中天科技
2025-01-16,12.719999999999999,13.0,12.67,12.799999999999999,47600309.0,600522,中天科技
2025-01-17,12.93,13.59,12.92,13.229999999999999,89423644.0,600522,中天科技
2025-01-20,13.33,13.44,13.02,13.08,64816835.0,600522,中天科技
2025-01-21,13.28,13.28,13.02,13.1,40463545.0,600522,中天科技
2025-01-22,13.1,13.219999999999999,12.92,13.16,45884228.0,600522,中天科技
2025-01-23,13.27,13.36,13.03,13.03,49671071.0,600522,中天科技
2025-01-24,12.95,13.629999999999999,12.95,13.41,97866310.0,600522,中天科技
2025-01-27,13.5,13.68,13.059999999999999,13.08,62679346.0,600522,中天科技
2025-02-05,13.18,13.219999999999999,12.69,12.799999999999999,71797753.0,600522,中天科技
2025-02-06,12.799999999999999,13.11,12.729999999999999,13.1,53086653.0,600522,中天科技
2025-02-07,13.17,13.559999999999999,13.04,13.41,77017148.0,600522,中天科技
2025-02-10,13.49,13.53,13.27,13.389999999999999,69417667.0,600522,中天科技
2025-02-11,13.4,13.41,13.19,13.27,50615624.0,600522,中天科技
2025-02-12,13.27,13.34,13.17,13.34,56117649.0,600522,中天科技
2025-02-13,13.36,13.37,13.16,13.16,66006930.0,600522,中天科技
2025-02-14,13.12,13.549999999999999,13.09,13.389999999999999,92050089.0,600522,中天科技
2025-02-17,13.459999999999999,13.52,13.15,13.25,94050848.0,600522,中天科技
2025-02-18,13.309999999999999,13.53,13.049999999999999,13.08,104091537.0,600522,中天科技
2025-02-19,13.18,13.389999999999999,13.09,13.34,88422685.0,600522,中天科技
2025-02-20,13.35,13.54,13.12,13.24,101897175.0,600522,中天科技
2025-02-21,13.25,13.92,13.24,13.87,196287744.0,600522,中天科技
2025-02-24,13.959999999999999,14.059999999999999,13.719999999999999,13.879999999999999,143368049.0,600522,中天科技
2025-02-25,13.69,13.9,13.59,13.65,107233143.0,600522,中天科技
2025-02-26,13.77,13.889999999999999,13.61,13.84,84879165.0,600522,中天科技
2025-02-27,13.92,13.92,13.52,13.67,83270021.0,600522,中天科技
2025-02-28,13.62,13.82,13.229999999999999,13.24,85198380.0,600522,中天科技
2025-03-03,13.33,13.639999999999999,13.32,13.459999999999999,69411612.0,600522,中天科技
2025-03-04,13.43,13.5,13.35,13.49,45435428.0,600522,中天科技
2025-03-05,13.52,13.6,13.36,13.49,48119833.0,600522,中天科技
2025-03-06,13.57,13.84,13.5,13.77,96602092.0,600522,中天科技
2025-03-07,13.76,13.76,13.53,13.57,63339106.0,600522,中天科技
2025-03-10,13.57,13.639999999999999,13.45,13.57,43445118.0,600522,中天科技
2025-03-11,13.4,13.52,13.34,13.52,45266018.0,600522,中天科技
2025-03-12,13.54,13.83,13.459999999999999,13.69,78213554.0,600522,中天科技
2025-03-13,13.719999999999999,14.0,13.67,13.799999999999999,102603728.0,600522,中天科技
2025-03-14,14.08,14.809999999999999,14.08,14.719999999999999,239733910.0,600522,中天科技
2025-03-17,15.69,15.72,14.9,15.02,270401667.0,600522,中天科技
2025-03-18,14.91,15.1,14.7,14.79,162251128.0,600522,中天科技
2025-03-19,14.79,14.799999999999999,14.379999999999999,14.45,126113951.0,600522,中天科技
2025-03-20,14.52,14.83,14.37,14.6,119775355.0,600522,中天科技
2025-03-21,14.6,15.58,14.6,15.209999999999999,256053306.0,600522,中天科技
2025-03-24,15.49,15.51,14.58,15.08,186906888.0,600522,中天科技
2025-03-25,14.86,15.049999999999999,14.34,14.42,144300365.0,600522,中天科技
2025-03-26,14.299999999999999,14.57,14.219999999999999,14.26,90527766.0,600522,中天科技
2025-03-27,14.27,14.379999999999999,13.889999999999999,14.11,80947371.0,600522,中天科技
2025-03-28,14.08,14.26,13.99,14.04,70182586.0,600522,中天科技
2025-03-31,13.95,14.11,13.82,14.0,63831488.0,600522,中天科技
2025-04-01,14.11,14.16,13.889999999999999,13.959999999999999,48856299.0,600522,中天科技
2025-04-02,13.9,14.02,13.83,13.85,41989401.0,600522,中天科技
2025-04-03,13.69,13.809999999999999,13.45,13.59,54759343.0,600522,中天科技
2025-04-07,12.74,12.879999999999999,12.18,12.18,90057474.0,600522,中天科技
2025-04-08,12.139999999999999,12.479999999999999,12.03,12.24,71377500.0,600522,中天科技
2025-04-09,11.95,12.62,11.54,12.49,80244970.0,600522,中天科技
2025-04-10,12.93,13.09,12.74,12.87,73865885.0,600522,中天科技
2025-04-11,12.74,12.959999999999999,12.68,12.84,44631679.0,600522,中天科技
2025-04-14,12.969999999999999,13.29,12.93,13.08,53263793.0,600522,中天科技
2025-04-15,12.99,13.059999999999999,12.75,12.879999999999999,34843216.0,600522,中天科技
2025-04-16,12.82,12.87,12.6,12.82,31113309.0,600522,中天科技
2025-04-17,12.719999999999999,12.92,12.65,12.82,25229220.0,600522,中天科技
2025-04-18,12.77,13.389999999999999,12.77,13.27,72223994.0,600522,中天科技
2025-04-21,13.26,13.51,13.129999999999999,13.34,41642224.0,600522,中天科技
2025-04-22,13.32,13.62,13.25,13.41,44138293.0,600522,中天科技
2025-04-23,13.51,13.559999999999999,13.32,13.5,38341991.0,600522,中天科技
2025-04-24,13.51,13.52,13.309999999999999,13.34,30371625.0,600522,中天科技
2025-04-25,13.24,13.65,13.209999999999999,13.58,57167385.0,600522,中天科技
2025-04-28,13.54,13.559999999999999,13.299999999999999,13.4,32793605.0,600522,中天科技
2025-04-29,13.42,13.43,13.26,13.309999999999999,26069564.0,600522,中天科技
2025-04-30,13.309999999999999,13.42,13.299999999999999,13.35,24253240.0,600522,中天科技
2025-05-06,13.35,13.52,13.35,13.5,39987027.0,600522,中天科技
2025-05-07,13.59,13.69,13.37,13.42,40645835.0,600522,中天科技
2025-05-08,13.42,13.68,13.37,13.61,42070749.0,600522,中天科技
2025-05-09,13.61,13.61,13.32,13.379999999999999,32330382.0,600522,中天科技
2025-05-12,13.44,13.59,13.43,13.53,30714100.0,600522,中天科技
2025-05-13,13.629999999999999,13.68,13.459999999999999,13.49,32980000.0,600522,中天科技
2025-05-14,13.49,13.639999999999999,13.36,13.52,39345411.0,600522,中天科技
2025-05-15,13.53,13.54,13.16,13.16,39327158.0,600522,中天科技
2025-05-16,13.12,13.28,13.11,13.12,24116129.0,600522,中天科技
2025-05-19,13.12,13.299999999999999,13.07,13.2,20545174.0,600522,中天科技
2025-05-20,13.15,13.229999999999999,13.04,13.18,23734618.0,600522,中天科技
2025-05-21,13.17,13.18,12.85,12.91,56048470.0,600522,中天科技
2025-05-22,12.879999999999999,13.01,12.82,12.84,30241950.0,600522,中天科技
2025-05-23,12.84,12.879999999999999,12.629999999999999,12.639999999999999,33654300.0,600522,中天科技
2025-05-26,12.62,12.75,12.61,12.719999999999999,22602858.0,600522,中天科技
2025-05-27,12.719999999999999,12.74,12.6,12.65,19920700.0,600522,中天科技
2025-05-28,12.66,12.77,12.66,12.7,24855550.0,600522,中天科技
2025-05-29,12.69,12.959999999999999,12.66,12.95,33515581.0,600522,中天科技
2025-05-30,12.92,12.92,12.69,12.75,27624000.0,600522,中天科技
2025-06-03,12.62,12.67,12.559999999999999,12.639999999999999,31497507.0,600522,中天科技
2025-06-04,12.68,12.719999999999999,12.49,12.639999999999999,40378412.0,600522,中天科技
2025-06-05,12.65,12.76,12.559999999999999,12.729999999999999,40703438.0,600522,中天科技
2025-06-06,12.729999999999999,13.19,12.69,13.049999999999999,70034384.0,600522,中天科技
2025-06-09,13.049999999999999,13.229999999999999,12.99,13.19,58121259.0,600522,中天科技
2025-06-10,13.17,13.19,12.95,13.07,35466093.0,600522,中天科技
2025-06-11,13.08,13.15,13.04,13.09,23262628.0,600522,中天科技
2025-06-12,13.08,13.19,13.01,13.11,24097900.0,600522,中天科技
2025-06-13,13.049999999999999,13.12,12.91,12.94,26446089.0,600522,中天科技
2025-06-16,12.91,13.309999999999999,12.879999999999999,13.209999999999999,47749349.0,600522,中天科技
2025-06-17,13.29,13.43,13.17,13.24,31268384.0,600522,中天科技
2025-06-18,13.2,13.33,13.16,13.29,25557267.0,600522,中天科技
2025-06-19,13.25,13.28,12.959999999999999,13.0,30692725.0,600522,中天科技
2025-06-20,13.0,13.27,12.94,12.959999999999999,26478690.0,600522,中天科技
2025-06-23,12.91,13.18,12.85,13.16,30894056.0,600522,中天科技
2025-06-24,13.19,13.4,13.17,13.33,39993377.0,600522,中天科技
2025-06-25,13.41,13.52,13.29,13.41,35465811.0,600522,中天科技
2025-06-26,13.44,13.65,13.41,13.479999999999999,55384413.0,600522,中天科技
2025-06-27,13.52,13.58,13.44,13.53,31467621.0,600522,中天科技
2025-06-30,13.53,13.93,13.53,13.9,66649117.0,600522,中天科技
2025-07-01,13.94,13.99,13.799999999999999,13.87,36957758.0,600522,中天科技
2025-07-02,14.29,14.42,13.809999999999999,13.84,88167416.0,600522,中天科技
2025-07-03,13.979999999999999,14.07,13.83,13.9,50934094.0,600522,中天科技
2025-07-04,13.9,13.9,13.59,13.66,51899025.0,600522,中天科技
2025-07-07,13.61,13.629999999999999,13.42,13.51,35217227.0,600522,中天科技
2025-07-08,13.53,13.889999999999999,13.52,13.82,49052380.0,600522,中天科技
2025-07-09,13.84,13.879999999999999,13.7,13.729999999999999,30651510.0,600522,中天科技
2025-07-10,13.7,13.75,13.61,13.68,24779634.0,600522,中天科技
2025-07-11,13.68,13.7,13.57,13.59,45356029.0,600522,中天科技
2025-07-14,13.59,13.719999999999999,13.59,13.639999999999999,30861491.0,600522,中天科技
2025-07-15,13.629999999999999,13.719999999999999,13.49,13.5,39332818.0,600522,中天科技
2025-07-16,13.5,13.6,13.42,13.45,29123464.0,600522,中天科技
2025-07-17,13.5,13.76,13.45,13.709999999999999,64189212.0,600522,中天科技
2025-07-18,13.74,13.76,13.45,13.51,62629350.0,600522,中天科技
2025-07-21,13.559999999999999,13.86,13.51,13.85,77975708.0,600522,中天科技
2025-07-22,13.889999999999999,13.889999999999999,13.74,13.889999999999999,54078750.0,600522,中天科技
2025-07-23,13.93,13.93,13.67,13.709999999999999,49901173.0,600522,中天科技
2025-07-24,13.74,13.78,13.639999999999999,13.78,54107184.0,600522,中天科技
2025-07-25,13.94,13.94,13.57,13.66,68250799.0,600522,中天科技
2025-07-28,13.67,13.76,13.58,13.71,40414506.0,600522,中天科技
2025-07-29,13.64,13.74,13.52,13.68,50648822.0,600522,中天科技
2025-07-30,13.61,13.870000000000001,13.52,13.68,81621854.0,600522,中天科技
2025-07-31,13.64,14.040000000000001,13.540000000000001,13.59,113544965.0,600522,中天科技
2025-08-01,13.52,13.94,13.51,13.76,69337018.0,600522,中天科技
2025-08-04,13.700000000000001,13.700000000000001,13.540000000000001,13.68,46147600.0,600522,中天科技
2025-08-05,13.700000000000001,14.14,13.700000000000001,13.99,114758682.0,600522,中天科技
2025-08-06,13.98,13.98,13.86,13.88,72865256.0,600522,中天科技
2025-08-07,13.89,13.91,13.69,13.790000000000001,61758195.0,600522,中天科技
2025-08-08,13.78,14.18,13.72,14.05,133865882.0,600522,中天科技
2025-08-11,14.09,14.34,14.09,14.27,114806805.0,600522,中天科技
2025-08-12,14.26,14.39,14.17,14.33,98024061.0,600522,中天科技
2025-08-13,14.370000000000001,14.59,14.3,14.48,96329821.0,600522,中天科技
2025-08-14,14.540000000000001,14.620000000000001,14.13,14.24,104232338.0,600522,中天科技
2025-08-15,14.19,15.23,14.15,14.93,189157829.0,600522,中天科技
2025-08-18,15.21,15.290000000000001,14.9,15.02,114672058.0,600522,中天科技
2025-08-19,14.94,15.43,14.92,15.14,110494812.0,600522,中天科技
2025-08-20,15.040000000000001,15.07,14.82,15.040000000000001,80725118.0,600522,中天科技
2025-08-21,15.03,15.05,14.69,14.790000000000001,87994001.0,600522,中天科技
2025-08-22,14.77,14.99,14.75,14.950000000000001,70126878.0,600522,中天科技
2025-08-25,15.14,15.620000000000001,15.06,15.59,162509875.0,600522,中天科技
2025-08-26,15.65,15.910000000000002,15.34,15.72,144722594.0,600522,中天科技
2025-08-27,15.76,16.02,15.5,15.5,151114739.0,600522,中天科技
2025-08-28,15.42,16.4,15.42,16.15,226824116.0,600522,中天科技
2025-08-29,16.29,16.33,15.85,15.979999999999999,111329610.0,600522,中天科技
2025-09-01,16.04,16.169999999999998,15.790000000000001,15.889999999999999,106564971.0,600522,中天科技
2025-09-02,15.94,16.279999999999998,15.25,15.34,139545283.0,600522,中天科技
2025-09-03,15.27,15.81,15.16,15.47,103444292.0,600522,中天科技
2025-09-04,15.71,16.189999999999998,14.96,15.200000000000001,128444099.0,600522,中天科技
2025-09-05,15.24,16.119999999999997,15.24,16.029999999999998,184852214.0,600522,中天科技
2025-09-08,16.139999999999997,16.22,15.750000000000002,15.979999999999999,110510253.0,600522,中天科技
2025-09-09,16.04,16.04,15.59,15.620000000000001,91526081.0,600522,中天科技
2025-09-10,15.750000000000002,15.959999999999999,15.6,15.69,90950611.0,600522,中天科技
2025-09-11,15.72,16.06,15.5,16.04,131099839.0,600522,中天科技
2025-09-12,16.04,16.119999999999997,15.860000000000001,15.9,93982000.0,600522,中天科技
2025-09-15,15.889999999999999,15.910000000000002,15.39,15.44,104548220.0,600522,中天科技
2025-09-16,15.43,15.49,15.09,15.39,99736369.0,600522,中天科技
2025-09-17,15.33,15.58,15.25,15.53,69239319.0,600522,中天科技
2025-09-18,15.450000000000001,17.11,15.4,16.63,373062558.0,600522,中天科技
2025-09-19,16.54,16.75,16.34,16.479999999999997,175660565.0,600522,中天科技
2025-09-22,16.729999999999997,17.11,16.229999999999997,16.919999999999998,195774791.0,600522,中天科技
2025-09-23,17.54,17.709999999999997,16.59,16.979999999999997,236704173.0,600522,中天科技
2025-09-24,16.979999999999997,18.139999999999997,16.759999999999998,17.889999999999997,275998307.0,600522,中天科技
2025-09-25,17.9,18.099999999999998,17.54,17.939999999999998,179781430.0,600522,中天科技
2025-09-26,17.869999999999997,18.599999999999998,17.759999999999998,18.0,176292893.0,600522,中天科技
2025-09-29,18.13,18.729999999999997,17.939999999999998,18.259999999999998,172444454.0,600522,中天科技
2025-09-30,18.349999999999998,19.08,18.279999999999998,18.66,169211313.0,600522,中天科技
2025-10-09,18.93,19.97,18.75,19.74,202763146.0,600522,中天科技
2025-10-10,19.639999999999997,19.66,18.24,18.33,199979545.0,600522,中天科技
2025-10-13,17.33,18.72,17.33,18.66,145140628.0,600522,中天科技
2025-10-14,18.729999999999997,18.799999999999997,17.639999999999997,17.68,151421625.0,600522,中天科技
2025-10-15,17.75,18.08,17.549999999999997,18.06,94787686.0,600522,中天科技
2025-10-16,17.93,17.99,17.439999999999998,17.56,94664991.0,600522,中天科技
2025-10-17,17.86,17.889999999999997,16.58,16.639999999999997,133116680.0,600522,中天科技
2025-10-20,17.009999999999998,17.41,16.869999999999997,17.06,96626704.0,600522,中天科技
2025-10-21,17.169999999999998,17.52,17.16,17.5,91895480.0,600522,中天科技
2025-10-22,17.34,17.38,17.02,17.209999999999997,55327875.0,600522,中天科技
2025-10-23,17.04,17.36,16.7,17.349999999999998,58630610.0,600522,中天科技
2025-10-24,17.54,17.709999999999997,17.459999999999997,17.63,76862415.0,600522,中天科技
2025-10-27,17.919999999999998,18.009999999999998,17.5,17.66,98452466.0,600522,中天科技
2025-10-28,17.139999999999997,17.139999999999997,16.45,16.79,228634346.0,600522,中天科技
2025-10-29,16.669999999999998,17.16,16.59,17.15,118315665.0,600522,中天科技
2025-10-30,17.16,17.16,16.7,16.75,97924262.0,600522,中天科技
2025-10-31,16.83,17.09,16.65,16.689999999999998,83520144.0,600522,中天科技
2025-11-03,16.7,16.759999999999998,16.24,16.54,81665838.0,600522,中天科技
2025-11-04,16.52,16.569999999999997,15.97,16.09,87804188.0,600522,中天科技
2025-11-05,15.76,16.419999999999998,15.750000000000002,16.33,69945684.0,600522,中天科技
2025-11-06,16.79,17.56,16.779999999999998,17.259999999999998,213806580.0,600522,中天科技
2025-11-07,17.04,17.529999999999998,16.95,17.38,124361474.0,600522,中天科技
2025-11-10,17.47,17.619999999999997,16.86,16.95,116017716.0,600522,中天科技
2025-11-11,17.09,17.15,16.75,16.779999999999998,71168693.0,600522,中天科技
2025-11-12,16.79,16.83,16.27,16.38,73336078.0,600522,中天科技
2025-11-13,16.349999999999998,16.72,16.34,16.56,55591368.0,600522,中天科技
2025-11-14,16.439999999999998,16.669999999999998,16.319999999999997,16.34,47629736.0,600522,中天科技
2025-11-17,16.31,16.38,16.02,16.09,53272668.0,600522,中天科技
2025-11-18,16.11,16.25,15.97,16.069999999999997,38368248.0,600522,中天科技
2025-11-19,16.069999999999997,16.15,15.750000000000002,15.959999999999999,44244771.0,600522,中天科技
2025-11-20,16.09,16.139999999999997,15.790000000000001,15.790000000000001,38158421.0,600522,中天科技
2025-11-21,15.620000000000001,15.64,15.120000000000001,15.13,73937592.0,600522,中天科技
2025-11-24,15.21,15.540000000000001,15.17,15.450000000000001,46880439.0,600522,中天科技
2025-11-25,15.5,15.819999999999999,15.450000000000001,15.55,56329624.0,600522,中天科技
2025-11-26,15.55,15.74,15.39,15.620000000000001,55123599.0,600522,中天科技
2025-11-27,15.63,15.88,15.51,15.56,52397151.0,600522,中天科技
2025-11-28,15.47,15.63,15.43,15.57,34688470.0,600522,中天科技
2025-12-01,16.209999999999997,16.84,16.16,16.56,202699156.0,600522,中天科技
2025-12-02,16.439999999999998,16.549999999999997,16.349999999999998,16.479999999999997,64629543.0,600522,中天科技
2025-12-03,16.52,16.52,16.209999999999997,16.229999999999997,55176116.0,600522,中天科技
2025-12-04,16.279999999999998,16.369999999999997,16.029999999999998,16.33,41527972.0,600522,中天科技
2025-12-05,16.38,16.52,16.189999999999998,16.5,54534289.0,600522,中天科技
2025-12-08,16.569999999999997,16.689999999999998,16.459999999999997,16.59,74061249.0,600522,中天科技
2025-12-09,16.56,16.65,16.41,16.459999999999997,45872667.0,600522,中天科技
2025-12-10,16.45,16.979999999999997,16.259999999999998,16.959999999999997,119970533.0,600522,中天科技
2025-12-11,17.04,17.09,16.75,16.79,92086956.0,600522,中天科技
2025-12-12,16.74,17.549999999999997,16.709999999999997,17.43,227856468.0,600522,中天科技
2025-12-15,17.259999999999998,17.54,17.209999999999997,17.319999999999997,104951787.0,600522,中天科技
2025-12-16,17.25,17.29,16.509999999999998,16.58,98393648.0,600522,中天科技
2025-12-17,16.52,17.7,16.38,17.52,149667220.0,600522,中天科技
2025-12-18,17.52,18.119999999999997,17.34,17.759999999999998,186655253.0,600522,中天科技
2025-12-19,17.819999999999997,18.479999999999997,17.819999999999997,18.11,140932994.0,600522,中天科技
2025-12-22,18.15,19.72,18.15,19.459999999999997,221399290.0,600522,中天科技
2025-12-23,19.4,19.549999999999997,18.599999999999998,18.75,171012699.0,600522,中天科技
2025-12-24,18.639999999999997,19.09,18.599999999999998,18.959999999999997,105868173.0,600522,中天科技
2025-12-25,18.959999999999997,18.959999999999997,18.2,18.24,137547346.0,600522,中天科技
2025-12-26,18.189999999999998,18.38,17.939999999999998,18.139999999999997,89323572.0,600522,中天科技
2025-12-29,18.15,18.299999999999997,17.75,17.84,83269401.0,600522,中天科技
2025-12-30,17.74,18.06,17.65,17.819999999999997,62201469.0,600522,中天科技
2025-12-31,17.799999999999997,18.169999999999998,17.77,17.86,73285058.0,600522,中天科技
2026-01-05,17.889999999999997,18.279999999999998,17.889999999999997,18.04,94077468.0,600522,中天科技
2026-01-06,18.09,18.11,17.799999999999997,18.0,99858585.0,600522,中天科技
2026-01-07,17.939999999999998,18.369999999999997,17.91,18.069999999999997,116830267.0,600522,中天科技
2026-01-08,18.08,18.229999999999997,17.84,17.959999999999997,87775338.0,600522,中天科技
2026-01-09,17.88,18.38,17.74,18.22,126199876.0,600522,中天科技
2026-01-12,18.299999999999997,18.389999999999997,18.02,18.349999999999998,137208188.0,600522,中天科技
2026-01-13,18.54,18.54,17.549999999999997,17.72,160269693.0,600522,中天科技
2026-01-14,17.639999999999997,18.04,17.599999999999998,17.799999999999997,116519279.0,600522,中天科技
2026-01-15,17.619999999999997,17.91,17.479999999999997,17.779999999999998,74573534.0,600522,中天科技
2026-01-16,18.11,18.639999999999997,18.099999999999998,18.27,169016393.0,600522,中天科技
2026-01-19,18.86,19.459999999999997,18.81,18.99,206305237.0,600522,中天科技
2026-01-20,18.99,19.29,18.59,18.939999999999998,122070000.0,600522,中天科技
2026-01-21,18.639999999999997,19.24,18.599999999999998,18.939999999999998,105145666.0,600522,中天科技
2026-01-22,18.91,19.389999999999997,18.43,18.619999999999997,115087677.0,600522,中天科技
2026-01-23,18.83,20.13,18.83,19.529999999999998,203064581.0,600522,中天科技
2026-01-26,19.63,21.22,19.619999999999997,20.689999999999998,246698554.0,600522,中天科技
2026-01-27,20.639999999999997,21.119999999999997,20.189999999999998,20.88,161545968.0,600522,中天科技
2026-01-28,22.04,22.369999999999997,20.939999999999998,21.59,222182405.0,600522,中天科技
2026-01-29,21.2,21.7,20.68,20.81,124868915.0,600522,中天科技
2026-01-30,20.709999999999997,22.459999999999997,20.45,22.08,225713733.0,600522,中天科技
2026-02-02,22.229999999999997,22.31,21.049999999999997,21.18,174730808.0,600522,中天科技
2026-02-03,21.56,22.7,21.529999999999998,22.13,156351365.0,600522,中天科技
2026-02-04,22.099999999999998,22.86,21.759999999999998,22.24,138763673.0,600522,中天科技
2026-02-05,21.84,21.919999999999998,20.099999999999998,20.599999999999998,173613419.0,600522,中天科技
2026-02-06,20.24,22.189999999999998,20.189999999999998,21.65,178000416.0,600522,中天科技
2026-02-09,22.689999999999998,23.319999999999997,21.58,23.2,213086119.0,600522,中天科技
2026-02-10,23.06,24.27,23.06,24.08,195817041.0,600522,中天科技
2026-02-11,23.54,25.689999999999998,23.4,24.549999999999997,208825021.0,600522,中天科技
2026-02-12,24.759999999999998,25.529999999999998,24.24,24.95,139809463.0,600522,中天科技
2026-02-13,24.66,24.72,23.919999999999998,24.16,122171756.0,600522,中天科技
2026-02-24,25.09,26.02,24.91,25.369999999999997,141156317.0,600522,中天科技
2026-02-25,25.74,25.84,24.09,24.819999999999997,147883132.0,600522,中天科技
2026-02-26,25.79,27.33,25.639999999999997,27.33,117315426.0,600522,中天科技
2026-02-27,27.319999999999997,29.319999999999997,26.74,28.88,278412417.0,600522,中天科技
2026-03-02,27.75,31.56,27.75,29.939999999999998,248877083.0,600522,中天科技
2026-03-03,30.33,30.72,28.47,28.529999999999998,175479102.0,600522,中天科技
2026-03-04,27.79,29.24,27.79,28.569999999999997,146493128.0,600522,中天科技
2026-03-05,29.049999999999997,29.33,27.619999999999997,28.56,175497163.0,600522,中天科技
2026-03-06,28.189999999999998,28.619999999999997,26.959999999999997,27.119999999999997,163425189.0,600522,中天科技
2026-03-09,26.11,27.049999999999997,25.119999999999997,26.939999999999998,155402012.0,600522,中天科技
2026-03-10,27.29,28.919999999999998,27.15,28.639999999999997,168544463.0,600522,中天科技
2026-03-11,29.56,31.4,29.529999999999998,29.75,244824364.0,600522,中天科技
2026-03-12,29.34,31.119999999999997,29.24,29.979999999999997,159929780.0,600522,中天科技
2026-03-13,29.669999999999998,31.479999999999997,29.439999999999998,29.49,132893554.0,600522,中天科技
2026-03-16,29.79,30.099999999999998,27.74,28.02,126979106.0,600522,中天科技
2026-03-17,28.319999999999997,28.459999999999997,25.74,25.86,160216892.0,600522,中天科技
2026-03-18,25.9,26.459999999999997,25.439999999999998,26.34,120382588.0,600522,中天科技
2026-03-19,25.63,26.229999999999997,25.43,25.639999999999997,85299396.0,600522,中天科技
2026-03-20,26.119999999999997,26.58,25.259999999999998,25.439999999999998,131351193.0,600522,中天科技
2026-03-23,24.34,25.61,24.34,24.84,99511742.0,600522,中天科技
2026-03-24,25.369999999999997,25.97,24.74,25.84,123156975.0,600522,中天科技
2026-03-25,26.74,27.669999999999998,26.45,27.41,176265428.0,600522,中天科技
2026-03-26,27.04,27.819999999999997,26.439999999999998,26.509999999999998,113172399.0,600522,中天科技
2026-03-27,25.99,27.349999999999998,25.65,26.79,115386997.0,600522,中天科技
2026-03-30,26.389999999999997,29.2,26.299999999999997,28.729999999999997,164941720.0,600522,中天科技
2026-03-31,28.599999999999998,30.84,27.77,29.83,233570576.0,600522,中天科技
2026-04-01,30.729999999999997,30.729999999999997,28.34,28.9,158760715.0,600522,中天科技
2026-04-02,28.889999999999997,30.36,28.849999999999998,29.06,142711659.0,600522,中天科技
2026-04-03,29.2,31.24,28.99,30.41,196398921.0,600522,中天科技
2026-04-07,30.56,31.509999999999998,29.799999999999997,29.99,149996542.0,600522,中天科技
2026-04-08,30.72,30.91,29.24,30.439999999999998,191684462.0,600522,中天科技
2026-04-09,30.02,31.919999999999998,29.15,31.139999999999997,222298172.0,600522,中天科技
2026-04-10,31.119999999999997,31.139999999999997,29.24,29.54,257551674.0,600522,中天科技
2026-04-13,29.15,29.369999999999997,28.069999999999997,28.259999999999998,216733487.0,600522,中天科技
2026-04-14,28.54,29.16,27.619999999999997,28.069999999999997,172196796.0,600522,中天科技
2026-04-15,28.0,28.88,27.419999999999998,27.54,156296595.0,600522,中天科技
2026-04-16,27.549999999999997,28.069999999999997,27.16,27.74,128820809.0,600522,中天科技
2026-04-17,27.75,28.24,27.36,27.88,160528176.0,600522,中天科技
2026-04-20,28.639999999999997,30.689999999999998,28.569999999999997,30.689999999999998,224783834.0,600522,中天科技
2026-04-21,30.74,32.620000000000005,30.52,32.18,395727458.0,600522,中天科技
2026-04-22,32.28,34.580000000000005,32.24,34.56,300397247.0,600522,中天科技
2026-04-23,33.74,34.78,32.940000000000005,33.81,285776244.0,600522,中天科技
2026-04-24,33.74,34.24,32.32,32.95,209921085.0,600522,中天科技
2026-04-27,34.03,36.27,33.97,35.52,339355803.0,600522,中天科技
2026-04-28,35.52,36.2,33.74,34.74,264772903.0,600522,中天科技
2026-04-29,33.940000000000005,34.230000000000004,33.07,34.02,178421740.0,600522,中天科技
2026-04-30,34.04,34.09,32.25,32.86,212348781.0,600522,中天科技
2026-05-06,33.410000000000004,34.99,33.410000000000004,34.63,234412095.0,600522,中天科技
2026-05-07,35.84,38.120000000000005,34.74,38.120000000000005,289108056.0,600522,中天科技
2026-05-08,37.940000000000005,40.9,37.940000000000005,40.64,312118083.0,600522,中天科技
2026-05-11,44.72,44.730000000000004,42.49,43.6,414883202.0,600522,中天科技
2026-05-12,43.74,45.92,42.99,43.82,428131082.0,600522,中天科技
2026-05-13,42.28,43.68,42.28,43.34,285206687.0,600522,中天科技
2026-05-14,44.24,45.7,43.42,43.84,374586767.0,600522,中天科技
2026-05-15,44.120000000000005,44.64,39.85,40.730000000000004,365149238.0,600522,中天科技
2026-05-18,41.64,44.42,41.64,43.690000000000005,326211607.0,600522,中天科技
2026-05-19,42.74,44.64,41.03,44.29,319664725.0,600522,中天科技
2026-05-20,44.29,47.14,43.54,45.15,339723015.0,600522,中天科技
2026-05-21,44.74,45.510000000000005,41.59,41.64,308539800.0,600522,中天科技
2026-05-22,42.43,43.620000000000005,42.22,43.56,226491466.0,600522,中天科技
2026-05-25,44.03,44.4,41.54,42.63,280949630.0,600522,中天科技
2026-05-26,41.74,41.79,39.0,40.22,293174055.0,600522,中天科技
2026-05-27,39.54,40.64,38.56,38.79,222174791.0,600522,中天科技
2026-05-28,38.99,40.480000000000004,37.49,40.260000000000005,240048858.0,600522,中天科技
2026-05-29,40.74,43.34,38.59,41.93,385229968.0,600522,中天科技
2026-06-01,41.74,41.89,38.81,39.13,246232465.0,600522,中天科技
2026-06-02,38.77,43.07,38.77,42.63,405978244.0,600522,中天科技
2026-06-03,43.63,46.72,43.14,44.72,419182256.0,600522,中天科技
2026-06-04,43.550000000000004,46.92,43.550000000000004,45.800000000000004,354368175.0,600522,中天科技
2026-06-05,44.82,49.11,44.690000000000005,45.81,406564804.0,600522,中天科技
2026-06-08,43.74,50.42,43.74,49.27,513156539.0,600522,中天科技
2026-06-09,50.27,54.22,48.300000000000004,54.22,484808226.0,600522,中天科技
2026-06-10,52.24,53.53,48.92,49.940000000000005,383672432.0,600522,中天科技
2026-06-11,49.43,50.74,47.79,49.010000000000005,289909172.0,600522,中天科技
2026-06-12,50.46,51.940000000000005,48.330000000000005,48.34,330123533.0,600522,中天科技
2026-06-15,49.71,51.21,46.620000000000005,51.09,309924242.0,600522,中天科技
2026-06-16,51.14,54.9,50.74,53.89,317582170.0,600522,中天科技
2026-06-17,52.39,56.06,52.370000000000005,54.65,309659027.0,600522,中天科技
2026-06-18,53.870000000000005,57.510000000000005,53.870000000000005,56.29,284626347.0,600522,中天科技
2026-06-22,58.120000000000005,60.92,57.31,59.370000000000005,299380164.0,600522,中天科技
2026-06-23,60.04,64.38,58.21,61.47,323977914.0,600522,中天科技
2026-06-24,59.74,63.730000000000004,59.54,61.65,299112355.0,600522,中天科技
2026-06-25,63.14,67.83999999999999,61.550000000000004,67.83999999999999,316083276.0,600522,中天科技
2026-06-26,65.39999999999999,66.22,61.03,61.03,395453043.0,600522,中天科技
2026-06-29,59.74,62.0,56.13,58.580000000000005,319212262.0,600522,中天科技
2026-06-30,59.550000000000004,61.24,57.79,60.42,251737711.0,600522,中天科技
2026-07-01,59.84,59.870000000000005,54.35,55.160000000000004,357536554.0,600522,中天科技
2026-07-02,52.39,54.050000000000004,50.34,51.32,279141616.0,600522,中天科技
2026-07-03,50.56,52.24,49.85,49.96,233480141.0,600522,中天科技
2026-07-06,51.410000000000004,51.690000000000005,46.32,47.77,268691819.0,600522,中天科技
2026-07-07,47.68,48.42,46.42,47.010000000000005,192874631.0,600522,中天科技
2026-07-08,47.71,47.940000000000005,44.45,44.6,220382677.0,600522,中天科技
2026-07-09,45.59,47.02,43.02,46.88,339200056.0,600522,中天科技
2026-07-10,47.080000000000005,49.52,45.63,45.65,318389244.0,600522,中天科技
2026-07-13,44.620000000000005,45.42,41.06,41.06,255104870.0,600522,中天科技
2026-07-14,40.74,42.6,39.74,42.59,237442709.0,600522,中天科技
2026-07-15,42.87,43.37,40.55,40.7,210332880.0,600522,中天科技
2026-07-16,39.51,40.33,36.9,37.39,235341260.0,600522,中天科技
2026-07-17,37.13,37.8,33.65,33.65,262364803.0,600522,中天科技
2026-07-20,34.72,35.21,30.98,32.22,294546557.0,600522,中天科技
2026-07-21,32.86,34.73,29.0,34.63,409442091.0,600522,中天科技
2026-07-22,34.0,34.85,32.27,32.5,304270837.0,600522,中天科技
2026-07-23,33.02,33.99,32.32,32.99,210422041.0,600522,中天科技
2026-07-24,32.55,32.69,31.18,31.39,168995037.0,600522,中天科技
2026-07-27,31.39,32.75,30.92,32.66,170918896.0,600522,中天科技
2026-07-28,31.83,32.32,29.64,29.96,197128514.0,600522,中天科技
2026-07-29,30.02,30.28,28.3,29.34,207979248.0,600522,中天科技
2026-07-30,29.18,29.63,27.02,27.7,219671160.0,600522,中天科技
2026-07-31,29.6,30.1,28.51,28.52,254384202.0,600522,中天科技
2026-08-03,28.15,28.84,28.01,28.39,164181338.0,600522,中天科技
2026-08-04,28.89,30.15,28.79,29.94,240697023.0,600522,中天科技
2026-08-05,29.0,32.7,29.0,32.0,360451362.0,600522,中天科技
2026-08-06,31.25,33.09,31.25,32.29,289783854.0,600522,中天科技
2026-08-07,32.2,34.08,32.03,33.67,342520087.0,600522,中天科技
2026-08-10,34.11,34.34,32.22,32.92,260500261.0,600522,中天科技
2026-08-11,32.33,33.2,31.87,32.34,191437604.0,600522,中天科技
2026-08-12,32.38,33.87,32.25,33.55,224519209.0,600522,中天科技
2026-08-13,34.01,34.49,32.88,32.9,256128871.0,600522,中天科技
2026-08-14,33.33,35.75,33.12,35.55,385865400.0,600522,中天科技
2026-08-17,35.59,36.15,35.02,35.9,356320256.0,600522,中天科技
2026-08-18,35.85,36.8,35.03,35.29,281408993.0,600522,中天科技
2026-08-19,33.88,34.05,31.76,32.02,263089377.0,600522,中天科技
2026-08-20,32.44,33.43,31.68,32.84,192778157.0,600522,中天科技
2026-08-21,32.4,33.8,32.02,33.43,154790475.0,600522,中天科技
2026-08-24,33.42,33.43,31.78,32.53,153285310.0,600522,中天科技
2026-08-25,31.8,34.65,31.31,33.89,251959256.0,600522,中天科技
2026-08-26,33.98,34.16,33.2,33.41,174553137.0,600522,中天科技
2026-08-27,33.8,36.13,33.8,36.08,334289892.0,600522,中天科技
2026-08-28,35.7,36.39,35.01,35.04,266873981.0,600522,中天科技
2026-08-31,34.29,35.41,34.29,35.18,172942720.0,600522,中天科技
2026-09-01,35.3,35.3,33.85,34.01,168137566.0,600522,中天科技
2026-09-02,33.35,34.2,33.01,33.64,133905377.0,600522,中天科技
2026-09-03,33.99,34.1,32.66,32.91,135270596.0,600522,中天科技
2026-09-04,33.16,33.4,31.5,31.7,146618666.0,600522,中天科技
2026-09-07,32.1,32.85,31.97,32.72,126332020.0,600522,中天科技
2026-09-08,32.82,33.43,32.32,32.51,147232824.0,600522,中天科技
2026-09-09,33.4,34.39,33.21,34.12,264496886.0,600522,中天科技
2026-09-10,33.7,33.9,33.24,33.3,127855123.0,600522,中天科技
2026-09-11,32.66,34.56,32.66,34.49,265520892.0,600522,中天科技
2026-09-14,33.84,34.78,32.82,33.9,181550385.0,600522,中天科技
