date,open,high,low,close,volume,code,name
2021-09-13,8.969999999999999,9.029999999999998,8.869999999999997,8.919999999999998,25021430.0,601138,工业富联
2021-09-14,8.869999999999997,8.979999999999999,8.639999999999999,8.689999999999998,26867676.0,601138,工业富联
2021-09-15,8.679999999999998,8.739999999999998,8.479999999999999,8.549999999999999,21692603.0,601138,工业富联
2021-09-16,8.549999999999999,8.749999999999998,8.449999999999998,8.499999999999998,25317180.0,601138,工业富联
2021-09-17,8.499999999999998,8.569999999999999,8.349999999999998,8.499999999999998,16544991.0,601138,工业富联
2021-09-22,8.429999999999998,8.479999999999999,8.369999999999997,8.439999999999998,12004058.0,601138,工业富联
2021-09-23,8.739999999999998,9.009999999999998,8.729999999999999,8.829999999999998,37666417.0,601138,工业富联
2021-09-24,8.749999999999998,8.829999999999998,8.559999999999999,8.609999999999998,26617467.0,601138,工业富联
2021-09-27,8.649999999999999,8.739999999999998,8.519999999999998,8.619999999999997,23531290.0,601138,工业富联
2021-09-28,8.559999999999999,8.629999999999999,8.499999999999998,8.549999999999999,13446194.0,601138,工业富联
2021-09-29,8.549999999999999,8.739999999999998,8.339999999999998,8.589999999999998,32772190.0,601138,工业富联
2021-09-30,8.589999999999998,8.639999999999999,8.329999999999998,8.369999999999997,27282125.0,601138,工业富联
2021-10-08,8.489999999999998,8.929999999999998,8.469999999999999,8.869999999999997,50541542.0,601138,工业富联
2021-10-11,8.869999999999997,8.999999999999998,8.829999999999998,8.879999999999999,29167722.0,601138,工业富联
2021-10-12,8.919999999999998,8.919999999999998,8.559999999999999,8.629999999999999,26626314.0,601138,工业富联
2021-10-13,8.629999999999999,8.659999999999998,8.509999999999998,8.639999999999999,15102529.0,601138,工业富联
2021-10-14,8.619999999999997,8.679999999999998,8.529999999999998,8.609999999999998,11526536.0,601138,工业富联
2021-10-15,8.609999999999998,8.649999999999999,8.459999999999999,8.479999999999999,19555208.0,601138,工业富联
2021-10-18,8.569999999999999,8.569999999999999,8.299999999999999,8.329999999999998,23336147.0,601138,工业富联
2021-10-19,8.369999999999997,8.419999999999998,8.239999999999998,8.389999999999999,20213939.0,601138,工业富联
2021-10-20,8.399999999999999,8.479999999999999,8.309999999999999,8.339999999999998,15197610.0,601138,工业富联
2021-10-21,8.349999999999998,8.369999999999997,8.159999999999998,8.239999999999998,23354768.0,601138,工业富联
2021-10-22,8.239999999999998,8.309999999999999,8.169999999999998,8.289999999999997,15705498.0,601138,工业富联
2021-10-25,8.229999999999999,8.229999999999999,8.069999999999999,8.129999999999999,20384384.0,601138,工业富联
2021-10-26,8.169999999999998,8.259999999999998,8.119999999999997,8.179999999999998,12152559.0,601138,工业富联
2021-10-27,8.209999999999999,8.219999999999999,7.8199999999999985,8.029999999999998,22789999.0,601138,工业富联
2021-10-28,7.879999999999999,8.049999999999999,7.879999999999999,7.909999999999998,12105503.0,601138,工业富联
2021-10-29,7.959999999999999,8.099999999999998,7.919999999999998,8.099999999999998,15672435.0,601138,工业富联
2021-11-01,8.049999999999999,8.279999999999998,8.039999999999997,8.189999999999998,22371415.0,601138,工业富联
2021-11-02,8.249999999999998,8.379999999999999,7.999999999999998,8.179999999999998,27080265.0,601138,工业富联
2021-11-03,8.129999999999999,8.399999999999999,8.129999999999999,8.219999999999999,23778067.0,601138,工业富联
2021-11-04,8.269999999999998,8.379999999999999,8.209999999999999,8.369999999999997,23318986.0,601138,工业富联
2021-11-05,8.349999999999998,8.569999999999999,8.289999999999997,8.439999999999998,35390301.0,601138,工业富联
2021-11-08,8.429999999999998,8.479999999999999,8.319999999999999,8.399999999999999,16163065.0,601138,工业富联
2021-11-09,8.399999999999999,8.439999999999998,8.209999999999999,8.339999999999998,22071261.0,601138,工业富联
2021-11-10,8.369999999999997,8.399999999999999,8.129999999999999,8.289999999999997,18231623.0,601138,工业富联
2021-11-11,8.269999999999998,8.529999999999998,8.209999999999999,8.479999999999999,24389016.0,601138,工业富联
2021-11-12,8.489999999999998,8.529999999999998,8.399999999999999,8.469999999999999,16437939.0,601138,工业富联
2021-11-15,8.469999999999999,8.649999999999999,8.449999999999998,8.619999999999997,35970824.0,601138,工业富联
2021-11-16,8.619999999999997,8.689999999999998,8.549999999999999,8.559999999999999,27226522.0,601138,工业富联
2021-11-17,8.539999999999997,8.589999999999998,8.469999999999999,8.489999999999998,19280319.0,601138,工业富联
2021-11-18,8.489999999999998,8.529999999999998,8.339999999999998,8.369999999999997,20881020.0,601138,工业富联
2021-11-19,8.349999999999998,8.709999999999999,8.309999999999999,8.659999999999998,34148226.0,601138,工业富联
2021-11-22,8.669999999999998,8.709999999999999,8.569999999999999,8.609999999999998,24566958.0,601138,工业富联
2021-11-23,8.609999999999998,8.679999999999998,8.459999999999999,8.479999999999999,31019983.0,601138,工业富联
2021-11-24,8.489999999999998,8.529999999999998,8.399999999999999,8.459999999999999,25136685.0,601138,工业富联
2021-11-25,8.489999999999998,8.519999999999998,8.359999999999998,8.379999999999999,21125714.0,601138,工业富联
2021-11-26,8.379999999999999,8.389999999999999,7.899999999999999,7.919999999999998,60330000.0,601138,工业富联
2021-11-29,7.839999999999998,7.909999999999998,7.709999999999999,7.729999999999999,48718211.0,601138,工业富联
2021-11-30,7.759999999999998,7.929999999999998,7.759999999999998,7.919999999999998,31227645.0,601138,工业富联
2021-12-01,7.929999999999998,8.049999999999999,7.859999999999998,8.009999999999998,23002088.0,601138,工业富联
2021-12-02,7.959999999999999,8.079999999999998,7.899999999999999,7.9499999999999975,21006926.0,601138,工业富联
2021-12-03,7.939999999999998,8.029999999999998,7.839999999999998,7.999999999999998,24052496.0,601138,工业富联
2021-12-06,7.969999999999999,8.169999999999998,7.889999999999999,8.029999999999998,28014878.0,601138,工业富联
2021-12-07,8.069999999999999,8.129999999999999,7.999999999999998,8.099999999999998,22744967.0,601138,工业富联
2021-12-08,8.119999999999997,8.339999999999998,8.059999999999999,8.309999999999999,33599531.0,601138,工业富联
2021-12-09,8.249999999999998,8.569999999999999,8.229999999999999,8.519999999999998,54227529.0,601138,工业富联
2021-12-10,8.499999999999998,8.769999999999998,8.449999999999998,8.639999999999999,64935366.0,601138,工业富联
2021-12-13,8.629999999999999,8.799999999999999,8.529999999999998,8.729999999999999,47433856.0,601138,工业富联
2021-12-14,8.709999999999999,8.829999999999998,8.659999999999998,8.719999999999999,32928506.0,601138,工业富联
2021-12-15,8.679999999999998,8.749999999999998,8.609999999999998,8.619999999999997,25353897.0,601138,工业富联
2021-12-16,8.669999999999998,8.869999999999997,8.639999999999999,8.799999999999999,35817363.0,601138,工业富联
2021-12-17,8.789999999999997,8.979999999999999,8.749999999999998,8.889999999999999,40884567.0,601138,工业富联
2021-12-20,8.889999999999999,8.989999999999998,8.769999999999998,8.849999999999998,36010084.0,601138,工业富联
2021-12-21,8.849999999999998,9.099999999999998,8.659999999999998,8.899999999999999,51245973.0,601138,工业富联
2021-12-22,8.749999999999998,8.769999999999998,8.559999999999999,8.659999999999998,42847840.0,601138,工业富联
2021-12-23,8.629999999999999,8.779999999999998,8.599999999999998,8.779999999999998,25159186.0,601138,工业富联
2021-12-24,8.749999999999998,8.799999999999999,8.599999999999998,8.729999999999999,19256184.0,601138,工业富联
2021-12-27,8.729999999999999,8.869999999999997,8.709999999999999,8.829999999999998,17615675.0,601138,工业富联
2021-12-28,8.829999999999998,8.849999999999998,8.709999999999999,8.799999999999999,21743676.0,601138,工业富联
2021-12-29,8.749999999999998,8.799999999999999,8.589999999999998,8.649999999999999,21576162.0,601138,工业富联
2021-12-30,8.659999999999998,8.729999999999999,8.609999999999998,8.649999999999999,18585058.0,601138,工业富联
2021-12-31,8.669999999999998,8.699999999999998,8.529999999999998,8.669999999999998,22733987.0,601138,工业富联
2022-01-04,8.679999999999998,8.849999999999998,8.599999999999998,8.789999999999997,31624344.0,601138,工业富联
2022-01-05,8.779999999999998,8.939999999999998,8.759999999999998,8.859999999999998,37645063.0,601138,工业富联
2022-01-06,8.879999999999999,8.919999999999998,8.589999999999998,8.639999999999999,40140434.0,601138,工业富联
2022-01-07,8.669999999999998,8.699999999999998,8.559999999999999,8.579999999999998,26817673.0,601138,工业富联
2022-01-10,8.559999999999999,8.799999999999999,8.489999999999998,8.709999999999999,35414385.0,601138,工业富联
2022-01-11,8.679999999999998,8.739999999999998,8.569999999999999,8.599999999999998,27174725.0,601138,工业富联
2022-01-12,8.599999999999998,8.629999999999999,8.549999999999999,8.569999999999999,20139875.0,601138,工业富联
2022-01-13,8.609999999999998,8.639999999999999,8.219999999999999,8.299999999999999,59598038.0,601138,工业富联
2022-01-14,8.219999999999999,8.229999999999999,8.039999999999997,8.089999999999998,47841809.0,601138,工业富联
2022-01-17,8.089999999999998,8.239999999999998,8.089999999999998,8.169999999999998,21963759.0,601138,工业富联
2022-01-18,8.199999999999998,8.699999999999998,8.159999999999998,8.469999999999999,64850574.0,601138,工业富联
2022-01-19,8.469999999999999,8.539999999999997,8.349999999999998,8.389999999999999,23346247.0,601138,工业富联
2022-01-20,8.439999999999998,8.619999999999997,8.369999999999997,8.519999999999998,33691175.0,601138,工业富联
2022-01-21,8.459999999999999,8.509999999999998,8.309999999999999,8.359999999999998,23088607.0,601138,工业富联
2022-01-24,8.299999999999999,8.389999999999999,8.179999999999998,8.239999999999998,39787879.0,601138,工业富联
2022-01-25,8.309999999999999,8.309999999999999,8.029999999999998,8.059999999999999,31780788.0,601138,工业富联
2022-01-26,8.059999999999999,8.129999999999999,7.909999999999998,7.999999999999998,25167203.0,601138,工业富联
2022-01-27,7.999999999999998,8.019999999999998,7.809999999999999,7.879999999999999,25499907.0,601138,工业富联
2022-01-28,7.889999999999999,7.959999999999999,7.809999999999999,7.859999999999998,33685874.0,601138,工业富联
2022-02-07,7.9499999999999975,7.989999999999998,7.829999999999998,7.909999999999998,23121192.0,601138,工业富联
2022-02-08,7.899999999999999,8.049999999999999,7.889999999999999,8.039999999999997,26267973.0,601138,工业富联
2022-02-09,8.059999999999999,8.179999999999998,8.039999999999997,8.099999999999998,27106831.0,601138,工业富联
2022-02-10,8.119999999999997,8.179999999999998,8.059999999999999,8.159999999999998,20191363.0,601138,工业富联
2022-02-11,8.159999999999998,8.169999999999998,8.009999999999998,8.079999999999998,18304801.0,601138,工业富联
2022-02-14,8.019999999999998,8.049999999999999,7.929999999999998,8.009999999999998,17463488.0,601138,工业富联
2022-02-15,7.979999999999999,8.059999999999999,7.929999999999998,7.989999999999998,17206704.0,601138,工业富联
2022-02-16,8.049999999999999,8.109999999999998,7.989999999999998,8.019999999999998,15872708.0,601138,工业富联
2022-02-17,7.999999999999998,8.039999999999997,7.959999999999999,7.999999999999998,13656029.0,601138,工业富联
2022-02-18,7.989999999999998,8.039999999999997,7.929999999999998,8.039999999999997,14007907.0,601138,工业富联
2022-02-21,8.019999999999998,8.159999999999998,7.979999999999999,8.149999999999999,24306772.0,601138,工业富联
2022-02-22,8.089999999999998,8.089999999999998,7.939999999999998,8.019999999999998,21150212.0,601138,工业富联
2022-02-23,8.019999999999998,8.099999999999998,7.999999999999998,8.089999999999998,27850286.0,601138,工业富联
2022-02-24,8.059999999999999,8.079999999999998,7.829999999999998,7.9499999999999975,36986970.0,601138,工业富联
2022-02-25,7.9499999999999975,8.029999999999998,7.899999999999999,7.9499999999999975,30398266.0,601138,工业富联
2022-02-28,7.929999999999998,7.9499999999999975,7.749999999999998,7.919999999999998,25787320.0,601138,工业富联
2022-03-01,7.909999999999998,7.959999999999999,7.849999999999998,7.919999999999998,15140310.0,601138,工业富联
2022-03-02,7.899999999999999,7.979999999999999,7.829999999999998,7.959999999999999,16368091.0,601138,工业富联
2022-03-03,7.979999999999999,8.029999999999998,7.899999999999999,7.9499999999999975,18553849.0,601138,工业富联
2022-03-04,7.879999999999999,7.919999999999998,7.8199999999999985,7.889999999999999,26259755.0,601138,工业富联
2022-03-07,7.829999999999998,7.839999999999998,7.519999999999998,7.5699999999999985,49534677.0,601138,工业富联
2022-03-08,7.519999999999998,7.589999999999998,7.3199999999999985,7.349999999999998,39697299.0,601138,工业富联
2022-03-09,7.379999999999999,7.429999999999998,6.749999999999999,7.149999999999999,43088165.0,601138,工业富联
2022-03-10,7.299999999999999,7.309999999999999,7.099999999999998,7.099999999999998,22514019.0,601138,工业富联
2022-03-11,6.9799999999999995,7.079999999999998,6.749999999999999,7.029999999999998,36551996.0,601138,工业富联
2022-03-14,6.8999999999999995,7.079999999999998,6.8599999999999985,6.929999999999999,17106557.0,601138,工业富联
2022-03-15,6.939999999999999,6.989999999999999,6.4799999999999995,6.499999999999999,43008572.0,601138,工业富联
2022-03-16,6.599999999999999,6.669999999999999,6.169999999999999,6.64,42242691.0,601138,工业富联
2022-03-17,6.749999999999999,6.939999999999999,6.72,6.8599999999999985,39906750.0,601138,工业富联
2022-03-18,6.849999999999999,6.999999999999999,6.81,6.949999999999998,79710152.0,601138,工业富联
2022-03-21,6.97,7.009999999999999,6.8,6.849999999999999,24298276.0,601138,工业富联
2022-03-22,6.88,6.96,6.849999999999999,6.939999999999999,21692483.0,601138,工业富联
2022-03-23,7.1999999999999975,7.259999999999998,7.009999999999999,7.139999999999999,40081113.0,601138,工业富联
2022-03-24,7.169999999999998,7.299999999999999,7.109999999999998,7.139999999999999,30916200.0,601138,工业富联
2022-03-25,7.139999999999999,7.149999999999999,6.929999999999999,6.97,27265161.0,601138,工业富联
2022-03-28,6.839999999999999,7.009999999999999,6.7299999999999995,6.989999999999999,20872259.0,601138,工业富联
2022-03-29,6.989999999999999,6.999999999999999,6.819999999999999,6.829999999999999,15010423.0,601138,工业富联
2022-03-30,6.869999999999998,6.97,6.829999999999999,6.949999999999998,24617157.0,601138,工业富联
2022-03-31,6.8999999999999995,6.9799999999999995,6.89,6.8999999999999995,19683014.0,601138,工业富联
2022-04-01,6.819999999999999,6.96,6.769999999999999,6.929999999999999,25710266.0,601138,工业富联
2022-04-06,6.8999999999999995,7.019999999999999,6.8599999999999985,6.949999999999998,23582823.0,601138,工业富联
2022-04-07,6.919999999999999,6.96,6.81,6.81,24786303.0,601138,工业富联
2022-04-08,6.81,6.909999999999999,6.689999999999999,6.8999999999999995,26106070.0,601138,工业富联
2022-04-11,6.8599999999999985,6.869999999999998,6.659999999999999,6.679999999999999,26434240.0,601138,工业富联
2022-04-12,6.679999999999999,6.869999999999998,6.499999999999999,6.789999999999998,28692916.0,601138,工业富联
2022-04-13,6.749999999999999,6.829999999999999,6.699999999999998,6.749999999999999,12991861.0,601138,工业富联
2022-04-14,6.88,6.909999999999999,6.8,6.849999999999999,15496865.0,601138,工业富联
2022-04-15,6.789999999999998,6.829999999999999,6.72,6.789999999999998,13265136.0,601138,工业富联
2022-04-18,6.749999999999999,6.759999999999999,6.669999999999999,6.7299999999999995,13166434.0,601138,工业富联
2022-04-19,6.7299999999999995,6.7799999999999985,6.619999999999998,6.64,15725808.0,601138,工业富联
2022-04-20,6.679999999999999,6.759999999999999,6.599999999999999,6.599999999999999,16112353.0,601138,工业富联
2022-04-21,6.619999999999998,6.789999999999998,6.499999999999999,6.5299999999999985,33462241.0,601138,工业富联
2022-04-22,6.519999999999999,6.63,6.429999999999999,6.47,22989518.0,601138,工业富联
2022-04-25,6.349999999999999,6.409999999999999,5.849999999999999,5.8599999999999985,37458548.0,601138,工业富联
2022-04-26,5.919999999999999,6.179999999999999,5.81,5.939999999999999,30992396.0,601138,工业富联
2022-04-27,5.839999999999999,6.14,5.839999999999999,6.119999999999998,22122775.0,601138,工业富联
2022-04-28,6.06,6.169999999999999,6.019999999999999,6.169999999999999,19064750.0,601138,工业富联
2022-04-29,6.21,6.429999999999999,6.079999999999999,6.269999999999999,43129139.0,601138,工业富联
2022-05-05,6.31,6.3999999999999995,6.2799999999999985,6.349999999999999,33783976.0,601138,工业富联
2022-05-06,6.179999999999999,6.199999999999998,5.919999999999999,5.939999999999999,25253699.0,601138,工业富联
2022-05-09,5.939999999999999,6.019999999999999,5.8999999999999995,5.96,13369699.0,601138,工业富联
2022-05-10,5.8599999999999985,6.159999999999999,5.819999999999999,6.089999999999999,23701471.0,601138,工业富联
2022-05-11,6.119999999999998,6.3,6.089999999999999,6.14,29213807.0,601138,工业富联
2022-05-12,6.099999999999999,6.199999999999998,6.06,6.13,21373896.0,601138,工业富联
2022-05-13,6.179999999999999,6.2299999999999995,6.089999999999999,6.13,15898755.0,601138,工业富联
2022-05-16,6.189999999999999,6.199999999999998,6.019999999999999,6.05,14085709.0,601138,工业富联
2022-05-17,6.079999999999999,6.14,6.039999999999998,6.14,10605883.0,601138,工业富联
2022-05-18,6.1499999999999995,6.21,6.089999999999999,6.169999999999999,16569934.0,601138,工业富联
2022-05-19,6.079999999999999,6.14,6.0299999999999985,6.099999999999999,18213640.0,601138,工业富联
2022-05-20,6.1499999999999995,6.3999999999999995,6.14,6.21,34700968.0,601138,工业富联
2022-05-23,6.259999999999999,6.2799999999999985,6.14,6.179999999999999,27973532.0,601138,工业富联
2022-05-24,6.159999999999999,6.199999999999998,5.829999999999999,5.849999999999999,42920614.0,601138,工业富联
2022-05-25,5.8599999999999985,5.8999999999999995,5.81,5.89,21523854.0,601138,工业富联
2022-05-26,5.88,5.999999999999999,5.74,5.97,37614536.0,601138,工业富联
2022-05-27,5.9799999999999995,6.06,5.919999999999999,5.989999999999999,19342173.0,601138,工业富联
2022-05-30,5.989999999999999,6.039999999999998,5.869999999999998,5.919999999999999,19265635.0,601138,工业富联
2022-05-31,5.919999999999999,6.189999999999999,5.869999999999998,6.159999999999999,41988187.0,601138,工业富联
2022-06-01,6.099999999999999,6.189999999999999,6.05,6.119999999999998,24990989.0,601138,工业富联
2022-06-02,6.06,6.1499999999999995,6.009999999999999,6.1499999999999995,21933078.0,601138,工业富联
2022-06-06,6.14,6.189999999999999,6.05,6.179999999999999,30406209.0,601138,工业富联
2022-06-07,6.189999999999999,6.22,6.119999999999998,6.179999999999999,25548082.0,601138,工业富联
2022-06-08,6.199999999999998,6.259999999999999,6.089999999999999,6.169999999999999,33557622.0,601138,工业富联
2022-06-09,6.1499999999999995,6.179999999999999,6.039999999999998,6.079999999999999,33281420.0,601138,工业富联
2022-06-10,6.019999999999999,6.4799999999999995,6.019999999999999,6.349999999999999,86008561.0,601138,工业富联
2022-06-13,6.3,6.329999999999999,6.069999999999999,6.14,47162733.0,601138,工业富联
2022-06-14,6.06,6.1499999999999995,5.909999999999999,6.13,41197975.0,601138,工业富联
2022-06-15,6.089999999999999,6.539999999999998,6.079999999999999,6.39,64845289.0,601138,工业富联
2022-06-16,6.429999999999999,6.509999999999999,6.3,6.329999999999999,30143914.0,601138,工业富联
2022-06-17,6.2799999999999985,6.4799999999999995,6.249999999999999,6.439999999999999,32743636.0,601138,工业富联
2022-06-20,6.489999999999999,6.489999999999999,6.349999999999999,6.439999999999999,24215662.0,601138,工业富联
2022-06-21,6.439999999999999,6.569999999999999,6.38,6.47,28814233.0,601138,工业富联
2022-06-22,6.46,6.4799999999999995,6.3,6.3,28106134.0,601138,工业富联
2022-06-23,6.3,6.419999999999999,6.289999999999998,6.419999999999999,18064710.0,601138,工业富联
2022-06-24,6.449999999999998,6.509999999999999,6.429999999999999,6.499999999999999,24394823.0,601138,工业富联
2022-06-27,6.499999999999999,6.569999999999999,6.449999999999998,6.519999999999999,22504289.0,601138,工业富联
2022-06-28,6.509999999999999,6.659999999999999,6.46,6.6499999999999995,28476679.0,601138,工业富联
2022-06-29,6.6499999999999995,6.7299999999999995,6.56,6.589999999999999,28934024.0,601138,工业富联
2022-06-30,6.579999999999999,6.659999999999999,6.56,6.589999999999999,19113415.0,601138,工业富联
2022-07-01,6.579999999999999,6.619999999999998,6.509999999999999,6.5299999999999985,16057011.0,601138,工业富联
2022-07-04,6.519999999999999,6.539999999999998,6.419999999999999,6.509999999999999,17800981.0,601138,工业富联
2022-07-05,6.509999999999999,6.579999999999999,6.3599999999999985,6.439999999999999,20567886.0,601138,工业富联
2022-07-06,6.429999999999999,6.449999999999998,6.3,6.3599999999999985,16111061.0,601138,工业富联
2022-07-07,6.31,6.39,6.31,6.339999999999999,16786906.0,601138,工业富联
2022-07-08,6.369999999999998,6.6099999999999985,6.3599999999999985,6.489999999999999,27910688.0,601138,工业富联
2022-07-11,6.509999999999999,6.509999999999999,6.329999999999999,6.39,17112814.0,601138,工业富联
2022-07-12,6.349999999999999,6.439999999999999,6.349999999999999,6.38,11167200.0,601138,工业富联
2022-07-13,6.39,6.439999999999999,6.339999999999999,6.39,12764189.0,601138,工业富联
2022-07-14,6.409999999999999,6.409999999999999,6.2799999999999985,6.3,17407263.0,601138,工业富联
2022-07-15,6.269999999999999,6.339999999999999,6.06,6.099999999999999,20828267.0,601138,工业富联
2022-07-18,6.1099999999999985,6.419999999999999,6.1099999999999985,6.419999999999999,22785006.0,601138,工业富联
2022-07-19,6.38,6.589999999999999,6.349999999999999,6.55,22067185.0,601138,工业富联
2022-07-20,6.619999999999998,6.919999999999999,6.569999999999999,6.689999999999999,35949523.0,601138,工业富联
2022-07-21,6.6499999999999995,6.8999999999999995,6.63,6.819999999999999,43912558.0,601138,工业富联
2022-07-22,6.789999999999998,6.8599999999999985,6.689999999999999,6.749999999999999,20967503.0,601138,工业富联
2022-07-25,6.749999999999999,6.749999999999999,6.6499999999999995,6.699999999999998,15186739.0,601138,工业富联
2022-07-26,6.7299999999999995,6.759999999999999,6.689999999999999,6.749999999999999,12764841.0,601138,工业富联
2022-07-27,6.739999999999999,6.749999999999999,6.679999999999999,6.689999999999999,9561203.0,601138,工业富联
2022-07-28,6.739999999999999,6.919999999999999,6.7299999999999995,6.8599999999999985,23580881.0,601138,工业富联
2022-07-29,6.849999999999999,6.89,6.7299999999999995,6.8,24579527.0,601138,工业富联
2022-08-01,6.7799999999999985,6.839999999999999,6.689999999999999,6.81,19509938.0,601138,工业富联
2022-08-02,6.749999999999999,6.749999999999999,6.509999999999999,6.659999999999999,25497263.0,601138,工业富联
2022-08-03,6.659999999999999,6.739999999999999,6.47,6.47,25170707.0,601138,工业富联
2022-08-04,6.519999999999999,6.689999999999999,6.489999999999999,6.64,26253832.0,601138,工业富联
2022-08-05,6.659999999999999,6.849999999999999,6.579999999999999,6.839999999999999,33384235.0,601138,工业富联
2022-08-08,6.839999999999999,6.949999999999998,6.819999999999999,6.869999999999998,21309090.0,601138,工业富联
2022-08-09,6.849999999999999,6.949999999999998,6.7799999999999985,6.939999999999999,21265446.0,601138,工业富联
2022-08-10,6.939999999999999,6.96,6.739999999999999,6.819999999999999,24956839.0,601138,工业富联
2022-08-11,6.849999999999999,7.0699999999999985,6.849999999999999,7.059999999999999,38846972.0,601138,工业富联
2022-08-12,7.019999999999999,7.039999999999997,6.8999999999999995,6.919999999999999,28015807.0,601138,工业富联
2022-08-15,6.909999999999999,6.909999999999999,6.749999999999999,6.81,28347446.0,601138,工业富联
2022-08-16,6.829999999999999,6.829999999999999,6.699999999999998,6.7299999999999995,22296553.0,601138,工业富联
2022-08-17,6.71,6.8999999999999995,6.679999999999999,6.8999999999999995,27179307.0,601138,工业富联
2022-08-18,6.869999999999998,6.89,6.7299999999999995,6.8599999999999985,18703162.0,601138,工业富联
2022-08-19,6.769999999999999,6.989999999999999,6.7299999999999995,6.769999999999999,22085759.0,601138,工业富联
2022-08-22,6.679999999999999,6.8,6.6099999999999985,6.769999999999999,20613450.0,601138,工业富联
2022-08-23,6.7299999999999995,6.7299999999999995,6.6099999999999985,6.689999999999999,16637197.0,601138,工业富联
2022-08-24,6.669999999999999,6.71,6.55,6.619999999999998,22305673.0,601138,工业富联
2022-08-25,6.569999999999999,6.63,6.47,6.56,16072676.0,601138,工业富联
2022-08-26,6.6099999999999985,6.749999999999999,6.569999999999999,6.6099999999999985,23061041.0,601138,工业富联
2022-08-29,6.509999999999999,6.63,6.46,6.489999999999999,16713834.0,601138,工业富联
2022-08-30,6.519999999999999,6.55,6.419999999999999,6.449999999999998,15775981.0,601138,工业富联
2022-08-31,6.429999999999999,6.589999999999999,6.409999999999999,6.539999999999998,19388831.0,601138,工业富联
2022-09-01,6.47,6.56,6.47,6.47,11781321.0,601138,工业富联
2022-09-02,6.47,6.739999999999999,6.46,6.56,20925215.0,601138,工业富联
2022-09-05,6.55,6.599999999999999,6.449999999999998,6.579999999999999,13711463.0,601138,工业富联
2022-09-06,6.56,6.72,6.56,6.689999999999999,23285226.0,601138,工业富联
2022-09-07,6.679999999999999,6.689999999999999,6.569999999999999,6.64,17514430.0,601138,工业富联
2022-09-08,6.679999999999999,6.72,6.599999999999999,6.689999999999999,20200984.0,601138,工业富联
2022-09-09,6.72,6.7799999999999985,6.6499999999999995,6.72,23065770.0,601138,工业富联
2022-09-13,6.759999999999999,6.829999999999999,6.7299999999999995,6.739999999999999,24680871.0,601138,工业富联
2022-09-14,6.71,6.7299999999999995,6.579999999999999,6.63,21546135.0,601138,工业富联
2022-09-15,6.64,6.769999999999999,6.539999999999998,6.63,32057055.0,601138,工业富联
2022-09-16,6.589999999999999,6.64,6.3599999999999985,6.369999999999998,24180250.0,601138,工业富联
2022-09-19,6.369999999999998,6.38,6.089999999999999,6.14,29543279.0,601138,工业富联
2022-09-20,6.169999999999999,6.239999999999999,5.96,5.989999999999999,26399855.0,601138,工业富联
2022-09-21,5.9799999999999995,6.05,5.839999999999999,5.999999999999999,16882464.0,601138,工业富联
2022-09-22,5.949999999999998,6.009999999999999,5.8999999999999995,5.929999999999999,12765933.0,601138,工业富联
2022-09-23,5.949999999999998,5.989999999999999,5.829999999999999,5.939999999999999,14055885.0,601138,工业富联
2022-09-26,5.849999999999999,5.96,5.8,5.8,16842619.0,601138,工业富联
2022-09-27,5.789999999999999,5.909999999999999,5.67,5.8999999999999995,16610220.0,601138,工业富联
2022-09-28,5.869999999999998,5.8999999999999995,5.75,5.81,15213004.0,601138,工业富联
2022-09-29,5.919999999999999,5.96,5.609999999999999,5.630000000000001,18480381.0,601138,工业富联
2022-09-30,5.66,5.819999999999999,5.640000000000001,5.77,17730146.0,601138,工业富联
2022-10-10,5.849999999999999,5.849999999999999,5.41,5.41,30098246.0,601138,工业富联
2022-10-11,5.49,5.5,5.4,5.43,15020894.0,601138,工业富联
2022-10-12,5.41,5.57,5.35,5.5600000000000005,18450729.0,601138,工业富联
2022-10-13,5.5,5.66,5.5,5.6,12809333.0,601138,工业富联
2022-10-14,5.66,5.75,5.619999999999999,5.6899999999999995,13376685.0,601138,工业富联
2022-10-17,5.6899999999999995,5.789999999999999,5.68,5.77,11340055.0,601138,工业富联
2022-10-18,5.789999999999999,5.819999999999999,5.720000000000001,5.75,10167937.0,601138,工业富联
2022-10-19,5.74,5.8,5.640000000000001,5.65,9653923.0,601138,工业富联
2022-10-20,5.630000000000001,5.8,5.609999999999999,5.75,14712260.0,601138,工业富联
2022-10-21,5.75,5.779999999999999,5.68,5.720000000000001,9727723.0,601138,工业富联
2022-10-24,5.65,5.829999999999999,5.51,5.539999999999999,22071680.0,601138,工业富联
2022-10-25,5.65,5.710000000000001,5.539999999999999,5.630000000000001,25691536.0,601138,工业富联
2022-10-26,5.59,5.720000000000001,5.529999999999999,5.550000000000001,22081056.0,601138,工业富联
2022-10-27,5.5600000000000005,5.720000000000001,5.5600000000000005,5.640000000000001,29907499.0,601138,工业富联
2022-10-28,5.68,5.68,5.52,5.529999999999999,18187954.0,601138,工业富联
2022-10-31,5.12,5.6,5.05,5.449999999999999,35687946.0,601138,工业富联
2022-11-01,5.539999999999999,5.819999999999999,5.5,5.81,40439665.0,601138,工业富联
2022-11-02,5.74,5.96,5.699999999999999,5.909999999999999,26106871.0,601138,工业富联
2022-11-03,5.929999999999999,5.939999999999999,5.77,5.88,14280909.0,601138,工业富联
2022-11-04,5.829999999999999,6.009999999999999,5.829999999999999,5.939999999999999,19904362.0,601138,工业富联
2022-11-07,5.939999999999999,6.019999999999999,5.8999999999999995,5.939999999999999,13816885.0,601138,工业富联
2022-11-08,5.909999999999999,5.97,5.8599999999999985,5.97,13320462.0,601138,工业富联
2022-11-09,5.939999999999999,5.999999999999999,5.849999999999999,5.89,12904927.0,601138,工业富联
2022-11-10,5.88,5.939999999999999,5.819999999999999,5.869999999999998,12846818.0,601138,工业富联
2022-11-11,5.999999999999999,6.13,5.949999999999998,6.089999999999999,26814006.0,601138,工业富联
2022-11-14,6.13,6.3,6.13,6.199999999999998,27669294.0,601138,工业富联
2022-11-15,6.21,6.319999999999999,6.119999999999998,6.3,20743073.0,601138,工业富联
2022-11-16,6.259999999999999,6.3,6.179999999999999,6.239999999999999,16085073.0,601138,工业富联
2022-11-17,6.21,6.3,6.189999999999999,6.259999999999999,11476348.0,601138,工业富联
2022-11-18,6.3,6.46,6.199999999999998,6.199999999999998,19489008.0,601138,工业富联
2022-11-21,6.1499999999999995,6.3,6.05,6.249999999999999,19748486.0,601138,工业富联
2022-11-22,6.31,6.429999999999999,6.21,6.349999999999999,23376372.0,601138,工业富联
2022-11-23,6.3599999999999985,6.369999999999998,6.269999999999999,6.3,12025947.0,601138,工业富联
2022-11-24,6.3,6.349999999999999,6.159999999999999,6.21,10473706.0,601138,工业富联
2022-11-25,6.199999999999998,6.329999999999999,6.199999999999998,6.3,10459769.0,601138,工业富联
2022-11-28,6.1499999999999995,6.189999999999999,5.9799999999999995,6.009999999999999,23980353.0,601138,工业富联
2022-11-29,6.079999999999999,6.38,6.06,6.3599999999999985,31203645.0,601138,工业富联
2022-11-30,6.369999999999998,6.409999999999999,6.31,6.3999999999999995,19056472.0,601138,工业富联
2022-12-01,6.46,6.55,6.3999999999999995,6.439999999999999,20462441.0,601138,工业富联
2022-12-02,6.419999999999999,6.509999999999999,6.369999999999998,6.39,16348929.0,601138,工业富联
2022-12-05,6.539999999999998,6.579999999999999,6.429999999999999,6.5299999999999985,17832592.0,601138,工业富联
2022-12-06,6.47,6.72,6.429999999999999,6.689999999999999,24831399.0,601138,工业富联
2022-12-07,6.71,6.769999999999999,6.6099999999999985,6.669999999999999,19196630.0,601138,工业富联
2022-12-08,6.659999999999999,6.7299999999999995,6.599999999999999,6.669999999999999,16785838.0,601138,工业富联
2022-12-09,6.6499999999999995,6.7299999999999995,6.6099999999999985,6.71,18814731.0,601138,工业富联
2022-12-12,6.679999999999999,6.759999999999999,6.64,6.71,14552620.0,601138,工业富联
2022-12-13,6.7299999999999995,6.769999999999999,6.63,6.699999999999998,12584357.0,601138,工业富联
2022-12-14,6.7299999999999995,6.749999999999999,6.6099999999999985,6.669999999999999,19330581.0,601138,工业富联
2022-12-15,6.669999999999999,6.749999999999999,6.659999999999999,6.71,16326536.0,601138,工业富联
2022-12-16,6.659999999999999,6.749999999999999,6.6499999999999995,6.749999999999999,15968011.0,601138,工业富联
2022-12-19,6.769999999999999,6.769999999999999,6.569999999999999,6.619999999999998,23696862.0,601138,工业富联
2022-12-20,6.569999999999999,6.789999999999998,6.5299999999999985,6.539999999999998,25399785.0,601138,工业富联
2022-12-21,6.539999999999998,6.63,6.509999999999999,6.599999999999999,12030160.0,601138,工业富联
2022-12-22,6.72,6.7299999999999995,6.509999999999999,6.539999999999998,10623675.0,601138,工业富联
2022-12-23,6.509999999999999,6.569999999999999,6.38,6.429999999999999,13341200.0,601138,工业富联
2022-12-26,6.47,6.509999999999999,6.38,6.409999999999999,10370285.0,601138,工业富联
2022-12-27,6.47,6.589999999999999,6.429999999999999,6.46,9518840.0,601138,工业富联
2022-12-28,6.4799999999999995,6.56,6.409999999999999,6.419999999999999,11517555.0,601138,工业富联
2022-12-29,6.429999999999999,6.429999999999999,6.289999999999998,6.319999999999999,11528808.0,601138,工业富联
2022-12-30,6.3599999999999985,6.569999999999999,6.349999999999999,6.429999999999999,14649435.0,601138,工业富联
2023-01-03,6.39,6.63,6.289999999999998,6.56,20907149.0,601138,工业富联
2023-01-04,6.64,6.679999999999999,6.56,6.599999999999999,12385701.0,601138,工业富联
2023-01-05,6.699999999999998,6.749999999999999,6.599999999999999,6.739999999999999,17818544.0,601138,工业富联
2023-01-06,6.7299999999999995,6.7299999999999995,6.619999999999998,6.63,11924018.0,601138,工业富联
2023-01-09,6.7299999999999995,6.8,6.669999999999999,6.759999999999999,18114989.0,601138,工业富联
2023-01-10,6.739999999999999,6.739999999999999,6.619999999999998,6.6499999999999995,16182648.0,601138,工业富联
2023-01-11,6.699999999999998,6.71,6.599999999999999,6.6099999999999985,14086078.0,601138,工业富联
2023-01-12,6.6499999999999995,6.669999999999999,6.499999999999999,6.569999999999999,12365463.0,601138,工业富联
2023-01-13,6.599999999999999,6.679999999999999,6.539999999999998,6.679999999999999,11587575.0,601138,工业富联
2023-01-16,6.689999999999999,6.819999999999999,6.6499999999999995,6.749999999999999,20760968.0,601138,工业富联
2023-01-17,6.769999999999999,6.8,6.71,6.769999999999999,13097927.0,601138,工业富联
2023-01-18,6.7799999999999985,6.849999999999999,6.739999999999999,6.7799999999999985,12342407.0,601138,工业富联
2023-01-19,6.739999999999999,6.81,6.699999999999998,6.7799999999999985,9875676.0,601138,工业富联
2023-01-20,6.8,6.869999999999998,6.739999999999999,6.7799999999999985,15075523.0,601138,工业富联
2023-01-30,6.919999999999999,6.989999999999999,6.81,6.89,21774768.0,601138,工业富联
2023-01-31,6.949999999999998,6.97,6.759999999999999,6.759999999999999,18463042.0,601138,工业富联
2023-02-01,6.789999999999998,6.839999999999999,6.71,6.829999999999999,19524772.0,601138,工业富联
2023-02-02,6.849999999999999,6.869999999999998,6.749999999999999,6.8,15875717.0,601138,工业富联
2023-02-03,6.749999999999999,6.769999999999999,6.569999999999999,6.6099999999999985,27119107.0,601138,工业富联
2023-02-06,6.56,6.6499999999999995,6.509999999999999,6.579999999999999,19979367.0,601138,工业富联
2023-02-07,6.63,6.63,6.489999999999999,6.519999999999999,19477161.0,601138,工业富联
2023-02-08,6.55,6.64,6.499999999999999,6.509999999999999,16043500.0,601138,工业富联
2023-02-09,6.489999999999999,6.71,6.449999999999998,6.699999999999998,17415595.0,601138,工业富联
2023-02-10,6.669999999999999,7.349999999999998,6.669999999999999,7.029999999999998,74609350.0,601138,工业富联
2023-02-13,6.97,6.9799999999999995,6.819999999999999,6.909999999999999,40299969.0,601138,工业富联
2023-02-14,6.89,7.049999999999999,6.869999999999998,6.949999999999998,19342791.0,601138,工业富联
2023-02-15,6.96,7.419999999999998,6.8599999999999985,7.299999999999999,72449838.0,601138,工业富联
2023-02-16,7.329999999999998,7.469999999999999,7.0699999999999985,7.139999999999999,61566829.0,601138,工业富联
2023-02-17,7.119999999999997,7.179999999999998,6.939999999999999,6.96,32260867.0,601138,工业富联
2023-02-20,6.96,7.169999999999998,6.89,7.159999999999998,25274710.0,601138,工业富联
2023-02-21,7.129999999999999,7.279999999999998,7.039999999999997,7.129999999999999,21294457.0,601138,工业富联
2023-02-22,7.059999999999999,7.099999999999998,6.89,6.999999999999999,21778666.0,601138,工业富联
2023-02-23,7.079999999999998,7.079999999999998,6.919999999999999,6.949999999999998,17399366.0,601138,工业富联
2023-02-24,6.909999999999999,6.999999999999999,6.8599999999999985,6.869999999999998,15481494.0,601138,工业富联
2023-02-27,6.829999999999999,6.919999999999999,6.749999999999999,6.769999999999999,19585649.0,601138,工业富联
2023-02-28,6.8599999999999985,7.019999999999999,6.739999999999999,6.849999999999999,25431308.0,601138,工业富联
2023-03-01,6.8599999999999985,7.399999999999999,6.8599999999999985,7.209999999999999,54157136.0,601138,工业富联
2023-03-02,7.219999999999999,7.659999999999998,7.209999999999999,7.589999999999998,89972497.0,601138,工业富联
2023-03-03,7.529999999999998,8.619999999999997,7.359999999999998,8.619999999999997,159471314.0,601138,工业富联
2023-03-06,8.749999999999998,9.099999999999998,8.289999999999997,8.309999999999999,267869070.0,601138,工业富联
2023-03-07,8.309999999999999,8.409999999999998,7.689999999999998,7.759999999999998,163615149.0,601138,工业富联
2023-03-08,7.679999999999998,8.009999999999998,7.679999999999998,7.8199999999999985,89954953.0,601138,工业富联
2023-03-09,7.9499999999999975,8.649999999999999,7.879999999999999,8.399999999999999,188747254.0,601138,工业富联
2023-03-10,8.249999999999998,8.499999999999998,8.039999999999997,8.099999999999998,95951096.0,601138,工业富联
2023-03-13,8.129999999999999,8.879999999999999,8.129999999999999,8.859999999999998,147509378.0,601138,工业富联
2023-03-14,8.849999999999998,9.179999999999998,8.669999999999998,9.009999999999998,132533253.0,601138,工业富联
2023-03-15,9.209999999999999,9.589999999999998,9.019999999999998,9.319999999999999,138575466.0,601138,工业富联
2023-03-16,9.249999999999998,9.809999999999999,9.199999999999998,9.599999999999998,141421878.0,601138,工业富联
2023-03-17,9.799999999999999,10.839999999999998,9.799999999999999,10.839999999999998,143764698.0,601138,工业富联
2023-03-20,11.639999999999999,12.199999999999998,11.569999999999999,12.129999999999999,324758408.0,601138,工业富联
2023-03-21,12.139999999999999,12.239999999999998,11.449999999999998,11.849999999999998,280570045.0,601138,工业富联
2023-03-22,12.249999999999998,13.309999999999997,12.249999999999998,13.309999999999997,283603530.0,601138,工业富联
2023-03-23,13.94,14.55,13.69,14.239999999999997,356714933.0,601138,工业富联
2023-03-24,14.1,15.059999999999999,13.899999999999997,14.91,303439982.0,601138,工业富联
2023-03-27,14.329999999999997,15.239999999999998,13.859999999999998,14.879999999999999,378361859.0,601138,工业富联
2023-03-28,14.329999999999997,14.7,13.639999999999999,13.699999999999998,255217996.0,601138,工业富联
2023-03-29,13.949999999999998,14.249999999999998,12.099999999999998,13.409999999999998,353292741.0,601138,工业富联
2023-03-30,13.459999999999999,14.309999999999997,12.789999999999997,14.129999999999997,295732939.0,601138,工业富联
2023-03-31,13.949999999999998,14.73,13.659999999999998,14.469999999999999,221719153.0,601138,工业富联
2023-04-03,14.339999999999998,15.100000000000001,13.67,15.010000000000002,339814714.0,601138,工业富联
2023-04-04,14.489999999999998,15.149999999999999,14.269999999999998,14.66,217857704.0,601138,工业富联
2023-04-06,15.25,16.250000000000004,14.649999999999999,16.250000000000004,260304293.0,601138,工业富联
2023-04-07,16.030000000000005,16.200000000000003,14.95,15.620000000000003,162645172.0,601138,工业富联
2023-04-10,15.309999999999999,15.58,14.339999999999998,14.719999999999999,161111100.0,601138,工业富联
2023-04-11,14.89,15.0,14.159999999999998,14.600000000000001,172506941.0,601138,工业富联
2023-04-12,14.77,15.99,14.45,15.670000000000003,182304108.0,601138,工业富联
2023-04-13,15.500000000000002,16.200000000000003,14.600000000000001,14.91,162683731.0,601138,工业富联
2023-04-14,14.829999999999998,15.620000000000003,14.649999999999999,15.32,116447599.0,601138,工业富联
2023-04-17,15.239999999999998,15.49,14.64,15.18,100760172.0,601138,工业富联
2023-04-18,15.129999999999999,16.800000000000004,14.899999999999999,16.440000000000005,184118316.0,601138,工业富联
2023-04-19,16.330000000000002,16.560000000000002,14.52,14.52,282581868.0,601138,工业富联
2023-04-20,14.52,16.250000000000004,14.46,16.250000000000004,325560298.0,601138,工业富联
2023-04-21,16.750000000000004,17.120000000000005,15.440000000000003,16.040000000000003,248826940.0,601138,工业富联
2023-04-24,16.090000000000003,16.350000000000005,15.219999999999999,15.58,165745031.0,601138,工业富联
2023-04-25,15.309999999999999,16.030000000000005,15.0,15.750000000000002,196127791.0,601138,工业富联
2023-04-26,16.030000000000005,16.230000000000004,13.899999999999997,13.899999999999997,241514844.0,601138,工业富联
2023-04-27,13.149999999999999,14.089999999999998,13.079999999999998,13.35,265276404.0,601138,工业富联
2023-04-28,13.379999999999997,14.129999999999997,13.159999999999998,13.37,219569831.0,601138,工业富联
2023-05-04,13.229999999999999,13.249999999999998,12.379999999999999,12.629999999999999,211000027.0,601138,工业富联
2023-05-05,12.579999999999998,12.609999999999998,11.709999999999999,12.019999999999998,209533291.0,601138,工业富联
2023-05-08,11.979999999999999,12.029999999999998,11.599999999999998,11.929999999999998,151113962.0,601138,工业富联
2023-05-09,11.929999999999998,12.479999999999999,11.649999999999999,11.949999999999998,194948000.0,601138,工业富联
2023-05-10,11.949999999999998,12.289999999999997,11.619999999999997,11.849999999999998,102661904.0,601138,工业富联
2023-05-11,11.759999999999998,12.049999999999999,11.599999999999998,11.709999999999999,109398210.0,601138,工业富联
2023-05-12,11.589999999999998,12.039999999999997,11.469999999999999,11.609999999999998,80167627.0,601138,工业富联
2023-05-15,11.869999999999997,12.629999999999999,11.409999999999998,12.369999999999997,232318960.0,601138,工业富联
2023-05-16,12.339999999999998,12.709999999999999,11.759999999999998,12.029999999999998,166670928.0,601138,工业富联
2023-05-17,12.099999999999998,13.099999999999998,12.069999999999999,12.799999999999999,214696710.0,601138,工业富联
2023-05-18,13.159999999999998,14.239999999999997,12.969999999999999,13.6,286831554.0,601138,工业富联
2023-05-19,13.749999999999998,14.399999999999999,13.409999999999998,13.409999999999998,174480346.0,601138,工业富联
2023-05-22,13.26,13.85,12.549999999999999,12.659999999999998,176166196.0,601138,工业富联
2023-05-23,12.629999999999999,12.879999999999999,12.399999999999999,12.479999999999999,99148662.0,601138,工业富联
2023-05-24,12.389999999999999,12.539999999999997,11.779999999999998,12.069999999999999,122492233.0,601138,工业富联
2023-05-25,13.249999999999998,13.549999999999999,12.909999999999998,13.549999999999999,306675878.0,601138,工业富联
2023-05-26,13.579999999999997,14.54,13.409999999999998,14.039999999999997,265872270.0,601138,工业富联
2023-05-29,14.54,15.329999999999998,14.35,15.149999999999999,302922759.0,601138,工业富联
2023-05-30,14.670000000000002,15.56,14.179999999999998,15.280000000000001,251511555.0,601138,工业富联
2023-05-31,15.360000000000001,15.83,14.75,15.3,218639655.0,601138,工业富联
2023-06-01,14.850000000000001,15.460000000000003,14.780000000000001,15.170000000000002,158582309.0,601138,工业富联
2023-06-02,15.450000000000001,15.600000000000003,14.850000000000001,15.079999999999998,107111532.0,601138,工业富联
2023-06-05,15.309999999999999,16.520000000000003,14.989999999999998,16.180000000000003,205552569.0,601138,工业富联
2023-06-06,15.850000000000003,16.360000000000003,15.350000000000003,15.47,141931266.0,601138,工业富联
2023-06-07,15.450000000000001,15.750000000000002,15.079999999999998,15.280000000000001,96502948.0,601138,工业富联
2023-06-08,15.149999999999999,15.329999999999998,14.77,15.100000000000001,96058604.0,601138,工业富联
2023-06-09,15.100000000000001,16.890000000000004,14.879999999999999,16.890000000000004,215513181.0,601138,工业富联
2023-06-12,17.560000000000002,18.620000000000005,17.510000000000005,18.600000000000005,250099933.0,601138,工业富联
2023-06-13,18.450000000000003,19.830000000000002,18.120000000000005,19.270000000000003,224284836.0,601138,工业富联
2023-06-14,19.000000000000004,20.700000000000003,18.830000000000002,20.040000000000003,203255341.0,601138,工业富联
2023-06-15,19.850000000000005,21.050000000000004,19.730000000000004,19.890000000000004,151010646.0,601138,工业富联
2023-06-16,19.890000000000004,21.590000000000003,19.600000000000005,21.310000000000002,198977068.0,601138,工业富联
2023-06-19,21.750000000000004,23.720000000000002,20.950000000000003,23.710000000000004,207593027.0,601138,工业富联
2023-06-20,23.120000000000005,23.690000000000005,21.810000000000002,23.280000000000005,217799669.0,601138,工业富联
2023-06-21,22.750000000000004,22.750000000000004,21.350000000000005,21.750000000000004,159426735.0,601138,工业富联
2023-06-26,21.150000000000002,22.030000000000005,20.000000000000004,20.340000000000003,194682243.0,601138,工业富联
2023-06-27,20.660000000000004,20.660000000000004,20.020000000000003,20.260000000000005,100920566.0,601138,工业富联
2023-06-28,19.240000000000002,20.690000000000005,18.580000000000002,20.230000000000004,169412176.0,601138,工业富联
2023-06-29,20.260000000000005,21.600000000000005,20.150000000000002,21.050000000000004,169954821.0,601138,工业富联
2023-06-30,20.800000000000004,23.000000000000004,20.560000000000002,22.450000000000003,194981072.0,601138,工业富联
2023-07-03,22.650000000000002,22.970000000000002,20.730000000000004,21.620000000000005,155635602.0,601138,工业富联
2023-07-04,21.250000000000004,22.550000000000004,21.220000000000002,21.830000000000002,110852632.0,601138,工业富联
2023-07-05,21.550000000000004,21.760000000000005,20.860000000000003,21.110000000000003,95980113.0,601138,工业富联
2023-07-06,20.850000000000005,22.000000000000004,20.850000000000005,21.130000000000003,97526863.0,601138,工业富联
2023-07-07,21.050000000000004,21.530000000000005,20.050000000000004,20.910000000000004,105155637.0,601138,工业富联
2023-07-10,21.250000000000004,21.310000000000002,20.140000000000004,21.050000000000004,88859826.0,601138,工业富联
2023-07-11,21.250000000000004,21.850000000000005,20.750000000000004,21.490000000000002,118743582.0,601138,工业富联
2023-07-12,21.250000000000004,21.250000000000004,19.660000000000004,19.780000000000005,165380326.0,601138,工业富联
2023-07-13,20.230000000000004,22.030000000000005,20.020000000000003,22.030000000000005,155773995.0,601138,工业富联
2023-07-14,22.960000000000004,24.510000000000005,22.700000000000003,24.510000000000005,208131873.0,601138,工业富联
2023-07-17,24.140000000000004,24.140000000000004,22.870000000000005,23.360000000000003,174972477.0,601138,工业富联
2023-07-18,23.330000000000002,23.900000000000002,22.320000000000004,22.780000000000005,156616093.0,601138,工业富联
2023-07-19,23.170000000000005,23.670000000000005,21.990000000000002,22.340000000000003,127026168.0,601138,工业富联
2023-07-20,22.150000000000002,22.200000000000003,20.050000000000004,20.500000000000004,202822969.0,601138,工业富联
2023-07-21,20.290000000000003,20.790000000000003,19.850000000000005,20.290000000000003,132628976.0,601138,工业富联
2023-07-24,20.040000000000003,21.780000000000005,20.040000000000003,20.910000000000004,145621050.0,601138,工业富联
2023-07-25,21.300000000000004,21.930000000000003,20.350000000000005,21.250000000000004,161942914.0,601138,工业富联
2023-07-26,20.750000000000004,21.430000000000003,19.460000000000004,20.500000000000004,161281064.0,601138,工业富联
2023-07-27,20.380000000000003,20.540000000000003,19.580000000000002,19.930000000000003,142264934.0,601138,工业富联
2023-07-28,20.100000000000005,20.420000000000005,19.480000000000004,20.060000000000006,118265878.0,601138,工业富联
2023-07-31,20.050000000000004,20.900000000000006,19.610000000000003,20.130000000000003,141099061.0,601138,工业富联
2023-08-01,20.000000000000004,20.950000000000003,19.330000000000005,20.470000000000006,163085467.0,601138,工业富联
2023-08-02,20.050000000000004,20.660000000000004,19.910000000000004,20.120000000000005,83597396.0,601138,工业富联
2023-08-03,19.660000000000004,20.650000000000006,19.450000000000003,20.300000000000004,118495348.0,601138,工业富联
2023-08-04,19.900000000000006,21.830000000000005,19.720000000000006,21.570000000000004,186832851.0,601138,工业富联
2023-08-07,21.500000000000004,23.800000000000004,21.400000000000006,22.780000000000005,229951559.0,601138,工业富联
2023-08-08,22.400000000000006,22.720000000000006,21.670000000000005,21.980000000000004,131525166.0,601138,工业富联
2023-08-09,21.100000000000005,21.530000000000005,20.050000000000004,20.050000000000004,218495333.0,601138,工业富联
2023-08-10,19.790000000000003,19.800000000000004,18.730000000000004,19.300000000000004,238360505.0,601138,工业富联
2023-08-11,19.520000000000003,20.000000000000004,19.180000000000003,19.300000000000004,137658861.0,601138,工业富联
2023-08-14,18.890000000000004,19.410000000000004,18.500000000000004,19.200000000000003,129339573.0,601138,工业富联
2023-08-15,19.840000000000003,20.030000000000005,19.010000000000005,19.190000000000005,157167034.0,601138,工业富联
2023-08-16,18.800000000000004,19.200000000000003,18.490000000000006,18.690000000000005,120135305.0,601138,工业富联
2023-08-17,18.130000000000003,18.970000000000006,17.730000000000004,18.710000000000004,134760830.0,601138,工业富联
2023-08-18,18.690000000000005,18.840000000000003,17.860000000000003,17.900000000000006,102052491.0,601138,工业富联
2023-08-21,17.950000000000003,18.690000000000005,17.660000000000004,18.210000000000004,91872037.0,601138,工业富联
2023-08-22,19.000000000000004,20.250000000000004,18.530000000000005,20.250000000000004,199706551.0,601138,工业富联
2023-08-23,19.970000000000006,20.020000000000003,18.860000000000003,19.140000000000004,137727726.0,601138,工业富联
2023-08-24,20.300000000000004,21.100000000000005,19.700000000000003,20.230000000000004,201651208.0,601138,工业富联
2023-08-25,19.000000000000004,19.270000000000003,17.990000000000006,18.120000000000005,195119071.0,601138,工业富联
2023-08-28,19.230000000000004,19.230000000000004,18.010000000000005,18.480000000000004,137539391.0,601138,工业富联
2023-08-29,18.350000000000005,19.940000000000005,18.080000000000005,19.390000000000004,172764117.0,601138,工业富联
2023-08-30,19.690000000000005,20.270000000000003,19.370000000000005,19.600000000000005,133689524.0,601138,工业富联
2023-08-31,19.360000000000003,20.030000000000005,19.130000000000003,19.710000000000004,117077489.0,601138,工业富联
2023-09-01,19.590000000000003,19.790000000000003,18.700000000000003,19.050000000000004,94026414.0,601138,工业富联
2023-09-04,19.200000000000003,19.250000000000004,18.460000000000004,18.790000000000003,96034266.0,601138,工业富联
2023-09-05,18.570000000000004,18.590000000000003,17.990000000000006,18.110000000000003,99330896.0,601138,工业富联
2023-09-06,17.880000000000003,18.070000000000004,17.340000000000003,18.020000000000003,89908206.0,601138,工业富联
2023-09-07,17.780000000000005,17.780000000000005,16.990000000000006,17.000000000000004,127958756.0,601138,工业富联
2023-09-08,16.810000000000006,17.020000000000003,16.240000000000006,16.880000000000003,92963254.0,601138,工业富联
2023-09-11,16.800000000000004,17.870000000000005,16.160000000000004,17.260000000000005,136592406.0,601138,工业富联
2023-09-12,16.990000000000006,17.450000000000003,16.880000000000003,17.080000000000005,81348848.0,601138,工业富联
2023-09-13,16.960000000000004,17.060000000000006,16.480000000000004,16.660000000000004,75537956.0,601138,工业富联
2023-09-14,16.780000000000005,16.960000000000004,16.350000000000005,16.390000000000004,72853334.0,601138,工业富联
2023-09-15,16.430000000000003,16.500000000000004,15.830000000000004,15.930000000000001,95853247.0,601138,工业富联
2023-09-18,15.88,16.600000000000005,15.740000000000004,16.100000000000005,92253885.0,601138,工业富联
2023-09-19,16.120000000000005,16.800000000000004,15.930000000000001,16.280000000000005,108272233.0,601138,工业富联
2023-09-20,16.290000000000003,16.780000000000005,15.980000000000002,16.200000000000003,104732424.0,601138,工业富联
2023-09-21,16.060000000000006,16.550000000000004,16.020000000000003,16.110000000000003,73820046.0,601138,工业富联
2023-09-22,16.100000000000005,17.900000000000006,16.040000000000003,17.740000000000006,212826070.0,601138,工业富联
2023-09-25,17.560000000000006,17.840000000000003,17.030000000000005,17.090000000000003,104675298.0,601138,工业富联
2023-09-26,17.290000000000003,18.190000000000005,17.250000000000004,17.530000000000005,126777167.0,601138,工业富联
2023-09-27,17.400000000000006,17.900000000000006,17.320000000000004,17.600000000000005,83030433.0,601138,工业富联
2023-09-28,17.830000000000005,18.130000000000003,17.360000000000003,17.500000000000004,73482733.0,601138,工业富联
2023-10-09,17.270000000000003,17.300000000000004,16.650000000000006,17.060000000000006,105193597.0,601138,工业富联
2023-10-10,17.030000000000005,17.150000000000006,16.410000000000004,16.660000000000004,80063139.0,601138,工业富联
2023-10-11,16.960000000000004,17.450000000000003,16.650000000000006,16.970000000000006,90225288.0,601138,工业富联
2023-10-12,17.200000000000003,17.250000000000004,16.470000000000006,16.550000000000004,82165069.0,601138,工业富联
2023-10-13,16.410000000000004,16.410000000000004,15.610000000000001,15.680000000000001,106681657.0,601138,工业富联
2023-10-16,15.690000000000003,15.690000000000003,15.100000000000001,15.220000000000002,95159245.0,601138,工业富联
2023-10-17,15.32,15.38,15.0,15.080000000000002,58147935.0,601138,工业富联
2023-10-18,14.400000000000002,14.93,13.9,14.720000000000002,151293797.0,601138,工业富联
2023-10-19,14.379999999999997,14.89,14.28,14.33,85945895.0,601138,工业富联
2023-10-20,14.359999999999998,14.52,13.87,13.97,80467844.0,601138,工业富联
2023-10-23,12.35,12.35,12.35,12.35,23786500.0,601138,工业富联
2023-10-24,11.11,11.94,11.049999999999999,11.559999999999999,318967934.0,601138,工业富联
2023-10-25,11.62,11.649999999999999,11.27,11.339999999999998,193065907.0,601138,工业富联
2023-10-26,11.2,11.819999999999999,11.04,11.629999999999999,141580469.0,601138,工业富联
2023-10-27,11.629999999999999,11.989999999999998,11.459999999999999,11.87,99990449.0,601138,工业富联
2023-10-30,11.87,12.559999999999999,11.729999999999999,12.399999999999999,120823083.0,601138,工业富联
2023-10-31,12.62,12.879999999999999,12.329999999999998,12.52,152112193.0,601138,工业富联
2023-11-01,12.559999999999999,12.749999999999998,12.29,12.329999999999998,71660068.0,601138,工业富联
2023-11-02,12.68,12.79,12.379999999999999,12.399999999999999,82575884.0,601138,工业富联
2023-11-03,12.479999999999999,12.719999999999999,12.389999999999999,12.549999999999999,78084421.0,601138,工业富联
2023-11-06,12.719999999999999,12.86,12.579999999999998,12.77,98469617.0,601138,工业富联
2023-11-07,12.77,13.419999999999998,12.639999999999999,13.19,142671111.0,601138,工业富联
2023-11-08,13.149999999999999,13.299999999999999,12.969999999999999,13.1,77635676.0,601138,工业富联
2023-11-09,13.299999999999999,13.54,13.209999999999999,13.389999999999999,118059840.0,601138,工业富联
2023-11-10,13.2,13.589999999999998,13.129999999999999,13.209999999999999,90447202.0,601138,工业富联
2023-11-13,13.45,14.55,13.45,13.909999999999998,169202189.0,601138,工业富联
2023-11-14,13.949999999999998,14.629999999999999,13.81,14.17,123923040.0,601138,工业富联
2023-11-15,14.28,14.48,13.83,14.209999999999999,110010637.0,601138,工业富联
2023-11-16,13.999999999999998,14.17,13.709999999999999,13.739999999999998,82517451.0,601138,工业富联
2023-11-17,13.669999999999998,14.199999999999998,13.669999999999998,14.15,91955875.0,601138,工业富联
2023-11-20,14.089999999999998,14.28,13.7,13.92,79466538.0,601138,工业富联
2023-11-21,13.99,14.049999999999999,13.729999999999999,13.76,64788050.0,601138,工业富联
2023-11-22,13.7,13.739999999999998,13.339999999999998,13.37,66849928.0,601138,工业富联
2023-11-23,13.53,13.61,13.18,13.52,62552629.0,601138,工业富联
2023-11-24,13.6,13.6,13.03,13.2,86933752.0,601138,工业富联
2023-11-27,12.899999999999999,13.069999999999999,12.61,12.69,151459758.0,601138,工业富联
2023-11-28,12.569999999999999,12.989999999999998,12.569999999999999,12.95,84957512.0,601138,工业富联
2023-11-29,12.95,12.989999999999998,12.709999999999999,12.749999999999998,62822390.0,601138,工业富联
2023-11-30,12.879999999999999,13.03,12.54,12.899999999999999,94817383.0,601138,工业富联
2023-12-01,12.85,13.03,12.659999999999998,12.95,77262202.0,601138,工业富联
2023-12-04,13.01,13.02,12.569999999999999,12.579999999999998,73348787.0,601138,工业富联
2023-12-05,12.549999999999999,12.649999999999999,11.909999999999998,11.95,76948724.0,601138,工业富联
2023-12-06,11.94,12.209999999999999,11.919999999999998,12.049999999999999,56654397.0,601138,工业富联
2023-12-07,12.18,12.27,11.94,12.129999999999999,56707169.0,601138,工业富联
2023-12-08,12.159999999999998,13.559999999999999,12.1,13.559999999999999,149291534.0,601138,工业富联
2023-12-11,13.569999999999999,13.629999999999999,12.989999999999998,13.389999999999999,157318466.0,601138,工业富联
2023-12-12,13.409999999999998,13.569999999999999,12.77,13.059999999999999,109576923.0,601138,工业富联
2023-12-13,13.059999999999999,13.19,12.839999999999998,12.879999999999999,76646299.0,601138,工业富联
2023-12-14,12.979999999999999,13.249999999999998,12.799999999999999,12.799999999999999,71441886.0,601138,工业富联
2023-12-15,12.899999999999999,12.95,12.51,12.579999999999998,61991246.0,601138,工业富联
2023-12-18,12.579999999999998,13.129999999999999,12.549999999999999,12.829999999999998,93305916.0,601138,工业富联
2023-12-19,12.76,13.01,12.559999999999999,12.969999999999999,65140277.0,601138,工业富联
2023-12-20,12.969999999999999,12.969999999999999,12.309999999999999,12.35,74423794.0,601138,工业富联
2023-12-21,12.35,12.659999999999998,12.249999999999998,12.37,65923869.0,601138,工业富联
2023-12-22,12.309999999999999,12.399999999999999,12.059999999999999,12.12,66902922.0,601138,工业富联
2023-12-25,11.999999999999998,12.43,11.989999999999998,12.01,53958991.0,601138,工业富联
2023-12-26,11.919999999999998,12.069999999999999,11.549999999999999,11.669999999999998,42290400.0,601138,工业富联
2023-12-27,11.749999999999998,11.889999999999999,11.629999999999999,11.729999999999999,50630366.0,601138,工业富联
2023-12-28,11.989999999999998,12.829999999999998,11.819999999999999,12.6,104202294.0,601138,工业富联
2023-12-29,12.6,13.219999999999999,12.52,12.919999999999998,89669926.0,601138,工业富联
2024-01-02,12.799999999999999,12.799999999999999,11.829999999999998,11.999999999999998,128016637.0,601138,工业富联
2024-01-03,11.909999999999998,12.04,11.579999999999998,11.68,82728790.0,601138,工业富联
2024-01-04,11.579999999999998,11.669999999999998,11.149999999999999,11.27,103153907.0,601138,工业富联
2024-01-05,11.249999999999998,11.419999999999998,10.999999999999998,11.1,63396897.0,601138,工业富联
2024-01-08,11.04,11.1,10.85,10.879999999999999,58285996.0,601138,工业富联
2024-01-09,11.129999999999999,11.379999999999999,10.86,10.989999999999998,88639975.0,601138,工业富联
2024-01-10,10.879999999999999,11.02,10.629999999999999,10.709999999999999,69154970.0,601138,工业富联
2024-01-11,10.76,10.989999999999998,10.69,10.95,73663267.0,601138,工业富联
2024-01-12,10.799999999999999,10.909999999999998,10.62,10.659999999999998,59607234.0,601138,工业富联
2024-01-15,10.6,10.729999999999999,10.43,10.52,59544106.0,601138,工业富联
2024-01-16,10.44,10.829999999999998,10.44,10.709999999999999,102235691.0,601138,工业富联
2024-01-17,10.669999999999998,10.899999999999999,10.479999999999999,10.479999999999999,76542827.0,601138,工业富联
2024-01-18,10.479999999999999,11.6,10.479999999999999,11.51,222034735.0,601138,工业富联
2024-01-19,11.639999999999999,12.27,11.52,11.999999999999998,199161081.0,601138,工业富联
2024-01-22,12.51,12.739999999999998,11.999999999999998,12.2,214606830.0,601138,工业富联
2024-01-23,11.85,12.6,11.819999999999999,12.299999999999999,164723079.0,601138,工业富联
2024-01-24,12.419999999999998,12.559999999999999,11.86,12.299999999999999,141635778.0,601138,工业富联
2024-01-25,12.249999999999998,13.02,12.11,12.879999999999999,165483518.0,601138,工业富联
2024-01-26,12.629999999999999,12.709999999999999,12.069999999999999,12.209999999999999,140558459.0,601138,工业富联
2024-01-29,12.02,12.209999999999999,11.29,11.389999999999999,121927739.0,601138,工业富联
2024-01-30,11.35,11.7,11.28,11.299999999999999,75619127.0,601138,工业富联
2024-01-31,11.1,11.35,10.819999999999999,11.11,88463999.0,601138,工业富联
2024-02-01,10.93,12.44,10.78,12.36,179836047.0,601138,工业富联
2024-02-02,12.339999999999998,12.569999999999999,11.35,11.719999999999999,159352348.0,601138,工业富联
2024-02-05,11.68,13.01,11.61,12.569999999999999,222610970.0,601138,工业富联
2024-02-06,12.1,13.69,12.1,13.329999999999998,233467121.0,601138,工业富联
2024-02-07,13.069999999999999,13.329999999999998,12.809999999999999,13.1,173795334.0,601138,工业富联
2024-02-08,13.299999999999999,14.359999999999998,12.999999999999998,13.499999999999998,187079316.0,601138,工业富联
2024-02-19,14.5,15.07,14.12,15.07,198838500.0,601138,工业富联
2024-02-20,15.700000000000001,16.790000000000003,15.410000000000002,16.290000000000003,305323162.0,601138,工业富联
2024-02-21,15.530000000000003,15.660000000000002,15.05,15.350000000000003,248590873.0,601138,工业富联
2024-02-22,16.050000000000004,16.370000000000005,15.11,15.990000000000004,259307114.0,601138,工业富联
2024-02-23,16.620000000000005,16.750000000000004,15.860000000000001,15.970000000000004,223745878.0,601138,工业富联
2024-02-26,15.400000000000004,15.810000000000004,15.310000000000002,15.470000000000004,176765115.0,601138,工业富联
2024-02-27,15.390000000000002,17.240000000000006,15.190000000000001,17.130000000000003,286375968.0,601138,工业富联
2024-02-28,16.850000000000005,17.090000000000003,16.000000000000004,16.000000000000004,219414506.0,601138,工业富联
2024-02-29,15.960000000000003,16.860000000000003,15.88,16.490000000000006,182497975.0,601138,工业富联
2024-03-01,16.850000000000005,18.260000000000005,16.850000000000005,17.820000000000004,248116620.0,601138,工业富联
2024-03-04,18.600000000000005,19.820000000000004,18.240000000000006,19.820000000000004,268195145.0,601138,工业富联
2024-03-05,19.500000000000004,21.980000000000004,19.330000000000005,20.550000000000004,309757066.0,601138,工业富联
2024-03-06,19.870000000000005,20.350000000000005,19.500000000000004,19.810000000000006,230257687.0,601138,工业富联
2024-03-07,20.270000000000003,21.010000000000005,19.660000000000004,20.410000000000004,270290678.0,601138,工业富联
2024-03-08,20.900000000000006,22.670000000000005,20.460000000000004,22.670000000000005,285720842.0,601138,工业富联
2024-03-11,21.480000000000004,24.550000000000004,21.200000000000003,23.620000000000005,335970986.0,601138,工业富联
2024-03-12,23.060000000000006,23.280000000000005,21.870000000000005,22.600000000000005,312517653.0,601138,工业富联
2024-03-13,23.340000000000003,24.780000000000005,21.890000000000004,22.150000000000006,492039964.0,601138,工业富联
2024-03-14,20.570000000000004,21.070000000000004,19.790000000000003,20.650000000000006,550613186.0,601138,工业富联
2024-03-15,20.290000000000003,21.080000000000005,20.260000000000005,20.880000000000003,358323553.0,601138,工业富联
2024-03-18,21.250000000000004,23.100000000000005,21.160000000000004,22.810000000000006,424813590.0,601138,工业富联
2024-03-19,22.200000000000003,23.910000000000004,21.930000000000003,23.310000000000006,379137510.0,601138,工业富联
2024-03-20,23.100000000000005,23.630000000000003,22.370000000000005,22.880000000000003,298902628.0,601138,工业富联
2024-03-21,22.880000000000003,23.600000000000005,22.540000000000003,22.790000000000003,269702591.0,601138,工业富联
2024-03-22,22.620000000000005,23.150000000000006,21.910000000000004,22.230000000000004,260364004.0,601138,工业富联
2024-03-25,22.650000000000006,22.800000000000004,21.670000000000005,21.710000000000004,233972826.0,601138,工业富联
2024-03-26,21.800000000000004,22.100000000000005,20.800000000000004,21.530000000000005,246343859.0,601138,工业富联
2024-03-27,21.170000000000005,21.470000000000006,20.160000000000004,20.210000000000004,237632035.0,601138,工业富联
2024-03-28,20.220000000000006,21.910000000000004,20.220000000000006,21.250000000000004,275641078.0,601138,工业富联
2024-03-29,20.940000000000005,20.980000000000004,20.130000000000003,20.570000000000004,169352275.0,601138,工业富联
2024-04-01,20.700000000000003,21.300000000000004,20.380000000000003,21.110000000000003,169946005.0,601138,工业富联
2024-04-02,21.040000000000003,21.480000000000004,20.520000000000003,20.700000000000003,153855403.0,601138,工业富联
2024-04-03,20.500000000000004,20.540000000000003,19.540000000000003,19.720000000000006,176883711.0,601138,工业富联
2024-04-08,19.500000000000004,20.190000000000005,19.380000000000003,19.800000000000004,122388763.0,601138,工业富联
2024-04-09,19.950000000000003,19.960000000000004,19.100000000000005,19.690000000000005,137238781.0,601138,工业富联
2024-04-10,19.490000000000006,19.670000000000005,18.730000000000004,18.900000000000006,123658936.0,601138,工业富联
2024-04-11,19.030000000000005,19.450000000000003,18.900000000000006,19.050000000000004,135552814.0,601138,工业富联
2024-04-12,19.600000000000005,20.720000000000006,19.510000000000005,20.060000000000006,254395786.0,601138,工业富联
2024-04-15,19.680000000000003,20.350000000000005,19.500000000000004,20.040000000000003,149291715.0,601138,工业富联
2024-04-16,19.330000000000005,20.170000000000005,19.200000000000003,19.610000000000003,124388081.0,601138,工业富联
2024-04-17,20.300000000000004,20.660000000000004,19.540000000000003,20.300000000000004,204886515.0,601138,工业富联
2024-04-18,19.660000000000004,21.290000000000003,19.120000000000005,20.700000000000003,232648390.0,601138,工业富联
2024-04-19,20.210000000000004,20.300000000000004,19.240000000000006,19.850000000000005,188598619.0,601138,工业富联
2024-04-22,18.180000000000003,18.900000000000006,17.750000000000004,18.640000000000004,172316991.0,601138,工业富联
2024-04-23,18.850000000000005,18.990000000000006,18.160000000000004,18.390000000000004,104059777.0,601138,工业富联
2024-04-24,18.820000000000004,20.390000000000004,18.720000000000006,20.040000000000003,223752108.0,601138,工业富联
2024-04-25,19.460000000000004,20.290000000000003,19.360000000000003,19.990000000000006,119937317.0,601138,工业富联
2024-04-26,21.020000000000003,22.210000000000004,21.000000000000004,22.210000000000004,352752382.0,601138,工业富联
2024-04-29,22.560000000000006,22.560000000000006,21.970000000000006,22.320000000000004,256688898.0,601138,工业富联
2024-04-30,23.100000000000005,23.100000000000005,22.250000000000004,22.300000000000004,230537544.0,601138,工业富联
2024-05-06,22.800000000000004,23.100000000000005,22.200000000000003,22.620000000000005,171514799.0,601138,工业富联
2024-05-07,23.000000000000004,23.790000000000003,22.470000000000006,23.180000000000003,240914242.0,601138,工业富联
2024-05-08,22.540000000000003,23.000000000000004,22.210000000000004,22.260000000000005,141192478.0,601138,工业富联
2024-05-09,22.100000000000005,22.300000000000004,21.560000000000006,22.020000000000003,143346770.0,601138,工业富联
2024-05-10,21.800000000000004,21.990000000000006,21.320000000000004,21.720000000000006,97463770.0,601138,工业富联
2024-05-13,21.730000000000004,22.140000000000004,21.600000000000005,21.800000000000004,101213563.0,601138,工业富联
2024-05-14,22.200000000000003,22.290000000000003,21.260000000000005,21.600000000000005,114680668.0,601138,工业富联
2024-05-15,21.680000000000003,22.800000000000004,21.550000000000004,22.100000000000005,142504044.0,601138,工业富联
2024-05-16,23.530000000000005,24.220000000000006,23.210000000000004,23.380000000000003,241160954.0,601138,工业富联
2024-05-17,23.000000000000004,23.600000000000005,22.900000000000006,23.500000000000004,138735923.0,601138,工业富联
2024-05-20,23.100000000000005,24.030000000000005,22.810000000000006,24.020000000000003,171532187.0,601138,工业富联
2024-05-21,23.740000000000006,24.000000000000004,23.260000000000005,23.520000000000003,111707843.0,601138,工业富联
2024-05-22,23.490000000000006,23.660000000000004,22.990000000000006,23.230000000000004,98684188.0,601138,工业富联
2024-05-23,23.800000000000004,23.980000000000004,22.240000000000006,23.420000000000005,181848683.0,601138,工业富联
2024-05-24,23.000000000000004,23.700000000000003,21.860000000000003,21.950000000000003,205119477.0,601138,工业富联
2024-05-27,22.400000000000006,23.120000000000005,22.310000000000006,22.660000000000004,146606162.0,601138,工业富联
2024-05-28,22.450000000000003,22.700000000000003,21.900000000000006,21.920000000000005,98564656.0,601138,工业富联
2024-05-29,22.550000000000004,22.620000000000005,21.900000000000006,22.010000000000005,90270296.0,601138,工业富联
2024-05-30,21.800000000000004,22.080000000000005,21.500000000000004,21.740000000000006,71018550.0,601138,工业富联
2024-05-31,21.470000000000006,21.880000000000003,20.710000000000004,20.710000000000004,139113217.0,601138,工业富联
2024-06-03,20.710000000000004,21.940000000000005,20.700000000000003,21.670000000000005,155612490.0,601138,工业富联
2024-06-04,21.670000000000005,21.700000000000003,21.250000000000004,21.590000000000003,82107356.0,601138,工业富联
2024-06-05,21.470000000000006,21.770000000000003,21.260000000000005,21.500000000000004,73281583.0,601138,工业富联
2024-06-06,22.680000000000003,23.870000000000005,22.680000000000003,23.870000000000005,297932510.0,601138,工业富联
2024-06-07,23.650000000000006,23.940000000000005,21.680000000000003,22.330000000000005,295697836.0,601138,工业富联
2024-06-11,22.300000000000004,22.850000000000005,21.840000000000003,22.010000000000005,161039103.0,601138,工业富联
2024-06-12,22.350000000000005,23.280000000000005,22.110000000000003,22.170000000000005,193434854.0,601138,工业富联
2024-06-13,22.600000000000005,24.390000000000004,22.570000000000004,23.700000000000003,238197880.0,601138,工业富联
2024-06-14,23.850000000000005,25.520000000000003,23.640000000000004,25.030000000000005,228452320.0,601138,工业富联
2024-06-17,24.870000000000005,25.790000000000003,24.480000000000004,25.310000000000006,204393237.0,601138,工业富联
2024-06-18,25.330000000000005,26.710000000000004,25.330000000000005,26.420000000000005,205413036.0,601138,工业富联
2024-06-19,26.990000000000006,27.070000000000004,26.090000000000003,26.270000000000003,142246265.0,601138,工业富联
2024-06-20,26.270000000000003,26.890000000000004,26.180000000000003,26.410000000000004,104347447.0,601138,工业富联
2024-06-21,25.300000000000004,26.540000000000003,25.240000000000006,26.270000000000003,123132060.0,601138,工业富联
2024-06-24,25.600000000000005,26.270000000000003,25.120000000000005,25.350000000000005,113412966.0,601138,工业富联
2024-06-25,24.560000000000006,25.000000000000004,24.010000000000005,24.240000000000006,131710039.0,601138,工业富联
2024-06-26,24.920000000000005,25.180000000000003,24.250000000000004,24.970000000000006,119786129.0,601138,工业富联
2024-06-27,24.470000000000006,25.050000000000004,24.120000000000005,24.610000000000003,105659504.0,601138,工业富联
2024-06-28,24.500000000000004,25.580000000000005,24.490000000000006,25.200000000000003,115006111.0,601138,工业富联
2024-07-01,25.210000000000004,25.990000000000006,24.800000000000004,25.800000000000004,100519731.0,601138,工业富联
2024-07-02,25.550000000000004,25.670000000000005,25.060000000000006,25.160000000000004,90173318.0,601138,工业富联
2024-07-03,24.950000000000003,25.340000000000003,24.610000000000003,25.180000000000003,74022541.0,601138,工业富联
2024-07-04,25.550000000000004,25.650000000000006,24.960000000000004,25.070000000000004,79068697.0,601138,工业富联
2024-07-05,24.800000000000004,25.020000000000003,24.160000000000004,24.880000000000003,88154019.0,601138,工业富联
2024-07-08,24.670000000000005,25.230000000000004,24.610000000000003,24.760000000000005,63942302.0,601138,工业富联
2024-07-09,24.900000000000006,26.980000000000004,24.550000000000004,26.800000000000004,159519849.0,601138,工业富联
2024-07-10,26.800000000000004,26.980000000000004,26.220000000000006,26.750000000000004,102541972.0,601138,工业富联
2024-07-11,27.250000000000004,27.270000000000003,25.670000000000005,26.560000000000006,128407393.0,601138,工业富联
2024-07-12,25.450000000000003,25.480000000000004,25.000000000000004,25.060000000000006,129264185.0,601138,工业富联
2024-07-15,24.950000000000003,25.120000000000005,24.470000000000006,24.760000000000005,84711831.0,601138,工业富联
2024-07-16,24.760000000000005,25.400000000000006,24.160000000000004,25.260000000000005,126827003.0,601138,工业富联
2024-07-17,24.860000000000003,24.900000000000006,23.640000000000004,23.750000000000004,136061170.0,601138,工业富联
2024-07-18,22.620000000000005,23.260000000000005,22.130000000000003,23.210000000000004,160303630.0,601138,工业富联
2024-07-19,22.770000000000003,23.100000000000005,22.350000000000005,22.460000000000004,115732584.0,601138,工业富联
2024-07-22,22.290000000000003,22.830000000000005,22.020000000000003,22.710000000000004,104301295.0,601138,工业富联
2024-07-23,23.150000000000006,23.250000000000004,22.330000000000005,22.340000000000003,98908835.0,601138,工业富联
2024-07-24,22.200000000000003,22.900000000000006,21.960000000000004,22.100000000000005,88393632.0,601138,工业富联
2024-07-25,21.300000000000004,21.540000000000003,20.800000000000004,21.000000000000004,134603105.0,601138,工业富联
2024-07-26,21.000000000000004,21.460000000000004,20.750000000000004,21.300000000000004,85995527.0,601138,工业富联
2024-07-29,21.200000000000003,21.890000000000004,20.970000000000006,21.600000000000005,97698659.0,601138,工业富联
2024-07-30,21.290000000000003,21.400000000000006,20.430000000000003,20.650000000000006,128294872.0,601138,工业富联
2024-07-31,20.560000000000006,21.680000000000003,20.540000000000003,21.640000000000004,150300024.0,601138,工业富联
2024-08-01,22.400000000000006,22.580000000000005,21.760000000000005,21.770000000000003,145251146.0,601138,工业富联
2024-08-02,20.730000000000004,20.900000000000006,20.050000000000004,20.130000000000003,181982272.0,601138,工业富联
2024-08-05,18.900000000000006,19.320000000000004,18.080000000000005,18.220000000000006,234159896.0,601138,工业富联
2024-08-06,18.830000000000005,19.030000000000005,18.300000000000004,18.610000000000003,142961573.0,601138,工业富联
2024-08-07,18.400000000000006,18.610000000000003,18.110000000000003,18.200000000000003,110934369.0,601138,工业富联
2024-08-08,17.800000000000004,18.390000000000004,17.550000000000004,18.280000000000005,131241616.0,601138,工业富联
2024-08-09,18.600000000000005,19.120000000000005,18.410000000000004,18.590000000000003,172681538.0,601138,工业富联
2024-08-12,18.310000000000006,18.720000000000006,18.270000000000003,18.440000000000005,92680160.0,601138,工业富联
2024-08-13,18.650000000000006,18.850000000000005,18.250000000000004,18.580000000000005,101406585.0,601138,工业富联
2024-08-14,19.000000000000004,19.700000000000003,18.830000000000005,19.180000000000003,210949756.0,601138,工业富联
2024-08-15,19.12,19.28,18.680000000000003,19.040000000000003,126430976.0,601138,工业富联
2024-08-16,19.390000000000004,19.840000000000003,19.360000000000003,19.44,151856291.0,601138,工业富联
2024-08-19,19.380000000000003,19.520000000000003,19.110000000000003,19.160000000000004,90504739.0,601138,工业富联
2024-08-20,19.490000000000002,19.560000000000002,18.890000000000004,19.03,90417976.0,601138,工业富联
2024-08-21,18.680000000000003,19.51,18.650000000000002,19.150000000000002,93709853.0,601138,工业富联
2024-08-22,19.160000000000004,19.17,18.590000000000003,18.770000000000003,82223637.0,601138,工业富联
2024-08-23,18.580000000000002,18.94,18.37,18.840000000000003,82016447.0,601138,工业富联
2024-08-26,18.980000000000004,19.080000000000002,18.380000000000003,18.500000000000004,75746267.0,601138,工业富联
2024-08-27,18.380000000000003,18.450000000000003,18.040000000000003,18.130000000000003,73099372.0,601138,工业富联
2024-08-28,17.980000000000004,18.44,17.880000000000003,18.150000000000002,67886138.0,601138,工业富联
2024-08-29,17.380000000000003,17.71,16.890000000000004,17.6,137279810.0,601138,工业富联
2024-08-30,17.46,19.130000000000003,17.450000000000003,18.85,192325552.0,601138,工业富联
2024-09-02,18.750000000000004,18.750000000000004,17.830000000000002,17.830000000000002,131361234.0,601138,工业富联
2024-09-03,17.720000000000002,18.03,17.610000000000003,17.820000000000004,82296888.0,601138,工业富联
2024-09-04,16.880000000000003,17.360000000000003,16.78,17.300000000000004,128753525.0,601138,工业富联
2024-09-05,17.240000000000002,17.590000000000003,17.090000000000003,17.26,81826458.0,601138,工业富联
2024-09-06,17.250000000000004,17.320000000000004,16.680000000000003,16.740000000000002,91816708.0,601138,工业富联
2024-09-09,16.51,17.020000000000003,16.480000000000004,16.980000000000004,86590007.0,601138,工业富联
2024-09-10,16.980000000000004,17.37,16.740000000000002,17.200000000000003,101561910.0,601138,工业富联
2024-09-11,17.1,17.46,17.03,17.160000000000004,69307085.0,601138,工业富联
2024-09-12,17.770000000000003,18.020000000000003,17.180000000000003,17.220000000000002,117994957.0,601138,工业富联
2024-09-13,17.240000000000002,17.970000000000002,17.240000000000002,17.630000000000003,159682046.0,601138,工业富联
2024-09-18,17.380000000000003,17.480000000000004,16.950000000000003,17.130000000000003,81437493.0,601138,工业富联
2024-09-19,17.250000000000004,17.35,16.830000000000002,17.230000000000004,97736748.0,601138,工业富联
2024-09-20,17.380000000000003,17.62,17.110000000000003,17.240000000000002,90368834.0,601138,工业富联
2024-09-23,17.03,17.53,16.92,17.090000000000003,77052617.0,601138,工业富联
2024-09-24,17.28,18.96,17.26,18.96,257830495.0,601138,工业富联
2024-09-25,19.700000000000003,20.21,19.390000000000004,19.450000000000003,245417550.0,601138,工业富联
2024-09-26,19.490000000000002,20.070000000000004,19.240000000000002,20.040000000000003,188815516.0,601138,工业富联
2024-09-27,20.400000000000002,21.380000000000003,20.230000000000004,21.380000000000003,140687552.0,601138,工业富联
2024-09-30,22.680000000000003,23.67,21.880000000000003,23.570000000000004,279167424.0,601138,工业富联
2024-10-08,26.090000000000003,26.090000000000003,23.700000000000003,26.090000000000003,306561540.0,601138,工业富联
2024-10-09,26.080000000000002,26.680000000000003,24.050000000000004,24.380000000000003,266582661.0,601138,工业富联
2024-10-10,24.900000000000002,25.060000000000002,23.430000000000003,24.180000000000003,184542632.0,601138,工业富联
2024-10-11,23.78,24.300000000000004,22.500000000000004,22.970000000000002,145864388.0,601138,工业富联
2024-10-14,22.92,23.550000000000004,22.340000000000003,23.540000000000003,141380396.0,601138,工业富联
2024-10-15,23.570000000000004,24.130000000000003,22.980000000000004,22.980000000000004,134091798.0,601138,工业富联
2024-10-16,21.990000000000002,22.470000000000002,21.570000000000004,21.910000000000004,135064300.0,601138,工业富联
2024-10-17,22.150000000000002,22.6,21.990000000000002,22.090000000000003,115279782.0,601138,工业富联
2024-10-18,22.360000000000003,24.46,22.360000000000003,24.46,242853626.0,601138,工业富联
2024-10-21,25.19,25.360000000000003,23.990000000000002,24.580000000000002,250042619.0,601138,工业富联
2024-10-22,24.87,25.160000000000004,24.180000000000003,24.640000000000004,147253825.0,601138,工业富联
2024-10-23,24.17,24.430000000000003,23.630000000000003,23.990000000000002,123814983.0,601138,工业富联
2024-10-24,23.540000000000003,24.180000000000003,23.21,23.730000000000004,92148813.0,601138,工业富联
2024-10-25,23.770000000000003,24.430000000000003,23.51,24.040000000000003,106671706.0,601138,工业富联
2024-10-28,23.69,24.000000000000004,23.270000000000003,23.640000000000004,108666268.0,601138,工业富联
2024-10-29,23.580000000000002,24.360000000000003,23.290000000000003,23.430000000000003,138353273.0,601138,工业富联
2024-10-30,23.28,24.020000000000003,22.92,23.220000000000002,121294360.0,601138,工业富联
2024-10-31,22.880000000000003,23.03,22.19,22.630000000000003,186721176.0,601138,工业富联
2024-11-01,22.230000000000004,22.740000000000002,22.03,22.060000000000002,113029928.0,601138,工业富联
2024-11-04,22.160000000000004,22.910000000000004,22.160000000000004,22.71,109551173.0,601138,工业富联
2024-11-05,22.720000000000002,23.37,22.430000000000003,23.130000000000003,153238285.0,601138,工业富联
2024-11-06,23.380000000000003,23.380000000000003,22.410000000000004,22.560000000000002,156516872.0,601138,工业富联
2024-11-07,22.340000000000003,23.17,22.000000000000004,23.020000000000003,154901012.0,601138,工业富联
2024-11-08,23.28,25.380000000000003,23.28,24.360000000000003,331382048.0,601138,工业富联
2024-11-11,23.680000000000003,25.560000000000002,23.590000000000003,25.390000000000004,312967957.0,601138,工业富联
2024-11-12,25.390000000000004,25.390000000000004,23.840000000000003,24.1,231145238.0,601138,工业富联
2024-11-13,23.85,25.520000000000003,23.480000000000004,24.85,239437201.0,601138,工业富联
2024-11-14,24.96,24.980000000000004,23.230000000000004,23.250000000000004,185087000.0,601138,工业富联
2024-11-15,23.180000000000003,23.51,22.28,22.300000000000004,151761884.0,601138,工业富联
2024-11-18,22.300000000000004,22.470000000000002,21.46,21.62,112267255.0,601138,工业富联
2024-11-19,21.830000000000002,22.26,21.300000000000004,22.1,107477550.0,601138,工业富联
2024-11-20,22.080000000000002,22.570000000000004,22.080000000000002,22.380000000000003,114557643.0,601138,工业富联
2024-11-21,21.980000000000004,22.17,21.590000000000003,21.810000000000002,122915439.0,601138,工业富联
2024-11-22,21.87,22.340000000000003,21.220000000000002,21.220000000000002,121144968.0,601138,工业富联
2024-11-25,21.220000000000002,21.330000000000002,20.080000000000002,20.490000000000002,128415935.0,601138,工业富联
2024-11-26,20.270000000000003,20.800000000000004,20.090000000000003,20.470000000000002,89667297.0,601138,工业富联
2024-11-27,20.300000000000004,20.800000000000004,20.1,20.700000000000003,86857473.0,601138,工业富联
2024-11-28,20.700000000000003,20.700000000000003,20.160000000000004,20.230000000000004,90815754.0,601138,工业富联
2024-11-29,20.230000000000004,21.080000000000002,20.130000000000003,20.570000000000004,115397302.0,601138,工业富联
2024-12-02,20.450000000000003,21.130000000000003,20.450000000000003,20.94,122331509.0,601138,工业富联
2024-12-03,21.060000000000002,21.060000000000002,20.430000000000003,20.62,88129201.0,601138,工业富联
2024-12-04,20.630000000000003,20.700000000000003,20.180000000000003,20.26,96260800.0,601138,工业富联
2024-12-05,20.300000000000004,21.03,20.300000000000004,20.92,146716643.0,601138,工业富联
2024-12-06,20.92,21.050000000000004,20.610000000000003,20.980000000000004,110723650.0,601138,工业富联
2024-12-09,21.000000000000004,21.000000000000004,20.380000000000003,20.51,93128359.0,601138,工业富联
2024-12-10,20.990000000000002,21.180000000000003,20.51,20.520000000000003,129917418.0,601138,工业富联
2024-12-11,20.480000000000004,20.860000000000003,20.410000000000004,20.71,93745436.0,601138,工业富联
2024-12-12,20.750000000000004,21.03,20.580000000000002,20.720000000000002,90988819.0,601138,工业富联
2024-12-13,20.550000000000004,20.580000000000002,19.680000000000003,19.730000000000004,165159068.0,601138,工业富联
2024-12-16,19.580000000000002,19.680000000000003,19.250000000000004,19.44,98816603.0,601138,工业富联
2024-12-17,19.37,20.550000000000004,19.300000000000004,19.980000000000004,183654590.0,601138,工业富联
2024-12-18,20.000000000000004,20.080000000000002,19.560000000000002,19.790000000000003,92351552.0,601138,工业富联
2024-12-19,19.580000000000002,20.750000000000004,19.490000000000002,20.570000000000004,182462203.0,601138,工业富联
2024-12-20,20.410000000000004,20.730000000000004,20.300000000000004,20.400000000000002,124979076.0,601138,工业富联
2024-12-23,20.610000000000003,21.020000000000003,20.42,20.430000000000003,138310381.0,601138,工业富联
2024-12-24,20.490000000000002,21.450000000000003,20.180000000000003,21.380000000000003,210029160.0,601138,工业富联
2024-12-25,21.410000000000004,21.570000000000004,20.900000000000002,21.1,162508620.0,601138,工业富联
2024-12-26,21.020000000000003,21.76,20.800000000000004,21.71,195460093.0,601138,工业富联
2024-12-27,21.540000000000003,21.580000000000002,20.930000000000003,20.990000000000002,179613147.0,601138,工业富联
2024-12-30,20.930000000000003,21.130000000000003,20.680000000000003,20.830000000000002,97277049.0,601138,工业富联
2024-12-31,20.840000000000003,20.880000000000003,19.880000000000003,19.880000000000003,134445513.0,601138,工业富联
2025-01-02,19.78,19.78,18.820000000000004,19.090000000000003,124729946.0,601138,工业富联
2025-01-03,19.020000000000003,19.540000000000003,18.840000000000003,18.930000000000003,103765415.0,601138,工业富联
2025-01-06,19.17,19.430000000000003,18.790000000000003,19.050000000000004,82697727.0,601138,工业富联
2025-01-07,19.19,19.650000000000002,19.01,19.630000000000003,115191738.0,601138,工业富联
2025-01-08,19.28,19.290000000000003,18.540000000000003,19.01,116026270.0,601138,工业富联
2025-01-09,19.000000000000004,19.21,18.840000000000003,18.92,76115469.0,601138,工业富联
2025-01-10,18.87,18.87,18.130000000000003,18.130000000000003,110387532.0,601138,工业富联
2025-01-13,17.860000000000003,18.240000000000002,17.78,18.1,64694739.0,601138,工业富联
2025-01-14,18.130000000000003,19.060000000000002,17.860000000000003,18.950000000000003,134820567.0,601138,工业富联
2025-01-15,18.880000000000003,18.880000000000003,18.470000000000002,18.520000000000003,83278913.0,601138,工业富联
2025-01-16,18.730000000000004,19.37,18.580000000000002,19.220000000000002,157268995.0,601138,工业富联
2025-01-17,19.060000000000002,19.380000000000003,18.880000000000003,19.040000000000003,102381225.0,601138,工业富联
2025-01-20,19.290000000000003,19.470000000000002,19.070000000000004,19.150000000000002,84717471.0,601138,工业富联
2025-01-21,19.340000000000003,19.980000000000004,19.130000000000003,19.590000000000003,125772325.0,601138,工业富联
2025-01-22,19.800000000000004,21.71,19.790000000000003,21.71,399541198.0,601138,工业富联
2025-01-23,22.19,22.62,21.380000000000003,21.380000000000003,404504805.0,601138,工业富联
2025-01-24,21.090000000000003,21.880000000000003,20.94,21.730000000000004,231955256.0,601138,工业富联
2025-01-27,20.930000000000003,20.970000000000002,19.770000000000003,19.830000000000002,254718757.0,601138,工业富联
2025-02-05,18.94,18.970000000000002,18.180000000000003,18.380000000000003,299566077.0,601138,工业富联
2025-02-06,18.69,18.950000000000003,18.380000000000003,18.860000000000003,204003961.0,601138,工业富联
2025-02-07,19.050000000000004,20.290000000000003,18.970000000000002,19.930000000000003,289325724.0,601138,工业富联
2025-02-10,20.040000000000003,20.160000000000004,19.810000000000002,20.1,172621877.0,601138,工业富联
2025-02-11,20.180000000000003,20.6,20.110000000000003,20.150000000000002,153306095.0,601138,工业富联
2025-02-12,20.1,20.560000000000002,19.96,20.53,127206650.0,601138,工业富联
2025-02-13,20.430000000000003,20.560000000000002,20.140000000000004,20.17,112709628.0,601138,工业富联
2025-02-14,20.19,21.01,20.19,20.480000000000004,154139884.0,601138,工业富联
2025-02-17,20.840000000000003,21.480000000000004,20.69,21.28,210038514.0,601138,工业富联
2025-02-18,21.28,21.85,20.970000000000002,21.060000000000002,213604148.0,601138,工业富联
2025-02-19,20.980000000000004,22.020000000000003,20.930000000000003,21.62,197765185.0,601138,工业富联
2025-02-20,21.430000000000003,21.490000000000002,20.96,21.000000000000004,148493316.0,601138,工业富联
2025-02-21,21.250000000000004,21.680000000000003,20.970000000000002,21.580000000000002,202636966.0,601138,工业富联
2025-02-24,21.76,22.340000000000003,21.180000000000003,21.590000000000003,236870254.0,601138,工业富联
2025-02-25,21.180000000000003,21.980000000000004,21.1,21.46,191426045.0,601138,工业富联
2025-02-26,21.37,21.37,20.720000000000002,21.150000000000002,167579499.0,601138,工业富联
2025-02-27,21.28,21.35,20.070000000000004,20.340000000000003,193584812.0,601138,工业富联
2025-02-28,19.480000000000004,19.770000000000003,19.12,19.570000000000004,171902150.0,601138,工业富联
2025-03-03,19.750000000000004,19.87,19.230000000000004,19.450000000000003,105909115.0,601138,工业富联
2025-03-04,18.770000000000003,19.42,18.680000000000003,19.42,112727749.0,601138,工业富联
2025-03-05,19.42,19.520000000000003,19.130000000000003,19.42,81767743.0,601138,工业富联
2025-03-06,19.580000000000002,19.880000000000003,19.490000000000002,19.700000000000003,139775384.0,601138,工业富联
2025-03-07,19.51,19.51,19.200000000000003,19.250000000000004,103057893.0,601138,工业富联
2025-03-10,19.310000000000002,19.450000000000003,19.140000000000004,19.410000000000004,71173791.0,601138,工业富联
2025-03-11,18.990000000000002,19.290000000000003,18.94,19.200000000000003,78743243.0,601138,工业富联
2025-03-12,19.300000000000004,19.480000000000004,19.180000000000003,19.290000000000003,90150381.0,601138,工业富联
2025-03-13,19.410000000000004,19.53,18.990000000000002,19.050000000000004,89112088.0,601138,工业富联
2025-03-14,19.19,19.660000000000004,19.060000000000002,19.640000000000004,144783355.0,601138,工业富联
2025-03-17,19.980000000000004,20.150000000000002,19.770000000000003,19.900000000000002,116467322.0,601138,工业富联
2025-03-18,19.860000000000003,20.040000000000003,19.69,19.92,91080758.0,601138,工业富联
2025-03-19,19.78,19.78,19.360000000000003,19.400000000000002,97197176.0,601138,工业富联
2025-03-20,19.490000000000002,19.540000000000003,19.200000000000003,19.230000000000004,63732456.0,601138,工业富联
2025-03-21,19.160000000000004,19.290000000000003,18.96,19.01,71449932.0,601138,工业富联
2025-03-24,19.070000000000004,19.220000000000002,18.890000000000004,19.220000000000002,65146897.0,601138,工业富联
2025-03-25,19.17,19.270000000000003,18.860000000000003,18.890000000000004,73463297.0,601138,工业富联
2025-03-26,18.810000000000002,18.930000000000003,18.730000000000004,18.76,52520747.0,601138,工业富联
2025-03-27,18.590000000000003,18.730000000000004,18.28,18.6,72460007.0,601138,工业富联
2025-03-28,18.580000000000002,18.67,18.35,18.360000000000003,57214140.0,601138,工业富联
2025-03-31,18.180000000000003,18.330000000000002,18.060000000000002,18.240000000000002,63644398.0,601138,工业富联
2025-04-01,18.330000000000002,18.550000000000004,18.17,18.400000000000002,57477698.0,601138,工业富联
2025-04-02,18.330000000000002,18.560000000000002,18.300000000000004,18.380000000000003,47903170.0,601138,工业富联
2025-04-03,18.03,18.26,17.390000000000004,17.430000000000003,127476448.0,601138,工业富联
2025-04-07,15.53,15.53,15.53,15.53,33166200.0,601138,工业富联
2025-04-08,14.669999999999998,15.02,13.819999999999999,13.819999999999999,214740384.0,601138,工业富联
2025-04-09,12.959999999999999,14.879999999999999,12.959999999999999,14.709999999999997,218935510.0,601138,工业富联
2025-04-10,16.28,16.340000000000003,15.88,16.340000000000003,253856136.0,601138,工业富联
2025-04-11,16.03,16.470000000000002,15.76,16.180000000000003,157423758.0,601138,工业富联
2025-04-14,16.78,17.050000000000004,16.21,16.300000000000004,142905610.0,601138,工业富联
2025-04-15,16.300000000000004,16.560000000000002,16.200000000000003,16.480000000000004,87402246.0,601138,工业富联
2025-04-16,16.380000000000003,16.44,15.51,15.88,118725269.0,601138,工业富联
2025-04-17,15.6,16.03,15.58,15.78,77822578.0,601138,工业富联
2025-04-18,15.78,16.03,15.730000000000002,15.94,54420200.0,601138,工业富联
2025-04-21,15.930000000000001,16.230000000000004,15.770000000000001,16.19,51131649.0,601138,工业富联
2025-04-22,16.080000000000002,16.21,15.959999999999999,16.160000000000004,46164465.0,601138,工业富联
2025-04-23,16.570000000000004,16.910000000000004,16.500000000000004,16.62,101451626.0,601138,工业富联
2025-04-24,16.640000000000004,16.640000000000004,16.250000000000004,16.300000000000004,53640112.0,601138,工业富联
2025-04-25,16.470000000000002,16.76,16.390000000000004,16.62,70530373.0,601138,工业富联
2025-04-28,16.640000000000004,16.67,16.300000000000004,16.380000000000003,45880001.0,601138,工业富联
2025-04-29,16.37,16.470000000000002,16.200000000000003,16.470000000000002,36497121.0,601138,工业富联
2025-04-30,16.630000000000003,16.630000000000003,16.360000000000003,16.44,55257454.0,601138,工业富联
2025-05-06,16.680000000000003,17.21,16.580000000000002,17.19,99564294.0,601138,工业富联
2025-05-07,17.470000000000002,17.53,16.840000000000003,17.01,99942861.0,601138,工业富联
2025-05-08,17.080000000000002,17.53,17.03,17.410000000000004,101076326.0,601138,工业富联
2025-05-09,17.290000000000003,17.330000000000002,17.03,17.070000000000004,57976577.0,601138,工业富联
2025-05-12,17.490000000000002,17.740000000000002,17.290000000000003,17.650000000000002,106401083.0,601138,工业富联
2025-05-13,18.180000000000003,18.180000000000003,17.46,17.470000000000002,104596236.0,601138,工业富联
2025-05-14,17.860000000000003,18.410000000000004,17.680000000000003,17.930000000000003,150481305.0,601138,工业富联
2025-05-15,17.94,17.94,17.480000000000004,17.480000000000004,80655413.0,601138,工业富联
2025-05-16,17.380000000000003,17.67,17.250000000000004,17.6,53707921.0,601138,工业富联
2025-05-19,17.44,17.51,17.12,17.430000000000003,55325443.0,601138,工业富联
2025-05-20,17.430000000000003,17.580000000000002,17.230000000000004,17.44,39748245.0,601138,工业富联
2025-05-21,17.44,17.44,17.250000000000004,17.35,32936626.0,601138,工业富联
2025-05-22,17.26,17.640000000000004,17.200000000000003,17.430000000000003,54431877.0,601138,工业富联
2025-05-23,17.46,17.78,17.17,17.17,53667134.0,601138,工业富联
2025-05-26,17.220000000000002,17.28,17.03,17.140000000000004,38188676.0,601138,工业富联
2025-05-27,17.140000000000004,17.140000000000004,16.770000000000003,16.85,43219189.0,601138,工业富联
2025-05-28,16.880000000000003,17.060000000000002,16.78,16.96,33184465.0,601138,工业富联
2025-05-29,17.19,18.230000000000004,17.19,18.080000000000002,176932722.0,601138,工业富联
2025-05-30,17.700000000000003,17.770000000000003,17.310000000000002,17.310000000000002,93560500.0,601138,工业富联
2025-06-03,17.200000000000003,17.340000000000003,17.140000000000004,17.17,49742611.0,601138,工业富联
2025-06-04,17.330000000000002,17.87,17.330000000000002,17.810000000000002,111202578.0,601138,工业富联
2025-06-05,17.76,19.080000000000002,17.76,18.94,232144233.0,601138,工业富联
2025-06-06,18.880000000000003,18.880000000000003,18.630000000000003,18.69,84800400.0,601138,工业富联
2025-06-09,18.900000000000002,19.03,18.590000000000003,18.810000000000002,74382813.0,601138,工业富联
2025-06-10,18.830000000000002,18.840000000000003,18.340000000000003,18.540000000000003,62518510.0,601138,工业富联
2025-06-11,18.630000000000003,19.130000000000003,18.610000000000003,18.78,85806322.0,601138,工业富联
2025-06-12,18.630000000000003,19.28,18.610000000000003,19.040000000000003,104812227.0,601138,工业富联
2025-06-13,18.980000000000004,19.570000000000004,18.910000000000004,19.28,104334298.0,601138,工业富联
2025-06-16,19.230000000000004,20.140000000000004,19.200000000000003,19.6,123513568.0,601138,工业富联
2025-06-17,19.69,19.76,18.94,18.980000000000004,88210748.0,601138,工业富联
2025-06-18,19.03,19.630000000000003,18.650000000000002,19.540000000000003,117888260.0,601138,工业富联
2025-06-19,19.480000000000004,19.94,19.12,19.19,80737498.0,601138,工业富联
2025-06-20,19.290000000000003,19.380000000000003,18.96,18.970000000000002,50086357.0,601138,工业富联
2025-06-23,18.810000000000002,19.040000000000003,18.360000000000003,18.580000000000002,78429546.0,601138,工业富联
2025-06-24,18.790000000000003,18.930000000000003,18.610000000000003,18.67,71136841.0,601138,工业富联
2025-06-25,18.87,19.450000000000003,18.87,19.360000000000003,114952281.0,601138,工业富联
2025-06-26,19.78,20.080000000000002,19.400000000000002,19.42,117964426.0,601138,工业富联
2025-06-27,19.42,20.03,19.1,19.730000000000004,116162043.0,601138,工业富联
2025-06-30,19.860000000000003,19.930000000000003,19.580000000000002,19.76,75858487.0,601138,工业富联
2025-07-01,19.640000000000004,20.01,19.380000000000003,19.78,75057997.0,601138,工业富联
2025-07-02,19.580000000000002,19.69,19.430000000000003,19.540000000000003,53683448.0,601138,工业富联
2025-07-03,19.640000000000004,21.660000000000004,19.640000000000004,21.660000000000004,341838829.0,601138,工业富联
2025-07-04,21.69,22.730000000000004,21.660000000000004,22.19,323605462.0,601138,工业富联
2025-07-07,22.180000000000003,22.71,21.720000000000002,22.360000000000003,164899723.0,601138,工业富联
2025-07-08,23.26,24.76,23.180000000000003,24.76,289695438.0,601138,工业富联
2025-07-09,25.380000000000003,25.500000000000004,24.880000000000003,24.980000000000004,265386641.0,601138,工业富联
2025-07-10,25.28,25.37,24.26,24.540000000000003,186420588.0,601138,工业富联
2025-07-11,24.480000000000004,24.950000000000003,24.26,24.380000000000003,143914629.0,601138,工业富联
2025-07-14,24.380000000000003,24.6,23.78,24.300000000000004,108430624.0,601138,工业富联
2025-07-15,24.680000000000003,25.790000000000003,24.550000000000004,25.630000000000003,276347142.0,601138,工业富联
2025-07-16,25.37,25.790000000000003,25.03,25.110000000000003,145623211.0,601138,工业富联
2025-07-17,25.01,26.01,25.01,25.880000000000003,157134173.0,601138,工业富联
2025-07-18,25.87,26.37,25.44,25.490000000000002,128958666.0,601138,工业富联
2025-07-21,25.380000000000003,25.930000000000003,25.130000000000003,25.400000000000002,86503840.0,601138,工业富联
2025-07-22,25.380000000000003,26.640000000000004,25.180000000000003,25.340000000000003,141884699.0,601138,工业富联
2025-07-23,24.880000000000003,25.140000000000004,24.730000000000004,24.96,114093401.0,601138,工业富联
2025-07-24,25.570000000000004,27.330000000000002,25.430000000000003,26.830000000000002,223942507.0,601138,工业富联
2025-07-25,26.830000000000002,27.53,26.790000000000003,27.040000000000003,107433857.0,601138,工业富联
2025-07-28,27.320000000000004,27.950000000000003,26.990000000000002,27.950000000000003,152249569.0,601138,工业富联
2025-07-29,27.94,29.660000000000004,27.69,29.570000000000004,178836481.0,601138,工业富联
2025-07-30,29.380000000000003,32.63,28.67,31.660000000000004,206835613.0,601138,工业富联
2025-07-31,32.28,34.92,32.220000000000006,33.63,302280341.0,601138,工业富联
2025-08-01,33.02,33.32,31.5,32.02,219395147.0,601138,工业富联
2025-08-04,31.42,32.120000000000005,31.230000000000004,31.990000000000002,138180054.0,601138,工业富联
2025-08-05,32.52,34.36000000000001,32.13,34.07,244590076.0,601138,工业富联
2025-08-06,33.120000000000005,33.71,32.57,33.32,147620736.0,601138,工业富联
2025-08-07,35.220000000000006,36.660000000000004,33.74,34.67,243591751.0,601138,工业富联
2025-08-08,34.75,36.57,34.080000000000005,35.61000000000001,180125156.0,601138,工业富联
2025-08-11,35.52,36.21,34.120000000000005,35.370000000000005,192984769.0,601138,工业富联
2025-08-12,35.49,38.730000000000004,35.49,38.730000000000004,222850156.0,601138,工业富联
2025-08-13,38.74,42.7,37.970000000000006,42.7,242366773.0,601138,工业富联
2025-08-14,42.980000000000004,44.800000000000004,42.0,42.24,242001501.0,601138,工业富联
2025-08-15,41.61000000000001,44.720000000000006,41.52,43.88,230671299.0,601138,工业富联
2025-08-18,43.82,44.27,40.68,43.480000000000004,263078034.0,601138,工业富联
2025-08-19,43.040000000000006,47.93,42.7,47.93,273043827.0,601138,工业富联
2025-08-20,45.52,47.980000000000004,44.82,46.93,253058665.0,601138,工业富联
2025-08-21,46.440000000000005,47.42,43.59,44.31,231661917.0,601138,工业富联
2025-08-22,43.52,46.31,43.02,44.85,241263010.0,601138,工业富联
2025-08-25,45.52,47.09,43.720000000000006,47.02,306073008.0,601138,工业富联
2025-08-26,45.900000000000006,46.02,44.5,44.5,221637437.0,601138,工业富联
2025-08-27,44.02,46.910000000000004,43.53,44.74,260361155.0,601138,工业富联
2025-08-28,43.620000000000005,48.970000000000006,43.24,47.96,345929345.0,601138,工业富联
2025-08-29,47.02,52.85,46.160000000000004,52.85,343022654.0,601138,工业富联
2025-09-01,53.010000000000005,55.980000000000004,51.32,54.64,269519213.0,601138,工业富联
2025-09-02,55.720000000000006,57.02,51.53,52.900000000000006,272311538.0,601138,工业富联
2025-09-03,52.900000000000006,54.620000000000005,50.1,53.260000000000005,221915698.0,601138,工业富联
2025-09-04,55.52,56.900000000000006,48.95,52.150000000000006,333831271.0,601138,工业富联
2025-09-05,52.32,56.220000000000006,49.620000000000005,54.85,339091254.0,601138,工业富联
2025-09-08,54.02,55.160000000000004,49.400000000000006,50.42,303251521.0,601138,工业富联
2025-09-09,49.42,50.52,46.52,47.81,262177391.0,601138,工业富联
2025-09-10,50.620000000000005,52.690000000000005,49.620000000000005,52.690000000000005,346078651.0,601138,工业富联
2025-09-11,54.82,58.06,53.67,58.06,272279844.0,601138,工业富联
2025-09-12,57.900000000000006,62.120000000000005,57.050000000000004,60.92,315605216.0,601138,工业富联
2025-09-15,59.02,60.300000000000004,57.52,58.92,193171858.0,601138,工业富联
2025-09-16,58.89,60.92,57.89,58.75,179496997.0,601138,工业富联
2025-09-17,57.92,62.02,56.730000000000004,60.14,241909399.0,601138,工业富联
2025-09-18,58.410000000000004,66.25,58.410000000000004,63.38,315066851.0,601138,工业富联
2025-09-19,64.66,67.64999999999999,64.02,65.11999999999999,236867281.0,601138,工业富联
2025-09-22,65.57,70.91,63.660000000000004,69.52,239928000.0,601138,工业富联
2025-09-23,73.74,73.74,67.52,69.89,267032716.0,601138,工业富联
2025-09-24,67.82,68.96,66.52,67.64999999999999,196384443.0,601138,工业富联
2025-09-25,66.89999999999999,68.88,65.21,67.47999999999999,188668167.0,601138,工业富联
2025-09-26,66.57,67.53,63.67000000000001,63.89000000000001,192175650.0,601138,工业富联
2025-09-29,63.87,66.52,63.87,65.6,155035785.0,601138,工业富联
2025-09-30,65.82,68.5,64.53999999999999,65.03,165341739.0,601138,工业富联
2025-10-09,66.13,69.89999999999999,66.02,67.47,221543652.0,601138,工业富联
2025-10-10,67.33,69.00999999999999,64.47999999999999,65.42999999999999,184283841.0,601138,工业富联
2025-10-13,60.02,63.65,60.02,62.5,170867713.0,601138,工业富联
2025-10-14,64.00999999999999,64.67999999999999,58.27,58.74,194679098.0,601138,工业富联
2025-10-15,58.74,62.92,57.52,62.400000000000006,191166300.0,601138,工业富联
2025-10-16,61.02,63.37,60.720000000000006,62.61000000000001,115939328.0,601138,工业富联
2025-10-17,62.02,62.290000000000006,58.92,59.03,137879485.0,601138,工业富联
2025-10-20,61.02,62.84,60.09,61.080000000000005,145002286.0,601138,工业富联
2025-10-21,61.96,67.21,61.440000000000005,67.02,252287766.0,601138,工业富联
2025-10-22,66.00999999999999,66.02,63.52,64.47999999999999,167191686.0,601138,工业富联
2025-10-23,63.82,64.03999999999999,61.720000000000006,63.010000000000005,111025337.0,601138,工业富联
2025-10-24,64.2,66.72,63.080000000000005,66.27,179020774.0,601138,工业富联
2025-10-27,68.28,72.6,68.28,71.78,234879242.0,601138,工业富联
2025-10-28,70.2,74.78,70.07,73.00999999999999,202804199.0,601138,工业富联
2025-10-29,77.14,80.41,76.92,79.82,199193919.0,601138,工业富联
2025-10-30,79.02,82.89999999999999,76.72,76.99,240890950.0,601138,工业富联
2025-10-31,76.97,77.69,70.52,71.02,246298664.0,601138,工业富联
2025-11-03,69.38,75.02,69.22999999999999,73.91,214332627.0,601138,工业富联
2025-11-04,73.78999999999999,74.22,71.49,72.50999999999999,131235753.0,601138,工业富联
2025-11-05,69.33,74.82,68.89,74.25999999999999,167250715.0,601138,工业富联
2025-11-06,74.25999999999999,75.72,73.11999999999999,75.24,172482897.0,601138,工业富联
2025-11-07,73.08999999999999,73.52,70.64999999999999,71.72,158542019.0,601138,工业富联
2025-11-10,71.02,71.22999999999999,67.02,70.52,212282559.0,601138,工业富联
2025-11-11,71.02,71.08,67.02,67.05,140935264.0,601138,工业富联
2025-11-12,65.47,68.57,64.67999999999999,67.61999999999999,136968180.0,601138,工业富联
2025-11-13,66.6,67.89,65.21,67.00999999999999,121665589.0,601138,工业富联
2025-11-14,64.82,65.50999999999999,63.28000000000001,63.29,155045196.0,601138,工业富联
2025-11-17,63.410000000000004,65.50999999999999,63.339999999999996,63.96,116268089.0,601138,工业富联
2025-11-18,62.67,65.52,62.220000000000006,63.74,114697538.0,601138,工业富联
2025-11-19,63.52,65.64,63.220000000000006,64.08,145636642.0,601138,工业富联
2025-11-20,67.08,67.35,64.02,64.96,142175376.0,601138,工业富联
2025-11-21,62.07,62.470000000000006,59.1,59.690000000000005,190289343.0,601138,工业富联
2025-11-24,60.02,60.82,53.620000000000005,54.96,332009071.0,601138,工业富联
2025-11-25,55.38,57.36000000000001,55.18,55.63,226214444.0,601138,工业富联
2025-11-26,54.330000000000005,60.120000000000005,54.040000000000006,57.95,281284286.0,601138,工业富联
2025-11-27,59.040000000000006,62.470000000000006,58.93,59.290000000000006,275887464.0,601138,工业富联
2025-11-28,59.260000000000005,59.78,58.040000000000006,59.74,166778785.0,601138,工业富联
2025-12-01,59.050000000000004,59.230000000000004,57.02,58.830000000000005,180788700.0,601138,工业富联
2025-12-02,58.85,61.720000000000006,58.74,59.980000000000004,209127721.0,601138,工业富联
2025-12-03,60.02,61.790000000000006,60.02,60.7,186593118.0,601138,工业富联
2025-12-04,59.900000000000006,61.980000000000004,58.7,60.42,157077468.0,601138,工业富联
2025-12-05,61.010000000000005,61.28,59.02,60.14,130559029.0,601138,工业富联
2025-12-08,59.77,63.29,59.400000000000006,62.43,241075371.0,601138,工业富联
2025-12-09,63.02,67.39999999999999,62.2,67.00999999999999,293803972.0,601138,工业富联
2025-12-10,65.86,65.97999999999999,63.02,64.22999999999999,219527524.0,601138,工业富联
2025-12-11,63.03000000000001,63.9,60.63,61.32,192090669.0,601138,工业富联
2025-12-12,60.02,61.52,58.88,60.77,168514361.0,601138,工业富联
2025-12-15,58.52,59.7,58.13,58.160000000000004,137405776.0,601138,工业富联
2025-12-16,57.970000000000006,59.34,57.400000000000006,57.970000000000006,129422100.0,601138,工业富联
2025-12-17,58.120000000000005,60.580000000000005,57.7,60.52,162252639.0,601138,工业富联
2025-12-18,58.580000000000005,58.88,57.27,57.300000000000004,176150213.0,601138,工业富联
2025-12-19,58.21,58.24,56.760000000000005,57.32,99007715.0,601138,工业富联
2025-12-22,58.49,60.02,58.14,59.64,176485282.0,601138,工业富联
2025-12-23,59.580000000000005,62.400000000000006,59.34,61.88,216493755.0,601138,工业富联
2025-12-24,63.20000000000001,65.02,62.61000000000001,64.16,217873034.0,601138,工业富联
2025-12-25,64.42,67.17,64.42,65.74,202224528.0,601138,工业富联
2025-12-26,65.52,65.52,62.82,62.86000000000001,192929740.0,601138,工业富联
2025-12-29,62.760000000000005,65.41,62.75,64.25999999999999,188492424.0,601138,工业富联
2025-12-30,62.82,64.32,62.03,63.25000000000001,149296167.0,601138,工业富联
2025-12-31,63.26,63.56000000000001,60.88,61.07,156410378.0,601138,工业富联
2026-01-05,62.31,63.300000000000004,61.730000000000004,62.690000000000005,159340565.0,601138,工业富联
2026-01-06,62.690000000000005,63.99,61.88,63.07,170861519.0,601138,工业富联
2026-01-07,62.43,63.68,61.620000000000005,62.17,165700324.0,601138,工业富联
2026-01-08,62.330000000000005,62.49,60.09,60.35,185971526.0,601138,工业富联
2026-01-09,59.52,60.77,59.07,60.5,156532098.0,601138,工业富联
2026-01-12,60.510000000000005,60.720000000000006,58.77,59.95,211081625.0,601138,工业富联
2026-01-13,59.800000000000004,60.75,58.11000000000001,58.45,193031606.0,601138,工业富联
2026-01-14,59.120000000000005,59.510000000000005,58.39,59.02,156240185.0,601138,工业富联
2026-01-15,58.32,60.02,57.910000000000004,59.81,142621511.0,601138,工业富联
2026-01-16,60.550000000000004,63.35,60.550000000000004,62.35,262596271.0,601138,工业富联
2026-01-19,61.46,61.53,60.06,60.25,188389009.0,601138,工业富联
2026-01-20,59.65,59.800000000000004,58.15,59.02,139511512.0,601138,工业富联
2026-01-21,58.06,61.14,58.050000000000004,60.910000000000004,173493593.0,601138,工业富联
2026-01-22,61.04,62.35,60.14,62.1,221856297.0,601138,工业富联
2026-01-23,61.35,61.4,59.43,59.46,203299233.0,601138,工业富联
2026-01-26,59.440000000000005,59.440000000000005,58.36,58.61,117843070.0,601138,工业富联
2026-01-27,58.86,61.35,58.050000000000004,60.32,212344495.0,601138,工业富联
2026-01-28,61.65,61.99,59.46,60.04,171990122.0,601138,工业富联
2026-01-29,60.03,60.230000000000004,56.230000000000004,56.95,324554403.0,601138,工业富联
2026-01-30,56.35,57.35,54.97,57.050000000000004,173194449.0,601138,工业富联
2026-02-02,56.15,56.85,55.02,55.03,156350348.0,601138,工业富联
2026-02-03,55.65,55.77,53.38,55.1,167510256.0,601138,工业富联
2026-02-04,54.04,54.13,51.95,52.76,189065643.0,601138,工业富联
2026-02-05,51.620000000000005,53.67,51.550000000000004,53.230000000000004,144385646.0,601138,工业富联
2026-02-06,52.35,54.83,51.76,53.75,137772202.0,601138,工业富联
2026-02-09,55.550000000000004,55.85,54.660000000000004,54.870000000000005,140098639.0,601138,工业富联
2026-02-10,55.08,56.34,54.93,55.42,111303019.0,601138,工业富联
2026-02-11,54.95,55.47,54.36,54.550000000000004,75077186.0,601138,工业富联
2026-02-12,54.7,55.31,53.870000000000005,54.68,83427628.0,601138,工业富联
2026-02-13,53.800000000000004,55.1,53.550000000000004,54.1,68764597.0,601138,工业富联
2026-02-24,54.76,55.440000000000005,54.25,54.730000000000004,107500987.0,601138,工业富联
2026-02-25,55.160000000000004,56.93,55.050000000000004,56.74,169941169.0,601138,工业富联
2026-02-26,56.75,57.89,55.65,57.300000000000004,162725955.0,601138,工业富联
2026-02-27,55.65,55.79,54.45,55.050000000000004,170181186.0,601138,工业富联
2026-03-02,53.35,55.35,53.190000000000005,54.88,118412005.0,601138,工业富联
2026-03-03,55.190000000000005,57.15,54.230000000000004,54.230000000000004,193218849.0,601138,工业富联
2026-03-04,53.33,54.51,52.86,53.11,107528229.0,601138,工业富联
2026-03-05,54.14,55.61,53.68,54.45,136238015.0,601138,工业富联
2026-03-06,54.15,54.25,53.15,53.68,86929791.0,601138,工业富联
2026-03-09,52.11,52.29,50.56,52.14,169457850.0,601138,工业富联
2026-03-10,52.980000000000004,53.730000000000004,52.75,53.71,117385056.0,601138,工业富联
2026-03-11,54.050000000000004,54.34,52.95,53.24,122007345.0,601138,工业富联
2026-03-12,53.25,54.13,51.57,51.89,141006096.0,601138,工业富联
2026-03-13,51.370000000000005,52.52,51.36,51.84,94179792.0,601138,工业富联
2026-03-16,51.53,52.09,50.85,52.050000000000004,101004502.0,601138,工业富联
2026-03-17,52.34,52.53,50.22,50.25,131937600.0,601138,工业富联
2026-03-18,50.65,51.49,50.2,51.410000000000004,117477631.0,601138,工业富联
2026-03-19,50.35,50.64,49.550000000000004,49.81,105601848.0,601138,工业富联
2026-03-20,50.33,51.800000000000004,49.56,49.65,154452125.0,601138,工业富联
2026-03-23,48.300000000000004,48.440000000000005,46.7,46.95,137095123.0,601138,工业富联
2026-03-24,47.92,48.230000000000004,46.84,48.190000000000005,110762899.0,601138,工业富联
2026-03-25,48.74,50.35,48.370000000000005,49.660000000000004,126470338.0,601138,工业富联
2026-03-26,49.35,50.85,48.92,49.09,107289028.0,601138,工业富联
2026-03-27,47.980000000000004,49.25,47.75,48.88,78464489.0,601138,工业富联
2026-03-30,47.81,48.64,47.68,48.620000000000005,66262388.0,601138,工业富联
2026-03-31,48.35,52.2,47.88,50.81,238674008.0,601138,工业富联
2026-04-01,52.35,52.85,50.82,52.67,215430014.0,601138,工业富联
2026-04-02,52.01,53.800000000000004,51.1,51.35,157175051.0,601138,工业富联
2026-04-03,51.95,52.53,51.35,51.53,104540059.0,601138,工业富联
2026-04-07,52.33,53.35,51.35,51.93,120586393.0,601138,工业富联
2026-04-08,53.51,55.96,52.730000000000004,55.96,251758712.0,601138,工业富联
2026-04-09,54.35,55.160000000000004,54.15,54.370000000000005,155388673.0,601138,工业富联
2026-04-10,54.95,56.620000000000005,54.68,55.870000000000005,190944086.0,601138,工业富联
2026-04-13,55.35,55.9,54.75,55.050000000000004,135714872.0,601138,工业富联
2026-04-14,55.82,58.64,55.480000000000004,58.27,254950677.0,601138,工业富联
2026-04-15,58.71,59.32,56.550000000000004,57.17,197374123.0,601138,工业富联
2026-04-16,57.34,59.34,56.75,58.67,180523624.0,601138,工业富联
2026-04-17,58.95,60.550000000000004,58.33,60.32,187817900.0,601138,工业富联
2026-04-20,61.24,62.68,60.36,60.86,213150819.0,601138,工业富联
2026-04-21,60.32,60.85,59.22,60.76,139203661.0,601138,工业富联
2026-04-22,60.54,66.89999999999999,60.38,66.24,316083151.0,601138,工业富联
2026-04-23,66.33,68.44999999999999,66.00999999999999,67.27,277745270.0,601138,工业富联
2026-04-24,65.91999999999999,66.55999999999999,63.02,64.36,264664000.0,601138,工业富联
2026-04-27,65.36,67.35,64.72999999999999,66.6,235836737.0,601138,工业富联
2026-04-28,66.6,68.33999999999999,66.27,67.55,237139570.0,601138,工业富联
2026-04-29,67.11999999999999,67.11999999999999,63.35,65.61,282303867.0,601138,工业富联
2026-04-30,65.25,65.55,62.06,62.230000000000004,292407506.0,601138,工业富联
2026-05-06,62.63,63.230000000000004,61.09,62.43,265283791.0,601138,工业富联
2026-05-07,63.440000000000005,63.940000000000005,62.35,63.53000000000001,210329965.0,601138,工业富联
2026-05-08,62.35,63.550000000000004,62.120000000000005,62.63,162017135.0,601138,工业富联
2026-05-11,63.550000000000004,65.22,62.35,65.19999999999999,272402949.0,601138,工业富联
2026-05-12,65.22,65.25,62.58,63.75000000000001,213525906.0,601138,工业富联
2026-05-13,63.449999999999996,70.19,63.21,70.19,407356986.0,601138,工业富联
2026-05-14,73.35,73.35,66.63,67.94999999999999,401745179.0,601138,工业富联
2026-05-15,68.85,71.11,66.72,66.97,342567907.0,601138,工业富联
2026-05-18,65.22999999999999,69.58,64.3,68.33,251848216.0,601138,工业富联
2026-05-19,67.64999999999999,68.39,65.75,67.91,191464050.0,601138,工业富联
2026-05-20,67.55,67.83999999999999,65.85,67.5,210260712.0,601138,工业富联
2026-05-21,68.55,68.85,64.35,64.85,209655016.0,601138,工业富联
2026-05-22,65.46,67.00999999999999,63.85,66.50999999999999,194745516.0,601138,工业富联
2026-05-25,67.35,69.85,66.64999999999999,69.64999999999999,265991665.0,601138,工业富联
2026-05-26,69.21,70.14999999999999,67.35,69.33,218925269.0,601138,工业富联
2026-05-27,69.25,73.08999999999999,69.03999999999999,69.42999999999999,289236594.0,601138,工业富联
2026-05-28,69.35,75.63,68.24,74.35,361691276.0,601138,工业富联
2026-05-29,78.1,78.97999999999999,72.44999999999999,72.75,359358419.0,601138,工业富联
2026-06-01,74.55,75.85,71.53999999999999,73.1,301325104.0,601138,工业富联
2026-06-02,74.35,80.46,73.19999999999999,79.36,377891246.0,601138,工业富联
2026-06-03,79.3,84.3,77.78,80.39999999999999,386613572.0,601138,工业富联
2026-06-04,79.35,80.21,76.69999999999999,77.89999999999999,280585733.0,601138,工业富联
2026-06-05,76.85,77.55999999999999,72.44999999999999,73.41,261648609.0,601138,工业富联
2026-06-08,69.33999999999999,72.64999999999999,68.69,69.83,197316148.0,601138,工业富联
2026-06-09,71.33999999999999,74.22999999999999,70.22999999999999,74.08999999999999,202578579.0,601138,工业富联
2026-06-10,72.25,72.85,69.6,70.47999999999999,146411822.0,601138,工业富联
2026-06-11,69.16999999999999,70.89999999999999,67.55,68.86999999999999,148476702.0,601138,工业富联
2026-06-12,71.28999999999999,71.61,69.35,69.47999999999999,146502828.0,601138,工业富联
2026-06-15,70.82,72.75,69.83,72.75,162621817.0,601138,工业富联
2026-06-16,72.75,74.33999999999999,71.85,72.25,174199498.0,601138,工业富联
2026-06-17,71.05,72.17999999999999,70.35,71.99,165428582.0,601138,工业富联
2026-06-18,71.35,79.25,71.3,77.42999999999999,424968166.0,601138,工业富联
2026-06-22,77.42999999999999,78.75999999999999,75.14999999999999,78.22999999999999,298952047.0,601138,工业富联
2026-06-23,78.22999999999999,78.24,73.05,73.44999999999999,241653671.0,601138,工业富联
2026-06-24,72.35,76.33999999999999,72.35,76.13,214729006.0,601138,工业富联
2026-06-25,76.94,77.05,74.19999999999999,76.33999999999999,196181298.0,601138,工业富联
2026-06-26,74.35,74.35,69.35,69.57,262351347.0,601138,工业富联
2026-06-29,68.64999999999999,70.80999999999999,65.85,68.96,196496992.0,601138,工业富联
2026-06-30,68.91,72.30999999999999,68.53,71.5,163770562.0,601138,工业富联
2026-07-01,72.35,73.22999999999999,68.85,69.35,162966834.0,601138,工业富联
2026-07-02,66.80999999999999,66.82,62.980000000000004,63.37,193591450.0,601138,工业富联
2026-07-03,62.85,65.57,62.34,64.07,130129724.0,601138,工业富联
2026-07-06,65.11999999999999,65.35,60.85,62.940000000000005,123112332.0,601138,工业富联
2026-07-07,62.52,64.0,61.85,63.13,95898898.0,601138,工业富联
2026-07-08,64.35,66.91999999999999,63.669999999999995,65.36,180377105.0,601138,工业富联
2026-07-09,65.96,69.00999999999999,64.96,68.88,173682947.0,601138,工业富联
2026-07-10,70.35,70.35,65.55,65.61999999999999,208238407.0,601138,工业富联
2026-07-13,64.64999999999999,65.50999999999999,61.85,62.43,126413447.0,601138,工业富联
2026-07-14,62.25,65.1,61.43,64.94999999999999,142228469.0,601138,工业富联
2026-07-15,65.22999999999999,65.33999999999999,62.85,62.97,91756030.0,601138,工业富联
2026-07-16,61.7,64.28999999999999,60.81,62.370000000000005,98286733.0,601138,工业富联
2026-07-17,61.370000000000005,61.79,56.17,56.940000000000005,154904250.0,601138,工业富联
2026-07-20,58.230000000000004,59.04,54.39,55.85,147788546.0,601138,工业富联
2026-07-21,56.85,61.25,54.660000000000004,60.33,185678570.0,601138,工业富联
2026-07-22,59.61,62.33,59.230000000000004,60.06,158687155.0,601138,工业富联
2026-07-23,61.34,63.50000000000001,60.34,62.230000000000004,159923479.0,601138,工业富联
2026-07-24,60.4,60.77,59.52,59.6,111063990.0,601138,工业富联
2026-07-27,59.230000000000004,60.9,58.85,60.9,81580238.0,601138,工业富联
2026-07-28,58.230000000000004,60.14,57.15,57.43,124502027.0,601138,工业富联
2026-07-29,57.43,58.25,55.050000000000004,57.1,115616934.0,601138,工业富联
2026-07-30,56.35,56.730000000000004,52.57,53.15,152598379.0,601138,工业富联
2026-07-31,56.49,56.92,55.65,56.050000000000004,148183272.0,601138,工业富联
2026-08-03,55.53,56.8,54.64,55.9,94804318.0,601138,工业富联
2026-08-04,56.81,60.0,56.81,59.93,167934681.0,601138,工业富联
2026-08-05,59.0,65.92,58.9,65.92,288223439.0,601138,工业富联
2026-08-06,65.55,69.8,64.87,68.27,246661513.0,601138,工业富联
2026-08-07,68.27,69.65,67.48,68.18,161043910.0,601138,工业富联
2026-08-10,69.0,70.97,67.65,69.18,164417923.0,601138,工业富联
2026-08-11,67.93,68.19,65.52,66.01,135834051.0,601138,工业富联
2026-08-12,66.46,66.77,64.51,65.6,130153122.0,601138,工业富联
2026-08-13,67.99,68.08,65.2,65.23,146889710.0,601138,工业富联
2026-08-14,65.6,66.48,64.8,66.19,107150313.0,601138,工业富联
2026-08-17,67.0,68.5,66.43,68.23,161554346.0,601138,工业富联
2026-08-18,67.7,67.7,65.65,66.2,131581727.0,601138,工业富联
2026-08-19,64.1,64.38,61.3,61.83,138926963.0,601138,工业富联
2026-08-20,62.5,62.95,61.5,62.13,78118548.0,601138,工业富联
2026-08-21,61.65,63.38,61.38,62.84,79434785.0,601138,工业富联
2026-08-24,62.7,62.7,59.22,60.4,98015535.0,601138,工业富联
2026-08-25,58.75,60.85,58.75,60.15,75599449.0,601138,工业富联
2026-08-26,60.2,60.8,59.38,60.57,73340525.0,601138,工业富联
2026-08-27,62.0,64.5,62.0,63.86,149038810.0,601138,工业富联
2026-08-28,64.04,66.69,63.8,64.04,157964468.0,601138,工业富联
2026-08-31,63.15,65.0,62.5,64.84,108990366.0,601138,工业富联
2026-09-01,64.35,64.5,62.8,62.94,74991338.0,601138,工业富联
2026-09-02,61.72,62.4,61.4,61.8,61973156.0,601138,工业富联
2026-09-03,63.0,63.99,62.3,63.2,91922012.0,601138,工业富联
2026-09-04,63.84,65.3,63.3,63.69,129549838.0,601138,工业富联
2026-09-07,64.6,66.88,64.6,66.57,174347550.0,601138,工业富联
2026-09-08,66.3,66.7,64.55,64.75,107603573.0,601138,工业富联
2026-09-09,64.9,66.08,64.47,65.24,76150565.0,601138,工业富联
2026-09-10,64.5,64.66,63.79,63.91,56759477.0,601138,工业富联
2026-09-11,62.66,64.49,62.5,64.07,75898326.0,601138,工业富联
2026-09-14,62.99,63.01,61.37,61.61,78783644.0,601138,工业富联
