date,open,high,low,close,volume,amount,outstanding_share,turnover,code,name
2021-01-04,8.35,9.02,8.32,8.9,445168334.0,4361922843.0,19640319946.0,0.022666042876285434,601899,紫金矿业
2021-01-05,8.95,9.09,8.73,9.05,362738182.0,3659225117.0,19640319946.0,0.018469056664928526,601899,紫金矿业
2021-01-06,9.26,9.57,9.14,9.31,382786005.0,4029757962.0,19640319946.0,0.01948980495493197,601899,紫金矿业
2021-01-07,9.25,10.04,9.2,9.91,447954121.0,4908866978.0,19640319946.0,0.02280788308090834,601899,紫金矿业
2021-01-08,10.11,10.21,9.66,10.06,389430578.0,4344575344.0,19640319946.0,0.019828117824491575,601899,紫金矿业
2021-01-11,9.66,9.86,9.31,9.46,471688810.0,5095583004.0,19640319946.0,0.024016350614291568,601899,紫金矿业
2021-01-12,9.13,9.66,9.07,9.66,330386249.0,3497531108.0,19640319946.0,0.016821836401259203,601899,紫金矿业
2021-01-13,9.68,10.25,9.32,9.47,446550141.0,4931502129.0,19640319946.0,0.022736398502049126,601899,紫金矿业
2021-01-14,9.42,9.5,9.14,9.25,248924015.0,2614963250.0,19640319946.0,0.01267413238095933,601899,紫金矿业
2021-01-15,9.39,9.65,9.08,9.36,265911595.0,2800597213.0,19640319946.0,0.013539066355899984,601899,紫金矿业
2021-01-18,9.13,9.5,8.8,9.48,297687279.0,3080365298.0,19640319946.0,0.01515694651708705,601899,紫金矿业
2021-01-19,9.35,9.52,8.99,9.11,241515575.0,2515421370.0,19640319946.0,0.012296926713212109,601899,紫金矿业
2021-01-20,9.11,9.45,9.11,9.36,207543682.0,2181268565.0,19640319946.0,0.010567225104816528,601899,紫金矿业
2021-01-21,9.49,9.89,9.42,9.73,327400497.0,3571286803.0,19640319946.0,0.016669814845184296,601899,紫金矿业
2021-01-22,9.64,9.74,9.45,9.6,209061346.0,2266390398.0,19640319946.0,0.010644497980420019,601899,紫金矿业
2021-01-25,9.61,10.05,9.5,9.8,302129487.0,3350992978.0,19640319946.0,0.015383124502588996,601899,紫金矿业
2021-01-26,9.75,9.75,9.32,9.52,268877460.0,2893638774.0,19640319946.0,0.013690075352095285,601899,紫金矿业
2021-01-27,9.57,9.68,9.0,9.24,264593333.0,2751539537.0,19640319946.0,0.013471946166227693,601899,紫金矿业
2021-01-28,8.87,9.05,8.51,8.58,351893779.0,3475714738.0,19640319946.0,0.01791690664752473,601899,紫金矿业
2021-01-29,8.78,8.87,8.25,8.51,277139966.0,2676524826.0,19640319946.0,0.01411076636032312,601899,紫金矿业
2021-02-01,8.81,9.29,8.71,9.26,355225241.0,3610966764.0,19640319946.0,0.018086530259011697,601899,紫金矿业
2021-02-02,9.29,9.66,9.16,9.58,280799953.0,2988213539.0,19640319946.0,0.014297117041476123,601899,紫金矿业
2021-02-03,9.39,9.54,9.09,9.3,281468916.0,2949954724.0,19640319946.0,0.014331177739155146,601899,紫金矿业
2021-02-04,9.31,9.36,8.89,9.0,186606141.0,1910565322.0,19640319946.0,0.009501176228954697,601899,紫金矿业
2021-02-05,8.86,9.17,8.63,8.69,263340422.0,2621783115.0,19640319946.0,0.013408153366342315,601899,紫金矿业
2021-02-08,8.95,9.44,8.92,9.39,302447965.0,3151110631.0,19640319946.0,0.015399340022543643,601899,紫金矿业
2021-02-09,9.73,10.06,9.56,10.05,347099978.0,3868479613.0,19640319946.0,0.017672827069738817,601899,紫金矿业
2021-02-10,10.17,10.89,10.13,10.71,426762333.0,5065308198.0,19640319946.0,0.021728889049331172,601899,紫金矿业
2021-02-18,11.78,11.78,11.78,11.78,81753772.0,1086507630.0,19640319946.0,0.004162547872172021,601899,紫金矿业
2021-02-19,12.12,12.51,11.43,12.09,1008802428.0,13756431472.0,19640319946.0,0.05136384899908188,601899,紫金矿业
2021-02-22,12.82,13.3,12.7,12.97,1031889097.0,15225407084.0,19640319946.0,0.05253932216161057,601899,紫金矿业
2021-02-23,12.5,12.89,12.21,12.28,717283182.0,10155195094.0,19640319946.0,0.036520951999363116,601899,紫金矿业
2021-02-24,12.37,12.65,11.13,11.61,763929157.0,10206863198.0,19640319946.0,0.03889596295276156,601899,紫金矿业
2021-02-25,12.1,12.18,11.42,11.51,546806680.0,7290211659.0,19640319946.0,0.02784102710665689,601899,紫金矿业
2021-02-26,10.81,11.14,10.62,10.81,636144899.0,7798379241.0,19640319946.0,0.032389742160466126,601899,紫金矿业
2021-03-01,10.83,10.99,10.43,10.92,531899042.0,6448600368.0,19640319946.0,0.027081994767011317,601899,紫金矿业
2021-03-02,10.73,10.73,10.24,10.42,495700045.0,5849304562.0,19640319946.0,0.02523889867185975,601899,紫金矿业
2021-03-03,10.6,10.95,10.46,10.92,522198987.0,6320032303.0,19640319946.0,0.0265881099918819,601899,紫金矿业
2021-03-04,10.58,10.67,9.93,10.15,603698524.0,7008365502.0,19640319946.0,0.030737713319326596,601899,紫金矿业
2021-03-05,9.56,9.87,9.4,9.75,532956769.0,5798586694.0,19640319946.0,0.027135849643251022,601899,紫金矿业
2021-03-08,10.05,10.11,9.39,9.46,418196496.0,4602169063.0,19640319946.0,0.02129275374076434,601899,紫金矿业
2021-03-09,9.49,9.81,8.87,9.5,505206086.0,5344246000.0,19640319946.0,0.02572290509467447,601899,紫金矿业
2021-03-10,9.57,9.58,9.18,9.3,296477778.0,3119352160.0,19640319946.0,0.015095363966327924,601899,紫金矿业
2021-03-11,9.44,10.23,9.34,10.23,572997920.0,6359017076.0,19640319946.0,0.029174571573957392,601899,紫金矿业
2021-03-12,10.38,10.44,9.81,10.06,460870190.0,5259841299.0,19640319946.0,0.02346551335554297,601899,紫金矿业
2021-03-15,10.02,10.32,9.73,9.97,418274407.0,4730861426.0,19640319946.0,0.021296720631335076,601899,紫金矿业
2021-03-16,10.0,10.02,9.53,9.85,305393454.0,3362527959.0,19640319946.0,0.015549311561097926,601899,紫金矿业
2021-03-17,9.58,9.85,9.45,9.83,244471019.0,2672406853.0,19640319946.0,0.012447405117236373,601899,紫金矿业
2021-03-18,10.11,10.26,9.89,9.91,302583470.0,3428045770.0,19640319946.0,0.015406239350068478,601899,紫金矿业
2021-03-19,9.59,9.78,9.48,9.6,360642231.0,3899339140.0,19640319946.0,0.01836233992071241,601899,紫金矿业
2021-03-22,9.53,9.61,9.23,9.45,311295886.0,3300885479.0,19640319946.0,0.015849837826262057,601899,紫金矿业
2021-03-23,9.56,9.61,8.87,8.98,437961717.0,4499471589.0,19640319946.0,0.022299113161300434,601899,紫金矿业
2021-03-24,8.78,8.89,8.25,8.3,573323238.0,5474910242.0,19640319946.0,0.029191135357077753,601899,紫金矿业
2021-03-25,8.38,8.68,8.34,8.48,397265845.0,3817736537.0,19640319946.0,0.020227055673851597,601899,紫金矿业
2021-03-26,8.51,8.88,8.44,8.79,408898174.0,3995802973.0,19640319946.0,0.020819323469487436,601899,紫金矿业
2021-03-29,8.8,8.87,8.56,8.8,295006009.0,2907970635.0,19640319946.0,0.01502042786528443,601899,紫金矿业
2021-03-30,8.7,9.01,8.58,8.8,296079312.0,2938037287.0,19640319946.0,0.015075075803961141,601899,紫金矿业
2021-03-31,8.7,8.72,8.38,8.53,341747840.0,3274537358.0,19640319946.0,0.017400319390906933,601899,紫金矿业
2021-04-01,8.62,8.71,8.52,8.64,230815665.0,2240304735.0,19640319946.0,0.011752133653352655,601899,紫金矿业
2021-04-02,8.73,8.99,8.71,8.98,395349729.0,3962425756.0,19640319946.0,0.02012949534870067,601899,紫金矿业
2021-04-06,9.18,9.26,8.98,9.0,306084879.0,3141800030.0,19640319946.0,0.015584515926500377,601899,紫金矿业
2021-04-07,9.09,9.12,8.78,9.08,253068408.0,2555155701.0,19640319946.0,0.012885146916944222,601899,紫金矿业
2021-04-08,9.04,9.47,8.93,9.34,409922288.0,4297622177.0,19640319946.0,0.0208714669173954,601899,紫金矿业
2021-04-09,9.39,9.42,9.09,9.12,227726836.0,2361921477.0,19640319946.0,0.01159486386301866,601899,紫金矿业
2021-04-12,9.02,9.02,8.51,8.58,382576974.0,3746359621.0,19640319946.0,0.019479162002038395,601899,紫金矿业
2021-04-13,8.5,8.72,8.43,8.6,215462208.0,2092158730.0,19640319946.0,0.010970402141737086,601899,紫金矿业
2021-04-14,8.62,8.84,8.62,8.8,222354597.0,2196393986.0,19640319946.0,0.011321332728354323,601899,紫金矿业
2021-04-15,8.95,9.08,8.69,9.05,283596684.0,2851263081.0,19640319946.0,0.014439514467164169,601899,紫金矿业
2021-04-16,9.37,9.48,9.04,9.07,411957771.0,4305401933.0,19640319946.0,0.020975104893029017,601899,紫金矿业
2021-04-19,9.08,9.44,8.85,9.44,399896657.0,4173023438.0,19640319946.0,0.02036100522290341,601899,紫金矿业
2021-04-20,9.31,9.63,9.27,9.52,375163753.0,4012678442.0,19640319946.0,0.01910171290648485,601899,紫金矿业
2021-04-21,9.31,9.45,9.18,9.35,240994349.0,2536689651.0,19640319946.0,0.012270388143502802,601899,紫金矿业
2021-04-22,9.45,9.6,9.33,9.4,258894772.0,2766959349.0,19640319946.0,0.013181800129112825,601899,紫金矿业
2021-04-23,9.36,9.59,9.23,9.56,285518030.0,3056599836.0,19640319946.0,0.01453734108125613,601899,紫金矿业
2021-04-26,9.78,10.11,9.69,9.89,486226806.0,5443923867.0,19640319946.0,0.02475656238477043,601899,紫金矿业
2021-04-27,10.04,10.23,9.76,10.01,490881815.0,5550831104.0,19640319946.0,0.024993575275232435,601899,紫金矿业
2021-04-28,9.77,9.96,9.62,9.83,299160540.0,3308172913.0,19640319946.0,0.015231958584306456,601899,紫金矿业
2021-04-29,10.03,10.18,9.89,10.07,352853729.0,3995319718.0,19640319946.0,0.01796578314254311,601899,紫金矿业
2021-04-30,9.93,10.12,9.62,9.78,369975095.0,4087299495.0,19640319946.0,0.018837528920976163,601899,紫金矿业
2021-05-06,10.25,10.61,10.12,10.23,498383283.0,5803831804.0,19640319946.0,0.025375517525696015,601899,紫金矿业
2021-05-07,10.61,10.72,10.5,10.57,501563280.0,5992351539.0,19640319946.0,0.025537429195604817,601899,紫金矿业
2021-05-10,10.95,11.08,10.75,10.95,577791600.0,7112689364.0,19640319946.0,0.029418644990947544,601899,紫金矿业
2021-05-11,10.55,10.55,10.03,10.27,533978719.0,6190222553.0,19640319946.0,0.02718788290965451,601899,紫金矿业
2021-05-12,10.2,10.44,10.12,10.42,267046039.0,3109739688.0,19640319946.0,0.013596827329403425,601899,紫金矿业
2021-05-13,9.98,10.12,9.75,9.82,401687366.0,4482547609.0,19640319946.0,0.020452180366939934,601899,紫金矿业
2021-05-14,9.76,9.86,9.49,9.81,359966291.0,3923947722.0,19640319946.0,0.018327923984421225,601899,紫金矿业
2021-05-17,9.86,10.2,9.75,10.15,382905376.0,4320022451.0,19640319946.0,0.019495882809077332,601899,紫金矿业
2021-05-18,10.41,10.53,10.28,10.4,293717678.0,3452682329.0,19640319946.0,0.014954831632456136,601899,紫金矿业
2021-05-19,10.26,10.26,10.04,10.12,260692258.0,2972228881.0,19640319946.0,0.013273320328628012,601899,紫金矿业
2021-05-20,9.66,9.84,9.4,9.69,440449026.0,4757953612.0,19640319946.0,0.02242575615931873,601899,紫金矿业
2021-05-21,9.58,9.78,9.46,9.59,273640503.0,2962046118.0,19640319946.0,0.013932588865780181,601899,紫金矿业
2021-05-24,9.36,9.54,9.3,9.42,261063789.0,2769535488.0,19640319946.0,0.013292237077490632,601899,紫金矿业
2021-05-25,9.48,9.76,9.35,9.69,309188927.0,3349195352.0,19640319946.0,0.01574256060237808,601899,紫金矿业
2021-05-26,9.69,9.92,9.65,9.81,264624958.0,2921685347.0,19640319946.0,0.013473556374212438,601899,紫金矿业
2021-05-27,9.92,9.97,9.72,9.88,235782674.0,2619503633.0,19640319946.0,0.012005032232075228,601899,紫金矿业
2021-05-28,10.14,10.2,9.92,9.92,284479219.0,3228782022.0,19640319946.0,0.014484449325782892,601899,紫金矿业
2021-05-31,10.01,10.09,9.83,9.96,274209233.0,3077621769.0,19723073087.0,0.013902966935752957,601899,紫金矿业
2021-06-01,9.89,10.14,9.81,10.14,299210052.0,3371369884.0,19723073087.0,0.015170559409284818,601899,紫金矿业
2021-06-02,10.02,10.11,9.89,9.91,241051336.0,2711209481.0,19723073087.0,0.01222179398396507,601899,紫金矿业
2021-06-03,9.88,9.99,9.75,9.75,264730027.0,2946459114.0,19723073087.0,0.013422351873476075,601899,紫金矿业
2021-06-04,9.32,9.73,9.21,9.61,402898084.0,4289951088.0,19723073087.0,0.020427753941933156,601899,紫金矿业
2021-06-07,9.64,10.04,9.62,9.9,332356303.0,3695016909.0,19723073087.0,0.016851141885138823,601899,紫金矿业
2021-06-08,10.01,10.06,9.74,9.81,261484316.0,2907604384.0,19723073087.0,0.013257787711203648,601899,紫金矿业
2021-06-09,9.93,9.93,9.67,9.82,207377190.0,2297180997.0,19723073087.0,0.0105144461557914,601899,紫金矿业
2021-06-10,9.84,9.97,9.8,9.81,216082902.0,2404639032.0,19723073087.0,0.01095584349593198,601899,紫金矿业
2021-06-11,9.86,9.99,9.58,9.75,418514473.0,4630407469.0,19723073087.0,0.021219536689536175,601899,紫金矿业
2021-06-15,9.65,9.66,9.22,9.28,460805360.0,4871405687.0,19723073087.0,0.023363770846832638,601899,紫金矿业
2021-06-16,9.11,9.21,8.78,8.81,416736937.0,4188211882.0,19723073087.0,0.021129411991819995,601899,紫金矿业
2021-06-17,8.67,8.93,8.63,8.75,251847790.0,2496062964.0,19723073087.0,0.01276919620431765,601899,紫金矿业
2021-06-18,8.45,8.72,8.32,8.66,398962485.0,3841538873.0,19723073087.0,0.020228211052108647,601899,紫金矿业
2021-06-21,8.55,8.73,8.48,8.65,243546360.0,2368894152.0,19723073087.0,0.012348296785480547,601899,紫金矿业
2021-06-22,8.74,8.77,8.61,8.67,227173133.0,2227761262.0,19723073087.0,0.011518140808885195,601899,紫金矿业
2021-06-23,8.72,8.72,8.59,8.67,235780723.0,2305475530.0,19723073087.0,0.011954563163658777,601899,紫金矿业
2021-06-24,8.72,8.75,8.53,8.63,207415719.0,2021424296.0,19723073087.0,0.010516399654611288,601899,紫金矿业
2021-06-25,8.64,9.02,8.64,9.0,371821159.0,3740231217.0,20494681640.0,0.018142324215190884,601899,紫金矿业
2021-06-28,9.0,9.0,8.8,8.84,239332470.0,2387798338.0,20494681640.0,0.011677784227342601,601899,紫金矿业
2021-06-29,8.8,8.8,8.48,8.56,287644324.0,2789464365.0,20494681640.0,0.014035071588455277,601899,紫金矿业
2021-06-30,8.55,8.64,8.44,8.59,141339080.0,1365157035.0,20494681640.0,0.00689637841088221,601899,紫金矿业
2021-07-01,8.64,8.68,8.52,8.68,159486111.0,1552823715.0,20494681640.0,0.007781829149701298,601899,紫金矿业
2021-07-02,8.76,8.95,8.68,8.72,302368934.0,3000272961.0,20494681640.0,0.014753531638659794,601899,紫金矿业
2021-07-05,8.73,8.94,8.72,8.89,298247140.0,2972403627.0,20494681640.0,0.014552416340925411,601899,紫金矿业
2021-07-06,8.96,9.0,8.78,8.9,245210281.0,2449466648.0,20494681640.0,0.011964581119494765,601899,紫金矿业
2021-07-07,8.72,8.93,8.65,8.86,244861197.0,2428009620.0,20494681640.0,0.011947548212805515,601899,紫金矿业
2021-07-08,8.93,8.95,8.58,8.63,307122595.0,3018272389.0,20494681640.0,0.014985477715378651,601899,紫金矿业
2021-07-09,8.64,9.18,8.57,9.1,524989988.0,5251637905.0,20494681640.0,0.02561591329993453,601899,紫金矿业
2021-07-12,9.41,9.61,9.23,9.32,515750925.0,5402078978.0,20494681640.0,0.025165110347134916,601899,紫金矿业
2021-07-13,9.25,9.43,9.0,9.11,287840304.0,2929502128.0,20494681640.0,0.014044634069270666,601899,紫金矿业
2021-07-14,9.0,9.0,8.78,8.82,303091650.0,2985594542.0,20494681640.0,0.014788795226194107,601899,紫金矿业
2021-07-15,8.83,9.01,8.66,9.0,299806669.0,2956474075.0,20494681640.0,0.014628510667609472,601899,紫金矿业
2021-07-16,8.98,9.16,8.87,8.98,271506595.0,2723085433.0,20494681640.0,0.013247661016119107,601899,紫金矿业
2021-07-19,8.9,9.02,8.84,8.95,255394747.0,2543088629.0,20494681640.0,0.012461513259202792,601899,紫金矿业
2021-07-20,8.77,8.78,8.64,8.73,274588410.0,2662218197.0,20494681640.0,0.013398032466338911,601899,紫金矿业
2021-07-21,8.75,8.83,8.66,8.82,293460791.0,2855218716.0,20494681640.0,0.014318875313839713,601899,紫金矿业
2021-07-22,8.77,9.07,8.71,9.0,374177416.0,3721218657.0,20494681640.0,0.01825729340775454,601899,紫金矿业
2021-07-23,9.0,9.32,8.98,9.09,438245056.0,4475502580.0,20494681640.0,0.021383355140519273,601899,紫金矿业
2021-07-26,9.29,9.38,8.93,9.14,465878176.0,4768601800.0,20494681640.0,0.02273166200790031,601899,紫金矿业
2021-07-27,9.44,9.99,9.4,9.55,927630611.0,10055251099.0,20494681640.0,0.045262016131517716,601899,紫金矿业
2021-07-28,9.43,9.52,8.9,8.99,551300378.0,5580639800.0,20494681640.0,0.026899680008886442,601899,紫金矿业
2021-07-29,9.14,9.25,8.9,9.19,392959031.0,3977584187.0,20494681640.0,0.019173707496536647,601899,紫金矿业
2021-07-30,9.19,9.34,9.06,9.2,291420836.0,2975393472.0,20494681640.0,0.014219339491042711,601899,紫金矿业
2021-08-02,9.32,9.87,9.12,9.7,583619321.0,6142871808.0,20494681640.0,0.02847662292352642,601899,紫金矿业
2021-08-03,9.66,9.67,9.27,9.34,410342436.0,4302764779.0,20494681640.0,0.020021898520205555,601899,紫金矿业
2021-08-04,9.35,9.51,9.17,9.45,357410281.0,3741821977.0,20494681640.0,0.017439172136366983,601899,紫金矿业
2021-08-05,9.27,9.35,9.12,9.23,342679855.0,3516739867.0,20494681640.0,0.01672042830522348,601899,紫金矿业
2021-08-06,9.18,9.66,9.18,9.59,500137050.0,5287101616.0,20494681640.0,0.024403260259669983,601899,紫金矿业
2021-08-09,9.25,9.8,9.17,9.6,409476207.0,4315411803.0,20494681640.0,0.01997963248186372,601899,紫金矿业
2021-08-10,9.48,9.59,9.34,9.47,294265239.0,3092572705.0,20494681640.0,0.014358126862808882,601899,紫金矿业
2021-08-11,9.56,9.71,9.41,9.51,337027616.0,3585872945.0,20494681640.0,0.016444637780672546,601899,紫金矿业
2021-08-12,9.53,10.01,9.43,9.88,664056035.0,7270785681.0,20494681640.0,0.032401383279062244,601899,紫金矿业
2021-08-13,9.78,10.18,9.68,10.13,507957551.0,5629514682.0,20494681640.0,0.024784847109242534,601899,紫金矿业
2021-08-16,10.27,10.63,10.01,10.03,539013208.0,6196314545.0,20494681640.0,0.02630015032524311,601899,紫金矿业
2021-08-17,9.94,10.27,9.68,9.83,448247902.0,4984103033.0,20494681640.0,0.02187142546899304,601899,紫金矿业
2021-08-18,9.69,9.86,9.52,9.79,359915560.0,3882209141.0,20494681640.0,0.01756141258118123,601899,紫金矿业
2021-08-19,9.53,9.56,9.08,9.28,591193039.0,6139845360.0,20494681640.0,0.02884616845407119,601899,紫金矿业
2021-08-20,9.09,9.1,8.89,9.01,414310593.0,4130780289.0,20494681640.0,0.02021551738531909,601899,紫金矿业
2021-08-23,9.09,9.2,8.99,9.1,296510671.0,3003175788.0,20494681640.0,0.014467688554931853,601899,紫金矿业
2021-08-24,9.2,9.36,9.17,9.26,304859940.0,3155299754.0,20494681640.0,0.014875075658896647,601899,紫金矿业
2021-08-25,9.26,9.53,9.09,9.44,345752579.0,3596037348.0,20494681640.0,0.01687035617695011,601899,紫金矿业
2021-08-26,9.36,9.58,9.31,9.33,295880005.0,3102328423.0,20494681640.0,0.014436916376516108,601899,紫金矿业
2021-08-27,9.25,9.43,9.23,9.38,278706510.0,2891161547.0,20494681640.0,0.013598967522190796,601899,紫金矿业
2021-08-30,9.57,9.89,9.45,9.78,536410939.0,5806055587.0,20494681640.0,0.026173177433167487,601899,紫金矿业
2021-08-31,9.69,9.97,9.56,9.97,482796488.0,5295000177.0,20494681640.0,0.023557159680768772,601899,紫金矿业
2021-09-01,9.98,10.09,9.49,9.6,476200779.0,5160104186.0,20494681640.0,0.023235334286461257,601899,紫金矿业
2021-09-02,9.51,9.91,9.47,9.78,371841826.0,4030435661.0,20494681640.0,0.018143332623145835,601899,紫金矿业
2021-09-03,9.89,10.25,9.82,9.94,478081033.0,5339696180.0,20494681640.0,0.02332707779499814,601899,紫金矿业
2021-09-06,10.07,10.13,9.66,9.83,382571996.0,4171886231.0,20494681640.0,0.018666891377972145,601899,紫金矿业
2021-09-07,9.84,9.96,9.71,9.86,355052665.0,3899936563.0,20494681640.0,0.01732413663391748,601899,紫金矿业
2021-09-08,9.79,9.91,9.59,9.74,423473734.0,4593585371.0,20494681640.0,0.020662615864863954,601899,紫金矿业
2021-09-09,9.67,10.39,9.63,10.26,791356844.0,8926994879.0,20494681640.0,0.038612790278990644,601899,紫金矿业
2021-09-10,10.25,11.18,10.22,10.75,920206631.0,11055875820.0,20494681640.0,0.0448997767891163,601899,紫金矿业
2021-09-13,11.02,11.38,10.89,11.12,720541125.0,8918540790.0,20494681640.0,0.035157468540213926,601899,紫金矿业
2021-09-14,10.86,10.97,10.48,10.52,572338177.0,6827189281.0,20494681640.0,0.027926180413700732,601899,紫金矿业
2021-09-15,10.41,10.48,10.15,10.34,356747852.0,4099964556.0,20494681640.0,0.01740685014124474,601899,紫金矿业
2021-09-16,10.5,10.62,9.96,9.97,390504094.0,4448110308.0,20494681640.0,0.019053923396294338,601899,紫金矿业
2021-09-17,9.71,9.94,9.51,9.7,374819442.0,4042139007.0,20494681640.0,0.01828861987631246,601899,紫金矿业
2021-09-22,9.43,9.63,9.36,9.61,276147424.0,2914656697.0,20494681640.0,0.013474101664552618,601899,紫金矿业
2021-09-23,9.69,9.74,9.44,9.5,273484167.0,2909217672.0,20494681640.0,0.013344152976069357,601899,紫金矿业
2021-09-24,9.44,9.54,9.25,9.28,290751157.0,3030210107.0,20494681640.0,0.014186663745609663,601899,紫金矿业
2021-09-27,9.27,9.31,8.99,9.09,291327184.0,2958240238.0,20494681640.0,0.014214769915303745,601899,紫金矿业
2021-09-28,9.1,9.3,9.06,9.17,192161870.0,1963186344.0,20494681640.0,0.009376182239637853,601899,紫金矿业
2021-09-29,9.07,9.11,8.9,8.99,224656525.0,2250109485.0,20494681640.0,0.010961698695603646,601899,紫金矿业
2021-09-30,8.98,9.07,8.96,9.06,123459769.0,1241545888.0,20494681640.0,0.006023990573195359,601899,紫金矿业
2021-10-08,9.21,9.25,9.03,9.21,151931425.0,1549243831.0,20494681640.0,0.0074132122503172485,601899,紫金矿业
2021-10-11,9.63,10.05,9.53,9.91,555733353.0,6096616463.0,20494681640.0,0.027115978806685186,601899,紫金矿业
2021-10-12,9.86,9.86,9.45,9.71,316027963.0,3385255642.0,20494681640.0,0.0154199986392177,601899,紫金矿业
2021-10-13,9.61,9.68,9.48,9.61,146895461.0,1569183323.0,20494681640.0,0.007167491722013399,601899,紫金矿业
2021-10-14,9.87,10.18,9.87,9.99,384859988.0,4295788245.0,20494681640.0,0.018778529706402407,601899,紫金矿业
2021-10-15,10.05,10.73,10.05,10.29,514937212.0,5955272594.0,20494681640.0,0.025125406729665112,601899,紫金矿业
2021-10-18,10.5,10.59,10.04,10.38,529088371.0,6067538618.0,20494681640.0,0.02581588630132046,601899,紫金矿业
2021-10-19,10.23,10.66,10.12,10.59,410110318.0,4778513014.0,20494681640.0,0.020010572752668532,601899,紫金矿业
2021-10-20,10.22,10.29,10.02,10.16,428670646.0,4855264740.0,20494681640.0,0.020916189552481382,601899,紫金矿业
2021-10-21,10.26,10.4,10.1,10.18,284046659.0,3241488056.0,20494681640.0,0.013859530193707366,601899,紫金矿业
2021-10-22,9.96,10.09,9.78,9.98,305697608.0,3394327525.0,20494681640.0,0.014915948116186498,601899,紫金矿业
2021-10-25,9.98,10.12,9.77,10.02,194366975.0,2158677635.0,20494681640.0,0.009483776250549261,601899,紫金矿业
2021-10-26,10.11,10.3,9.97,10.15,224968726.0,2534819432.0,20494681640.0,0.010976931964677252,601899,紫金矿业
2021-10-27,10.05,10.11,9.73,9.78,276186245.0,3037153315.0,20494681640.0,0.013475995863285828,601899,紫金矿业
2021-10-28,9.61,9.71,9.31,9.43,286533283.0,3022389846.0,20494681640.0,0.013980860402377053,601899,紫金矿业
2021-10-29,9.51,9.55,9.31,9.39,208885775.0,2186745475.0,20494681640.0,0.010192194183310086,601899,紫金矿业
2021-11-01,9.31,9.48,9.23,9.41,210225343.0,2191801786.0,20494681640.0,0.010257555920736908,601899,紫金矿业
2021-11-02,9.4,9.44,9.02,9.18,315797374.0,3242283766.0,20494681640.0,0.015408747476401394,601899,紫金矿业
2021-11-03,9.18,9.21,9.05,9.16,231626822.0,2351302285.0,20494681640.0,0.011301801417004105,601899,紫金矿业
2021-11-04,9.17,9.21,9.08,9.21,188213934.0,1919555805.0,20494681640.0,0.009183550020736014,601899,紫金矿业
2021-11-05,9.13,9.2,9.11,9.14,150868038.0,1536473007.0,20494681640.0,0.00736132625283366,601899,紫金矿业
2021-11-08,9.25,9.55,9.25,9.43,291238974.0,3056813877.0,20494681640.0,0.014210465871867039,601899,紫金矿业
2021-11-09,9.52,9.56,9.34,9.48,165074576.0,1734037572.0,20494681640.0,0.008054507940138952,601899,紫金矿业
2021-11-10,9.46,9.5,9.29,9.47,168884883.0,1764772531.0,20494681640.0,0.008240424807106201,601899,紫金矿业
2021-11-11,9.43,9.63,9.43,9.6,200024833.0,2121113366.0,20494681640.0,0.009759840943789356,601899,紫金矿业
2021-11-12,9.66,9.83,9.63,9.64,178949092.0,1932810519.0,20494681640.0,0.008731489229417471,601899,紫金矿业
2021-11-15,9.65,9.78,9.43,9.48,160909699.0,1711734276.0,20494681640.0,0.007851290487281753,601899,紫金矿业
2021-11-16,9.49,9.52,9.26,9.3,163075827.0,1699260780.0,20494681640.0,0.007956982687729127,601899,紫金矿业
2021-11-17,9.25,9.37,9.23,9.35,103452801.0,1074398999.0,20494681640.0,0.005047787656193132,601899,紫金矿业
2021-11-18,9.26,9.37,9.26,9.3,135204181.0,1402017902.0,20494681640.0,0.0065970373863294615,601899,紫金矿业
2021-11-19,9.3,9.38,9.19,9.36,165884255.0,1715728744.0,20494681640.0,0.00809401472605651,601899,紫金矿业
2021-11-22,9.37,9.48,9.31,9.46,155700446.0,1633281047.0,20494681640.0,0.007597114643445616,601899,紫金矿业
2021-11-23,9.43,9.59,9.39,9.5,163768165.0,1732241840.0,20494681640.0,0.007990764037064594,601899,紫金矿业
2021-11-24,9.52,9.53,9.3,9.37,155171133.0,1620450535.0,20494681640.0,0.007571287796788631,601899,紫金矿业
2021-11-25,9.41,9.49,9.28,9.45,147353124.0,1543611126.0,20494681640.0,0.007189822539736704,601899,紫金矿业
2021-11-26,9.37,9.39,9.27,9.3,136933219.0,1421666885.0,20494681640.0,0.00668140259045273,601899,紫金矿业
2021-11-29,9.16,9.37,9.05,9.2,196592099.0,2012578664.0,20494681640.0,0.009592347051456809,601899,紫金矿业
2021-11-30,9.22,9.26,9.09,9.11,164771599.0,1679330428.0,20494681640.0,0.008039724739046983,601899,紫金矿业
2021-12-01,9.06,9.13,8.98,9.1,173396555.0,1747896489.0,20494681640.0,0.008460563479140728,601899,紫金矿业
2021-12-02,9.06,9.1,8.99,9.01,171598087.0,1723933862.0,20494681640.0,0.008372810566868606,601899,紫金矿业
2021-12-03,9.02,9.08,8.95,9.08,180795611.0,1814986967.0,20494681640.0,0.008821586701163318,601899,紫金矿业
2021-12-06,9.08,9.21,9.03,9.13,165710038.0,1687485544.0,20494681640.0,0.00808551413048444,601899,紫金矿业
2021-12-07,9.21,9.23,9.12,9.2,154853258.0,1583273593.0,20494681640.0,0.0075557776754028175,601899,紫金矿业
2021-12-08,9.28,9.28,9.2,9.25,149696872.0,1540960254.0,20494681640.0,0.00730418137883307,601899,紫金矿业
2021-12-09,9.28,9.33,9.23,9.3,179496338.0,1856700651.0,20494681640.0,0.008758191083567375,601899,紫金矿业
2021-12-10,9.25,9.26,9.12,9.21,152268622.0,1558863155.0,20494681640.0,0.007429665152876217,601899,紫金矿业
2021-12-13,9.23,9.42,9.2,9.32,225459238.0,2337278146.0,20494681640.0,0.011000865588463955,601899,紫金矿业
2021-12-14,9.25,9.26,9.07,9.1,201746051.0,2054070177.0,20494681640.0,0.009843824585508419,601899,紫金矿业
2021-12-15,9.08,9.08,9.0,9.02,153263643.0,1541102578.0,20494681640.0,0.0074782153581186344,601899,紫金矿业
2021-12-16,9.02,9.1,8.98,9.08,154927165.0,1559941265.0,20494681640.0,0.0075593838304677365,601899,紫金矿业
2021-12-17,9.14,9.27,9.12,9.13,184007620.0,1882848129.0,20494681640.0,0.008978310726274839,601899,紫金矿业
2021-12-20,8.99,9.08,8.9,8.94,234661098.0,2346452601.0,20494681640.0,0.0114498532898411,601899,紫金矿业
2021-12-21,8.92,8.99,8.9,8.97,81491132.0,812875088.0,20494681640.0,0.003976208727290091,601899,紫金矿业
2021-12-22,8.97,9.01,8.92,8.95,100050658.0,997061441.0,20494681640.0,0.0048817863949995955,601899,紫金矿业
2021-12-23,8.98,9.05,8.94,9.0,108666698.0,1088696074.0,20494681640.0,0.00530219009540077,601899,紫金矿业
2021-12-24,9.0,9.0,8.64,8.7,229753578.0,2242390542.0,20494681640.0,0.011210399948422912,601899,紫金矿业
2021-12-27,8.76,8.76,8.56,8.6,130990345.0,1261772200.0,20494681640.0,0.006391431069821683,601899,紫金矿业
2021-12-28,8.64,8.74,8.58,8.72,127947316.0,1234969570.0,20494681640.0,0.006242952110574965,601899,紫金矿业
2021-12-29,8.71,8.73,8.6,8.64,105092586.0,1011289594.0,20494681640.0,0.005127797925628085,601899,紫金矿业
2021-12-30,8.66,8.74,8.61,8.65,90555018.0,874786652.0,20494681640.0,0.004418464243097167,601899,紫金矿业
2021-12-31,8.68,8.73,8.64,8.71,80544673.0,780543449.0,20494681640.0,0.003930028014819165,601899,紫金矿业
2022-01-04,8.71,8.85,8.64,8.82,151937844.0,1476678476.0,20494681640.0,0.007413525453523463,601899,紫金矿业
2022-01-05,8.8,8.85,8.73,8.77,117856607.0,1154269047.0,20494681640.0,0.00575059466988627,601899,紫金矿业
2022-01-06,8.72,8.81,8.66,8.68,112224349.0,1087737432.0,20494681640.0,0.005475779081191914,601899,紫金矿业
2022-01-07,8.66,8.67,8.35,8.41,288598392.0,2723652167.0,20494681640.0,0.014081623567976535,601899,紫金矿业
2022-01-10,8.41,8.47,8.36,8.44,130256364.0,1221940933.0,20494681640.0,0.006355617827494099,601899,紫金矿业
2022-01-11,8.46,8.52,8.42,8.47,107029977.0,1010333226.0,20494681640.0,0.0052223293281661335,601899,紫金矿业
2022-01-12,8.52,9.06,8.52,8.99,438182879.0,4321974972.0,20494681640.0,0.021380321329060665,601899,紫金矿业
2022-01-13,9.18,9.39,9.02,9.03,389068325.0,3989473621.0,20494681640.0,0.018983867709398583,601899,紫金矿业
2022-01-14,8.98,8.99,8.78,8.82,195308862.0,1923461415.0,20494681640.0,0.009529733880755223,601899,紫金矿业
2022-01-17,8.84,8.85,8.6,8.69,197777488.0,1917765149.0,20494681640.0,0.009650185910377479,601899,紫金矿业
2022-01-18,8.75,9.06,8.68,8.92,247705199.0,2462070699.0,20494681640.0,0.012086316018520012,601899,紫金矿业
2022-01-19,8.93,8.99,8.82,8.88,159293183.0,1576770289.0,20494681640.0,0.007772415585568472,601899,紫金矿业
2022-01-20,9.05,9.17,9.02,9.08,278928961.0,2827346306.0,20494681640.0,0.013609821606382367,601899,紫金矿业
2022-01-21,9.09,9.29,8.95,9.22,293429745.0,3007898729.0,20494681640.0,0.014317360481819126,601899,紫金矿业
2022-01-24,9.09,9.25,9.08,9.24,179100403.0,1831281748.0,20494681640.0,0.008738872169179984,601899,紫金矿业
2022-01-25,9.15,9.38,9.07,9.08,228660124.0,2350208683.0,20494681640.0,0.011157046887408982,601899,紫金矿业
2022-01-26,9.16,9.22,8.96,9.14,140693969.0,1427162039.0,20494681640.0,0.006864901415467901,601899,紫金矿业
2022-01-27,9.16,9.16,8.89,8.9,177745272.0,1780717923.0,20494681640.0,0.008672751064017015,601899,紫金矿业
2022-01-28,8.87,8.97,8.63,8.76,148019030.0,1447213004.0,20494681640.0,0.007222314188628695,601899,紫金矿业
2022-02-07,9.0,9.23,8.99,9.2,242635817.0,2469767347.0,20494681640.0,0.011838964920852511,601899,紫金矿业
2022-02-08,9.23,9.29,9.09,9.29,190474875.0,1952559159.0,20494681640.0,0.00929386844576523,601899,紫金矿业
2022-02-09,9.34,9.78,9.31,9.68,393840766.0,4228453407.0,20494681640.0,0.01921673012140529,601899,紫金矿业
2022-02-10,9.89,10.24,9.89,10.06,526339373.0,5924627598.0,20494681640.0,0.025681754039678754,601899,紫金矿业
2022-02-11,10.12,10.43,9.92,9.93,353530343.0,3994054356.0,20494681640.0,0.017249857753828472,601899,紫金矿业
2022-02-14,9.93,10.09,9.85,9.93,236092175.0,2617562427.0,20494681640.0,0.01151968003929433,601899,紫金矿业
2022-02-15,9.99,10.01,9.66,9.78,214786908.0,2341801551.0,20494681640.0,0.010480129029220676,601899,紫金矿业
2022-02-16,9.72,9.9,9.67,9.81,162692641.0,1776274261.0,20494681640.0,0.007938285837164143,601899,紫金矿业
2022-02-17,9.82,10.16,9.8,10.12,277804598.0,3114061250.0,20494681640.0,0.013554960398008895,601899,紫金矿业
2022-02-18,10.18,10.18,9.95,10.08,183977329.0,2058938302.0,20494681640.0,0.008976832733079722,601899,紫金矿业
2022-02-21,10.0,10.22,9.91,9.98,154311223.0,1722703572.0,20494681640.0,0.007529330082338376,601899,紫金矿业
2022-02-22,10.03,10.11,9.84,10.05,191084683.0,2125847412.0,20494681640.0,0.009323622896735077,601899,紫金矿业
2022-02-23,9.97,10.0,9.72,9.8,260732359.0,2840347948.0,20494681640.0,0.012721952142507152,601899,紫金矿业
2022-02-24,9.77,10.13,9.73,9.87,437359798.0,4846879680.0,20494681640.0,0.021340160617396152,601899,紫金矿业
2022-02-25,9.78,10.03,9.56,9.83,284296426.0,3114026825.0,20494681640.0,0.013871717111483758,601899,紫金矿业
2022-02-28,9.87,10.13,9.74,10.07,305738563.0,3391277085.0,20494681640.0,0.014917946439493948,601899,紫金矿业
2022-03-01,10.08,10.11,9.85,10.01,202566146.0,2248499095.0,20494681640.0,0.009883839600838025,601899,紫金矿业
2022-03-02,10.2,10.34,10.15,10.23,320060319.0,3654721662.0,20494681640.0,0.015616749975531702,601899,紫金矿业
2022-03-03,10.34,10.85,10.34,10.66,455231453.0,5417605279.0,20494681640.0,0.022212174894754792,601899,紫金矿业
2022-03-04,10.6,10.75,10.34,10.4,295238175.0,3456283178.0,20494681640.0,0.014405599471414869,601899,紫金矿业
2022-03-07,10.78,10.92,10.53,10.62,417808495.0,4982781520.0,20494681640.0,0.02038619102941089,601899,紫金矿业
2022-03-08,10.27,10.58,9.96,10.24,411158632.0,4705712433.0,20494681640.0,0.02006172329105767,601899,紫金矿业
2022-03-09,10.31,10.41,9.71,10.12,307834281.0,3473775821.0,20494681640.0,0.015020203114509077,601899,紫金矿业
2022-03-10,9.88,10.0,9.67,9.86,289722721.0,3178442562.0,20494681640.0,0.014136483117383032,601899,紫金矿业
2022-03-11,9.78,9.86,9.56,9.86,198185486.0,2144011523.0,20494681640.0,0.009670093416488904,601899,紫金矿业
2022-03-14,9.65,9.74,9.37,9.38,216690517.0,2298407681.0,20494681640.0,0.010573012101689813,601899,紫金矿业
2022-03-15,9.04,9.1,8.55,8.57,378224164.0,3709245320.0,20494681640.0,0.01845474697503035,601899,紫金矿业
2022-03-16,8.71,9.11,8.37,9.08,293755904.0,2866381934.0,20494681640.0,0.014333274805629037,601899,紫金矿业
2022-03-17,9.25,9.42,9.11,9.25,213102023.0,2199430170.0,20494681640.0,0.010397918188886782,601899,紫金矿业
2022-03-18,9.3,9.6,9.19,9.54,196944613.0,2064937224.0,20494681640.0,0.00960954731863793,601899,紫金矿业
2022-03-21,9.71,9.93,9.47,9.87,235034214.0,2559192678.0,20494681640.0,0.011468058793422662,601899,紫金矿业
2022-03-22,9.82,10.22,9.78,10.14,254417629.0,2869808347.0,20494681640.0,0.012413836597658904,601899,紫金矿业
2022-03-23,10.23,10.23,10.04,10.18,170924368.0,1931372437.0,20494681640.0,0.008339937697124433,601899,紫金矿业
2022-03-24,10.26,10.62,10.25,10.51,267406595.0,3114656699.0,20494681640.0,0.013047609116215577,601899,紫金矿业
2022-03-25,10.46,10.6,10.31,10.34,201675870.0,2343224245.0,20494681640.0,0.00984040023370668,601899,紫金矿业
2022-03-28,10.27,10.49,10.1,10.38,192200509.0,2210364586.0,20494681640.0,0.009378067558018432,601899,紫金矿业
2022-03-29,10.32,10.53,10.3,10.4,139373074.0,1618640238.0,20494681640.0,0.006800450792462273,601899,紫金矿业
2022-03-30,10.4,10.4,10.19,10.29,179686151.0,2059265367.0,20494681640.0,0.008767452657049422,601899,紫金矿业
2022-03-31,10.35,10.49,10.1,10.18,148366567.0,1693618739.0,20494681640.0,0.00723927161232059,601899,紫金矿业
2022-04-01,10.21,10.4,10.05,10.28,131866667.0,1506877086.0,20494681640.0,0.006434189577389307,601899,紫金矿业
2022-04-06,10.34,10.57,10.23,10.41,137554740.0,1586775596.0,20494681640.0,0.006711728555545399,601899,紫金矿业
2022-04-07,10.28,10.48,10.22,10.35,123728339.0,1428194911.0,20494681640.0,0.006037094948501967,601899,紫金矿业
2022-04-08,10.41,10.82,10.4,10.73,323989793.0,3864415489.0,20494681640.0,0.01580848137536622,601899,紫金矿业
2022-04-11,10.77,10.79,10.31,10.48,245756229.0,2874313776.0,20494681640.0,0.011991219640140749,601899,紫金矿业
2022-04-12,10.5,10.58,10.26,10.48,170559305.0,1986767928.0,20494681640.0,0.00832212512475017,601899,紫金矿业
2022-04-13,10.57,11.44,10.53,11.25,415821435.0,5133714614.0,20494681640.0,0.020289236120088372,601899,紫金矿业
2022-04-14,11.32,11.59,11.15,11.44,258289403.0,3273347108.0,20494681640.0,0.012602752632950878,601899,紫金矿业
2022-04-15,11.16,11.54,10.84,10.89,351868136.0,4390283215.0,20494681640.0,0.017168753444466778,601899,紫金矿业
2022-04-18,10.86,10.95,10.66,10.79,167335376.0,2014499599.0,20494681640.0,0.008164819485334538,601899,紫金矿业
2022-04-19,10.95,11.1,10.69,10.77,225673388.0,2732121827.0,20494681640.0,0.01101131464074794,601899,紫金矿业
2022-04-20,10.61,10.77,10.23,10.27,232400706.0,2697329315.0,20494681640.0,0.011339561652249213,601899,紫金矿业
2022-04-21,10.2,10.31,9.79,9.88,188969162.0,2105839856.0,20494681640.0,0.009220399971043415,601899,紫金矿业
2022-04-22,9.78,10.28,9.61,10.17,193633012.0,2163813295.0,20494681640.0,0.009447963886498312,601899,紫金矿业
2022-04-25,9.77,9.96,9.45,9.53,249779205.0,2705158283.0,20494681640.0,0.012187513296742286,601899,紫金矿业
2022-04-26,9.53,9.57,9.06,9.19,234308568.0,2417806295.0,20494681640.0,0.011432652241969639,601899,紫金矿业
2022-04-27,9.14,9.87,9.12,9.78,292473020.0,3125612225.0,20494681640.0,0.014270678858908101,601899,紫金矿业
2022-04-28,9.78,9.79,9.5,9.69,158313438.0,1701755884.0,20494681640.0,0.007724610744429207,601899,紫金矿业
2022-04-29,9.72,9.95,9.59,9.94,229876483.0,2505304426.0,20494681640.0,0.011216396870071118,601899,紫金矿业
2022-05-05,9.8,9.82,9.51,9.73,247028234.0,2657300896.0,20494681640.0,0.012053284766222892,601899,紫金矿业
2022-05-06,9.33,9.35,8.98,9.04,338454088.0,3441823913.0,20494681640.0,0.016514239837686982,601899,紫金矿业
2022-05-09,8.95,8.97,8.67,8.8,297419569.0,2914075655.0,20494681640.0,0.014512036548033931,601899,紫金矿业
2022-05-10,8.53,8.66,8.31,8.64,462887320.0,4363358620.0,20494681640.0,0.02258572873347644,601899,紫金矿业
2022-05-11,8.54,8.94,8.4,8.8,410262344.0,3980280715.0,20494681640.0,0.020017990579530662,601899,紫金矿业
2022-05-12,8.62,8.74,8.44,8.55,325554042.0,3102432853.0,20494681640.0,0.015884806005700903,601899,紫金矿业
2022-05-13,8.52,8.59,8.38,8.55,254805221.0,2407824478.0,20494681640.0,0.012432748430826564,601899,紫金矿业
2022-05-16,8.6,8.71,8.53,8.71,236498868.0,2272664400.0,20494681640.0,0.01153952387034981,601899,紫金矿业
2022-05-17,8.78,8.96,8.71,8.95,309536267.0,3051618199.0,20494681640.0,0.015103248366438152,601899,紫金矿业
2022-05-18,8.98,8.99,8.73,8.79,234661822.0,2299470935.0,20494681640.0,0.011449888616079035,601899,紫金矿业
2022-05-19,8.56,8.76,8.52,8.73,170773758.0,1643521787.0,20494681640.0,0.008332588961357489,601899,紫金矿业
2022-05-20,8.83,9.04,8.79,8.99,303767611.0,3019357094.0,20494681640.0,0.014821777490172324,601899,紫金矿业
2022-05-23,9.07,9.07,8.89,8.99,208817422.0,2084720614.0,20494681640.0,0.010188859025379816,601899,紫金矿业
2022-05-24,8.99,9.11,8.71,8.72,249769582.0,2479398276.0,20494681640.0,0.01218704376029527,601899,紫金矿业
2022-05-25,8.79,8.91,8.72,8.89,187539449.0,1846276082.0,20494681640.0,0.009150639775441761,601899,紫金矿业
2022-05-26,8.93,8.93,8.68,8.85,191665641.0,1883151816.0,20494681640.0,0.00935196966543365,601899,紫金矿业
2022-05-27,8.94,9.02,8.83,8.91,201010876.0,2001030771.0,20494681640.0,0.009807953084164132,601899,紫金矿业
2022-05-30,8.97,9.2,8.94,9.08,265527615.0,2685567615.0,20494681640.0,0.012955927770147105,601899,紫金矿业
2022-05-31,9.05,9.06,8.93,9.03,176527091.0,1768943484.0,20494681640.0,0.008613312180242288,601899,紫金矿业
2022-06-01,9.02,9.02,8.75,8.85,249920959.0,2463645753.0,20494681640.0,0.012194429920405439,601899,紫金矿业
2022-06-02,8.8,8.86,8.73,8.86,144421219.0,1415939292.0,20494681640.0,0.007046765670081421,601899,紫金矿业
2022-06-06,8.94,9.35,8.94,9.34,433529409.0,4432067127.0,20494681640.0,0.021153263886464546,601899,紫金矿业
2022-06-07,9.36,9.4,9.19,9.25,219949651.0,2271053068.0,20494681640.0,0.010732035503821565,601899,紫金矿业
2022-06-08,9.3,9.34,9.09,9.28,236458960.0,2428922945.0,20494681640.0,0.011537576633466554,601899,紫金矿业
2022-06-09,9.24,9.33,9.12,9.23,179958773.0,1846670090.0,20494681640.0,0.008780754742184909,601899,紫金矿业
2022-06-10,9.13,9.33,8.98,9.33,229679022.0,2310513744.0,20494681640.0,0.011206762126606032,601899,紫金矿业
2022-06-13,9.16,9.32,9.15,9.26,215313176.0,2169588378.0,20494681640.0,0.010505807300747122,601899,紫金矿业
2022-06-14,9.06,9.16,8.84,9.16,317968367.0,3128768224.0,20494681640.0,0.015514677055505606,601899,紫金矿业
2022-06-15,9.12,9.28,9.04,9.14,315337358.0,3157966822.0,20494681640.0,0.015386301848404805,601899,紫金矿业
2022-06-16,9.21,9.23,9.04,9.06,229291736.0,2279252465.0,20494681640.0,0.011187865224141145,601899,紫金矿业
2022-06-17,8.97,9.08,8.93,9.04,258604068.0,2542694430.0,20494681640.0,0.01261810612833701,601899,紫金矿业
2022-06-20,8.97,8.97,8.7,8.78,479455210.0,4598757986.0,20494681640.0,0.023394128214425877,601899,紫金矿业
2022-06-21,8.77,8.77,8.56,8.63,317665163.0,3000754546.0,20494681640.0,0.015499882778369422,601899,紫金矿业
2022-06-22,8.65,8.69,8.43,8.47,343157287.0,3208317441.0,20494681640.0,0.016743723714656347,601899,紫金矿业
2022-06-23,8.42,8.51,8.39,8.51,260965342.0,2408480087.0,20494681640.0,0.012733320116115743,601899,紫金矿业
2022-06-24,8.38,8.47,8.34,8.42,353997890.0,3244752969.0,20494681640.0,0.01727267084300998,601899,紫金矿业
2022-06-27,8.42,8.65,8.37,8.5,451805747.0,4193503714.0,20494681640.0,0.022045023920654567,601899,紫金矿业
2022-06-28,8.5,8.58,8.41,8.57,323093994.0,2992813021.0,20494681640.0,0.01576477252368776,601899,紫金矿业
2022-06-29,8.5,8.54,8.39,8.42,292823413.0,2699892436.0,20494681640.0,0.01428777563582588,601899,紫金矿业
2022-06-30,8.51,8.59,8.48,8.54,272617193.0,2541356556.0,20494681640.0,0.013301850586833511,601899,紫金矿业
2022-07-01,8.54,8.73,8.45,8.67,320559525.0,3014432917.0,20494681640.0,0.01564110780693249,601899,紫金矿业
2022-07-04,8.61,8.61,8.5,8.57,261484338.0,2444003448.0,20494681640.0,0.012758643563882167,601899,紫金矿业
2022-07-05,8.57,8.63,8.51,8.56,257958904.0,2412338376.0,20494681640.0,0.012586626546885946,601899,紫金矿业
2022-07-06,8.39,8.4,8.21,8.28,508560160.0,4602822385.0,20494681640.0,0.024814250298352037,601899,紫金矿业
2022-07-07,8.23,8.38,8.14,8.28,235114955.0,2123322090.0,20494681640.0,0.011471998400849519,601899,紫金矿业
2022-07-08,8.39,8.39,8.29,8.3,179642361.0,1633880540.0,20494681640.0,0.00876531600517216,601899,紫金矿业
2022-07-11,8.38,8.38,8.24,8.29,199478383.0,1803916658.0,20494681640.0,0.009733177928983922,601899,紫金矿业
2022-07-12,8.24,8.28,8.17,8.17,185281318.0,1660716715.0,20494681640.0,0.009040458459153699,601899,紫金矿业
2022-07-13,8.1,8.1,7.96,8.01,267767224.0,2340864173.0,20494681640.0,0.013065205339779066,601899,紫金矿业
2022-07-14,7.97,8.02,7.85,7.89,315775490.0,2727699056.0,20494681640.0,0.015407679687187373,601899,紫金矿业
2022-07-15,7.8,7.89,7.65,7.66,323754101.0,2745245734.0,20494681640.0,0.015796981221124252,601899,紫金矿业
2022-07-18,7.73,8.12,7.69,8.12,428426581.0,3726491163.0,20494681640.0,0.020904280853225297,601899,紫金矿业
2022-07-19,8.12,8.12,7.95,8.0,220073438.0,1924439108.0,20494681640.0,0.010738075461024824,601899,紫金矿业
2022-07-20,8.04,8.09,7.99,8.05,163351405.0,1435042516.0,20494681640.0,0.00797042900540513,601899,紫金矿业
2022-07-21,7.97,8.04,7.92,7.94,155175807.0,1349429662.0,20494681640.0,0.007571515855954521,601899,紫金矿业
2022-07-22,7.98,8.05,7.85,7.94,153563469.0,1334206106.0,20494681640.0,0.007492844812006555,601899,紫金矿业
2022-07-25,7.94,8.04,7.94,7.97,129878162.0,1132469243.0,20494681640.0,0.0063371641619703635,601899,紫金矿业
2022-07-26,8.0,8.17,7.97,8.16,221952273.0,1961061012.0,20494681640.0,0.01082974973208708,601899,紫金矿业
2022-07-27,8.13,8.14,8.02,8.07,127274986.0,1121337242.0,20494681640.0,0.006210147014511029,601899,紫金矿业
2022-07-28,8.18,8.38,8.17,8.21,254046326.0,2292741283.0,20494681640.0,0.012395719556051616,601899,紫金矿业
2022-07-29,8.29,8.3,8.15,8.18,178230301.0,1598540209.0,20494681640.0,0.008696417154982457,601899,紫金矿业
2022-08-01,8.18,8.19,8.04,8.09,149292011.0,1320113510.0,20494681640.0,0.007284426936821645,601899,紫金矿业
2022-08-02,7.99,7.99,7.79,7.87,201534963.0,1732095559.0,20494681640.0,0.00983352493783846,601899,紫金矿业
2022-08-03,7.84,7.96,7.75,7.77,157131379.0,1349486969.0,20494681640.0,0.007666934366685776,601899,紫金矿业
2022-08-04,7.82,7.89,7.75,7.83,133839573.0,1142769901.0,20494681640.0,0.006530453868518838,601899,紫金矿业
2022-08-05,7.91,8.1,7.89,8.07,252322205.0,2211241248.0,20494681640.0,0.012311594267828792,601899,紫金矿业
2022-08-08,8.06,8.07,7.96,7.98,189877419.0,1658915408.0,20494681640.0,0.009264716687738702,601899,紫金矿业
2022-08-09,7.99,8.08,7.95,8.05,175622493.0,1541435749.0,20494681640.0,0.008569173997669377,601899,紫金矿业
2022-08-10,8.06,8.22,8.06,8.09,222811135.0,1979075743.0,20494681640.0,0.010871656311319994,601899,紫金矿业
2022-08-11,8.13,8.27,8.11,8.27,278114790.0,2499603733.0,20494681640.0,0.013570095641651549,601899,紫金矿业
2022-08-12,8.29,8.42,8.2,8.41,309872781.0,2829691553.0,20494681640.0,0.015119667943278186,601899,紫金矿业
2022-08-15,8.42,8.53,8.25,8.28,301855501.0,2746398444.0,20494681640.0,0.014728479627166339,601899,紫金矿业
2022-08-16,8.24,8.29,8.15,8.27,181031289.0,1626300936.0,20494681640.0,0.008833086172301234,601899,紫金矿业
2022-08-17,8.28,8.29,8.15,8.26,148829974.0,1335608810.0,20494681640.0,0.007261882697876345,601899,紫金矿业
2022-08-18,8.19,8.2,8.12,8.14,146135336.0,1300705725.0,20494681640.0,0.00713040283166848,601899,紫金矿业
2022-08-19,8.15,8.18,8.09,8.09,130913731.0,1162745914.0,20494681640.0,0.006387692831709681,601899,紫金矿业
2022-08-22,8.14,8.35,8.07,8.29,221648699.0,1991513760.0,20494681640.0,0.010814937401486759,601899,紫金矿业
2022-08-23,8.24,8.29,8.18,8.24,134652997.0,1209587047.0,20494681640.0,0.0065701433847693575,601899,紫金矿业
2022-08-24,8.28,8.38,8.11,8.13,187531129.0,1683780460.0,20494681640.0,0.009150233816464397,601899,紫金矿业
2022-08-25,8.15,8.38,8.12,8.36,313089212.0,2833849667.0,20494681640.0,0.015276607731682726,601899,紫金矿业
2022-08-26,8.4,8.47,8.35,8.38,249539410.0,2292597166.0,20494681640.0,0.012175812944220977,601899,紫金矿业
2022-08-29,8.24,8.28,8.16,8.26,146273141.0,1312418178.0,20494681640.0,0.007137126771196822,601899,紫金矿业
2022-08-30,8.23,8.26,8.11,8.15,140910396.0,1255657539.0,20494681640.0,0.006875461569746053,601899,紫金矿业
2022-08-31,8.07,8.16,8.02,8.06,185611990.0,1636196523.0,20494681640.0,0.009056592986432943,601899,紫金矿业
2022-09-01,8.01,8.01,7.92,7.92,155301212.0,1350126563.0,20494681640.0,0.007577634760468521,601899,紫金矿业
2022-09-02,7.89,7.92,7.78,7.8,156636962.0,1337387726.0,20494681640.0,0.007642810205662702,601899,紫金矿业
2022-09-05,7.8,7.87,7.74,7.86,122101200.0,1041474670.0,20494681640.0,0.005957701717195349,601899,紫金矿业
2022-09-06,7.89,8.1,7.88,8.09,184190365.0,1615313308.0,20494681640.0,0.00898722742979871,601899,紫金矿业
2022-09-07,8.06,8.25,8.02,8.18,192296930.0,1718685720.0,20494681640.0,0.009382772241979554,601899,紫金矿业
2022-09-08,8.24,8.34,8.15,8.29,299728212.0,2706525435.0,20494681640.0,0.014624682503728807,601899,紫金矿业
2022-09-09,8.38,8.5,8.36,8.41,314943845.0,2900753761.0,20494681640.0,0.015367101111017795,601899,紫金矿业
2022-09-13,8.44,8.59,8.43,8.5,296454908.0,2763159611.0,20494681640.0,0.014464967702713726,601899,紫金矿业
2022-09-14,8.28,8.37,8.24,8.24,228910343.0,2071126085.0,20494681640.0,0.011169255859687508,601899,紫金矿业
2022-09-15,8.29,8.31,8.15,8.19,167790849.0,1504989789.0,20494681640.0,0.008187043446067407,601899,紫金矿业
2022-09-16,8.15,8.17,7.87,7.95,263963327.0,2296926010.0,20494681640.0,0.012879601236879716,601899,紫金矿业
2022-09-19,7.98,8.01,7.85,7.89,128844015.0,1112612021.0,20494681640.0,0.006286704876085111,601899,紫金矿业
2022-09-20,7.96,8.04,7.91,7.96,109319140.0,951318825.0,20494681640.0,0.005334024793370735,601899,紫金矿业
2022-09-21,7.92,8.0,7.85,7.97,102311798.0,885932150.0,20494681640.0,0.0049921145298649295,601899,紫金矿业
2022-09-22,7.88,8.01,7.86,7.92,98676666.0,855080781.0,20494681640.0,0.004814745002303925,601899,紫金矿业
2022-09-23,7.92,7.96,7.78,7.81,139700434.0,1196553872.0,20494681640.0,0.006816423716840912,601899,紫金矿业
2022-09-26,7.66,7.66,7.03,7.16,524156843.0,4173459493.0,20494681640.0,0.025575261534045473,601899,紫金矿业
2022-09-27,7.06,7.21,6.97,7.19,248076288.0,1915560658.0,20494681640.0,0.012104422618393989,601899,紫金矿业
2022-09-28,7.12,7.12,6.83,6.85,234017150.0,1776402158.0,20494681640.0,0.01141843304085596,601899,紫金矿业
2022-09-29,7.0,7.16,7.0,7.05,234463111.0,1810164271.0,20494681640.0,0.011440192881181052,601899,紫金矿业
2022-09-30,7.12,7.25,7.08,7.18,198857512.0,1560820484.0,20494681640.0,0.009702883679436359,601899,紫金矿业
2022-10-10,7.23,7.25,7.1,7.11,162469224.0,1273717134.0,20494681640.0,0.00792738461879323,601899,紫金矿业
2022-10-11,7.15,7.22,7.04,7.21,139793507.0,1091160140.0,20494681640.0,0.006820965041348161,601899,紫金矿业
2022-10-12,7.19,7.32,7.08,7.31,175211317.0,1381748033.0,20494681640.0,0.008549111426938955,601899,紫金矿业
2022-10-13,7.32,7.32,7.15,7.18,141275714.0,1111742250.0,20494681640.0,0.006893286584372628,601899,紫金矿业
2022-10-14,7.22,7.33,7.17,7.29,172754824.0,1369600345.0,20494681640.0,0.008429251404560974,601899,紫金矿业
2022-10-17,7.21,7.38,7.17,7.37,146074707.0,1163808127.0,20494681640.0,0.007127444552000369,601899,紫金矿业
2022-10-18,7.38,7.44,7.31,7.32,101832305.0,817813804.0,20494681640.0,0.004968718557757504,601899,紫金矿业
2022-10-19,7.32,7.39,7.24,7.25,106845757.0,853614143.0,20494681640.0,0.005213340654751444,601899,紫金矿业
2022-10-20,7.19,7.25,7.1,7.19,107125151.0,839114788.0,20494681640.0,0.005226973167073797,601899,紫金矿业
2022-10-21,7.26,7.34,7.21,7.26,136386500.0,1085643735.0,20494681640.0,0.006654726450290935,601899,紫金矿业
2022-10-24,7.34,7.49,7.26,7.27,265077369.0,2136077720.0,20494681640.0,0.01293395885119004,601899,紫金矿业
2022-10-25,7.24,7.32,7.09,7.23,168484044.0,1323691773.0,20494681640.0,0.008220866611129267,601899,紫金矿业
2022-10-26,7.23,7.31,7.2,7.27,146393708.0,1160710322.0,20494681640.0,0.007143009614468937,601899,紫金矿业
2022-10-27,7.42,7.66,7.39,7.53,342977068.0,2834782717.0,20494681640.0,0.016734930262620074,601899,紫金矿业
2022-10-28,7.47,7.59,7.39,7.42,173211806.0,1412906073.0,20494681640.0,0.008451548994151636,601899,紫金矿业
2022-10-31,7.31,7.35,7.14,7.25,171305082.0,1354289749.0,20494681640.0,0.008358513931031718,601899,紫金矿业
2022-11-01,7.28,7.51,7.21,7.51,218922797.0,1770733297.0,20494681640.0,0.01068193206635241,601899,紫金矿业
2022-11-02,7.53,7.63,7.44,7.56,173509392.0,1427937948.0,20494681640.0,0.008466069151391805,601899,紫金矿业
2022-11-03,7.43,7.51,7.38,7.45,142263556.0,1155433093.0,20494681640.0,0.006941486503617629,601899,紫金矿业
2022-11-04,7.45,7.73,7.42,7.65,293136408.0,2437913505.0,20494681640.0,0.014303047646657662,601899,紫金矿业
2022-11-07,8.03,8.42,8.03,8.32,742699594.0,6724140753.0,20494681640.0,0.03623864996031234,601899,紫金矿业
2022-11-08,8.17,8.41,8.11,8.29,363657732.0,3287347462.0,20494681640.0,0.017744004927124107,601899,紫金矿业
2022-11-09,8.56,8.72,8.5,8.5,536101697.0,5033796065.0,20494681640.0,0.026158088543013835,601899,紫金矿业
2022-11-10,8.4,8.49,8.27,8.38,213962717.0,1962404190.0,20494681640.0,0.01043991415716375,601899,紫金矿业
2022-11-11,9.06,9.2,8.93,9.08,820813076.0,8124031232.0,20494681640.0,0.04005005251694166,601899,紫金矿业
2022-11-14,9.19,9.22,8.94,9.13,459254363.0,4560365860.0,20494681640.0,0.022408465331008674,601899,紫金矿业
2022-11-15,9.02,9.17,8.9,9.08,296318868.0,2939302033.0,20494681640.0,0.014458329883088636,601899,紫金矿业
2022-11-16,9.09,9.18,9.0,9.15,249677241.0,2485077111.0,20494681640.0,0.012182538152371124,601899,紫金矿业
2022-11-17,9.05,9.16,8.81,8.94,347511455.0,3402574370.0,20494681640.0,0.016956177270973212,601899,紫金矿业
2022-11-18,8.9,8.95,8.79,8.83,222152882.0,2146534024.0,20494681640.0,0.010839538076376774,601899,紫金矿业
2022-11-21,8.65,8.65,8.41,8.62,275648574.0,2570803938.0,20494681640.0,0.013449761203511917,601899,紫金矿业
2022-11-22,8.61,8.87,8.61,8.72,179331303.0,1709668114.0,20494681640.0,0.008750138506664796,601899,紫金矿业
2022-11-23,8.78,8.93,8.72,8.74,155610090.0,1500526682.0,20494681640.0,0.007592705889916912,601899,紫金矿业
2022-11-24,8.88,8.97,8.83,8.92,171961026.0,1676111049.0,20494681640.0,0.00839051950260009,601899,紫金矿业
2022-11-25,8.84,9.06,8.83,8.96,173300051.0,1702461843.0,20494681640.0,0.008455854745348462,601899,紫金矿业
2022-11-28,8.79,8.81,8.61,8.77,163193830.0,1556102205.0,20494681640.0,0.007962740425374083,601899,紫金矿业
2022-11-29,8.79,9.07,8.75,9.04,208150733.0,2037945872.0,20494681640.0,0.01015632917145426,601899,紫金矿业
2022-11-30,9.0,9.05,8.92,9.0,147098132.0,1440760816.0,20494681640.0,0.007177380677770802,601899,紫金矿业
2022-12-01,9.34,9.52,9.28,9.43,432823798.0,4452176977.0,20494681640.0,0.021118834905698002,601899,紫金矿业
2022-12-02,9.45,9.51,9.22,9.26,227035825.0,2314858444.0,20494681640.0,0.011077792228637907,601899,紫金矿业
2022-12-05,9.37,9.67,9.28,9.57,288048196.0,2987498580.0,20494681640.0,0.014054777774044994,601899,紫金矿业
2022-12-06,9.41,9.6,9.39,9.53,172410459.0,1790673374.0,20494681640.0,0.008412448752729198,601899,紫金矿业
2022-12-07,9.48,9.52,9.32,9.4,163043069.0,1673195622.0,20494681640.0,0.007955384321842044,601899,紫金矿业
2022-12-08,9.4,9.55,9.37,9.45,94830304.0,978948853.0,20494681640.0,0.004627068898446183,601899,紫金矿业
2022-12-09,9.48,9.75,9.47,9.71,234509493.0,2467591513.0,20494681640.0,0.01144245600489357,601899,紫金矿业
2022-12-12,9.58,9.66,9.43,9.46,166552027.0,1725703648.0,20494681640.0,0.00812659742295953,601899,紫金矿业
2022-12-13,9.38,9.55,9.37,9.47,106640564.0,1102630965.0,20494681640.0,0.005203328642679028,601899,紫金矿业
2022-12-14,9.62,9.71,9.54,9.59,130256410.0,1369480468.0,20494681640.0,0.006355620071978829,601899,紫金矿业
2022-12-15,9.52,9.66,9.32,9.39,145297324.0,1492625711.0,20494681640.0,0.007089513589536295,601899,紫金矿业
2022-12-16,9.26,9.49,9.25,9.43,118304167.0,1214876713.0,20494681640.0,0.0057724325304523245,601899,紫金矿业
2022-12-19,9.5,9.56,9.13,9.21,139321031.0,1411591503.0,20494681640.0,0.006797911450748449,601899,紫金矿业
2022-12-20,9.15,9.23,8.96,9.06,133898026.0,1329192817.0,20494681640.0,0.00653330597430056,601899,紫金矿业
2022-12-21,9.2,9.29,9.1,9.13,79063000.0,790609469.0,20494681640.0,0.003857732527334833,601899,紫金矿业
2022-12-22,9.29,9.31,9.14,9.16,88120531.0,885366768.0,20494681640.0,0.004299677962697058,601899,紫金矿业
2022-12-23,9.03,9.14,8.94,9.06,90110430.0,891005890.0,20494681640.0,0.004396771395761969,601899,紫金矿业
2022-12-26,9.11,9.12,8.92,8.95,112772086.0,1105195654.0,20494681640.0,0.005502504892776661,601899,紫金矿业
2022-12-27,9.04,9.22,9.02,9.2,115147751.0,1153000342.0,20494681640.0,0.005618421062724056,601899,紫金矿业
2022-12-28,9.15,9.16,9.04,9.15,82167768.0,818747278.0,20494681640.0,0.004009223926642073,601899,紫金矿业
2022-12-29,9.04,9.1,8.94,9.01,133667018.0,1316567546.0,20494681640.0,0.006522034367155947,601899,紫金矿业
2022-12-30,9.04,9.24,9.02,9.15,132916479.0,1330907367.0,20494681640.0,0.00648541320791163,601899,紫金矿业
2023-01-03,9.12,9.69,9.04,9.64,237742369.0,2435849225.0,20494681640.0,0.011600198196589308,601899,紫金矿业
2023-01-04,9.55,9.62,9.38,9.43,135956369.0,1408808665.0,20494681640.0,0.006633739005472056,601899,紫金矿业
2023-01-05,9.55,9.61,9.46,9.51,162355070.0,1689022686.0,20494681640.0,0.007921814685968451,601899,紫金矿业
2023-01-06,9.56,9.61,9.51,9.55,105452849.0,1103010331.0,20494681640.0,0.005145376290900023,601899,紫金矿业
2023-01-09,9.79,10.49,9.77,10.47,389677661.0,4360584308.0,20494681640.0,0.019013599130003368,601899,紫金矿业
2023-01-10,10.47,10.55,10.33,10.45,187217759.0,2133339104.0,20494681640.0,0.009134943508202745,601899,紫金矿业
2023-01-11,10.58,10.7,10.47,10.52,151648273.0,1750771199.0,20494681640.0,0.007399396373351033,601899,紫金矿业
2023-01-12,10.71,10.85,10.42,10.45,152678023.0,1759625009.0,20494681640.0,0.007449641115771926,601899,紫金矿业
2023-01-13,10.61,10.78,10.48,10.57,141332948.0,1633981182.0,20494681640.0,0.006896079211308988,601899,紫金矿业
2023-01-16,10.67,10.78,10.44,10.54,192191522.0,2219123890.0,20494681640.0,0.009377629054012473,601899,紫金矿业
2023-01-17,10.48,10.48,10.17,10.34,187682889.0,2112958787.0,20494681640.0,0.009157638664349606,601899,紫金矿业
2023-01-18,10.43,10.55,10.37,10.43,131328387.0,1499809705.0,20494681640.0,0.00640792520258929,601899,紫金矿业
2023-01-19,10.44,10.66,10.37,10.6,122601126.0,1413433218.0,20494681640.0,0.005982094679661489,601899,紫金矿业
2023-01-20,10.69,11.09,10.68,10.9,215167523.0,2564227695.0,20494681640.0,0.010498700432606476,601899,紫金矿业
2023-01-30,10.99,10.99,10.51,10.56,308807306.0,3612459462.0,20525299238.0,0.015045203600651154,601899,紫金矿业
2023-01-31,10.56,10.92,10.48,10.79,216048832.0,2545545791.0,20525299238.0,0.01052597720962883,601899,紫金矿业
2023-02-01,10.87,11.28,10.85,11.23,258835312.0,3145383531.0,20525299238.0,0.012610549985103218,601899,紫金矿业
2023-02-02,11.22,11.23,10.98,11.05,156991318.0,1895266868.0,20525299238.0,0.007648673774721413,601899,紫金矿业
2023-02-03,10.88,10.89,10.71,10.85,171095072.0,2016425554.0,20525299238.0,0.008335813768952956,601899,紫金矿业
2023-02-06,10.53,10.54,10.26,10.43,257288012.0,2919434102.0,20525299238.0,0.012535164969661623,601899,紫金矿业
2023-02-07,10.48,10.7,10.43,10.58,148197686.0,1710761767.0,20525299238.0,0.00722024484425692,601899,紫金矿业
2023-02-08,10.61,10.64,10.4,10.41,120970851.0,1382747239.0,20525299238.0,0.005893743598925844,601899,紫金矿业
2023-02-09,10.34,10.45,10.29,10.44,113320039.0,1285946140.0,20525299238.0,0.005520993272059209,601899,紫金矿业
2023-02-10,10.34,10.38,10.19,10.24,131292710.0,1469071698.0,20525299238.0,0.0063966283013759005,601899,紫金矿业
2023-02-13,10.09,10.4,10.09,10.34,136635604.0,1532458257.0,20525299238.0,0.00665693602883199,601899,紫金矿业
2023-02-14,10.36,10.69,10.33,10.59,183553830.0,2118339622.0,20525299238.0,0.008942808963299948,601899,紫金矿业
2023-02-15,10.6,10.9,10.49,10.59,168857877.0,1963625906.0,20525299238.0,0.00822681681967301,601899,紫金矿业
2023-02-16,10.57,10.59,10.24,10.32,133298984.0,1518834193.0,20525299238.0,0.006494374696044078,601899,紫金矿业
2023-02-17,10.39,10.7,10.36,10.4,156839795.0,1802517625.0,20525299238.0,0.007641291519376776,601899,紫金矿业
2023-02-20,10.45,10.71,10.42,10.7,168910196.0,1960868880.0,20525299238.0,0.00822936582026946,601899,紫金矿业
2023-02-21,10.76,11.21,10.73,11.1,263388056.0,3178377269.0,20525299238.0,0.012832361318872772,601899,紫金矿业
2023-02-22,11.01,11.15,10.89,10.94,144342540.0,1735658671.0,20525299238.0,0.007032420737270812,601899,紫金矿业
2023-02-23,10.94,11.03,10.83,10.94,83065313.0,990484716.0,20525299238.0,0.004046972082444238,601899,紫金矿业
2023-02-24,10.79,10.81,10.58,10.65,162573387.0,1893125538.0,20525299238.0,0.007920634194653586,601899,紫金矿业
2023-02-27,10.44,10.57,10.31,10.45,135699473.0,1547282422.0,20525299238.0,0.006611327388044583,601899,紫金矿业
2023-02-28,10.52,10.6,10.34,10.45,106019006.0,1212800782.0,20525299238.0,0.005165284304538625,601899,紫金矿业
2023-03-01,10.57,11.03,10.55,10.97,192370983.0,2282005159.0,20525299238.0,0.009372383845388691,601899,紫金矿业
2023-03-02,11.04,11.21,10.92,11.08,162166552.0,1965528682.0,20525299238.0,0.007900813046358375,601899,紫金矿业
2023-03-03,11.08,11.11,10.89,10.97,99356063.0,1189308862.0,20525299238.0,0.004840663312525782,601899,紫金矿业
2023-03-06,11.02,11.07,10.67,10.92,128029028.0,1516326777.0,20525299238.0,0.006237620534319442,601899,紫金矿业
2023-03-07,10.94,11.16,10.81,10.97,196536373.0,2371518722.0,20525299238.0,0.00957532315222658,601899,紫金矿业
2023-03-08,10.71,10.76,10.45,10.67,157851419.0,1833163668.0,20525299238.0,0.007690578206419423,601899,紫金矿业
2023-03-09,10.71,10.76,10.54,10.58,96441797.0,1117176939.0,20525299238.0,0.00469867921932413,601899,紫金矿业
2023-03-10,10.49,10.61,10.45,10.47,93161452.0,1069969724.0,20525299238.0,0.004538859624883,601899,紫金矿业
2023-03-13,10.69,11.17,10.68,11.13,250055940.0,3002805892.0,20525299238.0,0.01218281580699457,601899,紫金矿业
2023-03-14,11.3,11.53,10.99,11.01,215749155.0,2645455945.0,20525299238.0,0.010511376837837651,601899,紫金矿业
2023-03-15,11.0,11.01,10.81,10.82,136479127.0,1623018250.0,20525299238.0,0.006649312412816186,601899,紫金矿业
2023-03-16,10.62,10.72,10.4,10.43,231926620.0,2675243677.0,20525299238.0,0.011299548781759886,601899,紫金矿业
2023-03-17,10.52,10.7,10.36,10.49,171872537.0,1977050844.0,20525299238.0,0.008373692144853104,601899,紫金矿业
2023-03-20,10.74,10.89,10.68,10.8,165806656.0,1954092651.0,20525299238.0,0.008078160229353924,601899,紫金矿业
2023-03-21,10.8,10.89,10.64,10.82,111609459.0,1315342749.0,20525299238.0,0.005437653195982117,601899,紫金矿业
2023-03-22,10.72,10.89,10.67,10.75,119278038.0,1401494421.0,20525299238.0,0.005811269137512586,601899,紫金矿业
2023-03-23,10.82,11.15,10.75,11.11,201091345.0,2415200025.0,20525299238.0,0.00979724303496169,601899,紫金矿业
2023-03-24,11.17,11.17,10.96,10.99,117251488.0,1414079551.0,20525299238.0,0.00571253488879342,601899,紫金矿业
2023-03-27,10.99,11.05,10.74,10.98,123953844.0,1477826632.0,20525299238.0,0.006039076096416422,601899,紫金矿业
2023-03-28,10.98,11.11,10.88,10.99,107876553.0,1295667989.0,20525299238.0,0.005255784665993087,601899,紫金矿业
2023-03-29,11.1,11.3,10.98,10.99,109723903.0,1329468456.0,20525299238.0,0.005345788225920724,601899,紫金矿业
2023-03-30,11.02,11.21,10.92,11.21,150717840.0,1823963765.0,20525299238.0,0.007343027658323487,601899,紫金矿业
2023-03-31,11.25,11.4,11.21,11.34,158691034.0,1961371289.0,20525299238.0,0.0077314845527905185,601899,紫金矿业
2023-04-03,11.34,11.4,11.05,11.1,168677506.0,2056156606.0,20525299238.0,0.008218029079338093,601899,紫金矿业
2023-04-04,11.17,11.38,11.07,11.31,155954633.0,1911436455.0,20525299238.0,0.007598166106697713,601899,紫金矿业
2023-04-06,11.38,12.03,11.36,12.02,294272220.0,3804302884.0,20525299238.0,0.014337048955427268,601899,紫金矿业
2023-04-07,11.86,11.97,11.71,11.8,138168235.0,1783722640.0,20525299238.0,0.0067316063652898646,601899,紫金矿业
2023-04-10,11.71,12.01,11.59,11.88,116873407.0,1511031410.0,20525299238.0,0.005694114645774501,601899,紫金矿业
2023-04-11,11.88,12.3,11.75,12.29,225374558.0,2979279873.0,20525299238.0,0.010980329952157163,601899,紫金矿业
2023-04-12,12.25,12.59,12.19,12.4,185436762.0,2509011953.0,20525299238.0,0.009034546091132608,601899,紫金矿业
2023-04-13,12.36,12.62,12.12,12.27,158387217.0,2131877522.0,20525299238.0,0.007716682478702482,601899,紫金矿业
2023-04-14,12.58,12.81,12.53,12.76,210578014.0,2921463220.0,20525299238.0,0.010259436978640554,601899,紫金矿业
2023-04-17,12.43,12.84,12.34,12.73,163355709.0,2251982342.0,20525299238.0,0.007958749205349832,601899,紫金矿业
2023-04-18,12.7,12.86,12.59,12.69,123473848.0,1712913194.0,20525299238.0,0.006015690517749128,601899,紫金矿业
2023-04-19,12.73,12.91,12.66,12.73,115489075.0,1611809154.0,20525299238.0,0.005626669490215595,601899,紫金矿业
2023-04-20,12.63,12.65,12.19,12.44,205681007.0,2783818748.0,20525299238.0,0.010020853027039313,601899,紫金矿业
2023-04-21,12.47,12.51,12.17,12.17,129483400.0,1741387714.0,20525299238.0,0.006308478064002002,601899,紫金矿业
2023-04-24,12.13,12.29,11.52,11.62,244729896.0,3148770164.0,20525299238.0,0.011923329017630763,601899,紫金矿业
2023-04-25,11.75,11.97,11.6,11.79,181595737.0,2332637151.0,20525299238.0,0.008847409964372086,601899,紫金矿业
2023-04-26,11.59,11.73,11.42,11.51,169260872.0,2133008370.0,20525299238.0,0.008246450881779832,601899,紫金矿业
2023-04-27,11.43,11.93,11.37,11.74,177955680.0,2271307178.0,20525299238.0,0.00867006507123353,601899,紫金矿业
2023-04-28,11.49,11.88,11.49,11.75,145362116.0,1862171128.0,20525299238.0,0.007082094848628584,601899,紫金矿业
2023-05-04,12.13,12.25,11.75,11.84,211489221.0,2759858587.0,20525299238.0,0.010303831313136445,601899,紫金矿业
2023-05-05,11.93,12.03,11.4,11.52,187067529.0,2369427897.0,20525299238.0,0.009113997648992522,601899,紫金矿业
2023-05-08,11.43,11.66,11.27,11.59,147503510.0,1855566188.0,20525299238.0,0.007186424338550732,601899,紫金矿业
2023-05-09,11.6,11.6,11.16,11.21,171466059.0,2122541129.0,20525299238.0,0.008353888389726968,601899,紫金矿业
2023-05-10,11.28,11.37,11.02,11.06,124335355.0,1515467086.0,20525299238.0,0.006057663450275492,601899,紫金矿业
2023-05-11,11.02,11.07,10.62,10.69,186931676.0,2195055674.0,20525299238.0,0.009107378841713528,601899,紫金矿业
2023-05-12,10.44,10.45,9.99,10.05,338569980.0,3753418798.0,20525299238.0,0.016495251838919863,601899,紫金矿业
2023-05-15,10.05,10.25,9.76,10.17,235775700.0,2585029803.0,20525299238.0,0.01148707735103277,601899,紫金矿业
2023-05-16,10.12,10.45,10.07,10.3,206495633.0,2324659917.0,20525299238.0,0.010060541900295388,601899,紫金矿业
2023-05-17,10.11,10.25,10.01,10.07,130722931.0,1444290354.0,20525299238.0,0.006368868462486676,601899,紫金矿业
2023-05-18,10.23,10.32,10.08,10.16,138468681.0,1543914207.0,20525299238.0,0.006746244203039082,601899,紫金矿业
2023-05-19,9.94,10.1,9.8,9.97,205289952.0,2228604261.0,20525299238.0,0.010001800686049516,601899,紫金矿业
2023-05-22,9.98,10.07,9.9,9.98,99725436.0,1087424849.0,20525299238.0,0.0048586592986362385,601899,紫金矿业
2023-05-23,9.96,10.02,9.77,9.77,126921865.0,1361389537.0,20525299238.0,0.006183679152653726,601899,紫金矿业
2023-05-24,9.72,9.91,9.62,9.79,128497770.0,1376146041.0,20525299238.0,0.006260457814037741,601899,紫金矿业
2023-05-25,9.72,9.72,9.5,9.63,148254167.0,1553157377.0,20525299238.0,0.007222996618998184,601899,紫金矿业
2023-05-26,9.57,9.95,9.51,9.89,128083399.0,1367316402.0,20525299238.0,0.006240269509097814,601899,紫金矿业
2023-05-29,9.91,9.96,9.8,9.89,115787493.0,1249777588.0,20525299238.0,0.0056412085230715696,601899,紫金矿业
2023-05-30,9.88,9.95,9.71,9.8,118788486.0,1273962446.0,20525299238.0,0.0057874179870702255,601899,紫金矿业
2023-05-31,9.84,9.95,9.71,9.79,124179454.0,1332813547.0,20525299238.0,0.006050067897187946,601899,紫金矿业
2023-06-01,9.82,10.28,9.78,10.12,220497810.0,2431831429.0,20525299238.0,0.010742733026360763,601899,紫金矿业
2023-06-02,10.23,10.64,10.23,10.61,267583940.0,3071508967.0,20525299238.0,0.01303678630441607,601899,紫金矿业
2023-06-05,10.45,10.45,10.2,10.33,167579066.0,1884615625.0,20525299238.0,0.008164512685386264,601899,紫金矿业
2023-06-06,10.42,10.67,10.38,10.43,168797874.0,1940115545.0,20525299238.0,0.008223893451818332,601899,紫金矿业
2023-06-07,10.49,10.62,10.4,10.44,110395819.0,1267421318.0,20525299238.0,0.005378524216378589,601899,紫金矿业
2023-06-08,10.33,10.59,10.22,10.55,117954964.0,1346032614.0,20525299238.0,0.005746808493862115,601899,紫金矿业
2023-06-09,10.7,10.88,10.55,10.72,150815129.0,1754620086.0,20525299238.0,0.007347767613579286,601899,紫金矿业
2023-06-12,10.61,10.64,10.42,10.57,136545790.0,1572107109.0,20525299238.0,0.0066525602582788515,601899,紫金矿业
2023-06-13,10.52,10.64,10.45,10.62,88581336.0,1021045511.0,20525299238.0,0.004315714717376828,601899,紫金矿业
2023-06-14,10.71,10.99,10.71,10.88,196690302.0,2340740619.0,20525299238.0,0.009582822628761131,601899,紫金矿业
2023-06-15,10.88,11.02,10.63,10.99,145484376.0,1697224236.0,20525299238.0,0.0070880514000328946,601899,紫金矿业
2023-06-16,11.03,11.43,11.02,11.2,180454160.0,2181097716.0,20525299238.0,0.008791791920183648,601899,紫金矿业
2023-06-19,11.2,11.25,10.9,11.0,148234676.0,1748223931.0,20525299238.0,0.00722204701043102,601899,紫金矿业
2023-06-20,10.98,11.04,10.79,10.95,92657207.0,1089373378.0,20525299238.0,0.00451429262616824,601899,紫金矿业
2023-06-21,10.8,11.03,10.75,10.77,84114400.0,983109005.0,20525299238.0,0.0040980839803920035,601899,紫金矿业
2023-06-26,10.73,10.85,10.64,10.7,79180144.0,912614624.0,20525299238.0,0.003857685244043018,601899,紫金矿业
2023-06-27,10.66,10.92,10.5,10.89,102267126.0,1183301063.0,20525299238.0,0.004982491354409359,601899,紫金矿业
2023-06-28,10.79,10.92,10.73,10.86,73042283.0,848689369.0,20525299238.0,0.003558646436918758,601899,紫金矿业
2023-06-29,10.81,10.86,10.55,10.57,94829276.0,1082828354.0,20525299238.0,0.004620116613181238,601899,紫金矿业
2023-06-30,10.61,10.73,10.48,10.59,66313367.0,756138025.0,20525299238.0,0.0032308112164927258,601899,紫金矿业
2023-07-03,10.71,11.2,10.7,11.11,171518591.0,2037155959.0,20525299238.0,0.008356447767760433,601899,紫金矿业
2023-07-04,11.15,11.17,10.93,10.99,107427130.0,1267639365.0,20525299238.0,0.005233888614939763,601899,紫金矿业
2023-07-05,10.97,11.08,10.92,10.99,71207528.0,840514440.0,20525299238.0,0.0034692565099449686,601899,紫金矿业
2023-07-06,10.9,10.94,10.73,10.81,76833555.0,891638839.0,20525299238.0,0.003743358579530591,601899,紫金矿业
2023-07-07,10.72,10.91,10.5,10.75,125582984.0,1442386664.0,20525299238.0,0.006118448386248078,601899,紫金矿业
2023-07-10,10.78,10.95,10.69,10.75,80589768.0,935831992.0,20525299238.0,0.003926362634986496,601899,紫金矿业
2023-07-11,10.9,11.13,10.88,11.02,121686578.0,1437145246.0,20525299238.0,0.005928614077144009,601899,紫金矿业
2023-07-12,11.02,11.22,10.96,11.13,187653141.0,2243047027.0,20525299238.0,0.009142528877366324,601899,紫金矿业
2023-07-13,11.53,11.88,11.53,11.66,289777576.0,3643040704.0,20525299238.0,0.014118068274664343,601899,紫金矿业
2023-07-14,11.87,11.92,11.7,11.71,127187184.0,1608069170.0,20525299238.0,0.00619660559026243,601899,紫金矿业
2023-07-17,11.62,11.64,11.45,11.49,86362787.0,1069695816.0,20525299238.0,0.004207626207958528,601899,紫金矿业
2023-07-18,11.49,11.67,11.42,11.55,68098977.0,845908312.0,20525299238.0,0.0033178067812976554,601899,紫金矿业
2023-07-19,11.7,11.79,11.59,11.72,103886841.0,1304436929.0,20525299238.0,0.005061404454833313,601899,紫金矿业
2023-07-20,11.68,11.92,11.66,11.74,98663315.0,1251621301.0,20525299238.0,0.004806912379495902,601899,紫金矿业
2023-07-21,11.69,11.81,11.63,11.67,70515847.0,887056620.0,20525299238.0,0.003435557561540872,601899,紫金矿业
2023-07-24,11.56,11.75,11.53,11.57,57319982.0,715170937.0,20525299238.0,0.0027926502476455636,601899,紫金矿业
2023-07-25,11.77,12.2,11.77,12.05,175567357.0,2270880546.0,20525299238.0,0.008553705111151763,601899,紫金矿业
2023-07-26,12.07,12.18,11.99,12.17,89449527.0,1161974129.0,20525299238.0,0.004358013296799858,601899,紫金矿业
2023-07-27,12.17,12.2,11.95,11.99,76066981.0,986230626.0,20525299238.0,0.003706010817088191,601899,紫金矿业
2023-07-28,11.79,11.96,11.69,11.91,145064577.0,1840514413.0,20525299238.0,0.00706759864097042,601899,紫金矿业
2023-07-31,12.1,12.27,12.06,12.11,116713079.0,1524225381.0,20525299238.0,0.005686303407646329,601899,紫金矿业
2023-08-01,12.36,12.51,12.11,12.15,120142346.0,1584776007.0,20525299238.0,0.005853378535771679,601899,紫金矿业
2023-08-02,11.94,12.07,11.89,11.97,83936798.0,1078483438.0,20525299238.0,0.004089431146738247,601899,紫金矿业
2023-08-03,11.87,11.92,11.73,11.86,109846621.0,1394928275.0,20525299238.0,0.005351767091250628,601899,紫金矿业
2023-08-04,11.97,12.1,11.9,11.97,78105281.0,1007042200.0,20525299238.0,0.0038053175300556854,601899,紫金矿业
2023-08-07,11.9,11.99,11.85,11.97,44623088.0,572241706.0,20525299238.0,0.002174052981278148,601899,紫金矿业
2023-08-08,11.97,12.23,11.86,12.13,111902027.0,1455326074.0,20525299238.0,0.005451907214722967,601899,紫金矿业
2023-08-09,12.01,12.09,11.86,11.98,84007485.0,1079691460.0,20525299238.0,0.0040928750429358295,601899,紫金矿业
2023-08-10,11.92,11.99,11.82,11.85,70330322.0,897239230.0,20525299238.0,0.003426518716462476,601899,紫金矿业
2023-08-11,11.87,11.95,11.58,11.64,93182422.0,1172097978.0,20525299238.0,0.00453988129086491,601899,紫金矿业
2023-08-14,11.54,11.56,11.31,11.47,131024479.0,1612319538.0,20525299238.0,0.006383559990074333,601899,紫金矿业
2023-08-15,11.49,11.57,11.32,11.47,68007984.0,835672641.0,20525299238.0,0.0033133735694382375,601899,紫金矿业
2023-08-16,11.34,11.41,11.25,11.35,74573738.0,907904341.0,20525299238.0,0.0036332594782314373,601899,紫金矿业
2023-08-17,11.23,11.49,11.02,11.44,101796875.0,1234023155.0,20525299238.0,0.004959580555665466,601899,紫金矿业
2023-08-18,11.44,11.57,11.22,11.25,76821225.0,939366605.0,20525299238.0,0.0037427578574725576,601899,紫金矿业
2023-08-21,11.25,11.34,11.16,11.16,75479962.0,910248452.0,20525299238.0,0.003677411039165674,601899,紫金矿业
2023-08-22,11.25,11.62,11.25,11.56,165777633.0,2045267562.0,20525299238.0,0.008076746218300372,601899,紫金矿业
2023-08-23,11.59,11.63,11.29,11.33,126975644.0,1557000098.0,20525299238.0,0.006186299284978054,601899,紫金矿业
2023-08-24,11.59,11.78,11.5,11.63,138872628.0,1736015214.0,20525299238.0,0.00676592464693011,601899,紫金矿业
2023-08-25,11.55,11.59,11.31,11.45,127145799.0,1563198558.0,20525299238.0,0.006194589298099275,601899,紫金矿业
2023-08-28,12.03,12.08,11.23,11.3,203852109.0,2505833265.0,20525299238.0,0.00993174845522318,601899,紫金矿业
2023-08-29,11.28,11.52,11.21,11.25,140982272.0,1719289961.0,20525299238.0,0.006868707265372732,601899,紫金矿业
2023-08-30,11.41,11.68,11.38,11.59,159470560.0,1978837053.0,20525299238.0,0.007769463341355842,601899,紫金矿业
2023-08-31,11.63,11.73,11.49,11.51,82969987.0,1031632503.0,20525299238.0,0.0040423277652581815,601899,紫金矿业
2023-09-01,11.54,12.01,11.52,11.92,143485185.0,1825917256.0,20525299238.0,0.006990650091685645,601899,紫金矿业
2023-09-04,12.06,12.57,12.06,12.29,188698652.0,2493402696.0,20525299238.0,0.009193466551301151,601899,紫金矿业
2023-09-05,12.2,12.3,12.08,12.24,80427855.0,1051883313.0,20525299238.0,0.003918474175085252,601899,紫金矿业
2023-09-06,12.12,12.27,12.04,12.16,72466469.0,946999081.0,20525299238.0,0.0035305925706475196,601899,紫金矿业
2023-09-07,12.05,12.21,12.01,12.11,72247716.0,941296012.0,20525299238.0,0.0035199348453952123,601899,紫金矿业
2023-09-08,12.11,12.2,11.93,11.99,55492369.0,716285758.0,20525299238.0,0.002703608281494035,601899,紫金矿业
2023-09-11,11.99,12.24,11.94,12.11,87787035.0,1141585554.0,20525299238.0,0.004277016085469458,601899,紫金矿业
2023-09-12,12.11,12.19,11.92,11.96,84410056.0,1088460259.0,20525299238.0,0.00411248844760935,601899,紫金矿业
2023-09-13,11.9,12.09,11.88,11.96,87054305.0,1118569961.0,20525299238.0,0.00424131721494369,601899,紫金矿业
2023-09-14,12.01,12.2,11.96,12.09,152218542.0,1978039447.0,20525299238.0,0.007416142402357116,601899,紫金矿业
2023-09-15,12.28,12.5,12.16,12.24,173231399.0,2293010436.0,20525299238.0,0.00843989639280308,601899,紫金矿业
2023-09-18,12.18,12.18,12.0,12.17,105742734.0,1373023886.0,20525299238.0,0.005151824232809755,601899,紫金矿业
2023-09-19,12.11,12.34,12.09,12.26,108154112.0,1423466929.0,20525299238.0,0.005269307440827285,601899,紫金矿业
2023-09-20,12.2,12.37,12.14,12.34,90314021.0,1192683790.0,20525299238.0,0.004400131757046202,601899,紫金矿业
2023-09-21,12.2,12.29,12.09,12.19,96166185.0,1258503964.0,20525299238.0,0.004685251303033889,601899,紫金矿业
2023-09-22,12.06,12.09,11.81,12.04,186231640.0,2383603518.0,20525299238.0,0.0090732728346886,601899,紫金矿业
2023-09-25,11.99,12.1,11.86,11.88,115655415.0,1484110322.0,20525299238.0,0.005634773635157465,601899,紫金矿业
2023-09-26,11.82,11.87,11.63,11.78,128915086.0,1627524477.0,20525299238.0,0.006280789600442462,601899,紫金矿业
2023-09-27,11.78,11.81,11.53,11.56,133613484.0,1666206857.0,20525299238.0,0.006509697249754659,601899,紫金矿业
2023-09-28,11.56,11.66,11.23,11.29,149985684.0,1827180750.0,20525299238.0,0.0073073567532852554,601899,紫金矿业
2023-10-09,11.09,11.41,10.93,11.36,122116683.0,1471766812.0,20525299238.0,0.005949568948252719,601899,紫金矿业
2023-10-10,11.43,11.56,11.36,11.38,68398356.0,839634890.0,20525299238.0,0.0033323926344210894,601899,紫金矿业
2023-10-11,11.45,11.46,11.16,11.29,85168723.0,1030641326.0,20525299238.0,0.004149450978152896,601899,紫金矿业
2023-10-12,11.43,11.51,11.34,11.44,70314506.0,862664147.0,20525299238.0,0.003425748155224045,601899,紫金矿业
2023-10-13,11.29,11.31,11.17,11.19,66449566.0,800676293.0,20525299238.0,0.0032374468810168196,601899,紫金矿业
2023-10-16,11.41,11.43,11.27,11.3,94815422.0,1156057633.0,20525299238.0,0.004619441641292187,601899,紫金矿业
2023-10-17,11.29,11.3,11.16,11.23,80051798.0,964979088.0,20525299238.0,0.00390015254207813,601899,紫金矿业
2023-10-18,11.26,11.29,11.14,11.16,73584741.0,886160394.0,20525299238.0,0.003585075186809805,601899,紫金矿业
2023-10-19,11.13,11.16,10.94,10.96,98618747.0,1167806409.0,20525299238.0,0.004804741010421902,601899,紫金矿业
2023-10-20,11.01,11.11,10.79,10.85,79552087.0,932493226.0,20525299238.0,0.0038758064414826827,601899,紫金矿业
2023-10-23,10.78,10.86,10.55,10.66,85800104.0,985685575.0,20525299238.0,0.004180212088754932,601899,紫金矿业
2023-10-24,10.75,11.02,10.74,10.94,119694433.0,1396287628.0,20525299238.0,0.0058315560524643106,601899,紫金矿业
2023-10-25,11.21,11.46,11.21,11.25,129416820.0,1575510361.0,20525299238.0,0.006305234262329345,601899,紫金矿业
2023-10-26,11.17,11.28,11.06,11.25,74025968.0,887984382.0,20525299238.0,0.0036065719257797843,601899,紫金矿业
2023-10-27,11.16,11.32,11.13,11.18,92836222.0,1118062157.0,20525299238.0,0.004523014301692881,601899,紫金矿业
2023-10-30,11.36,11.81,11.35,11.56,180159501.0,2233732784.0,20525299238.0,0.008777436027166777,601899,紫金矿业
2023-10-31,11.55,11.6,11.43,11.58,75169604.0,929308103.0,20525299238.0,0.003662290285192674,601899,紫金矿业
2023-11-01,11.47,11.5,11.3,11.36,93872097.0,1145423054.0,20525299238.0,0.004573482506223718,601899,紫金矿业
2023-11-02,11.5,11.62,11.36,11.37,91383818.0,1128790483.0,20525299238.0,0.004452252653681872,601899,紫金矿业
2023-11-03,11.38,11.45,11.27,11.33,81585921.0,992620604.0,20525299238.0,0.003974895569315451,601899,紫金矿业
2023-11-06,11.34,11.36,11.05,11.11,144313303.0,1725547500.0,20525299238.0,0.007030996300059886,601899,紫金矿业
2023-11-07,11.06,11.2,10.91,11.18,91670061.0,1090796540.0,20525299238.0,0.004466198516135856,601899,紫金矿业
2023-11-08,11.06,11.13,10.91,11.01,113321587.0,1340004024.0,20525299238.0,0.005521068691178903,601899,紫金矿业
2023-11-09,10.89,11.08,10.89,11.06,77642269.0,918449508.0,20525299238.0,0.003782759418009124,601899,紫金矿业
2023-11-10,11.02,11.04,10.91,10.97,43771753.0,515193193.0,20525299238.0,0.002132575632269571,601899,紫金矿业
2023-11-13,10.98,11.11,10.92,11.08,55328036.0,654865236.0,20525299238.0,0.0026956019183178156,601899,紫金矿业
2023-11-14,11.13,11.16,11.0,11.04,49533264.0,587725506.0,20525299238.0,0.002413278531320772,601899,紫金矿业
2023-11-15,11.39,11.39,11.11,11.17,100819208.0,1214529081.0,20525299238.0,0.004911948265940306,601899,紫金矿业
2023-11-16,11.15,11.2,11.03,11.15,72428050.0,864811238.0,20525299238.0,0.003528720783076751,601899,紫金矿业
2023-11-17,11.16,11.19,11.05,11.15,56250453.0,670740302.0,20525299238.0,0.0027405424080667916,601899,紫金矿业
2023-11-20,11.14,11.15,10.96,11.04,67797583.0,804255270.0,20525299238.0,0.0033031227566456783,601899,紫金矿业
2023-11-21,11.14,11.37,11.09,11.3,146698506.0,1779892323.0,20525299238.0,0.007147204252613586,601899,紫金矿业
2023-11-22,11.3,11.3,11.1,11.13,62734020.0,753600457.0,20525299238.0,0.00305642413650447,601899,紫金矿业
2023-11-23,11.12,11.17,11.01,11.16,55954963.0,665698869.0,20525299238.0,0.0027261460284294637,601899,紫金矿业
2023-11-24,11.15,11.16,11.02,11.03,51770983.0,615768319.0,20525299238.0,0.0025223010100701754,601899,紫金矿业
2023-11-27,11.04,11.2,10.92,11.05,57775499.0,685011611.0,20525299238.0,0.0028148432005822336,601899,紫金矿业
2023-11-28,11.04,11.08,10.9,11.07,62640831.0,739510570.0,20525299238.0,0.0030518839347310664,601899,紫金矿业
2023-11-29,11.26,11.36,11.25,11.31,169653492.0,2061141702.0,20525299238.0,0.008265579470135469,601899,紫金矿业
2023-11-30,11.3,11.43,11.24,11.34,116747513.0,1421931900.0,20525299238.0,0.005687981044576282,601899,紫金矿业
2023-12-01,11.31,11.36,11.14,11.21,101753675.0,1228288083.0,20525299238.0,0.004957475836046079,601899,紫金矿业
2023-12-04,11.59,11.82,11.53,11.55,229119485.0,2865128223.0,20525299238.0,0.011162784149612503,601899,紫金矿业
2023-12-05,11.29,11.32,11.1,11.13,158484060.0,1905395189.0,20525299238.0,0.007721400704677025,601899,紫金矿业
2023-12-06,11.02,11.25,10.94,11.17,110464022.0,1321048903.0,20525299238.0,0.005381847091198057,601899,紫金矿业
2023-12-07,11.08,11.1,10.94,10.99,108883301.0,1285326253.0,20525299238.0,0.005304833792552769,601899,紫金矿业
2023-12-08,11.0,11.02,10.85,10.87,118281121.0,1383385684.0,20526081338.0,0.005762479406189714,601899,紫金矿业
2023-12-11,10.79,10.92,10.6,10.87,111213214.0,1285375457.0,20526081338.0,0.005418141542395168,601899,紫金矿业
2023-12-12,10.77,10.83,10.67,10.82,89300708.0,1030115693.0,20526081338.0,0.004350597005317197,601899,紫金矿业
2023-12-13,10.75,10.81,10.65,10.65,85644343.0,987071611.0,20526081338.0,0.004172464368123026,601899,紫金矿业
2023-12-14,10.99,11.02,10.67,10.69,135531561.0,1572792098.0,20526081338.0,0.006602895056695015,601899,紫金矿业
2023-12-15,10.8,11.15,10.8,10.89,204753292.0,2415721668.0,20526081338.0,0.009975274317019273,601899,紫金矿业
2023-12-18,10.84,11.03,10.78,10.97,73733359.0,867805169.0,20526081338.0,0.0035921790324145893,601899,紫金矿业
2023-12-19,10.95,11.02,10.85,10.99,59946318.0,704972690.0,20526081338.0,0.0029204950040328053,601899,紫金矿业
2023-12-20,11.1,11.29,11.04,11.19,165592823.0,1992734597.0,20526081338.0,0.008067434805173333,601899,紫金矿业
2023-12-21,11.12,11.26,11.07,11.24,108702830.0,1304679471.0,20526081338.0,0.005295839386486212,601899,紫金矿业
2023-12-22,11.31,11.34,11.16,11.3,127206298.0,1540207671.0,20526081338.0,0.006197300688100781,601899,紫金矿业
2023-12-25,11.25,11.44,11.23,11.43,85968431.0,1045070555.0,20526081338.0,0.004188253451029952,601899,紫金矿业
2023-12-26,11.41,11.48,11.36,11.39,74621667.0,910846708.0,20526081338.0,0.003635456070314438,601899,紫金矿业
2023-12-27,11.44,11.61,11.4,11.59,125564716.0,1548586309.0,20526081338.0,0.006117325266929623,601899,紫金矿业
2023-12-28,11.68,11.85,11.51,11.55,185718401.0,2312289057.0,20526081338.0,0.009047922881226186,601899,紫金矿业
2023-12-29,11.47,11.67,11.47,11.65,121461541.0,1506071319.0,20526081338.0,0.0059174247144357685,601899,紫金矿业
2024-01-02,11.6,11.84,11.58,11.68,113316938.0,1418264969.0,20526081338.0,0.005520631830987437,601899,紫金矿业
2024-01-03,11.62,11.77,11.58,11.72,76049148.0,951970406.0,20526081338.0,0.0037050008108079533,601899,紫金矿业
2024-01-04,11.62,11.71,11.58,11.7,99822517.0,1242764335.0,20526081338.0,0.00486320381159156,601899,紫金矿业
2024-01-05,11.65,11.86,11.57,11.66,109752652.0,1377692738.0,20526081338.0,0.005346985145031778,601899,紫金矿业
2024-01-08,11.65,11.72,11.47,11.5,91581562.0,1131732817.0,20526081338.0,0.0044617168027320814,601899,紫金矿业
2024-01-09,11.51,11.64,11.48,11.62,94179782.0,1166609534.0,20526081338.0,0.004588298197262069,601899,紫金矿业
2024-01-10,11.53,11.63,11.48,11.48,63262795.0,780721482.0,20526081338.0,0.0030820688059381984,601899,紫金矿业
2024-01-11,11.51,11.52,11.3,11.35,96780156.0,1179075752.0,20526081338.0,0.004714984531452216,601899,紫金矿业
2024-01-12,11.29,11.46,11.27,11.41,76433877.0,930414485.0,20526081338.0,0.0037237442325875284,601899,紫金矿业
2024-01-15,11.38,11.46,11.27,11.33,49632551.0,603042874.0,20526081338.0,0.002418023693013196,601899,紫金矿业
2024-01-16,11.28,11.47,11.28,11.4,80436459.0,978561026.0,20526081338.0,0.003918744044489764,601899,紫金矿业
2024-01-17,11.3,11.34,10.94,10.94,140735055.0,1671092719.0,20526081338.0,0.006856401506090534,601899,紫金矿业
2024-01-18,10.9,11.16,10.66,11.07,166379121.0,1935251850.0,20526081338.0,0.008105742068359722,601899,紫金矿业
2024-01-19,11.01,11.19,10.89,11.15,123795036.0,1468955722.0,20526081338.0,0.006031109102681858,601899,紫金矿业
2024-01-22,11.11,11.16,10.8,10.92,145354976.0,1710510980.0,20526081338.0,0.007081477151262373,601899,紫金矿业
2024-01-23,10.86,10.92,10.48,10.79,169491744.0,1940940579.0,20526081338.0,0.008257384408110056,601899,紫金矿业
2024-01-24,10.86,10.99,10.69,10.96,105940754.0,1229718058.0,20526081338.0,0.005161275172571374,601899,紫金矿业
2024-01-25,11.05,11.27,11.02,11.27,127482289.0,1522375802.0,20526081338.0,0.006210746557064043,601899,紫金矿业
2024-01-26,11.31,11.48,11.2,11.43,124521021.0,1516091358.0,20526081338.0,0.006066478006665298,601899,紫金矿业
2024-01-29,11.44,11.55,11.41,11.44,84753628.0,1040554942.0,20526081338.0,0.004129070064781208,601899,紫金矿业
2024-01-30,11.39,11.5,11.28,11.39,106355676.0,1296846927.0,20526081338.0,0.0051814895521778625,601899,紫金矿业
2024-01-31,11.33,11.44,11.25,11.26,109897920.0,1333498982.0,20526081338.0,0.005354062384842334,601899,紫金矿业
2024-02-01,11.22,11.47,11.13,11.34,108409521.0,1313469936.0,20526081338.0,0.005281549810450235,601899,紫金矿业
2024-02-02,11.41,11.54,11.11,11.25,139010279.0,1693724843.0,20556293036.0,0.0067624196034057745,601899,紫金矿业
2024-02-05,11.29,11.48,11.18,11.37,171075963.0,2074493835.0,20556293036.0,0.008322315832937225,601899,紫金矿业
2024-02-06,11.34,11.58,11.26,11.4,202093771.0,2464896610.0,20556293036.0,0.009831236140002262,601899,紫金矿业
2024-02-07,11.4,11.5,11.26,11.45,215806989.0,2628884527.0,20556293036.0,0.01049834173029445,601899,紫金矿业
2024-02-08,11.44,11.71,11.43,11.69,191109271.0,2365281337.0,20556293036.0,0.009296874230451595,601899,紫金矿业
2024-02-19,11.7,12.02,11.59,12.01,188654642.0,2393625732.0,20556293036.0,0.00917746413079495,601899,紫金矿业
2024-02-20,11.97,12.32,11.89,12.25,137078328.0,1790347206.0,20556293036.0,0.0066684361698841465,601899,紫金矿业
2024-02-21,12.21,12.43,12.16,12.2,153987034.0,2029310533.0,20556293036.0,0.007490992355981902,601899,紫金矿业
2024-02-22,12.24,12.42,12.17,12.4,112739991.0,1484391737.0,20556293036.0,0.005484451442804388,601899,紫金矿业
2024-02-23,12.39,12.79,12.34,12.62,137726096.0,1857150077.0,20556293036.0,0.006699948077155831,601899,紫金矿业
2024-02-26,12.63,12.73,12.24,12.3,146004515.0,1940973998.0,20556293036.0,0.0071026675259154935,601899,紫金矿业
2024-02-27,12.21,12.41,12.16,12.3,136491393.0,1791457395.0,20556293036.0,0.0066398835996823065,601899,紫金矿业
2024-02-28,12.3,12.31,12.13,12.16,109335806.0,1429626558.0,20556293036.0,0.0053188483842160385,601899,紫金矿业
2024-02-29,12.17,12.34,12.12,12.26,108124101.0,1410959457.0,20556293036.0,0.005259902688225134,601899,紫金矿业
2024-03-01,12.21,12.49,12.16,12.39,117846665.0,1552005622.0,20556293036.0,0.005732875319184081,601899,紫金矿业
2024-03-04,12.59,12.73,12.49,12.59,131400110.0,1769842794.0,20556293036.0,0.006392208447791657,601899,紫金矿业
2024-03-05,12.72,13.06,12.71,12.95,196087650.0,2710355633.0,20556293036.0,0.009539056952369474,601899,紫金矿业
2024-03-06,12.95,13.43,12.94,13.28,201787689.0,2854602325.0,20556293036.0,0.009816346198539374,601899,紫金矿业
2024-03-07,13.45,13.99,13.34,13.77,237493563.0,3490560849.0,20556293036.0,0.0115533263990779,601899,紫金矿业
2024-03-08,13.93,13.96,13.59,13.92,169234965.0,2495033636.0,20556293036.0,0.008232756981213526,601899,紫金矿业
2024-03-11,14.03,14.07,13.67,13.89,153666334.0,2272630522.0,20556293036.0,0.00747539129408624,601899,紫金矿业
2024-03-12,13.79,13.86,13.35,13.43,204275442.0,2953248652.0,20556293036.0,0.00993736767822169,601899,紫金矿业
2024-03-13,13.32,13.8,13.26,13.74,145451986.0,2110554047.0,20556293036.0,0.007075788701069381,601899,紫金矿业
2024-03-14,14.26,14.75,14.26,14.39,271917472.0,4216534925.0,20556293036.0,0.013227942972198054,601899,紫金矿业
2024-03-15,14.32,15.07,14.31,14.92,223316308.0,3509902917.0,20556293036.0,0.01086364684570845,601899,紫金矿业
2024-03-18,14.93,15.11,14.57,14.75,230329695.0,3633999462.0,20556293036.0,0.011204826405063708,601899,紫金矿业
2024-03-19,14.68,14.89,14.49,14.52,161899947.0,2543787075.0,20556293036.0,0.007875931069695615,601899,紫金矿业
2024-03-20,14.35,14.6,14.21,14.5,177110050.0,2723258799.0,20556293036.0,0.00861585547986834,601899,紫金矿业
2024-03-21,14.88,15.08,14.59,14.6,199623701.0,3151230650.0,20556293036.0,0.009711074883511405,601899,紫金矿业
2024-03-22,14.39,14.51,14.18,14.39,177112121.0,2717488083.0,20556293036.0,0.008615956227605122,601899,紫金矿业
2024-03-25,14.38,14.83,14.31,14.72,164527564.0,2580594446.0,20556293036.0,0.008003756499864288,601899,紫金矿业
2024-03-26,14.75,14.79,14.33,14.52,132797874.0,2057986264.0,20556293036.0,0.006460205337967921,601899,紫金矿业
2024-03-27,14.46,14.86,14.44,14.7,156142161.0,2459520729.0,20556293036.0,0.007595832610799527,601899,紫金矿业
2024-03-28,14.63,15.13,14.52,15.05,188868882.0,3013540981.0,20556293036.0,0.009187886243362852,601899,紫金矿业
2024-03-29,15.33,15.77,15.24,15.73,209564474.0,3491214365.0,20556293036.0,0.010194662706597545,601899,紫金矿业
2024-04-01,16.12,16.26,15.61,15.77,207614091.0,3527137250.0,20556293036.0,0.010099782613353868,601899,紫金矿业
2024-04-02,15.85,16.04,15.67,15.85,133763881.0,2265617998.0,20556293036.0,0.00650719858710619,601899,紫金矿业
2024-04-03,16.07,16.5,15.88,16.37,238086948.0,4121388638.0,20556293036.0,0.011582192741806174,601899,紫金矿业
2024-04-08,16.5,16.99,16.11,16.18,312711908.0,5555680584.0,20556293036.0,0.015212465956403288,601899,紫金矿业
2024-04-09,16.1,16.27,15.83,15.9,201583611.0,3447848187.0,20556293036.0,0.009806418435803039,601899,紫金矿业
2024-04-10,16.03,16.97,16.03,16.82,264269860.0,4685400744.0,20556293036.0,0.012855910330582816,601899,紫金矿业
2024-04-11,16.38,17.32,16.35,16.82,256576582.0,4620626247.0,20556293036.0,0.012481656179480433,601899,紫金矿业
2024-04-12,17.28,17.37,16.81,17.19,233781929.0,4289461428.0,20556293036.0,0.011372766898709821,601899,紫金矿业
2024-04-15,16.64,17.35,16.62,17.26,238595623.0,4327726049.0,20556293036.0,0.011606938205353962,601899,紫金矿业
2024-04-16,17.26,17.42,16.73,16.77,208220527.0,3791491593.0,20556293036.0,0.010129283846817409,601899,紫金矿业
2024-04-17,16.75,16.97,16.44,16.9,215427958.0,3853775926.0,20556293036.0,0.010479903045881058,601899,紫金矿业
2024-04-18,16.75,17.34,16.7,17.27,200597370.0,3665579379.0,20556293036.0,0.009758440865222933,601899,紫金矿业
2024-04-19,17.35,18.07,17.2,17.42,265311852.0,4990039164.0,20556293036.0,0.012906600014670077,601899,紫金矿业
2024-04-22,17.64,17.77,16.6,16.64,267730371.0,4889599625.0,20556293036.0,0.013024253474647734,601899,紫金矿业
2024-04-23,16.28,16.5,15.9,15.93,320100041.0,5522404560.0,20556293036.0,0.015571875748191197,601899,紫金矿业
2024-04-24,15.93,16.45,15.93,16.4,211374281.0,3671334960.0,20556293036.0,0.010282704212759695,601899,紫金矿业
2024-04-25,16.2,16.42,15.98,16.27,142950969.0,2475547327.0,20556293036.0,0.00695412196886139,601899,紫金矿业
2024-04-26,16.44,17.18,16.28,17.08,266128445.0,4799432002.0,20556293036.0,0.012946324735395254,601899,紫金矿业
2024-04-29,16.95,16.95,16.26,16.51,225298735.0,4005052725.0,20556293036.0,0.010960085780322206,601899,紫金矿业
2024-04-30,16.76,16.89,16.41,16.47,169466708.0,3018725384.0,20556293036.0,0.008244030560530292,601899,紫金矿业
2024-05-06,16.19,16.42,15.73,16.38,260634802.0,4487638406.0,20556293036.0,0.012679076015483593,601899,紫金矿业
2024-05-07,16.47,16.74,16.26,16.32,152394077.0,2684017066.0,20556293036.0,0.007413499930805326,601899,紫金矿业
2024-05-08,16.18,16.53,15.9,16.32,132403984.0,2300504674.0,20556293036.0,0.006441043809218054,601899,紫金矿业
2024-05-09,16.16,16.75,16.16,16.56,146586763.0,2587027544.0,20556293036.0,0.007130992088081459,601899,紫金矿业
2024-05-10,16.92,17.09,16.62,17.05,206140807.0,3722450388.0,20556293036.0,0.010028111909038656,601899,紫金矿业
2024-05-13,16.83,17.15,16.67,17.0,140858971.0,2546450263.0,20556293036.0,0.0068523527444036385,601899,紫金矿业
2024-05-14,17.16,17.5,17.06,17.29,147429801.0,2726855288.0,20556293036.0,0.007172003276165011,601899,紫金矿业
2024-05-15,17.34,17.62,17.07,17.11,138687553.0,2566910429.0,20556293036.0,0.00674671998288398,601899,紫金矿业
2024-05-16,17.42,17.66,17.03,17.08,193911149.0,3594190888.0,20556293036.0,0.009433176918640224,601899,紫金矿业
2024-05-17,17.18,17.56,16.83,17.56,183095090.0,3375111655.0,20556293036.0,0.008907009142132176,601899,紫金矿业
2024-05-20,18.17,18.5,17.85,18.2,265236190.0,5155591278.0,20556293036.0,0.012902919292670859,601899,紫金矿业
2024-05-21,18.15,18.31,17.35,17.44,228374846.0,4309331269.0,20556293036.0,0.011109729054749792,601899,紫金矿业
2024-05-22,17.44,17.56,17.14,17.23,142475452.0,2637331817.0,20556293036.0,0.006930989539333983,601899,紫金矿业
2024-05-23,16.42,16.84,16.23,16.68,208253603.0,3694875283.0,20556293036.0,0.010130892891791718,601899,紫金矿业
2024-05-24,16.46,16.86,16.45,16.66,125712778.0,2245716303.0,20556293036.0,0.006115537357822281,601899,紫金矿业
2024-05-27,16.62,17.17,16.61,17.02,146711397.0,2662784806.0,20556293036.0,0.007137055146230208,601899,紫金矿业
2024-05-28,17.19,17.28,16.84,16.88,132807255.0,2420542086.0,20556293036.0,0.006460661694567993,601899,紫金矿业
2024-05-29,16.9,17.37,16.8,17.25,158414598.0,2914016096.0,20556293036.0,0.007706379633845963,601899,紫金矿业
2024-05-30,17.11,17.18,16.41,16.49,209249886.0,3729795969.0,20556293036.0,0.010179358974574991,601899,紫金矿业
2024-05-31,16.48,16.57,16.08,16.28,197034747.0,3434982967.0,20556293036.0,0.009585130288565906,601899,紫金矿业
2024-06-03,16.17,16.48,16.05,16.2,134833199.0,2343666557.0,20556293036.0,0.006559217596473653,601899,紫金矿业
2024-06-04,16.32,16.55,16.06,16.29,152060494.0,2652422196.0,20556293036.0,0.0073972721508541546,601899,紫金矿业
2024-06-05,15.9,16.08,15.66,15.94,185460719.0,3155725051.0,20556293036.0,0.009022089667393084,601899,紫金矿业
2024-06-06,16.22,16.63,16.2,16.45,186439319.0,3276766583.0,20556293036.0,0.009069695526984898,601899,紫金矿业
2024-06-07,16.66,16.72,16.19,16.61,173772656.0,3063217623.0,20556293036.0,0.008453501596599832,601899,紫金矿业
2024-06-11,16.18,16.28,15.87,16.08,172739432.0,2932617275.0,20556293036.0,0.008403238448560906,601899,紫金矿业
2024-06-12,15.97,16.33,15.94,16.27,131900625.0,2255787020.0,20556293036.0,0.00641655695260833,601899,紫金矿业
2024-06-13,16.21,16.28,15.61,15.9,174909151.0,2935447404.0,20556293036.0,0.00850878855899182,601899,紫金矿业
2024-06-14,15.7,16.24,15.65,16.16,163013937.0,2764928686.0,20556293036.0,0.007930123233528319,601899,紫金矿业
2024-06-17,16.07,16.24,15.85,16.11,106381680.0,1811063472.0,20556293036.0,0.0051751393022903,601899,紫金矿业
2024-06-18,15.71,16.15,15.49,16.0,239853361.0,4016852351.0,20556293036.0,0.01166812326424553,601899,紫金矿业
2024-06-19,16.0,16.55,15.96,16.38,172049521.0,2971053455.0,20556293036.0,0.008369676414842485,601899,紫金矿业
2024-06-20,16.46,16.89,16.43,16.61,128820710.0,2269494994.0,20556293036.0,0.006266728625360505,601899,紫金矿业
2024-06-21,16.81,16.9,16.3,16.38,145232753.0,2537688937.0,20556293036.0,0.007065123694513186,601899,紫金矿业
2024-06-24,16.08,16.62,16.01,16.52,132034135.0,2291742450.0,20556293036.0,0.006423051800670974,601899,紫金矿业
2024-06-25,16.5,16.57,16.27,16.41,95570539.0,1658445654.0,20556293036.0,0.004649210771252794,601899,紫金矿业
2024-06-26,16.28,16.4,16.05,16.32,107923422.0,1849478444.0,20556293036.0,0.005250140276313193,601899,紫金矿业
2024-06-27,16.21,16.24,15.97,15.98,100714132.0,1710178992.0,20556293036.0,0.004899430642656266,601899,紫金矿业
2024-06-28,16.06,16.67,15.91,16.62,129524371.0,2248803981.0,20556293036.0,0.006300959553999617,601899,紫金矿业
2024-07-01,16.81,17.12,16.78,17.06,149049625.0,2674413716.0,20556293036.0,0.007250802697693164,601899,紫金矿业
2024-07-02,17.1,17.1,16.68,16.87,95719894.0,1705179400.0,20556293036.0,0.004656476429498589,601899,紫金矿业
2024-07-03,16.87,17.05,16.75,16.92,103934461.0,1853176366.0,20556293036.0,0.005056089676187276,601899,紫金矿业
2024-07-04,17.24,17.58,17.18,17.18,176292083.0,3241891072.0,20556293036.0,0.008576063918297997,601899,紫金矿业
2024-07-05,17.18,17.65,17.13,17.63,188747609.0,3484687196.0,20556293036.0,0.009181986687456171,601899,紫金矿业
2024-07-08,17.67,17.85,17.44,17.45,149197688.0,2778400677.0,20556293036.0,0.007258005504139866,601899,紫金矿业
2024-07-09,17.59,17.84,17.54,17.8,164930663.0,3089185866.0,20556293036.0,0.008023366017946856,601899,紫金矿业
2024-07-10,17.71,17.95,17.29,17.38,150842964.0,2806437585.0,20556293036.0,0.007338043086651394,601899,紫金矿业
2024-07-11,17.49,17.93,17.31,17.84,155807757.0,2925447887.0,20556293036.0,0.007579564891740727,601899,紫金矿业
2024-07-12,17.94,17.97,17.36,17.48,139055070.0,2586146821.0,20556293036.0,0.006764598546852511,601899,紫金矿业
2024-07-15,17.49,17.92,17.43,17.8,126988958.0,2392322767.0,20556293036.0,0.0061776195629049315,601899,紫金矿业
2024-07-16,17.76,18.19,17.76,18.17,134595480.0,2569268514.0,20556293036.0,0.00654765330326263,601899,紫金矿业
2024-07-17,18.44,18.48,17.37,17.47,217167411.0,4075167475.0,20556293036.0,0.01056452204780683,601899,紫金矿业
2024-07-18,17.25,17.49,16.99,17.45,149177702.0,2719754560.0,20556293036.0,0.007257033247130054,601899,紫金矿业
2024-07-19,16.83,17.07,16.18,16.97,238617158.0,4220560796.0,20556293036.0,0.011607985816417022,601899,紫金矿业
2024-07-22,16.79,16.87,16.27,16.64,192975122.0,3373542743.0,20556293036.0,0.009387642103663578,601899,紫金矿业
2024-07-23,16.62,16.76,15.6,15.62,235473241.0,3978851947.0,20556293036.0,0.011455043990062723,601899,紫金矿业
2024-07-24,15.56,15.84,15.51,15.63,136809553.0,2262423375.0,20556293036.0,0.006655361098443528,601899,紫金矿业
2024-07-25,15.21,15.36,14.54,14.59,288215160.0,4506442225.0,20556293036.0,0.014020775024721242,601899,紫金矿业
2024-07-26,14.7,15.22,14.67,14.99,175389610.0,2781765969.0,20556293036.0,0.008532161401515448,601899,紫金矿业
2024-07-29,15.13,15.4,14.9,15.23,143993630.0,2311428227.0,20556293036.0,0.007004844197726974,601899,紫金矿业
2024-07-30,15.1,15.14,14.88,15.05,125323095.0,1987811940.0,20556293036.0,0.006096580486594694,601899,紫金矿业
2024-07-31,15.12,15.75,15.1,15.68,190163776.0,3120989658.0,20556293036.0,0.009250878826594287,601899,紫金矿业
2024-08-01,15.96,16.15,15.58,15.73,149688988.0,2507529786.0,20556293036.0,0.007281905727742419,601899,紫金矿业
2024-08-02,15.42,15.42,14.85,15.09,214393694.0,3415283681.0,20556293036.0,0.010429589305062678,601899,紫金矿业
2024-08-05,14.72,15.16,14.62,14.78,179119079.0,2821695201.0,20556293036.0,0.008713588519404292,601899,紫金矿业
2024-08-06,14.85,14.92,14.34,14.52,175303308.0,2685324518.0,20556293036.0,0.008527963076464872,601899,紫金矿业
2024-08-07,14.42,14.81,14.37,14.64,116601847.0,1809204279.0,20556293036.0,0.005672318778283445,601899,紫金矿业
2024-08-08,14.51,14.52,14.21,14.38,117102412.0,1775561766.0,20556293036.0,0.005696669715445284,601899,紫金矿业
2024-08-09,14.64,14.91,14.57,14.6,140162600.0,2169838975.0,20556293036.0,0.00681847645168975,601899,紫金矿业
2024-08-12,14.56,14.75,14.51,14.62,63635602.0,974895621.0,20556293036.0,0.003095674978390107,601899,紫金矿业
2024-08-13,14.91,14.97,14.56,14.79,141287859.0,2191712922.0,20556293036.0,0.006873216817476001,601899,紫金矿业
2024-08-14,14.8,14.87,14.61,14.66,66506834.0,1028773395.0,20556293036.0,0.003235351523911794,601899,紫金矿业
2024-08-15,14.55,14.88,14.48,14.83,91464500.0,1417686970.0,20556293036.0,0.004449464688979636,601899,紫金矿业
2024-08-16,15.02,15.4,15.02,15.11,150829135.0,2405009021.0,20556293036.0,0.0073373703486253414,601899,紫金矿业
2024-08-19,15.29,15.7,15.23,15.44,136456088.0,2220435252.0,20556293036.0,0.00663816612076049,601899,紫金矿业
2024-08-20,15.54,15.54,15.13,15.28,89052973.0,1428671394.0,20556293036.0,0.004332151368150014,601899,紫金矿业
2024-08-21,15.29,15.47,15.16,15.38,82239256.0,1328595785.0,20556293036.0,0.004000685135981246,601899,紫金矿业
2024-08-22,15.38,15.42,15.18,15.39,74620792.0,1201182295.0,20556293036.0,0.0036300704543040644,601899,紫金矿业
2024-08-23,15.2,15.32,15.14,15.29,75078634.0,1202326602.0,20556293036.0,0.003652343049815239,601899,紫金矿业
2024-08-26,15.53,15.59,15.18,15.43,146188349.0,2360957697.0,20556293036.0,0.007111610480740959,601899,紫金矿业
2024-08-27,15.37,15.47,15.09,15.3,89916727.0,1444490876.0,20556293036.0,0.004374170325482803,601899,紫金矿业
2024-08-28,15.33,15.46,14.88,15.06,130275045.0,2066444455.0,20556293036.0,0.0063374775195046505,601899,紫金矿业
2024-08-29,14.99,15.22,14.86,15.16,80769901.0,1280880646.0,20556293036.0,0.00392920556534919,601899,紫金矿业
2024-08-30,15.13,15.39,14.91,15.23,144252253.0,2299150000.0,20556293036.0,0.007017425405805059,601899,紫金矿业
2024-09-02,15.1,15.11,14.57,14.86,129969381.0,2022749647.0,20556293036.0,0.006322607912447352,601899,紫金矿业
2024-09-03,14.75,14.94,14.63,14.75,68786090.0,1068102841.0,20556293036.0,0.00334623027019199,601899,紫金矿业
2024-09-04,14.33,14.37,13.86,13.97,236436306.0,3496281168.0,20556293036.0,0.011501894120011414,601899,紫金矿业
2024-09-05,14.04,14.25,13.83,13.97,108842214.0,1602794385.0,20556293036.0,0.005294836661911069,601899,紫金矿业
2024-09-06,14.13,14.29,13.99,14.05,98102619.0,1456232567.0,20556293036.0,0.004772388622218705,601899,紫金矿业
2024-09-09,13.77,13.77,13.27,13.47,232868695.0,3290633023.0,20556293036.0,0.011328340892600612,601899,紫金矿业
2024-09-10,13.58,13.66,13.39,13.54,109501502.0,1553971993.0,20556293036.0,0.005326908981509034,601899,紫金矿业
2024-09-11,13.47,13.56,13.29,13.52,140742326.0,1982554983.0,20556293036.0,0.006846678326365535,601899,紫金矿业
2024-09-12,13.56,13.7,13.39,13.52,127138913.0,1809433188.0,20556293036.0,0.00618491440929272,601899,紫金矿业
2024-09-13,13.89,14.19,13.82,13.97,222888677.0,3285178181.0,20556293036.0,0.010842843921793566,601899,紫金矿业
2024-09-18,14.26,14.49,14.14,14.32,168791702.0,2542627079.0,20556293036.0,0.008211193608905897,601899,紫金矿业
2024-09-19,14.38,14.72,14.06,14.66,182900219.0,2781048854.0,20556293036.0,0.008897529271434735,601899,紫金矿业
2024-09-20,14.75,15.12,14.57,15.12,192733014.0,3031915812.0,20556293036.0,0.009375864299193872,601899,紫金矿业
2024-09-23,15.12,15.23,14.93,15.06,136737176.0,2166292149.0,20556293036.0,0.006651840181521725,601899,紫金矿业
2024-09-24,15.33,15.84,15.25,15.72,251226583.0,4106644355.0,20556293036.0,0.01222139529534969,601899,紫金矿业
2024-09-25,16.11,16.49,16.09,16.11,283724846.0,4841338020.0,20556293036.0,0.013802335153673668,601899,紫金矿业
2024-09-26,16.28,16.55,15.9,16.53,224564936.0,3833086687.0,20556293036.0,0.010924388731310748,601899,紫金矿业
2024-09-27,16.99,17.18,16.44,16.67,174092796.0,3061022314.0,20556293036.0,0.008469075416229632,601899,紫金矿业
2024-09-30,17.02,17.84,16.3,17.27,671972617.0,11989845281.0,20556293036.0,0.032689386934851634,601899,紫金矿业
2024-10-08,18.7,18.91,16.67,17.1,706617244.0,13098607115.0,20556293036.0,0.03437474075517941,601899,紫金矿业
2024-10-09,16.85,16.92,16.09,16.12,395716432.0,6837072588.0,20556293036.0,0.019250379010796664,601899,紫金矿业
2024-10-10,16.18,17.12,16.04,16.52,301784759.0,5253048164.0,20556293036.0,0.014680893995405097,601899,紫金矿业
2024-10-11,16.75,16.93,16.26,16.41,204517323.0,3576578456.0,20556293036.0,0.009949134439844342,601899,紫金矿业
2024-10-14,16.53,16.92,16.26,16.82,209895342.0,3685655113.0,20556293036.0,0.010210758410206194,601899,紫金矿业
2024-10-15,16.66,16.67,16.31,16.31,167326264.0,2896694036.0,20556293036.0,0.008139904588194156,601899,紫金矿业
2024-10-16,16.26,16.7,16.2,16.61,139067215.0,2416131415.0,20556293036.0,0.006765189363493369,601899,紫金矿业
2024-10-17,16.64,16.76,16.3,16.32,132417366.0,2300457654.0,20556293036.0,0.006441694802078322,601899,紫金矿业
2024-10-18,16.52,17.02,16.48,16.78,219917288.0,3856826864.0,20556293036.0,0.010698295048375763,601899,紫金矿业
2024-10-21,17.21,17.69,17.04,17.34,271742565.0,4961500152.0,20556293036.0,0.01321943428827855,601899,紫金矿业
2024-10-22,17.26,17.42,17.02,17.18,170124384.0,3067127996.0,20556293036.0,0.008276024461320098,601899,紫金矿业
2024-10-23,17.23,17.3,16.83,16.99,158883827.0,2839459534.0,20556293036.0,0.007729206171645276,601899,紫金矿业
2024-10-24,16.75,16.75,16.49,16.65,153140704.0,2674306647.0,20556293036.0,0.007449821022292611,601899,紫金矿业
2024-10-25,16.58,16.6,16.32,16.4,151253747.0,2610995383.0,20556293036.0,0.0073580264075390955,601899,紫金矿业
2024-10-28,16.37,16.4,16.14,16.37,122817788.0,2100442302.0,20556293036.0,0.0059747050591714475,601899,紫金矿业
2024-10-29,16.44,16.68,16.35,16.39,157067199.0,2720298492.0,20556293036.0,0.007640832844955558,601899,紫金矿业
2024-10-30,16.52,16.71,16.18,16.31,158313500.0,2724881176.0,20556293036.0,0.007701461529213822,601899,紫金矿业
2024-10-31,16.24,16.26,15.86,16.01,183766661.0,3091011649.0,20556293036.0,0.008939678991643657,601899,紫金矿业
2024-11-01,15.92,16.66,15.84,16.42,251428808.0,4333954461.0,20556293036.0,0.012231232915374169,601899,紫金矿业
2024-11-04,16.53,16.58,16.15,16.52,150856016.0,2591393809.0,20556293036.0,0.0073386780260335654,601899,紫金矿业
2024-11-05,16.43,16.87,16.33,16.85,185523057.0,3243783398.0,20556293036.0,0.009025122218052429,601899,紫金矿业
2024-11-06,16.8,16.85,16.33,16.48,193328545.0,3379872879.0,20556293036.0,0.009404835038176676,601899,紫金矿业
2024-11-07,15.92,16.28,15.71,16.27,280875443.0,4722689573.0,20556293036.0,0.013663720521404616,601899,紫金矿业
2024-11-08,16.52,16.74,16.2,16.27,225997770.0,3902730429.0,20556293036.0,0.010994091668386547,601899,紫金矿业
2024-11-11,15.99,16.0,15.31,15.72,342706502.0,5620690507.0,20556293036.0,0.016671610070931663,601899,紫金矿业
2024-11-12,15.33,15.66,15.04,15.21,285631363.0,4602711828.0,20556293036.0,0.013895081301856179,601899,紫金矿业
2024-11-13,15.16,15.39,15.14,15.23,143993851.0,2308724718.0,20556293036.0,0.0070048549486926084,601899,紫金矿业
2024-11-14,15.14,15.17,14.83,14.86,194726921.0,3066365949.0,20556293036.0,0.009472861700257774,601899,紫金矿业
2024-11-15,14.85,15.33,14.77,14.87,186356748.0,2954520861.0,20556293036.0,0.00906567870353062,601899,紫金矿业
2024-11-18,15.0,15.22,14.84,14.95,176079371.0,2781021688.0,20556293036.0,0.008565716138198372,601899,紫金矿业
2024-11-19,15.23,15.64,15.23,15.43,260099889.0,4215053447.0,20556293036.0,0.012653054154486417,601899,紫金矿业
2024-11-20,15.51,15.52,15.17,15.26,146052592.0,2347972312.0,20556293036.0,0.007105006323086549,601899,紫金矿业
2024-11-21,15.27,15.45,15.2,15.38,135377378.0,2177155617.0,20556293036.0,0.006585690219677018,601899,紫金矿业
2024-11-22,15.4,15.42,15.0,15.0,125243144.0,1995032918.0,20556293036.0,0.006092691118027123,601899,紫金矿业
2024-11-25,15.12,15.27,14.73,14.8,119793219.0,1883870367.0,20556293036.0,0.005827569143434933,601899,紫金矿业
2024-11-26,14.66,14.93,14.63,14.79,91452206.0,1421300260.0,20556293036.0,0.004448866623950184,601899,紫金矿业
2024-11-27,14.8,14.93,14.59,14.93,110182933.0,1711331758.0,20556293036.0,0.005360058489487277,601899,紫金矿业
2024-11-28,14.9,14.96,14.72,14.78,87158737.0,1357463153.0,20556293036.0,0.0042400026525872105,601899,紫金矿业
2024-11-29,14.85,15.17,14.69,14.95,141260443.0,2220567458.0,20556293036.0,0.0068718831139745,601899,紫金矿业
2024-12-02,14.96,15.01,14.75,14.81,168359703.0,2628279645.0,20556293036.0,0.008190178195317296,601899,紫金矿业
2024-12-03,14.84,14.88,14.55,14.86,149572070.0,2315346608.0,20556293036.0,0.00727621802909971,601899,紫金矿业
2024-12-04,14.93,15.17,14.89,15.04,180836598.0,2853814255.0,20556293036.0,0.008797140500152578,601899,紫金矿业
2024-12-05,14.97,14.99,14.68,14.74,141237064.0,2192389551.0,20556293036.0,0.006870745798021713,601899,紫金矿业
2024-12-06,14.68,14.98,14.67,14.94,137873276.0,2155290558.0,20556293036.0,0.006707107928386899,601899,紫金矿业
2024-12-09,14.98,15.28,14.92,15.12,138620472.0,2208532969.0,20557035536.0,0.006743213132907434,601899,紫金矿业
2024-12-10,15.59,15.75,15.23,15.29,191717269.0,3111739802.0,20557035536.0,0.00932611458808153,601899,紫金矿业
2024-12-11,15.38,15.59,15.29,15.34,146859489.0,2374455019.0,20557035536.0,0.007144001319782512,601899,紫金矿业
2024-12-12,15.34,15.5,15.32,15.46,100504477.0,1628318303.0,20557035536.0,0.004889054981881703,601899,紫金矿业
2024-12-13,15.23,15.23,14.82,14.82,199811168.0,3143512082.0,20557035536.0,0.009719843488623913,601899,紫金矿业
2024-12-16,14.82,14.89,14.57,14.61,128353468.0,1977871986.0,20557035536.0,0.006243773221835618,601899,紫金矿业
2024-12-17,14.61,14.84,14.54,14.71,119682220.0,1851932604.0,20557035536.0,0.0058219590947541765,601899,紫金矿业
2024-12-18,14.66,14.88,14.66,14.75,75347659.0,1169485235.0,20557035536.0,0.003665297891228007,601899,紫金矿业
2024-12-19,14.48,14.67,14.33,14.58,92554681.0,1414586144.0,20557035536.0,0.004502335992848575,601899,紫金矿业
2024-12-20,14.55,14.59,14.3,14.3,140062667.0,2117319776.0,20557035536.0,0.006813368919595372,601899,紫金矿业
2024-12-23,14.43,14.84,14.36,14.76,188440900.0,2903979102.0,20557035536.0,0.009166735138925918,601899,紫金矿业
2024-12-24,14.75,14.91,14.55,14.88,116741937.0,1811782586.0,20557035536.0,0.00567892859821926,601899,紫金矿业
2024-12-25,14.88,14.92,14.6,14.77,87854107.0,1359933126.0,20557035536.0,0.004273675883185962,601899,紫金矿业
2024-12-26,14.78,14.97,14.72,14.87,87509255.0,1366286291.0,20557035536.0,0.004256900507213289,601899,紫金矿业
2024-12-27,14.89,14.94,14.54,14.56,123641600.0,1903734256.0,20557035536.0,0.00601456371389132,601899,紫金矿业
2024-12-30,14.53,14.96,14.5,14.79,152484072.0,2365457326.0,20557035536.0,0.007417609982381265,601899,紫金矿业
2024-12-31,14.69,14.72,14.39,14.39,142236489.0,2172211223.0,20557035536.0,0.006919114808694661,601899,紫金矿业
2025-01-02,14.47,14.74,14.28,14.45,199053077.0,3037419314.0,20557035536.0,0.009682966041062351,601899,紫金矿业
2025-01-03,14.56,15.15,14.54,14.82,312488466.0,4898067955.0,20557035536.0,0.015201047128257492,601899,紫金矿业
2025-01-06,14.93,15.1,14.59,14.75,225283187.0,3516450288.0,20557035536.0,0.01095893357801899,601899,紫金矿业
2025-01-07,14.8,15.28,14.66,15.25,229893314.0,3655875985.0,20557035536.0,0.011183193880139237,601899,紫金矿业
2025-01-08,15.25,15.39,14.98,15.09,176843669.0,2815392400.0,20557035536.0,0.008602586140900856,601899,紫金矿业
2025-01-09,15.15,15.26,14.96,15.15,134299826.0,2132733325.0,20557035536.0,0.006533034676367162,601899,紫金矿业
2025-01-10,15.32,15.55,15.11,15.37,195551711.0,3158715409.0,20557035536.0,0.00951264157993719,601899,紫金矿业
2025-01-13,15.36,15.86,15.26,15.61,237723203.0,3905138856.0,20557035536.0,0.011564079975621637,601899,紫金矿业
2025-01-14,15.51,15.69,15.28,15.62,180089819.0,2933492770.0,20557035536.0,0.008760495582382108,601899,紫金矿业
2025-01-15,15.56,15.61,14.78,15.02,327946407.0,5211318615.0,20557035536.0,0.015953000928839764,601899,紫金矿业
2025-01-16,15.26,15.52,15.26,15.39,220764301.0,3573654017.0,20557035536.0,0.010739111707687229,601899,紫金矿业
2025-01-17,15.53,15.62,15.34,15.49,168269157.0,2741904814.0,20557035536.0,0.008185477750686513,601899,紫金矿业
2025-01-20,15.47,15.6,15.3,15.51,144611527.0,2346499184.0,20557035536.0,0.0070346488795406635,601899,紫金矿业
2025-01-21,15.52,15.6,15.36,15.47,109108876.0,1775020124.0,20557035536.0,0.0053076172295818515,601899,紫金矿业
2025-01-22,15.57,15.6,15.28,15.42,128315220.0,2077766555.0,20557035536.0,0.006241912642282061,601899,紫金矿业
2025-01-23,15.41,15.57,15.1,15.12,180804250.0,2905923917.0,20557035536.0,0.00879524918285864,601899,紫金矿业
2025-01-24,15.24,15.34,15.05,15.25,137656329.0,2200932990.0,20557035536.0,0.006696312255671921,601899,紫金矿业
2025-01-27,15.23,15.53,15.17,15.46,154794284.0,2507171803.0,20557035536.0,0.007529990582976828,601899,紫金矿业
2025-02-05,15.79,15.93,15.53,15.68,206140590.0,3391610271.0,20587938340.0,0.010012687360710251,601899,紫金矿业
2025-02-06,15.78,15.78,15.34,15.53,200162692.0,3258744766.0,20587938340.0,0.009722328127003707,601899,紫金矿业
2025-02-07,15.56,15.86,15.38,15.82,216552808.0,3565663121.0,20587938340.0,0.010518430958152948,601899,紫金矿业
2025-02-10,16.0,16.24,15.94,16.06,221206459.0,3733076553.0,20587938340.0,0.010744468695547882,601899,紫金矿业
2025-02-11,16.22,16.73,16.11,16.45,292526186.0,5070661925.0,20587938340.0,0.014208619686394496,601899,紫金矿业
2025-02-12,16.21,16.3,16.06,16.16,158201006.0,2685571782.0,20587938340.0,0.007684159695224733,601899,紫金矿业
2025-02-13,16.26,16.37,16.16,16.19,127292194.0,2173308264.0,20587938340.0,0.006182852886861716,601899,紫金矿业
2025-02-14,16.33,16.51,16.19,16.33,115526968.0,1979857333.0,20587938340.0,0.005611390810100901,601899,紫金矿业
2025-02-17,15.91,15.91,15.62,15.71,238543986.0,3938646125.0,20587938340.0,0.011586589296148047,601899,紫金矿业
2025-02-18,15.62,15.79,15.53,15.62,144998347.0,2385640200.0,20587938340.0,0.00704287843714224,601899,紫金矿业
2025-02-19,15.72,15.81,15.51,15.56,156681707.0,2572213147.0,20587938340.0,0.007610364107977992,601899,紫金矿业
2025-02-20,15.59,15.69,15.34,15.65,130081857.0,2124966943.0,20587938340.0,0.006318352758385034,601899,紫金矿业
2025-02-21,15.69,15.76,15.35,15.41,206161074.0,3357537473.0,20587938340.0,0.010013682312203778,601899,紫金矿业
2025-02-24,15.22,15.44,15.04,15.31,173586045.0,2779918368.0,20587938340.0,0.008431443796523436,601899,紫金矿业
2025-02-25,15.29,15.35,14.99,15.02,155863280.0,2486448005.0,20587938340.0,0.0075706113660334575,601899,紫金矿业
2025-02-26,15.07,15.32,14.93,15.1,157544107.0,2498948794.0,20587938340.0,0.007652252712157676,601899,紫金矿业
2025-02-27,15.11,15.11,14.86,14.99,136307172.0,2143446762.0,20587938340.0,0.006620729562569693,601899,紫金矿业
2025-02-28,14.86,14.92,14.61,14.61,179374561.0,2776454070.0,20587938340.0,0.008712604343267136,601899,紫金矿业
2025-03-03,14.74,15.1,14.71,14.89,146170042.0,2290750530.0,20587938340.0,0.007099790158007633,601899,紫金矿业
2025-03-04,14.94,15.29,14.85,15.16,152935515.0,2423804478.0,20587938340.0,0.00742840358633015,601899,紫金矿业
2025-03-05,15.16,15.32,15.05,15.24,123758172.0,1976188829.0,20587938340.0,0.006011197913855807,601899,紫金矿业
2025-03-06,15.47,15.7,15.41,15.52,178208236.0,2906467183.0,20587938340.0,0.008655953454735283,601899,紫金矿业
2025-03-07,15.54,15.94,15.42,15.64,193234059.0,3190133931.0,20587938340.0,0.009385789670088938,601899,紫金矿业
2025-03-10,15.71,15.89,15.53,15.85,163158330.0,2696257981.0,20587938340.0,0.007924947476795289,601899,紫金矿业
2025-03-11,15.5,15.69,15.33,15.69,180000551.0,2928916870.0,20587938340.0,0.008743010010394271,601899,紫金矿业
2025-03-12,15.75,15.92,15.5,15.89,162398213.0,2687231259.0,20587938340.0,0.007888026975701542,601899,紫金矿业
2025-03-13,16.07,16.26,15.94,16.14,209768213.0,3559737981.0,20587938340.0,0.010188888733576807,601899,紫金矿业
2025-03-14,16.55,16.78,16.35,16.64,298981573.0,5219104860.0,20587938340.0,0.014522171577477145,601899,紫金矿业
2025-03-17,16.65,16.85,16.29,16.38,236776268.0,4111730675.0,20587938340.0,0.011500727469149784,601899,紫金矿业
2025-03-18,16.56,17.09,16.53,16.91,255205982.0,4520896346.0,20587938340.0,0.012395897917770819,601899,紫金矿业
2025-03-19,16.93,17.18,16.84,17.18,189285223.0,3390128165.0,20587938340.0,0.009193986297901453,601899,紫金矿业
2025-03-20,17.42,17.54,17.14,17.3,232578991.0,4235118472.0,20587938340.0,0.011296856788623936,601899,紫金矿业
2025-03-21,17.13,17.19,16.56,16.73,251475387.0,4440714113.0,20587938340.0,0.012214694975621342,601899,紫金矿业
2025-03-24,16.81,17.47,16.64,17.18,269625162.0,4868638361.0,20587938340.0,0.01309626819098002,601899,紫金矿业
2025-03-25,17.18,17.53,17.07,17.52,226625130.0,4130000623.0,20587938340.0,0.01100766508318579,601899,紫金矿业
2025-03-26,17.8,18.05,17.23,17.32,322922397.0,5979045487.0,20587938340.0,0.015685028372782663,601899,紫金矿业
2025-03-27,17.04,17.26,16.75,17.0,225531363.0,4013993131.0,20587938340.0,0.010954538491200863,601899,紫金矿业
2025-03-28,17.18,17.46,16.95,17.29,186364433.0,3365891159.0,20587938340.0,0.009052117308798973,601899,紫金矿业
2025-03-31,17.2,17.43,17.12,17.25,160677554.0,2912951502.0,20587938340.0,0.0078044509045289865,601899,紫金矿业
2025-04-01,17.32,17.45,16.94,17.07,153422653.0,2760335772.0,20587938340.0,0.007452064916180432,601899,紫金矿业
2025-04-02,16.91,16.99,16.6,16.66,158099014.0,2787581793.0,20587938340.0,0.0076792057266283804,601899,紫金矿业
2025-04-03,16.52,16.64,16.06,16.29,216426825.0,3702083025.0,20587938340.0,0.010512311695606137,601899,紫金矿业
2025-04-07,14.66,15.09,14.66,14.67,488035941.0,7566671764.0,20587938340.0,0.023704944756503483,601899,紫金矿业
2025-04-08,14.79,15.18,14.48,15.18,373360740.0,5849553136.0,20587938340.0,0.018134926083133003,601899,紫金矿业
2025-04-09,14.79,15.15,14.46,15.15,446712674.0,6914703375.0,20587938340.0,0.02169778569484486,601899,紫金矿业
2025-04-10,15.75,16.04,15.58,15.94,359139490.0,5968607761.0,20587938340.0,0.017444169691446628,601899,紫金矿业
2025-04-11,16.33,16.48,16.16,16.33,271836755.0,4652651213.0,20587938340.0,0.013203689971805113,601899,紫金矿业
2025-04-14,16.55,17.13,16.29,16.78,333600634.0,5893332636.0,20587938340.0,0.016203693079449934,601899,紫金矿业
2025-04-15,16.79,16.85,16.45,16.8,190553769.0,3344171353.0,20587938340.0,0.009255602278047234,601899,紫金矿业
2025-04-16,17.04,17.12,16.58,16.89,207456482.0,3650843291.0,20587938340.0,0.010076603036882808,601899,紫金矿业
2025-04-17,17.26,17.42,16.81,16.96,310531684.0,5565604082.0,20587938340.0,0.015083185060675677,601899,紫金矿业
2025-04-18,16.8,16.92,16.52,16.77,139917652.0,2455099399.0,20587938340.0,0.006796098263426215,601899,紫金矿业
2025-04-21,16.92,17.73,16.91,17.71,317461127.0,5795921288.0,20587938340.0,0.015419762861015058,601899,紫金矿业
2025-04-22,17.81,17.86,17.52,17.61,253360332.0,4706807753.0,20587938340.0,0.012306250767603572,601899,紫金矿业
2025-04-23,17.18,17.4,16.88,16.93,293150084.0,5268423261.0,20587938340.0,0.014238923740627445,601899,紫金矿业
2025-04-24,17.03,17.18,16.78,16.82,114585259.0,2039355686.0,20587938340.0,0.005565649998930393,601899,紫金矿业
2025-04-25,16.94,17.11,16.73,16.8,121525902.0,2157484304.0,20587938340.0,0.005902771807116263,601899,紫金矿业
2025-04-28,16.66,16.89,16.53,16.81,96878753.0,1703950167.0,20587938340.0,0.004705607302688279,601899,紫金矿业
2025-04-29,16.82,16.92,16.71,16.78,74056269.0,1306248214.0,20587938340.0,0.003597070662297311,601899,紫金矿业
2025-04-30,16.71,16.73,16.53,16.62,84994445.0,1485278902.0,20587938340.0,0.004128361159643924,601899,紫金矿业
2025-05-06,16.9,16.98,16.75,16.91,141363782.0,2507104911.0,20587938340.0,0.006866339876555119,601899,紫金矿业
2025-05-07,17.22,17.25,16.94,17.18,172407911.0,3099054919.0,20587938340.0,0.00837421931971844,601899,紫金矿业
2025-05-08,17.04,17.19,16.91,16.91,112295257.0,2009443545.0,20587938340.0,0.005454419726030712,601899,紫金矿业
2025-05-09,16.83,16.93,16.73,16.8,106486863.0,1879773997.0,20587938340.0,0.005172293662503751,601899,紫金矿业
2025-05-12,16.66,16.92,16.57,16.86,122213982.0,2152353540.0,20587938340.0,0.0059361933177423725,601899,紫金矿业
2025-05-13,16.75,16.98,16.56,16.91,116346891.0,2052948977.0,20587938340.0,0.005651216215950645,601899,紫金矿业
2025-05-14,16.91,17.05,16.89,17.04,104341328.0,1861378084.0,20587938340.0,0.005068080459386105,601899,紫金矿业
2025-05-15,16.86,16.93,16.53,16.65,139381293.0,2441491000.0,20587938340.0,0.0067700461648070006,601899,紫金矿业
2025-05-16,16.74,16.79,16.53,16.58,95709975.0,1671055557.0,20587938340.0,0.004648837266723619,601899,紫金矿业
2025-05-19,16.59,16.72,16.45,16.58,75758800.0,1317585529.0,20587938340.0,0.0036797662179126186,601899,紫金矿业
2025-05-20,16.58,16.84,16.57,16.62,102796244.0,1803452365.0,20587938340.0,0.004993032439789209,601899,紫金矿业
2025-05-21,16.84,17.62,16.83,17.6,260461493.0,4740421663.0,20587938340.0,0.012651169276816476,601899,紫金矿业
2025-05-22,17.5,17.78,17.48,17.69,133536115.0,2474875038.0,20587938340.0,0.006486133424081355,601899,紫金矿业
2025-05-23,17.65,17.8,17.55,17.7,120687210.0,2242456153.0,20587938340.0,0.005862034750974487,601899,紫金矿业
2025-05-26,17.61,17.96,17.59,17.67,112661379.0,2101696214.0,20587938340.0,0.005472203051099676,601899,紫金矿业
2025-05-27,17.64,17.75,16.83,17.02,172685616.0,3109952084.0,20587938340.0,0.008387708042844274,601899,紫金矿业
2025-05-28,16.94,17.23,16.85,17.12,99196119.0,1781588539.0,20587938340.0,0.004818166703330043,601899,紫金矿业
2025-05-29,16.97,17.18,16.93,16.96,90447963.0,1620696748.0,20587938340.0,0.004393250140266352,601899,紫金矿业
2025-05-30,17.08,17.2,16.81,16.88,93355937.0,1661300677.0,20587938340.0,0.004534496628961635,601899,紫金矿业
2025-06-03,17.2,17.4,17.1,17.19,139522376.0,2527617872.0,20587938340.0,0.006776898866503988,601899,紫金矿业
2025-06-04,17.19,17.44,17.14,17.22,83166310.0,1511055079.0,20587938340.0,0.004039564750318754,601899,紫金矿业
2025-06-05,17.28,17.42,17.0,17.02,89338691.0,1608518640.0,20587938340.0,0.004339370437418942,601899,紫金矿业
2025-06-06,17.12,17.37,17.06,17.27,133465047.0,2419433517.0,20587938340.0,0.006482681500006863,601899,紫金矿业
2025-06-09,17.11,17.27,16.78,17.11,191491555.0,3414969028.0,20587938340.0,0.009301152540755083,601899,紫金矿业
2025-06-10,17.04,17.5,17.04,17.39,150608310.0,2737833239.0,20587938340.0,0.00731536628450967,601899,紫金矿业
2025-06-11,17.39,17.81,17.35,17.76,128368795.0,2379279500.0,20587938340.0,0.006235145689677639,601899,紫金矿业
2025-06-12,17.82,18.55,17.73,18.52,208562950.0,3996991742.0,20587938340.0,0.010130346543480079,601899,紫金矿业
2025-06-13,18.6,18.71,18.39,18.5,187887432.0,3600553501.0,20587938340.0,0.009126092612923572,601899,紫金矿业
2025-06-16,18.49,18.5,18.05,18.18,133058304.0,2515363536.0,20587938340.0,0.006462925126479663,601899,紫金矿业
2025-06-17,18.15,18.32,18.06,18.22,84091698.0,1583811953.0,20587938340.0,0.004084512815769391,601899,紫金矿业
2025-06-18,18.22,18.33,17.94,18.14,93199839.0,1745951006.0,20587938340.0,0.004526914616745447,601899,紫金矿业
2025-06-19,18.11,18.14,17.74,17.74,101642948.0,1886496711.0,20587938340.0,0.0049370143975280625,601899,紫金矿业
2025-06-20,17.8,17.97,17.71,17.78,87653782.0,1616157436.0,20587938340.0,0.00425753081986353,601899,紫金矿业
2025-06-23,17.82,17.98,17.66,17.88,98516925.0,1822688315.0,20587938340.0,0.004785176804643567,601899,紫金矿业
2025-06-24,17.8,18.3,17.77,17.91,128702412.0,2406116067.0,20587938340.0,0.006251350177688554,601899,紫金矿业
2025-06-25,17.94,18.35,17.82,18.34,122599826.0,2307853545.0,20587938340.0,0.00595493458234245,601899,紫金矿业
2025-06-26,18.25,18.56,18.08,18.33,127312211.0,2417631358.0,20587938340.0,0.006183825155170928,601899,紫金矿业
2025-06-27,18.54,19.37,18.54,19.1,239148155.0,4716275892.0,20587938340.0,0.011615935070844982,601899,紫金矿业
2025-06-30,19.1,19.15,18.74,18.83,138727042.0,2709722688.0,20587938340.0,0.006738267800737934,601899,紫金矿业
2025-07-01,19.02,19.24,18.72,19.22,123933416.0,2435566618.0,20587938340.0,0.006019709888056717,601899,紫金矿业
2025-07-02,19.22,19.73,19.12,19.48,170369637.0,3436875926.0,20587938340.0,0.008275216011745643,601899,紫金矿业
2025-07-03,19.67,19.79,19.39,19.6,137380888.0,2785493758.0,20587938340.0,0.0066728822347930155,601899,紫金矿业
2025-07-04,19.38,19.6,19.16,19.36,135855626.0,2725507573.0,20587938340.0,0.006598797011940148,601899,紫金矿业
2025-07-07,19.28,19.34,19.04,19.12,83467474.0,1658374033.0,20587938340.0,0.004054192927022337,601899,紫金矿业
2025-07-08,19.19,19.35,19.07,19.14,97073377.0,1928723033.0,20587938340.0,0.004715060604752132,601899,紫金矿业
2025-07-09,19.21,19.21,18.22,18.25,333834833.0,6397298173.0,20587938340.0,0.016215068623524932,601899,紫金矿业
2025-07-10,18.27,18.4,18.17,18.2,189327293.0,3578751386.0,20587938340.0,0.00919602972737483,601899,紫金矿业
2025-07-11,18.24,18.54,18.22,18.24,218170375.0,4142641757.0,20587938340.0,0.010596999631387083,601899,紫金矿业
2025-07-14,18.61,18.68,18.36,18.43,230591713.0,4419734339.0,20587938340.0,0.011200330464949313,601899,紫金矿业
2025-07-15,18.41,18.5,18.18,18.47,153148319.0,2913086812.0,20587938340.0,0.007438739929701965,601899,紫金矿业
2025-07-16,18.49,18.52,18.33,18.49,92688429.0,1768546654.0,20587938340.0,0.0045020743441764165,601899,紫金矿业
2025-07-17,18.48,18.53,18.33,18.42,117455881.0,2240891162.0,20587938340.0,0.0057050822214576346,601899,紫金矿业
2025-07-18,18.53,19.03,18.37,18.8,222955191.0,4335117130.0,20587938340.0,0.010829408332102086,601899,紫金矿业
2025-07-21,18.89,19.15,18.83,19.11,173022988.0,3404209889.0,20587938340.0,0.00840409491920015,601899,紫金矿业
2025-07-22,19.24,19.68,19.13,19.56,202578981.0,4070444891.0,20587938340.0,0.009839692428377459,601899,紫金矿业
2025-07-23,19.73,19.78,19.42,19.52,181222474.0,3672351323.0,20587938340.0,0.008802361412162651,601899,紫金矿业
2025-07-24,19.32,19.58,19.15,19.43,161026871.0,3227202050.0,20587938340.0,0.00782141797496757,601899,紫金矿业
2025-07-25,19.28,19.38,19.13,19.17,125296458.0,2494451752.0,20587938340.0,0.006085915740118736,601899,紫金矿业
2025-07-28,19.04,19.12,18.77,19.12,143705129.0,2826138227.0,20587938340.0,0.006980064085426049,601899,紫金矿业
2025-07-29,18.93,19.07,18.84,18.92,129687009.0,2540208532.0,20587938340.0,0.006299174150334083,601899,紫金矿业
2025-07-30,18.93,19.3,18.92,19.14,154361848.0,3064213164.0,20587938340.0,0.007497683617018255,601899,紫金矿业
2025-07-31,18.84,18.85,18.38,18.5,208764256.0,4005043931.0,20587938340.0,0.010140124404510918,601899,紫金矿业
2025-08-01,18.45,18.77,18.4,18.6,121999050.0,2351099357.0,20587938340.0,0.005925753612879725,601899,紫金矿业
2025-08-04,18.9,19.26,18.83,19.2,173825988.0,3441252666.0,20587938340.0,0.008443098338908276,601899,紫金矿业
2025-08-05,19.31,19.34,19.09,19.19,113838689.0,2261663413.0,20587938340.0,0.0055293875044702505,601899,紫金矿业
2025-08-06,19.13,19.56,19.1,19.47,142803170.0,2872001337.0,20587938340.0,0.006936254016389288,601899,紫金矿业
2025-08-07,19.47,19.66,19.28,19.61,131718225.0,2654382864.0,20587938340.0,0.006397834636219335,601899,紫金矿业
2025-08-08,19.66,19.99,19.61,19.84,127651036.0,2618565637.0,20587938340.0,0.006200282606830461,601899,紫金矿业
2025-08-11,19.81,19.81,19.5,19.56,140992044.0,2864111116.0,20587938340.0,0.0068482837704088445,601899,紫金矿业
2025-08-12,19.53,19.86,19.45,19.61,117353420.0,2391313473.0,20587938340.0,0.0057001054725327105,601899,紫金矿业
2025-08-13,19.75,20.45,19.7,20.3,185834096.0,3897572686.0,20587938340.0,0.009026357711541505,601899,紫金矿业
2025-08-14,20.31,20.79,20.25,20.45,138815217.0,2948194291.0,20587938340.0,0.00674255064822581,601899,紫金矿业
2025-08-15,20.22,20.82,20.16,20.56,170980482.0,3639984797.0,20587938340.0,0.008304886053976787,601899,紫金矿业
2025-08-18,20.57,20.64,20.09,20.09,261095278.0,5491225050.0,20587938340.0,0.01268195356369034,601899,紫金矿业
2025-08-19,20.1,20.42,19.59,19.64,235250121.0,4846967844.0,20587938340.0,0.011426599259962618,601899,紫金矿业
2025-08-20,19.64,19.87,19.5,19.86,168298578.0,3431781958.0,20587938340.0,0.008174620266518634,601899,紫金矿业
2025-08-21,20.0,20.09,19.81,19.9,128648595.0,2656358870.0,20587938340.0,0.006248736171414044,601899,紫金矿业
2025-08-22,19.94,20.05,19.75,19.95,148995531.0,3068477130.0,20587938340.0,0.007237030174629909,601899,紫金矿业
2025-08-25,20.33,21.49,20.33,21.45,306329955.0,6684074080.0,20587938340.0,0.014879098137030849,601899,紫金矿业
2025-08-26,21.43,21.78,21.21,21.62,184883107.0,4120538086.0,20587938340.0,0.008980166151012476,601899,紫金矿业
2025-08-27,21.72,22.5,21.56,21.76,238891020.0,5439362667.0,20587938340.0,0.01160344547641578,601899,紫金矿业
2025-08-28,21.77,22.11,21.45,21.75,173370467.0,3907967187.0,20587938340.0,0.008420972714065356,601899,紫金矿业
2025-08-29,22.04,22.68,21.92,22.29,250412819.0,5782016977.0,20587938340.0,0.012163083785493793,601899,紫金矿业
2025-09-01,23.08,23.81,22.61,23.55,376321765.0,9088067647.0,20587938340.0,0.01827874937185187,601899,紫金矿业
2025-09-02,23.92,24.22,23.16,23.58,343891358.0,8418441905.0,20587938340.0,0.01670353545463358,601899,紫金矿业
2025-09-03,24.24,24.64,23.56,24.09,307190816.0,7639539377.0,20587938340.0,0.01492091198870377,601899,紫金矿业
2025-09-04,23.95,24.32,22.59,23.05,387755285.0,9324657061.0,20587938340.0,0.018834099781940575,601899,紫金矿业
2025-09-05,22.98,24.54,22.98,24.41,345232193.0,8563917229.0,20587938340.0,0.016768662665423546,601899,紫金矿业
2025-09-08,24.82,24.92,23.59,23.8,317257933.0,7917464171.0,20587938340.0,0.015409893295804382,601899,紫金矿业
2025-09-09,24.14,24.97,23.9,24.33,353351554.0,8945036383.0,20587938340.0,0.017163037316537833,601899,紫金矿业
2025-09-10,23.71,24.4,23.67,24.32,224391250.0,5601726779.0,20587938340.0,0.010899160775318313,601899,紫金矿业
2025-09-11,24.39,24.86,24.22,24.83,250428471.0,6371900233.0,20587938340.0,0.012163844036459263,601899,紫金矿业
2025-09-12,25.11,25.45,24.56,24.77,326266858.0,8437739638.0,20587938340.0,0.01584747596441461,601899,紫金矿业
2025-09-15,24.67,25.21,24.44,24.63,240898187.0,6197208655.0,20587938340.0,0.011700937851167083,601899,紫金矿业
2025-09-16,25.21,25.26,24.04,24.45,312802939.0,7930713746.0,20587938340.0,0.015193504751870167,601899,紫金矿业
2025-09-17,24.26,24.43,23.9,24.21,209214970.0,5229817966.0,20587938340.0,0.01016201654312901,601899,紫金矿业
2025-09-18,23.84,24.18,23.29,23.59,263192155.0,6485158842.0,20587938340.0,0.012783803344147766,601899,紫金矿业
2025-09-19,23.59,24.29,23.59,24.16,202176273.0,5031694021.0,20587938340.0,0.009820132043391383,601899,紫金矿业
2025-09-22,24.63,24.69,24.0,24.5,194423251.0,4893950898.0,20587938340.0,0.009443551257498083,601899,紫金矿业
2025-09-23,24.72,25.48,24.39,24.94,276108202.0,7111485401.0,20587938340.0,0.013411163247150078,601899,紫金矿业
2025-09-24,24.94,25.04,24.62,25.04,168002837.0,4324307319.0,20587938340.0,0.008160255496471435,601899,紫金矿业
2025-09-25,25.98,26.7,25.78,26.34,395322724.0,10746355716.0,20587938340.0,0.019201666406389675,601899,紫金矿业
2025-09-26,26.17,27.39,25.99,26.46,282057194.0,7783995639.0,20587938340.0,0.01370011845489139,601899,紫金矿业
2025-09-29,26.75,27.87,26.59,27.79,399793958.0,11348209387.0,20587938340.0,0.0194188437617013,601899,紫金矿业
2025-09-30,28.78,29.08,27.97,28.65,385888298.0,11322434110.0,20587938340.0,0.018743416248253635,601899,紫金矿业
2025-10-09,30.39,31.51,29.95,31.51,509343384.0,16065595632.0,20587938340.0,0.024739892629773632,601899,紫金矿业
2025-10-10,30.66,31.14,29.54,30.04,466020625.0,14488772296.0,20587938340.0,0.02263561398445494,601899,紫金矿业
2025-10-13,29.25,30.8,29.08,30.46,417573019.0,12791497915.0,20587938340.0,0.020282410608773952,601899,紫金矿业
2025-10-14,31.53,31.78,28.37,28.71,539236050.0,16576942201.0,20587938340.0,0.02619184306338854,601899,紫金矿业
2025-10-15,29.16,30.37,28.59,30.15,365641142.0,11059689469.0,20587938340.0,0.017759968772084442,601899,紫金矿业
2025-10-16,30.16,30.53,29.26,29.66,289900966.0,8890666662.0,20587938340.0,0.014081107161505128,601899,紫金矿业
2025-10-17,30.29,30.46,29.23,29.36,304443734.0,9293026129.0,20587938340.0,0.014787480367011824,601899,紫金矿业
2025-10-20,28.61,29.48,28.22,28.95,297341006.0,8845608485.0,20587938340.0,0.01444248574527254,601899,紫金矿业
2025-10-21,29.59,29.96,29.01,29.25,261648588.0,7927327603.0,20587938340.0,0.012708829008470791,601899,紫金矿业
2025-10-22,27.44,28.81,27.44,28.66,315355482.0,9158923058.0,20587938340.0,0.015317487200129239,601899,紫金矿业
2025-10-23,28.25,29.13,27.8,28.91,246528306.0,7195142824.0,20587938340.0,0.011974404718369679,601899,紫金矿业
2025-10-24,29.25,29.49,28.96,29.23,186969778.0,5613321506.0,20587938340.0,0.009081520204319788,601899,紫金矿业
2025-10-27,29.31,30.46,29.31,30.17,290246620.0,8975329655.0,20587938340.0,0.014097896312234633,601899,紫金矿业
2025-10-28,29.68,29.97,29.01,29.04,264245245.0,7986327533.0,20587938340.0,0.012834954167635223,601899,紫金矿业
2025-10-29,29.25,30.22,29.21,30.13,211650959.0,6463154654.0,20587938340.0,0.010280337715447034,601899,紫金矿业
2025-10-30,29.96,30.75,29.8,30.28,276672292.0,8630460755.0,20587938340.0,0.013438562299482777,601899,紫金矿业
2025-10-31,30.28,30.45,29.64,29.68,174923110.0,5380173288.0,20587938340.0,0.008496387890386503,601899,紫金矿业
2025-11-03,29.3,29.52,28.1,29.2,236191270.0,6968610609.0,20587938340.0,0.0114723128707408,601899,紫金矿业
2025-11-04,28.71,28.98,27.84,28.01,268031747.0,7788693365.0,20587938340.0,0.013018872631809135,601899,紫金矿业
2025-11-05,27.17,28.47,27.08,28.23,215461356.0,6171176199.0,20587938340.0,0.010465416810647006,601899,紫金矿业
2025-11-06,28.23,29.0,28.15,28.91,178969843.0,5281857227.0,20587938340.0,0.008692946328301468,601899,紫金矿业
2025-11-07,28.9,29.44,28.83,29.36,149756654.0,4498419194.0,20587938340.0,0.007273999539285584,601899,紫金矿业
2025-11-10,29.98,30.12,29.08,29.36,188511170.0,5707821666.0,20587938340.0,0.009156388895615859,601899,紫金矿业
2025-11-11,29.75,29.86,28.71,28.83,166437726.0,4968850126.0,20587938340.0,0.008084234722844036,601899,紫金矿业
2025-11-12,28.83,29.26,28.37,28.7,136428812.0,4037371771.0,20587938340.0,0.006626637876359601,601899,紫金矿业
2025-11-13,29.0,30.29,28.92,29.9,280933594.0,8597741661.0,20587938340.0,0.013645542810577506,601899,紫金矿业
2025-11-14,29.3,29.62,29.02,29.22,166166770.0,5009890531.0,20587938340.0,0.00807107381301784,601899,紫金矿业
2025-11-17,28.93,29.12,28.09,28.2,215994374.0,6311373290.0,20587938340.0,0.010491306629782728,601899,紫金矿业
2025-11-18,27.93,28.18,27.46,27.63,173339754.0,4945509143.0,20587938340.0,0.008419480918262747,601899,紫金矿业
2025-11-19,27.97,28.76,27.93,28.56,192184477.0,5608158691.0,20587938340.0,0.009334809237630541,601899,紫金矿业
2025-11-20,28.61,28.89,28.13,28.2,133141833.0,3887558725.0,20587938340.0,0.006466982307855504,601899,紫金矿业
2025-11-21,27.71,28.09,27.25,27.39,188729249.0,5347653775.0,20587938340.0,0.009166981456968945,601899,紫金矿业
2025-11-24,27.68,27.74,26.89,27.25,170834281.0,4782114495.0,20587938340.0,0.008297784760122806,601899,紫金矿业
2025-11-25,27.71,28.11,27.65,27.75,147447601.0,4217260552.0,20587938340.0,0.00716184391875345,601899,紫金矿业
2025-11-26,27.89,28.0,27.59,27.67,159012608.0,4530158086.0,20587938340.0,0.007723580932387813,601899,紫金矿业
2025-11-27,28.03,28.42,27.74,27.84,163629659.0,4722632921.0,20587938340.0,0.007947840929855825,601899,紫金矿业
2025-11-28,28.02,28.31,27.64,27.82,197543456.0,5668367755.0,20587938340.0,0.009595106257735178,601899,紫金矿业
2025-12-01,28.71,29.85,28.61,29.26,360052973.0,10853439596.0,20587938340.0,0.017488539505699723,601899,紫金矿业
2025-12-02,29.1,29.18,28.66,28.94,154872515.0,4605561852.0,20587938340.0,0.007522487800495327,601899,紫金矿业
2025-12-03,29.05,29.45,28.93,29.17,191128690.0,5730973207.0,20587938340.0,0.009283527415110765,601899,紫金矿业
2025-12-04,30.02,30.54,29.71,29.87,272859568.0,8436844624.0,20587938340.0,0.01325337017693827,601899,紫金矿业
2025-12-05,29.77,30.65,29.66,30.48,233471095.0,7266652269.0,20587938340.0,0.011340188179327916,601899,紫金矿业
2025-12-08,30.56,30.75,30.11,30.66,206802386.0,6478217451.0,20588693140.0,0.010044463948914827,601899,紫金矿业
2025-12-09,30.35,30.39,29.37,29.59,199092649.0,6086281908.0,20588693140.0,0.009669999336344473,601899,紫金矿业
2025-12-10,29.78,30.02,29.39,29.93,117020933.0,3574713139.0,20590943140.0,0.005683126421376733,601899,紫金矿业
2025-12-11,30.37,31.1,29.93,30.13,240772514.0,7547700504.0,20594343140.0,0.011691196575837962,601899,紫金矿业
2025-12-12,30.82,30.95,30.51,30.85,221174285.0,6991527058.0,20598343140.0,0.010737479393209098,601899,紫金矿业
2025-12-15,30.42,31.03,30.23,30.57,169135179.0,5322761827.0,20598343140.0,0.008211106002577254,601899,紫金矿业
2025-12-16,30.19,30.39,29.31,29.51,158390333.0,4835673794.0,20600893140.0,0.00768851777073972,601899,紫金矿业
2025-12-17,29.73,30.36,29.59,30.04,176971055.0,5445493456.0,20600893140.0,0.008590455462165462,601899,紫金矿业
2025-12-18,30.01,30.51,29.83,30.14,138009297.0,4284607520.0,20600893140.0,0.006699189984730924,601899,紫金矿业
2025-12-19,30.02,30.54,29.6,30.29,165672924.0,5145607364.0,20600893140.0,0.00804202627886647,601899,紫金矿业
2025-12-22,30.84,31.9,30.79,31.66,244513190.0,7919680420.0,20600893140.0,0.011869057731542605,601899,紫金矿业
2025-12-23,32.18,32.21,31.05,31.23,270289444.0,8780138586.0,20600893140.0,0.013120277949269534,601899,紫金矿业
2025-12-24,31.67,31.78,31.13,31.45,192710736.0,6215340061.0,20600893140.0,0.009354484521150232,601899,紫金矿业
2025-12-25,31.13,31.28,30.98,31.17,127456719.0,4074543520.0,20600893140.0,0.0061869511255568796,601899,紫金矿业
2025-12-26,31.73,32.87,31.68,32.63,286198912.0,9525910109.0,20600893140.0,0.013892548738301936,601899,紫金矿业
2025-12-29,33.25,33.38,31.71,31.78,357553987.0,11915266398.0,20600893140.0,0.017356237157783734,601899,紫金矿业
2025-12-30,30.71,32.58,30.69,32.53,243802377.0,7987341211.0,20600893140.0,0.011834553742071399,601899,紫金矿业
2025-12-31,32.58,34.41,32.5,33.55,341188218.0,11802518174.0,20600893140.0,0.016561816795094546,601899,紫金矿业
2026-01-05,34.36,34.69,33.35,34.45,310393547.0,10870304747.0,20600893140.0,0.015066994663319727,601899,紫金矿业
2026-01-06,35.04,36.69,34.99,36.59,356727240.0,13191911958.0,20600893140.0,0.0173161055482277,601899,紫金矿业
2026-01-07,36.59,36.69,35.41,35.74,357303577.0,13193716321.0,20600893140.0,0.0173440818595499,601899,紫金矿业
2026-01-08,35.23,36.02,34.83,35.33,241558498.0,8780062617.0,20600893140.0,0.011725632299454761,601899,紫金矿业
2026-01-09,35.04,36.66,35.02,36.22,280579041.0,10408944354.0,20600893140.0,0.013619751293948025,601899,紫金矿业
2026-01-12,37.2,37.35,36.04,36.26,296496371.0,11080991362.0,20600893140.0,0.014392403716919624,601899,紫金矿业
2026-01-13,36.4,37.86,36.3,37.22,310778171.0,11880717250.0,20600893140.0,0.015085664921807365,601899,紫金矿业
2026-01-14,37.58,38.78,37.33,37.47,425650213.0,16559300265.0,20600893140.0,0.02066173588238903,601899,紫金矿业
2026-01-15,37.24,38.39,36.69,37.23,386081844.0,14866320795.0,20600893140.0,0.018741024545695983,601899,紫金矿业
2026-01-16,37.3,38.06,36.07,36.47,394777811.0,14983152839.0,20600893140.0,0.01916314056469107,601899,紫金矿业
2026-01-19,36.61,36.77,35.52,36.26,253275235.0,9435738071.0,20600893140.0,0.0122943812813739,601899,紫金矿业
2026-01-20,36.26,36.76,35.24,36.31,307457067.0,11371613762.0,20600893140.0,0.014924453270573103,601899,紫金矿业
2026-01-21,36.75,37.45,36.36,37.11,389167286.0,14764599259.0,20600893140.0,0.018890796789988108,601899,紫金矿业
2026-01-22,36.5,36.87,36.09,36.65,273949936.0,10271227690.0,20600893140.0,0.0132979640318643,601899,紫金矿业
2026-01-23,37.36,37.47,36.35,36.56,386296331.0,14650946052.0,20600893140.0,0.01875143608458133,601899,紫金矿业
2026-01-26,37.7,39.4,37.69,38.44,663514398.0,26266248687.0,20600893140.0,0.03220804037431165,601899,紫金矿业
2026-01-27,39.15,41.54,38.62,39.52,728498239.0,29909324699.0,20600893140.0,0.035362458998707276,601899,紫金矿业
2026-01-28,40.29,41.44,39.51,41.17,652283303.0,27284833175.0,20600893140.0,0.03166286522468705,601899,紫金矿业
2026-01-29,42.62,43.74,40.21,42.29,772867209.0,33302754098.0,20600893140.0,0.03751619911562727,601899,紫金矿业
2026-01-30,40.1,41.23,38.07,39.07,670344076.0,27139836259.0,20600893140.0,0.032539563767670705,601899,紫金矿业
2026-02-02,35.88,37.69,35.3,35.63,714043570.0,26686182363.0,20600893140.0,0.034660806458607744,601899,紫金矿业
2026-02-03,36.83,37.91,36.09,37.77,476610292.0,18074059120.0,20600893140.0,0.02313541887533911,601899,紫金矿业
2026-02-04,38.44,38.92,37.65,38.11,326736566.0,12844681833.0,20600893140.0,0.015860310704956165,601899,紫金矿业
2026-02-05,37.11,37.47,35.59,36.45,358373108.0,13407074875.0,20600893140.0,0.017395998589214565,601899,紫金矿业
2026-02-06,34.6,36.81,34.55,36.2,327774843.0,12107002619.0,20600893140.0,0.015910710315931477,601899,紫金矿业
2026-02-09,37.46,37.84,37.01,37.6,263947637.0,10154292817.0,20600893140.0,0.012812436587397395,601899,紫金矿业
2026-02-10,37.94,38.35,37.49,37.77,199657082.0,7764448264.0,20600893140.0,0.009691671164117305,601899,紫金矿业
2026-02-11,37.57,38.73,37.54,38.42,222867441.0,8776312502.0,20600893140.0,0.010818338772277133,601899,紫金矿业
2026-02-12,38.51,39.35,38.43,38.69,235575945.0,9408329694.0,20600893140.0,0.011435229696065499,601899,紫金矿业
2026-02-13,37.24,38.0,36.68,36.77,338033354.0,12921954036.0,20600893140.0,0.016408674696906853,601899,紫金矿业
2026-02-24,38.43,38.59,37.94,38.27,246745985.0,9708527864.0,20600893140.0,0.011977441139234024,601899,紫金矿业
2026-02-25,38.35,39.18,37.82,38.57,289709530.0,11504589065.0,20600893140.0,0.014062959699425925,601899,紫金矿业
2026-02-26,38.82,38.89,37.9,38.32,199066355.0,7823516137.0,20600893140.0,0.00966299633939075,601899,紫金矿业
2026-02-27,38.15,38.98,37.97,38.49,242060189.0,9578332570.0,20600893140.0,0.011749985175642729,601899,紫金矿业
2026-03-02,39.32,39.81,38.05,39.68,477513379.0,19141647926.0,20600893140.0,0.023179256149473915,601899,紫金矿业
2026-03-03,39.27,39.27,37.63,37.82,414093799.0,16292699001.0,20600893140.0,0.020100769232959576,601899,紫金矿业
2026-03-04,36.69,37.85,36.48,36.94,312570216.0,11903458655.0,20600893140.0,0.015172653626026236,601899,紫金矿业
2026-03-05,37.43,37.45,36.21,36.66,260659922.0,9848036258.0,20600893140.0,0.012652845691135894,601899,紫金矿业
2026-03-06,36.02,36.48,35.27,36.11,253947012.0,9355468298.0,20600893140.0,0.012326990401543338,601899,紫金矿业
2026-03-09,34.97,35.69,33.93,35.43,390629022.0,13905252662.0,20600893140.0,0.018961751771894294,601899,紫金矿业
2026-03-10,35.99,36.54,35.82,36.14,201312398.0,7475371505.0,20600893140.0,0.009772022825996757,601899,紫金矿业
2026-03-11,36.5,36.63,36.05,36.24,148131269.0,5525146811.0,20600893140.0,0.007190526546267984,601899,紫金矿业
2026-03-12,35.81,36.17,35.38,35.77,189113008.0,6945680402.0,20600893140.0,0.009179845102579859,601899,紫金矿业
2026-03-13,35.23,35.95,34.65,34.81,247120530.0,8945230520.0,20600893140.0,0.011995622147089104,601899,紫金矿业
2026-03-16,34.1,34.23,32.7,33.82,420731337.0,14442170094.0,20600893140.0,0.020422965846227385,601899,紫金矿业
2026-03-17,33.8,34.6,33.74,33.97,225377550.0,7928547667.0,20600893140.0,0.010940183440998131,601899,紫金矿业
2026-03-18,33.81,34.06,33.43,33.99,199024835.0,6908825842.0,20600893140.0,0.009660980892792496,601899,紫金矿业
2026-03-19,32.36,32.99,31.26,31.46,527935447.0,17350969312.0,20600893140.0,0.025626823235878404,601899,紫金矿业
2026-03-20,31.34,31.97,30.59,30.8,385034283.0,12363274179.0,20600893140.0,0.01869017427464798,601899,紫金矿业
2026-03-23,29.4,30.5,29.0,29.76,493304305.0,15108766718.0,20600893140.0,0.0239457727219685,601899,紫金矿业
2026-03-24,30.41,31.51,30.08,31.34,457264529.0,14480403099.0,20600893140.0,0.02219634488138508,601899,紫金矿业
2026-03-25,32.6,33.07,32.21,32.35,410615187.0,13780664760.0,20600893140.0,0.01993191189379666,601899,紫金矿业
2026-03-26,32.21,32.35,30.98,31.23,305047347.0,9885918296.0,20600893140.0,0.014807481643002203,601899,紫金矿业
2026-03-27,30.66,31.84,30.66,31.6,228246664.0,7382514204.0,20601793140.0,0.011078970769628842,601899,紫金矿业
2026-03-30,31.34,31.92,31.03,31.9,236900973.0,7676270899.0,20601793140.0,0.011499046291268605,601899,紫金矿业
2026-03-31,32.1,32.6,31.73,31.84,253105884.0,8352940021.0,20601793140.0,0.012285623988165139,601899,紫金矿业
2026-04-01,32.95,33.66,32.72,33.24,323703092.0,11014637163.0,20601793140.0,0.015712374636531273,601899,紫金矿业
2026-04-02,33.08,33.08,31.83,32.23,258942623.0,8604391360.0,20601793140.0,0.012568936171737525,601899,紫金矿业
2026-04-03,32.36,32.44,31.94,32.03,141999112.0,4683625567.0,20601793140.0,0.006892560809393701,601899,紫金矿业
2026-04-07,31.92,32.21,31.47,31.54,150649750.0,4901834797.0,20601793140.0,0.0073124581426604884,601899,紫金矿业
2026-04-08,33.09,33.83,33.09,33.69,407954111.0,14077391635.0,20601793140.0,0.019801873954744503,601899,紫金矿业
2026-04-09,33.08,33.28,32.84,32.99,220659003.0,7488451267.0,20601793140.0,0.010710669770369318,601899,紫金矿业
2026-04-10,33.31,33.66,32.8,32.85,237571039.0,8070605534.0,20601793140.0,0.011531570935868547,601899,紫金矿业
2026-04-13,32.49,32.9,32.42,32.76,176532051.0,5921734291.0,20601793140.0,0.00856877116474144,601899,紫金矿业
2026-04-14,33.57,34.02,33.43,33.87,298845659.0,10362404695.0,20601793140.0,0.014505808158017454,601899,紫金矿业
2026-04-15,34.79,35.04,33.88,33.98,299179203.0,10597722636.0,20601793140.0,0.014521998205055271,601899,紫金矿业
2026-04-16,34.06,34.44,34.06,34.36,200941248.0,7078128969.0,20601793140.0,0.009753580507992616,601899,紫金矿业
2026-04-17,34.06,34.16,33.58,33.8,215582788.0,7492782654.0,20601793140.0,0.010464273014246952,601899,紫金矿业
2026-04-20,33.93,34.35,33.77,33.89,225640293.0,7890139009.0,20601793140.0,0.010952458917855148,601899,紫金矿业
2026-04-21,34.04,34.73,33.58,34.71,311979120.0,10987224052.0,20601793140.0,0.015143299317682596,601899,紫金矿业
2026-04-22,34.72,34.9,34.3,34.58,372392006.0,13254782857.0,20601793140.0,0.018075708433212625,601899,紫金矿业
2026-04-23,34.61,34.61,33.23,33.48,356644945.0,12339162919.0,20601793140.0,0.017311354529987288,601899,紫金矿业
2026-04-24,33.11,33.5,32.63,33.39,257793364.0,8744204171.0,20601793140.0,0.012513151755682564,601899,紫金矿业
2026-04-27,33.09,33.33,32.58,32.66,231088530.0,7790164441.0,20601793140.0,0.011216913422517745,601899,紫金矿业
2026-04-28,32.44,32.57,32.0,32.07,207009177.0,6855447844.0,20601793140.0,0.01004811453028695,601899,紫金矿业
2026-04-29,31.68,33.29,31.64,33.23,303499456.0,10185682535.0,20601793140.0,0.01473170097076317,601899,紫金矿业
2026-04-30,32.8,33.11,32.2,32.41,240389930.0,8043586832.0,20601793140.0,0.011668398394568095,601899,紫金矿业
2026-05-06,32.6,33.46,32.32,33.3,399072032.0,13470799258.0,20601793140.0,0.019370742599350264,601899,紫金矿业
2026-05-07,33.91,34.23,33.21,33.54,336041354.0,11621995194.0,20601793140.0,0.01631126726282623,601899,紫金矿业
2026-05-08,33.11,34.06,32.94,33.87,301248207.0,10371098900.0,20601793140.0,0.014622426550585198,601899,紫金矿业
2026-05-11,33.63,33.79,32.94,33.35,303709653.0,10395756359.0,20601793140.0,0.014741903820513751,601899,紫金矿业
2026-05-12,34.03,34.39,33.58,33.66,416946021.0,14588128305.0,20601793140.0,0.02023833644802823,601899,紫金矿业
2026-05-13,34.16,34.31,33.53,33.73,322480278.0,11214811350.0,20601793140.0,0.015653019900189136,601899,紫金矿业
2026-05-14,33.57,33.83,32.6,32.62,276948107.0,9403243412.0,20601793140.0,0.013442912717256806,601899,紫金矿业
2026-05-15,32.11,32.12,30.66,30.99,448282207.0,14440316753.0,20601793140.0,0.021759378125665425,601899,紫金矿业
2026-05-18,30.07,30.53,29.89,30.46,288798694.0,8937256919.0,20601793140.0,0.014018133860361633,601899,紫金矿业
2026-05-19,30.46,30.55,29.82,30.33,180860114.0,5597109995.0,20601793140.0,0.008778853023664521,601899,紫金矿业
2026-05-20,29.71,29.82,29.12,29.58,314489728.0,9501730628.0,20601793140.0,0.015265162884748778,601899,紫金矿业
2026-05-21,30.08,30.41,29.13,29.19,295615483.0,9083222840.0,20601793140.0,0.014349017145795883,601899,紫金矿业
2026-05-22,29.35,30.31,29.08,30.13,268103856.0,8208476892.0,20601793140.0,0.013013617512713264,601899,紫金矿业
2026-05-25,30.79,31.14,30.26,30.51,284046195.0,8946274059.0,20601793140.0,0.013787450105423203,601899,紫金矿业
2026-05-26,30.33,32.1,30.19,32.02,443721556.0,14319468465.0,20601793140.0,0.021538006569849482,601899,紫金矿业
2026-05-27,31.71,32.01,30.69,30.77,261696590.0,8367170296.0,20601793140.0,0.012702612254265165,601899,紫金矿业
2026-05-28,30.17,30.37,29.28,29.89,310990946.0,9528322163.0,20601793140.0,0.015095333881213799,601899,紫金矿业
2026-05-29,30.48,30.54,29.37,29.63,261024987.0,7984251977.0,20601793140.0,0.012670013004508792,601899,紫金矿业
2026-06-01,29.41,29.88,29.31,29.38,175162167.0,5318626880.0,20601793140.0,0.008502277729403509,601899,紫金矿业
2026-06-02,29.55,30.89,29.31,30.74,333321356.0,10347790078.0,20601793140.0,0.01617924001735705,601899,紫金矿业
2026-06-03,30.18,30.97,30.12,30.43,252980267.0,7954143964.0,20601793140.0,0.012279526606294233,601899,紫金矿业
2026-06-04,30.07,30.12,29.41,29.53,206216550.0,6275998578.0,20601793140.0,0.010009640840418612,601899,紫金矿业
2026-06-05,29.49,30.02,28.74,28.84,271621254.0,8155837777.0,20601793140.0,0.013184350126913272,601899,紫金矿业
2026-06-08,27.52,27.96,26.84,27.3,377532024.0,10652472482.0,20601793140.0,0.01832520215276756,601899,紫金矿业
2026-06-09,27.39,27.77,26.86,27.71,251316131.0,7048918830.0,20601793140.0,0.012198750336544734,601899,紫金矿业
2026-06-10,26.86,27.25,26.47,26.96,304408769.0,8386456563.0,20601793140.0,0.014775838536547892,601899,紫金矿业
2026-06-11,26.47,26.95,26.08,26.6,323143136.0,8806739113.0,20601793140.0,0.015685194672331322,601899,紫金矿业
2026-06-12,27.34,28.96,27.07,28.31,509853858.0,14717983134.0,20601793140.0,0.024748033073396833,601899,紫金矿业
2026-06-15,29.72,30.51,29.59,30.47,571475639.0,17720187950.0,20601793140.0,0.02773912130446719,601899,紫金矿业
2026-06-16,30.17,30.27,29.39,29.48,292271461.0,8968397192.0,20601793140.0,0.014186700109736177,601899,紫金矿业
2026-06-17,29.68,30.12,29.31,29.62,222981724.0,6805840566.0,20601793140.0,0.010823413403130597,601899,紫金矿业
2026-06-18,29.16,30.15,28.5,28.9,362067490.0,10845890995.0,20601793140.0,0.017574561958736374,601899,紫金矿业
2026-06-22,28.47,29.68,27.79,29.63,391847595.0,11601709249.0,20601793140.0,0.019020072298425183,601899,紫金矿业
2026-06-23,29.15,29.2,26.9,27.01,494740171.0,14086399528.0,20601793140.0,0.024014422804752033,601899,紫金矿业
2026-06-24,26.68,27.22,26.6,26.91,284609577.0,7851243196.0,20601793140.0,0.013814796365827407,601899,紫金矿业
2026-06-25,25.8,26.04,25.04,25.23,576069979.0,15037198570.0,20601793140.0,0.027962128106291624,601899,紫金矿业
2026-06-26,25.58,25.58,24.56,24.79,352820827.0,8938947881.0,20601793140.0,0.01712573389133641,601899,紫金矿业
2026-06-29,25.04,25.64,24.67,25.47,323292727.0,8244862336.0,20601793140.0,0.01569245573931629,601899,紫金矿业
2026-06-30,24.74,24.95,24.4,24.83,310705736.0,7754864675.0,20601793140.0,0.015081489940637275,601899,紫金矿业
2026-07-01,24.55,25.24,24.12,24.8,338908351.0,8468766356.0,20601793140.0,0.016450429760989243,601899,紫金矿业
2026-07-02,25.3,26.63,25.21,25.98,506741718.0,13301647731.0,20601793140.0,0.02459697146536828,601899,紫金矿业
2026-07-03,27.16,27.95,27.07,27.48,538651958.0,15069982848.0,20601793140.0,0.026145877416571324,601899,紫金矿业
2026-07-06,27.3,28.83,27.28,27.93,370091254.0,10578058579.0,20601793140.0,0.017964031163939742,601899,紫金矿业
2026-07-07,27.46,27.77,27.09,27.28,223542243.0,6197952062.0,20601793140.0,0.010850620695048878,601899,紫金矿业
2026-07-08,26.79,27.69,26.47,27.02,196981818.0,5419862358.0,20601793140.0,0.009561391897365688,601899,紫金矿业
2026-07-09,26.49,27.36,26.22,27.28,251499732.0,6837329689.0,20601793140.0,0.012207662230706197,601899,紫金矿业
2026-07-10,27.66,28.1,26.75,27.38,265710031.0,7383491289.0,20601793140.0,0.012897422529891492,601899,紫金矿业
2026-07-13,26.9,27.29,26.41,27.02,213023840.0,5804744893.0,20601793140.0,0.010340063049482692,601899,紫金矿业
2026-07-14,26.55,28.93,26.42,28.7,380320475.0,10725809967.0,20601793140.0,0.018460552070177712,601899,紫金矿业
2026-07-15,28.7,28.98,28.21,28.48,268349106.0,7773489885.0,20601793140.0,0.013025521816301473,601899,紫金矿业
2026-07-16,28.47,29.23,28.44,28.89,265438976.0,7773402449.0,20601793140.0,0.012884265665430324,601899,紫金矿业
2026-07-17,28.3,28.47,27.58,28.01,290416859.0,8241056106.0,20601793140.0,0.014096678722403675,601899,紫金矿业
2026-07-20,28.01,29.09,27.94,28.99,275768250.0,7992030452.0,20601793140.0,0.013385643090677106,601899,紫金矿业
2026-07-21,29.58,29.96,28.77,29.84,342666967.0,10194288610.0,20601793140.0,0.016632870967657917,601899,紫金矿业
2026-07-22,30.43,32.39,30.43,31.81,526165813.0,16851582577.0,20601793140.0,0.025539806628696204,601899,紫金矿业
2026-07-23,32.12,33.27,31.53,32.65,439447611.0,14496609082.0,20601793140.0,0.021330551569648467,601899,紫金矿业
2026-07-24,31.35,31.7,30.59,31.12,401039285.0,12602496385.0,20601793140.0,0.019466232005861214,601899,紫金矿业
2026-07-27,32.05,32.05,30.75,31.38,231658923.0,7315150795.0,20601793140.0,0.01124459999310526,601899,紫金矿业
2026-07-28,30.82,31.41,30.65,31.3,187062963.0,5875930636.0,20601793140.0,0.009079935990464954,601899,紫金矿业
2026-07-29,31.55,31.89,30.8,31.76,215616330.0,6859408284.0,20601793140.0,0.010465901124954213,601899,紫金矿业
2026-07-30,32.23,32.77,31.62,32.3,284297969.0,9237898413.0,20601793140.0,0.013799671080475667,601899,紫金矿业
2026-07-31,31.98,33.07,31.87,32.55,284247902.0,9347571745.0,20601793140.0,0.013797240855122963,601899,紫金矿业
2026-08-03,32.3,32.54,31.3,32.15,219541872.0,7095706475.0,20601793140.0,0.010656444830219278,601899,紫金矿业
2026-08-04,32.05,32.45,31.46,31.73,206659763.0,6641972274.0,20601793140.0,0.01003115416195272,601899,紫金矿业
2026-08-05,31.99,33.8,31.98,33.68,430666938.0,14444803367.0,20601793140.0,0.02090434240715806,601899,紫金矿业
2026-08-06,34.95,35.36,33.73,34.08,402667434.0,14063625579.0,20601793140.0,0.01954526148591355,601899,紫金矿业
2026-08-07,33.67,34.91,33.64,34.72,274712353.0,9582181212.0,20601793140.0,0.01333439041607618,601899,紫金矿业
2026-08-10,34.75,35.16,34.28,35.02,273650525.0,9641711510.0,20601793140.0,0.01328284985391325,601899,紫金矿业
2026-08-11,35.22,35.33,32.7,32.77,447541472.0,15298737728.0,20601793140.0,0.021723423245671905,601899,紫金矿业
2026-08-12,32.78,33.66,32.77,33.17,204484205.0,6876694098.0,20601793140.0,0.0099255537423574,601899,紫金矿业
2026-08-13,33.17,33.43,31.72,31.82,330907033.0,10856874191.0,20601793140.0,0.016062050072598682,601899,紫金矿业
2026-08-14,31.41,32.26,31.36,32.13,194376501.0,6276856673.0,20601793140.0,0.00943493120618723,601899,紫金矿业
2026-08-17,32.92,33.24,32.61,32.95,197196754.0,6558448790.0,20601793140.0,0.009571824775636981,601899,紫金矿业
2026-08-18,32.95,33.17,32.47,33.15,184521427.0,6128479458.0,20601793140.0,0.008956571194850858,601899,紫金矿业
2026-08-19,32.1,32.87,31.95,32.36,189857553.0,6217951025.0,20601793140.0,0.009215583891645658,601899,紫金矿业
2026-08-20,33.58,34.65,33.45,33.83,411578689.0,14178910927.0,20601793140.0,0.019977809028714478,601899,紫金矿业
2026-08-21,34.25,34.87,33.6,34.74,300701690.0,10338560003.0,20601793140.0,0.014595898908244255,601899,紫金矿业
