date,open,high,low,close,volume,code,name
2021-09-13,29.519999999999996,29.759999999999994,28.319999999999997,28.929999999999996,1149815.0,603380,易德龙
2021-09-14,28.859999999999996,29.309999999999995,28.339999999999996,28.409999999999997,1322312.0,603380,易德龙
2021-09-15,28.649999999999995,29.219999999999995,27.989999999999995,28.919999999999995,1101317.0,603380,易德龙
2021-09-16,28.689999999999994,28.959999999999994,26.619999999999994,26.809999999999995,2293500.0,603380,易德龙
2021-09-17,26.959999999999994,27.439999999999994,26.709999999999994,27.319999999999997,1607485.0,603380,易德龙
2021-09-22,26.809999999999995,27.789999999999996,26.729999999999997,27.519999999999996,916000.0,603380,易德龙
2021-09-23,27.589999999999996,28.499999999999996,27.289999999999996,28.389999999999993,1037720.0,603380,易德龙
2021-09-24,28.369999999999994,29.309999999999995,27.969999999999995,28.389999999999993,1282455.0,603380,易德龙
2021-09-27,28.369999999999994,28.879999999999995,26.109999999999996,26.589999999999996,1839579.0,603380,易德龙
2021-09-28,26.989999999999995,27.689999999999994,25.909999999999997,27.409999999999997,1268700.0,603380,易德龙
2021-09-29,27.289999999999996,27.469999999999995,26.199999999999996,26.369999999999994,1111300.0,603380,易德龙
2021-09-30,26.499999999999996,27.399999999999995,26.489999999999995,27.359999999999996,875600.0,603380,易德龙
2021-10-08,27.759999999999994,27.959999999999994,27.379999999999995,27.429999999999996,717497.0,603380,易德龙
2021-10-11,27.369999999999994,28.809999999999995,27.369999999999994,28.409999999999997,1245997.0,603380,易德龙
2021-10-12,28.159999999999997,28.559999999999995,26.809999999999995,26.959999999999994,1053697.0,603380,易德龙
2021-10-13,26.959999999999994,27.399999999999995,26.259999999999994,26.979999999999997,816697.0,603380,易德龙
2021-10-14,26.929999999999996,27.239999999999995,26.409999999999997,27.099999999999994,450000.0,603380,易德龙
2021-10-15,27.279999999999994,28.339999999999996,26.479999999999997,28.239999999999995,932583.0,603380,易德龙
2021-10-18,28.209999999999994,28.229999999999997,27.429999999999996,28.089999999999996,770289.0,603380,易德龙
2021-10-19,28.199999999999996,29.279999999999994,27.899999999999995,29.009999999999994,1295100.0,603380,易德龙
2021-10-20,28.999999999999996,29.289999999999996,28.129999999999995,29.119999999999994,1030200.0,603380,易德龙
2021-10-21,29.289999999999996,29.289999999999996,28.179999999999996,28.619999999999994,1051600.0,603380,易德龙
2021-10-22,28.589999999999996,29.399999999999995,27.839999999999996,28.129999999999995,1307700.0,603380,易德龙
2021-10-25,27.859999999999996,27.869999999999994,25.889999999999993,27.259999999999994,1813050.0,603380,易德龙
2021-10-26,26.959999999999994,27.339999999999996,26.659999999999997,26.809999999999995,666500.0,603380,易德龙
2021-10-27,26.709999999999994,26.779999999999994,26.139999999999993,26.439999999999994,764600.0,603380,易德龙
2021-10-28,26.399999999999995,27.109999999999996,26.189999999999994,26.409999999999997,774872.0,603380,易德龙
2021-10-29,26.209999999999994,27.409999999999997,26.209999999999994,26.899999999999995,957568.0,603380,易德龙
2021-11-01,28.009999999999994,29.809999999999995,27.829999999999995,29.809999999999995,2573100.0,603380,易德龙
2021-11-02,30.650000000000006,31.71,30.27,31.060000000000002,5094373.0,603380,易德龙
2021-11-03,31.410000000000004,33.690000000000005,31.14,33.410000000000004,4502587.0,603380,易德龙
2021-11-04,33.6,34.010000000000005,32.11,33.68,3491623.0,603380,易德龙
2021-11-05,34.080000000000005,34.57,33.39,33.7,3062713.0,603380,易德龙
2021-11-08,33.99,34.190000000000005,32.61,33.31,2257716.0,603380,易德龙
2021-11-09,33.32,33.6,33.010000000000005,33.550000000000004,1909400.0,603380,易德龙
2021-11-10,33.49,34.0,32.760000000000005,33.74,2111369.0,603380,易德龙
2021-11-11,33.580000000000005,35.6,33.17,34.93,2913468.0,603380,易德龙
2021-11-12,34.81,38.6,34.71,37.47,4008293.0,603380,易德龙
2021-11-15,37.47,38.78,36.61,37.550000000000004,2467500.0,603380,易德龙
2021-11-16,37.190000000000005,37.6,35.11,36.11,3734546.0,603380,易德龙
2021-11-17,36.11,37.46,35.510000000000005,36.95,2058418.0,603380,易德龙
2021-11-18,36.81,37.45,36.190000000000005,36.71,1495600.0,603380,易德龙
2021-11-19,36.67,38.06,36.43,37.31,1464050.0,603380,易德龙
2021-11-22,37.64,39.75,37.32,39.18,1822475.0,603380,易德龙
2021-11-23,38.74,38.82,37.67,38.06,1705866.0,603380,易德龙
2021-11-24,37.61,38.61,37.61,38.11,978200.0,603380,易德龙
2021-11-25,38.190000000000005,38.36,37.1,37.160000000000004,1349150.0,603380,易德龙
2021-11-26,37.150000000000006,37.85,36.49,37.24,1223107.0,603380,易德龙
2021-11-29,38.1,38.2,36.440000000000005,37.81,1428641.0,603380,易德龙
2021-11-30,38.61,39.25,37.5,37.74,1237400.0,603380,易德龙
2021-12-01,36.690000000000005,40.09,36.690000000000005,39.510000000000005,2289481.0,603380,易德龙
2021-12-02,39.77,39.77,35.870000000000005,37.080000000000005,2688424.0,603380,易德龙
2021-12-03,37.09,39.24,36.99,38.42,1581400.0,603380,易德龙
2021-12-06,38.27,38.620000000000005,35.910000000000004,36.43,2647108.0,603380,易德龙
2021-12-07,36.870000000000005,37.61,34.89,35.0,1932208.0,603380,易德龙
2021-12-08,35.09,36.18,35.02,35.190000000000005,1107520.0,603380,易德龙
2021-12-09,35.260000000000005,35.74,34.72,35.03,910854.0,603380,易德龙
2021-12-10,35.0,36.79,34.11,36.31,1611600.0,603380,易德龙
2021-12-13,36.09,36.79,35.29,36.31,1007993.0,603380,易德龙
2021-12-14,36.29,36.690000000000005,35.71,36.330000000000005,642941.0,603380,易德龙
2021-12-15,36.620000000000005,37.300000000000004,35.11,35.13,1141600.0,603380,易德龙
2021-12-16,35.09,35.900000000000006,34.81,35.160000000000004,703239.0,603380,易德龙
2021-12-17,35.160000000000004,35.2,33.81,34.22,1049609.0,603380,易德龙
2021-12-20,34.22,34.940000000000005,33.85,34.21,915000.0,603380,易德龙
2021-12-21,34.31,34.81,34.11,34.46,659524.0,603380,易德龙
2021-12-22,34.36,36.06,34.36,35.77,1202185.0,603380,易德龙
2021-12-23,35.690000000000005,35.940000000000005,35.02,35.79,687900.0,603380,易德龙
2021-12-24,35.81,35.870000000000005,34.46,35.230000000000004,987000.0,603380,易德龙
2021-12-27,35.410000000000004,35.410000000000004,34.480000000000004,34.52,656817.0,603380,易德龙
2021-12-28,34.800000000000004,38.080000000000005,34.550000000000004,37.53,1940900.0,603380,易德龙
2021-12-29,37.31,38.260000000000005,35.81,35.93,1886850.0,603380,易德龙
2021-12-30,35.79,36.6,35.53,36.010000000000005,944000.0,603380,易德龙
2021-12-31,36.0,36.46,35.54,36.11,621609.0,603380,易德龙
2022-01-04,36.61,37.2,35.160000000000004,36.13,1345846.0,603380,易德龙
2022-01-05,36.18,36.57,34.660000000000004,35.21,1186500.0,603380,易德龙
2022-01-06,35.04,37.31,34.690000000000005,36.81,1636165.0,603380,易德龙
2022-01-07,37.0,37.650000000000006,35.67,35.7,1321009.0,603380,易德龙
2022-01-10,35.580000000000005,36.46,33.42,35.940000000000005,1755357.0,603380,易德龙
2022-01-11,35.81,37.79,35.72,36.88,1676000.0,603380,易德龙
2022-01-12,36.93,37.620000000000005,36.39,37.050000000000004,917808.0,603380,易德龙
2022-01-13,37.21,37.61,35.910000000000004,36.260000000000005,827700.0,603380,易德龙
2022-01-14,35.81,37.300000000000004,35.61,36.81,898100.0,603380,易德龙
2022-01-17,37.160000000000004,38.31,36.410000000000004,37.95,1562282.0,603380,易德龙
2022-01-18,38.09,41.78,37.96,40.78,3060729.0,603380,易德龙
2022-01-19,40.78,40.79,39.47,40.160000000000004,1705856.0,603380,易德龙
2022-01-20,39.79,41.77,38.21,38.21,2251308.0,603380,易德龙
2022-01-21,37.81,38.45,36.13,36.54,1686800.0,603380,易德龙
2022-01-24,36.09,37.17,35.830000000000005,36.800000000000004,1108800.0,603380,易德龙
2022-01-25,36.63,37.07,34.24,34.24,1763555.0,603380,易德龙
2022-01-26,34.24,35.97,34.14,35.06,1305556.0,603380,易德龙
2022-01-27,35.14,35.49,34.31,34.870000000000005,1082400.0,603380,易德龙
2022-01-28,35.330000000000005,35.330000000000005,33.04,33.11,1187600.0,603380,易德龙
2022-02-07,33.900000000000006,34.04,31.980000000000004,32.67,1426005.0,603380,易德龙
2022-02-08,32.45,33.2,32.17,32.760000000000005,900500.0,603380,易德龙
2022-02-09,32.620000000000005,34.86,32.21,34.800000000000004,1390800.0,603380,易德龙
2022-02-10,34.550000000000004,34.870000000000005,33.61,33.800000000000004,813508.0,603380,易德龙
2022-02-11,33.42,33.690000000000005,32.56,33.09,978908.0,603380,易德龙
2022-02-14,32.910000000000004,33.34,32.1,33.010000000000005,808008.0,603380,易德龙
2022-02-15,33.59,34.14,32.86,33.86,570209.0,603380,易德龙
2022-02-16,34.29,35.260000000000005,33.870000000000005,34.61,786904.0,603380,易德龙
2022-02-17,34.54,35.1,34.11,34.330000000000005,664100.0,603380,易德龙
2022-02-18,34.160000000000004,34.68,34.010000000000005,34.22,459800.0,603380,易德龙
2022-02-21,34.21,34.980000000000004,34.21,34.72,450602.0,603380,易德龙
2022-02-22,34.690000000000005,35.31,34.36,34.7,862600.0,603380,易德龙
2022-02-23,34.7,36.400000000000006,34.53,36.21,1096400.0,603380,易德龙
2022-02-24,36.010000000000005,37.2,35.49,35.78,1853400.0,603380,易德龙
2022-02-25,36.160000000000004,36.79,33.580000000000005,33.79,2423600.0,603380,易德龙
2022-02-28,33.79,34.400000000000006,33.010000000000005,33.97,1285100.0,603380,易德龙
2022-03-01,33.89,34.160000000000004,32.160000000000004,32.74,1894500.0,603380,易德龙
2022-03-02,32.81,33.150000000000006,31.61,32.910000000000004,1502600.0,603380,易德龙
2022-03-03,33.07,33.160000000000004,31.870000000000005,31.870000000000005,861239.0,603380,易德龙
2022-03-04,31.86,32.1,30.810000000000002,30.870000000000005,972317.0,603380,易德龙
2022-03-07,30.940000000000005,30.950000000000003,29.759999999999994,30.099999999999998,1843000.0,603380,易德龙
2022-03-08,30.209999999999997,31.29,29.169999999999995,29.399999999999995,1556779.0,603380,易德龙
2022-03-09,29.679999999999996,29.699999999999996,27.409999999999997,28.609999999999996,1434029.0,603380,易德龙
2022-03-10,29.269999999999996,29.96999999999999,29.209999999999994,29.719999999999995,981730.0,603380,易德龙
2022-03-11,29.509999999999994,29.869999999999997,28.199999999999996,29.759999999999994,1168300.0,603380,易德龙
2022-03-14,29.759999999999994,31.11,29.609999999999996,29.709999999999994,1410400.0,603380,易德龙
2022-03-15,29.799999999999994,29.809999999999995,27.879999999999995,27.909999999999997,1329800.0,603380,易德龙
2022-03-16,28.419999999999995,29.83,27.839999999999996,29.509999999999994,1408700.0,603380,易德龙
2022-03-17,29.809999999999995,30.97,29.809999999999995,30.510000000000005,899400.0,603380,易德龙
2022-03-18,30.6,30.6,29.109999999999996,29.909999999999997,1091314.0,603380,易德龙
2022-03-21,29.919999999999995,30.169999999999998,29.319999999999997,29.939999999999998,561216.0,603380,易德龙
2022-03-22,29.639999999999993,31.96,29.359999999999996,31.78,1316200.0,603380,易德龙
2022-03-23,31.760000000000005,32.95,31.32,32.230000000000004,1139300.0,603380,易德龙
2022-03-24,32.31,32.31,31.340000000000003,31.39,430100.0,603380,易德龙
2022-03-25,31.660000000000004,31.660000000000004,30.75,30.97,436700.0,603380,易德龙
2022-03-28,30.97,30.980000000000004,29.419999999999995,29.999999999999993,922000.0,603380,易德龙
2022-03-29,30.27,30.37,28.509999999999994,29.069999999999997,992000.0,603380,易德龙
2022-03-30,29.189999999999994,29.939999999999998,28.959999999999994,29.859999999999992,443000.0,603380,易德龙
2022-03-31,29.379999999999995,30.590000000000003,29.379999999999995,30.01,719716.0,603380,易德龙
2022-04-01,30.3,30.57,29.629999999999995,30.410000000000004,561100.0,603380,易德龙
2022-04-06,29.809999999999995,30.2,28.819999999999997,29.199999999999996,1031100.0,603380,易德龙
2022-04-07,29.209999999999994,29.589999999999996,28.219999999999995,28.269999999999996,949500.0,603380,易德龙
2022-04-08,28.319999999999997,28.359999999999996,27.419999999999995,27.909999999999997,670116.0,603380,易德龙
2022-04-11,28.169999999999995,28.169999999999995,25.869999999999994,26.199999999999996,846209.0,603380,易德龙
2022-04-12,26.059999999999995,26.289999999999996,25.509999999999994,26.099999999999994,542400.0,603380,易德龙
2022-04-13,25.749999999999996,25.839999999999996,24.949999999999996,25.269999999999996,647850.0,603380,易德龙
2022-04-14,25.679999999999996,25.759999999999994,24.819999999999997,25.319999999999997,783655.0,603380,易德龙
2022-04-15,24.869999999999994,25.059999999999995,24.169999999999995,24.579999999999995,830700.0,603380,易德龙
2022-04-18,23.839999999999996,25.769999999999996,23.839999999999996,25.369999999999994,681400.0,603380,易德龙
2022-04-19,25.139999999999993,26.289999999999996,25.139999999999993,25.689999999999994,815900.0,603380,易德龙
2022-04-20,25.489999999999995,27.569999999999997,25.459999999999994,26.919999999999995,1443916.0,603380,易德龙
2022-04-21,27.209999999999994,27.939999999999994,26.389999999999993,26.509999999999994,1391500.0,603380,易德龙
2022-04-22,26.509999999999994,26.909999999999997,25.509999999999994,26.139999999999993,673630.0,603380,易德龙
2022-04-25,25.799999999999994,25.799999999999994,24.409999999999997,24.419999999999995,945414.0,603380,易德龙
2022-04-26,24.349999999999994,24.869999999999994,23.729999999999997,23.809999999999995,1088100.0,603380,易德龙
2022-04-27,23.019999999999996,26.409999999999997,23.019999999999996,26.409999999999997,1268100.0,603380,易德龙
2022-04-28,26.409999999999997,26.809999999999995,25.729999999999997,26.179999999999996,1341800.0,603380,易德龙
2022-04-29,26.829999999999995,28.979999999999997,26.449999999999996,28.799999999999994,1548908.0,603380,易德龙
2022-05-05,28.659999999999997,29.999999999999993,28.659999999999997,29.809999999999995,1001824.0,603380,易德龙
2022-05-06,28.399999999999995,30.099999999999998,28.399999999999995,29.519999999999996,528929.0,603380,易德龙
2022-05-09,29.679999999999996,30.31,29.009999999999994,29.249999999999996,495800.0,603380,易德龙
2022-05-10,29.009999999999994,30.690000000000005,28.969999999999995,30.61,888130.0,603380,易德龙
2022-05-11,30.740000000000002,31.900000000000006,30.510000000000005,30.96,858430.0,603380,易德龙
2022-05-12,30.96,31.370000000000005,30.319999999999997,31.230000000000004,558302.0,603380,易德龙
2022-05-13,31.330000000000005,31.740000000000002,30.910000000000004,31.450000000000003,365800.0,603380,易德龙
2022-05-16,32.080000000000005,32.080000000000005,30.510000000000005,30.900000000000006,459900.0,603380,易德龙
2022-05-17,30.61,31.36,30.61,31.190000000000005,350900.0,603380,易德龙
2022-05-18,30.830000000000005,31.800000000000004,30.830000000000005,31.43,332100.0,603380,易德龙
2022-05-19,31.510000000000005,31.54,30.86,31.410000000000004,329790.0,603380,易德龙
2022-05-20,31.480000000000004,31.810000000000002,31.21,31.560000000000002,369300.0,603380,易德龙
2022-05-23,31.580000000000005,31.730000000000004,30.93,31.650000000000006,297529.0,603380,易德龙
2022-05-24,31.450000000000003,32.21,31.010000000000005,31.11,583200.0,603380,易德龙
2022-05-25,30.810000000000002,31.6,30.550000000000004,31.060000000000002,367900.0,603380,易德龙
2022-05-26,30.950000000000003,31.370000000000005,30.13,31.22,423300.0,603380,易德龙
2022-05-27,30.97,31.940000000000005,30.89,31.580000000000005,348000.0,603380,易德龙
2022-05-30,31.740000000000002,32.53,30.870000000000005,32.39,580700.0,603380,易德龙
2022-05-31,32.39,33.370000000000005,31.910000000000004,33.35,694173.0,603380,易德龙
2022-06-01,33.61,33.81,32.99,33.35,457000.0,603380,易德龙
2022-06-02,33.190000000000005,34.38,33.14,34.190000000000005,533912.0,603380,易德龙
2022-06-06,34.99,34.99,34.190000000000005,34.81,585000.0,603380,易德龙
2022-06-07,34.79,34.79,33.980000000000004,34.22,454815.0,603380,易德龙
2022-06-08,34.21,34.99,33.99,34.46,495286.0,603380,易德龙
2022-06-09,34.45,34.760000000000005,31.880000000000003,33.88,392300.0,603380,易德龙
2022-06-10,33.88,34.260000000000005,33.63,33.830000000000005,442200.0,603380,易德龙
2022-06-13,33.81,35.29,33.81,34.67,499400.0,603380,易德龙
2022-06-14,34.300000000000004,35.080000000000005,33.81,34.97,522400.0,603380,易德龙
2022-06-15,34.97,35.160000000000004,34.410000000000004,34.910000000000004,374300.0,603380,易德龙
2022-06-16,35.1,35.92,34.98,35.32,407500.0,603380,易德龙
2022-06-17,35.16,35.73,34.93,35.32,274800.0,603380,易德龙
2022-06-20,35.32,35.39,35.0,35.0,347900.0,603380,易德龙
2022-06-21,35.02,36.8,35.02,36.0,720900.0,603380,易德龙
2022-06-22,35.53,36.51,35.53,36.26,546400.0,603380,易德龙
2022-06-23,35.35,36.12,33.5,36.0,907500.0,603380,易德龙
2022-06-24,36.3,36.38,35.52,35.85,495600.0,603380,易德龙
2022-06-27,35.85,36.55,35.52,36.3,512500.0,603380,易德龙
2022-06-28,36.0,36.74,35.51,36.41,495800.0,603380,易德龙
2022-06-29,36.3,36.7,35.68,35.72,582200.0,603380,易德龙
2022-06-30,35.89,37.16,35.52,36.9,832100.0,603380,易德龙
2022-07-01,37.0,37.35,36.18,36.65,571216.0,603380,易德龙
2022-07-04,36.2,36.79,35.66,36.14,470300.0,603380,易德龙
2022-07-05,35.8,36.53,34.65,35.12,1061700.0,603380,易德龙
2022-07-06,35.12,36.3,35.05,35.65,495000.0,603380,易德龙
2022-07-07,35.8,36.77,35.5,36.39,733000.0,603380,易德龙
2022-07-08,36.87,36.87,35.67,35.67,450700.0,603380,易德龙
2022-07-11,35.62,35.96,34.63,35.22,1069900.0,603380,易德龙
2022-07-12,35.46,35.5,33.9,33.9,620200.0,603380,易德龙
2022-07-13,34.0,34.59,33.46,33.74,433300.0,603380,易德龙
2022-07-14,33.95,35.06,33.52,34.59,538500.0,603380,易德龙
2022-07-15,34.61,35.59,34.18,34.82,628300.0,603380,易德龙
2022-07-18,34.82,35.9,34.2,34.25,659300.0,603380,易德龙
2022-07-19,34.26,34.98,34.2,34.57,709214.0,603380,易德龙
2022-07-20,34.72,35.43,34.38,34.65,443300.0,603380,易德龙
2022-07-21,34.65,35.19,34.09,34.12,590700.0,603380,易德龙
2022-07-22,34.18,34.7,33.05,33.37,570106.0,603380,易德龙
2022-07-25,33.38,33.88,32.15,32.46,659800.0,603380,易德龙
2022-07-26,32.47,33.83,32.08,33.79,588792.0,603380,易德龙
2022-07-27,33.79,34.2,32.9,33.25,647899.0,603380,易德龙
2022-07-28,33.46,33.88,33.12,33.36,606900.0,603380,易德龙
2022-07-29,32.96,33.77,32.56,32.59,510800.0,603380,易德龙
2022-08-01,32.47,33.96,32.04,33.69,1079561.0,603380,易德龙
2022-08-02,33.12,33.94,31.590000000000003,32.23,1043700.0,603380,易德龙
2022-08-03,31.89,32.86,30.729999999999997,31.08,1130000.0,603380,易德龙
2022-08-04,31.380000000000003,31.97,30.979999999999997,31.28,682054.0,603380,易德龙
2022-08-05,30.85,32.18,30.799999999999997,31.799999999999997,658400.0,603380,易德龙
2022-08-08,32.0,32.4,31.25,31.25,862100.0,603380,易德龙
2022-08-09,31.590000000000003,31.880000000000003,31.18,31.54,559600.0,603380,易德龙
2022-08-10,31.61,34.89,31.229999999999997,34.89,3674692.0,603380,易德龙
2022-08-11,34.61,36.8,34.02,36.46,4400046.0,603380,易德龙
2022-08-12,35.89,36.39,33.12,33.34,3235500.0,603380,易德龙
2022-08-15,33.25,34.95,32.8,34.25,2491561.0,603380,易德龙
2022-08-16,34.43,34.6,32.93,33.12,2171043.0,603380,易德龙
2022-08-17,33.13,33.77,32.15,32.57,1742361.0,603380,易德龙
2022-08-18,32.6,34.15,32.22,33.9,1868651.0,603380,易德龙
2022-08-19,33.79,34.7,33.1,33.21,1322800.0,603380,易德龙
2022-08-22,33.19,33.51,32.18,32.86,1055600.0,603380,易德龙
2022-08-23,32.93,33.79,32.55,32.79,717000.0,603380,易德龙
2022-08-24,32.76,32.76,30.9,31.53,1504900.0,603380,易德龙
2022-08-25,31.1,31.78,29.849999999999998,30.659999999999997,1049700.0,603380,易德龙
2022-08-26,30.560000000000002,30.89,29.699999999999996,29.879999999999995,651600.0,603380,易德龙
2022-08-29,28.499999999999996,29.129999999999995,27.609999999999996,28.499999999999996,1780100.0,603380,易德龙
2022-08-30,28.739999999999995,28.949999999999996,27.599999999999998,28.199999999999996,925100.0,603380,易德龙
2022-08-31,28.249999999999996,28.249999999999996,27.069999999999997,27.129999999999995,1171500.0,603380,易德龙
2022-09-01,27.129999999999995,27.739999999999995,26.969999999999995,27.319999999999997,941261.0,603380,易德龙
2022-09-02,27.319999999999997,28.179999999999996,27.199999999999996,28.179999999999996,957800.0,603380,易德龙
2022-09-05,28.179999999999996,29.659999999999997,27.749999999999996,28.529999999999998,1214300.0,603380,易德龙
2022-09-06,28.769999999999996,29.739999999999995,28.159999999999997,29.249999999999996,776937.0,603380,易德龙
2022-09-07,28.939999999999998,30.09,28.809999999999995,29.819999999999997,866611.0,603380,易德龙
2022-09-08,29.749999999999996,30.13,29.599999999999998,29.819999999999997,437800.0,603380,易德龙
2022-09-09,29.799999999999997,30.27,29.319999999999997,30.099999999999998,642900.0,603380,易德龙
2022-09-13,30.249999999999996,31.53,30.06,30.869999999999997,1087118.0,603380,易德龙
2022-09-14,30.389999999999997,31.25,30.2,31.0,495286.0,603380,易德龙
2022-09-15,31.03,31.270000000000003,29.799999999999997,30.85,790700.0,603380,易德龙
2022-09-16,30.85,31.1,29.819999999999997,30.389999999999997,754800.0,603380,易德龙
2022-09-19,30.68,30.68,29.029999999999998,30.279999999999998,769800.0,603380,易德龙
2022-09-20,30.029999999999998,30.2,29.259999999999998,29.349999999999998,586500.0,603380,易德龙
2022-09-21,29.349999999999998,29.749999999999996,29.099999999999998,29.609999999999996,258900.0,603380,易德龙
2022-09-22,29.579999999999995,29.679999999999996,28.799999999999997,28.969999999999995,407558.0,603380,易德龙
2022-09-23,29.129999999999995,29.129999999999995,27.999999999999996,28.039999999999996,276400.0,603380,易德龙
2022-09-26,27.999999999999996,28.699999999999996,27.799999999999997,28.639999999999997,475700.0,603380,易德龙
2022-09-27,27.999999999999996,28.639999999999997,27.999999999999996,28.309999999999995,393400.0,603380,易德龙
2022-09-28,28.109999999999996,29.159999999999997,27.839999999999996,28.309999999999995,387372.0,603380,易德龙
2022-09-29,28.329999999999995,28.559999999999995,27.599999999999998,27.739999999999995,349972.0,603380,易德龙
2022-09-30,27.429999999999996,27.889999999999997,26.499999999999996,26.609999999999996,358900.0,603380,易德龙
2022-10-10,27.129999999999995,27.189999999999998,25.599999999999998,25.729999999999997,292300.0,603380,易德龙
2022-10-11,24.999999999999996,26.009999999999998,24.999999999999996,25.679999999999996,228454.0,603380,易德龙
2022-10-12,24.299999999999997,26.349999999999998,24.299999999999997,26.319999999999997,335554.0,603380,易德龙
2022-10-13,26.149999999999995,28.659999999999997,26.149999999999995,26.799999999999997,523696.0,603380,易德龙
2022-10-14,26.939999999999998,27.499999999999996,26.799999999999997,27.369999999999997,311200.0,603380,易德龙
2022-10-17,27.369999999999997,27.909999999999997,27.049999999999997,27.729999999999997,240597.0,603380,易德龙
2022-10-18,27.939999999999998,27.939999999999998,27.149999999999995,27.579999999999995,283343.0,603380,易德龙
2022-10-19,27.279999999999998,27.799999999999997,27.179999999999996,27.229999999999997,272900.0,603380,易德龙
2022-10-20,27.389999999999997,28.499999999999996,26.959999999999997,27.829999999999995,472319.0,603380,易德龙
2022-10-21,27.719999999999995,28.199999999999996,27.399999999999995,27.429999999999996,257500.0,603380,易德龙
2022-10-24,27.209999999999997,27.879999999999995,27.019999999999996,27.219999999999995,363138.0,603380,易德龙
2022-10-25,27.029999999999998,27.149999999999995,26.209999999999997,26.659999999999997,319500.0,603380,易德龙
2022-10-26,26.789999999999996,27.299999999999997,26.339999999999996,26.979999999999997,691500.0,603380,易德龙
2022-10-27,26.979999999999997,27.449999999999996,26.239999999999995,26.279999999999998,431577.0,603380,易德龙
2022-10-28,26.409999999999997,26.499999999999996,24.849999999999998,25.099999999999998,486661.0,603380,易德龙
2022-10-31,24.499999999999996,25.069999999999997,23.999999999999996,24.739999999999995,1016509.0,603380,易德龙
2022-11-01,24.689999999999998,26.249999999999996,24.679999999999996,26.179999999999996,955895.0,603380,易德龙
2022-11-02,26.329999999999995,27.699999999999996,26.189999999999998,27.049999999999997,671595.0,603380,易德龙
2022-11-03,26.949999999999996,27.669999999999998,26.599999999999998,27.239999999999995,377600.0,603380,易德龙
2022-11-04,27.039999999999996,27.799999999999997,26.989999999999995,27.689999999999998,361520.0,603380,易德龙
2022-11-07,27.699999999999996,27.959999999999997,27.429999999999996,27.709999999999997,369300.0,603380,易德龙
2022-11-08,27.319999999999997,27.699999999999996,27.239999999999995,27.519999999999996,394800.0,603380,易德龙
2022-11-09,27.279999999999998,27.729999999999997,27.279999999999998,27.329999999999995,251800.0,603380,易德龙
2022-11-10,27.239999999999995,27.469999999999995,26.799999999999997,26.799999999999997,439997.0,603380,易德龙
2022-11-11,27.379999999999995,27.999999999999996,27.149999999999995,27.309999999999995,456397.0,603380,易德龙
2022-11-14,27.419999999999998,28.189999999999998,27.019999999999996,27.749999999999996,586296.0,603380,易德龙
2022-11-15,27.499999999999996,28.739999999999995,27.499999999999996,28.699999999999996,524800.0,603380,易德龙
2022-11-16,28.859999999999996,28.959999999999997,28.509999999999998,28.579999999999995,239800.0,603380,易德龙
2022-11-17,28.569999999999997,29.679999999999996,28.439999999999998,29.509999999999998,488700.0,603380,易德龙
2022-11-18,29.679999999999996,29.989999999999995,28.899999999999995,28.989999999999995,356100.0,603380,易德龙
2022-11-21,28.899999999999995,28.979999999999997,28.329999999999995,28.879999999999995,305900.0,603380,易德龙
2022-11-22,28.879999999999995,29.159999999999997,28.279999999999998,28.479999999999997,263800.0,603380,易德龙
2022-11-23,28.219999999999995,28.409999999999997,27.209999999999997,27.899999999999995,538300.0,603380,易德龙
2022-11-24,29.589999999999996,29.589999999999996,27.299999999999997,27.349999999999998,536900.0,603380,易德龙
2022-11-25,27.489999999999995,27.999999999999996,27.019999999999996,27.499999999999996,591800.0,603380,易德龙
2022-11-28,27.549999999999997,27.549999999999997,26.129999999999995,26.269999999999996,509800.0,603380,易德龙
2022-11-29,25.759999999999998,26.699999999999996,25.759999999999998,26.619999999999997,349800.0,603380,易德龙
2022-11-30,26.779999999999998,27.219999999999995,26.279999999999998,26.769999999999996,491400.0,603380,易德龙
2022-12-01,26.799999999999997,27.619999999999997,26.449999999999996,26.599999999999998,1189200.0,603380,易德龙
2022-12-02,26.069999999999997,26.719999999999995,26.069999999999997,26.379999999999995,332100.0,603380,易德龙
2022-12-05,26.469999999999995,27.129999999999995,26.369999999999997,26.369999999999997,753300.0,603380,易德龙
2022-12-06,26.649999999999995,27.079999999999995,26.279999999999998,26.479999999999997,889400.0,603380,易德龙
2022-12-07,26.479999999999997,26.529999999999998,26.089999999999996,26.169999999999998,436100.0,603380,易德龙
2022-12-08,26.059999999999995,26.109999999999996,25.859999999999996,25.859999999999996,408800.0,603380,易德龙
2022-12-09,25.859999999999996,26.049999999999997,25.369999999999997,25.539999999999996,402800.0,603380,易德龙
2022-12-12,25.599999999999998,25.949999999999996,25.349999999999998,25.909999999999997,458529.0,603380,易德龙
2022-12-13,26.949999999999996,26.949999999999996,25.319999999999997,25.389999999999997,528204.0,603380,易德龙
2022-12-14,25.539999999999996,25.629999999999995,24.989999999999995,25.159999999999997,434329.0,603380,易德龙
2022-12-15,25.009999999999998,26.089999999999996,24.949999999999996,25.729999999999997,587300.0,603380,易德龙
2022-12-16,25.779999999999998,25.779999999999998,25.229999999999997,25.309999999999995,321400.0,603380,易德龙
2022-12-19,25.249999999999996,25.309999999999995,24.669999999999998,24.729999999999997,322300.0,603380,易德龙
2022-12-20,24.889999999999997,24.889999999999997,24.399999999999995,24.489999999999995,243600.0,603380,易德龙
2022-12-21,24.749999999999996,24.749999999999996,24.099999999999998,24.199999999999996,245300.0,603380,易德龙
2022-12-22,24.279999999999998,24.319999999999997,23.619999999999997,23.699999999999996,424900.0,603380,易德龙
2022-12-23,23.579999999999995,23.749999999999996,23.229999999999997,23.399999999999995,309900.0,603380,易德龙
2022-12-26,23.619999999999997,24.399999999999995,23.399999999999995,24.189999999999998,434000.0,603380,易德龙
2022-12-27,24.209999999999997,24.499999999999996,24.029999999999998,24.359999999999996,369396.0,603380,易德龙
2022-12-28,24.209999999999997,24.559999999999995,23.949999999999996,23.969999999999995,392200.0,603380,易德龙
2022-12-29,24.139999999999997,24.189999999999998,23.719999999999995,23.899999999999995,266800.0,603380,易德龙
2022-12-30,24.129999999999995,24.189999999999998,23.709999999999997,24.139999999999997,473506.0,603380,易德龙
2023-01-03,23.479999999999997,25.439999999999998,23.479999999999997,25.269999999999996,660600.0,603380,易德龙
2023-01-04,25.459999999999997,25.509999999999998,24.799999999999997,24.999999999999996,326200.0,603380,易德龙
2023-01-05,24.809999999999995,26.199999999999996,24.809999999999995,25.999999999999996,663900.0,603380,易德龙
2023-01-06,25.939999999999998,26.079999999999995,25.729999999999997,25.899999999999995,233214.0,603380,易德龙
2023-01-09,25.899999999999995,26.369999999999997,25.779999999999998,26.089999999999996,320114.0,603380,易德龙
2023-01-10,26.089999999999996,26.099999999999998,25.799999999999997,26.009999999999998,279120.0,603380,易德龙
2023-01-11,26.079999999999995,26.159999999999997,25.679999999999996,25.749999999999996,282400.0,603380,易德龙
2023-01-12,25.989999999999995,26.099999999999998,25.619999999999997,25.809999999999995,190016.0,603380,易德龙
2023-01-13,25.849999999999998,26.259999999999998,25.749999999999996,25.959999999999997,188900.0,603380,易德龙
2023-01-16,26.139999999999997,26.279999999999998,25.699999999999996,26.019999999999996,248900.0,603380,易德龙
2023-01-17,26.249999999999996,26.549999999999997,25.899999999999995,26.479999999999997,380400.0,603380,易德龙
2023-01-18,26.419999999999998,26.849999999999998,26.379999999999995,26.769999999999996,281400.0,603380,易德龙
2023-01-19,26.679999999999996,26.859999999999996,26.399999999999995,26.759999999999998,224300.0,603380,易德龙
2023-01-20,26.799999999999997,27.119999999999997,25.999999999999996,26.079999999999995,446024.0,603380,易德龙
2023-01-30,26.249999999999996,26.389999999999997,25.829999999999995,25.989999999999995,489400.0,603380,易德龙
2023-01-31,26.019999999999996,26.329999999999995,25.879999999999995,25.989999999999995,425600.0,603380,易德龙
2023-02-01,25.999999999999996,26.739999999999995,25.999999999999996,26.639999999999997,820400.0,603380,易德龙
2023-02-02,26.799999999999997,27.689999999999998,26.619999999999997,27.529999999999998,759214.0,603380,易德龙
2023-02-03,27.319999999999997,27.999999999999996,27.019999999999996,27.809999999999995,531000.0,603380,易德龙
2023-02-06,27.729999999999997,28.099999999999998,27.399999999999995,27.559999999999995,339896.0,603380,易德龙
2023-02-07,27.439999999999998,27.689999999999998,27.219999999999995,27.529999999999998,172147.0,603380,易德龙
2023-02-08,27.649999999999995,27.659999999999997,27.149999999999995,27.259999999999998,249840.0,603380,易德龙
2023-02-09,27.249999999999996,27.799999999999997,27.009999999999998,27.709999999999997,307300.0,603380,易德龙
2023-02-10,27.749999999999996,27.939999999999998,27.119999999999997,27.439999999999998,387700.0,603380,易德龙
2023-02-13,27.409999999999997,27.929999999999996,27.349999999999998,27.429999999999996,374700.0,603380,易德龙
2023-02-14,27.509999999999998,28.199999999999996,27.499999999999996,27.939999999999998,554400.0,603380,易德龙
2023-02-15,27.769999999999996,28.059999999999995,27.619999999999997,27.859999999999996,414900.0,603380,易德龙
2023-02-16,28.139999999999997,28.589999999999996,27.709999999999997,27.999999999999996,1122800.0,603380,易德龙
2023-02-17,27.879999999999995,29.659999999999997,26.599999999999998,26.809999999999995,874750.0,603380,易德龙
2023-02-20,26.399999999999995,27.399999999999995,26.399999999999995,27.059999999999995,381100.0,603380,易德龙
2023-02-21,26.999999999999996,27.849999999999998,26.969999999999995,27.539999999999996,387800.0,603380,易德龙
2023-02-22,27.389999999999997,27.799999999999997,27.349999999999998,27.549999999999997,246100.0,603380,易德龙
2023-02-23,27.499999999999996,27.629999999999995,26.999999999999996,27.089999999999996,1050100.0,603380,易德龙
2023-02-24,26.969999999999995,28.599999999999998,26.859999999999996,28.319999999999997,1150544.0,603380,易德龙
2023-02-27,27.929999999999996,28.099999999999998,27.579999999999995,27.679999999999996,655600.0,603380,易德龙
2023-02-28,27.679999999999996,27.889999999999997,27.499999999999996,27.599999999999998,226400.0,603380,易德龙
2023-03-01,27.619999999999997,28.209999999999997,27.509999999999998,28.179999999999996,462500.0,603380,易德龙
2023-03-02,28.169999999999998,28.189999999999998,27.749999999999996,27.859999999999996,314000.0,603380,易德龙
2023-03-03,27.799999999999997,27.999999999999996,27.329999999999995,27.589999999999996,397400.0,603380,易德龙
2023-03-06,27.589999999999996,27.999999999999996,27.589999999999996,27.779999999999998,202200.0,603380,易德龙
2023-03-07,27.609999999999996,27.809999999999995,26.599999999999998,27.019999999999996,307732.0,603380,易德龙
2023-03-08,27.219999999999995,27.219999999999995,26.699999999999996,27.079999999999995,230371.0,603380,易德龙
2023-03-09,27.169999999999998,27.459999999999997,27.009999999999998,27.229999999999997,296600.0,603380,易德龙
2023-03-10,27.439999999999998,27.439999999999998,26.309999999999995,26.399999999999995,571600.0,603380,易德龙
2023-03-13,26.399999999999995,26.399999999999995,25.449999999999996,25.959999999999997,593300.0,603380,易德龙
2023-03-14,25.719999999999995,26.149999999999995,25.109999999999996,25.739999999999995,666000.0,603380,易德龙
2023-03-15,25.939999999999998,26.389999999999997,25.299999999999997,25.599999999999998,436100.0,603380,易德龙
2023-03-16,25.599999999999998,25.879999999999995,24.649999999999995,24.739999999999995,529200.0,603380,易德龙
2023-03-17,24.789999999999996,25.279999999999998,24.399999999999995,24.659999999999997,1000800.0,603380,易德龙
2023-03-20,24.409999999999997,24.689999999999998,24.149999999999995,24.489999999999995,428710.0,603380,易德龙
2023-03-21,24.499999999999996,25.009999999999998,24.209999999999997,24.919999999999998,434530.0,603380,易德龙
2023-03-22,24.989999999999995,25.449999999999996,24.719999999999995,25.359999999999996,467900.0,603380,易德龙
2023-03-23,25.389999999999997,25.729999999999997,25.189999999999998,25.659999999999997,940451.0,603380,易德龙
2023-03-24,25.399999999999995,25.849999999999998,25.399999999999995,25.639999999999997,573300.0,603380,易德龙
2023-03-27,25.579999999999995,26.499999999999996,25.569999999999997,25.809999999999995,1012200.0,603380,易德龙
2023-03-28,25.809999999999995,26.519999999999996,25.589999999999996,26.159999999999997,876089.0,603380,易德龙
2023-03-29,26.009999999999998,26.009999999999998,25.359999999999996,25.499999999999996,784600.0,603380,易德龙
2023-03-30,25.339999999999996,25.789999999999996,24.489999999999995,24.529999999999998,676400.0,603380,易德龙
2023-03-31,24.529999999999998,24.529999999999998,23.559999999999995,23.729999999999997,1327098.0,603380,易德龙
2023-04-03,23.749999999999996,23.989999999999995,23.019999999999996,23.899999999999995,1295577.0,603380,易德龙
2023-04-04,23.899999999999995,24.109999999999996,23.349999999999998,23.569999999999997,1170800.0,603380,易德龙
2023-04-06,23.569999999999997,24.779999999999998,23.369999999999997,24.219999999999995,1343812.0,603380,易德龙
2023-04-07,24.299999999999997,24.999999999999996,24.149999999999995,24.749999999999996,1089000.0,603380,易德龙
2023-04-10,24.749999999999996,25.199999999999996,23.909999999999997,24.019999999999996,858800.0,603380,易德龙
2023-04-11,23.989999999999995,24.339999999999996,23.439999999999998,23.489999999999995,721600.0,603380,易德龙
2023-04-12,23.859999999999996,23.899999999999995,23.299999999999997,23.319999999999997,1086300.0,603380,易德龙
2023-04-13,23.289999999999996,23.499999999999996,22.459999999999997,22.519999999999996,1374971.0,603380,易德龙
2023-04-14,22.559999999999995,22.739999999999995,22.049999999999997,22.649999999999995,908500.0,603380,易德龙
2023-04-17,22.649999999999995,22.899999999999995,21.789999999999996,21.939999999999998,1157000.0,603380,易德龙
2023-04-18,21.939999999999998,21.949999999999996,21.439999999999998,21.559999999999995,1139721.0,603380,易德龙
2023-04-19,21.739999999999995,21.789999999999996,21.329999999999995,21.449999999999996,1040934.0,603380,易德龙
2023-04-20,21.349999999999998,21.599999999999998,21.009999999999998,21.449999999999996,947400.0,603380,易德龙
2023-04-21,21.619999999999997,21.639999999999997,20.209999999999997,20.239999999999995,1195200.0,603380,易德龙
2023-04-24,20.309999999999995,20.359999999999996,19.769999999999996,19.839999999999996,1018700.0,603380,易德龙
2023-04-25,19.909999999999997,20.049999999999997,19.109999999999996,19.679999999999996,969100.0,603380,易德龙
2023-04-26,19.609999999999996,19.999999999999996,19.309999999999995,19.439999999999998,874200.0,603380,易德龙
2023-04-27,19.449999999999996,19.669999999999998,19.229999999999997,19.559999999999995,664561.0,603380,易德龙
2023-04-28,19.149999999999995,19.649999999999995,19.029999999999998,19.399999999999995,1044357.0,603380,易德龙
2023-05-04,19.419999999999998,20.099999999999998,19.319999999999997,19.729999999999997,1640100.0,603380,易德龙
2023-05-05,19.649999999999995,19.839999999999996,19.209999999999997,19.249999999999996,952800.0,603380,易德龙
2023-05-08,19.199999999999996,19.529999999999998,18.739999999999995,18.909999999999997,1273100.0,603380,易德龙
2023-05-09,19.019999999999996,19.079999999999995,18.739999999999995,18.809999999999995,643698.0,603380,易德龙
2023-05-10,18.609999999999996,19.249999999999996,18.609999999999996,18.949999999999996,718000.0,603380,易德龙
2023-05-11,19.099999999999998,19.369999999999997,18.949999999999996,19.209999999999997,633900.0,603380,易德龙
2023-05-12,19.269999999999996,19.549999999999997,18.669999999999998,18.699999999999996,693400.0,603380,易德龙
2023-05-15,18.809999999999995,19.039999999999996,18.519999999999996,19.019999999999996,441800.0,603380,易德龙
2023-05-16,19.019999999999996,19.749999999999996,18.849999999999998,19.329999999999995,1283089.0,603380,易德龙
2023-05-17,19.329999999999995,19.919999999999998,19.299999999999997,19.809999999999995,836000.0,603380,易德龙
2023-05-18,19.579999999999995,21.989999999999995,19.579999999999995,21.989999999999995,2962765.0,603380,易德龙
2023-05-19,21.819999999999997,21.889999999999997,20.659999999999997,20.949999999999996,5343047.0,603380,易德龙
2023-05-22,20.649999999999995,20.929999999999996,20.419999999999998,20.599999999999998,2649860.0,603380,易德龙
2023-05-23,20.639999999999997,20.929999999999996,20.449999999999996,20.669999999999998,2297600.0,603380,易德龙
2023-05-24,20.749999999999996,21.149999999999995,20.629999999999995,20.749999999999996,2189460.0,603380,易德龙
2023-05-25,20.789999999999996,21.059999999999995,20.319999999999997,20.559999999999995,1649800.0,603380,易德龙
2023-05-26,20.729999999999997,20.999999999999996,20.399999999999995,20.919999999999998,1509860.0,603380,易德龙
2023-05-29,20.979999999999997,21.099999999999998,20.559999999999995,20.719999999999995,977049.0,603380,易德龙
2023-05-30,20.609999999999996,21.449999999999996,20.499999999999996,21.189999999999998,2003000.0,603380,易德龙
2023-05-31,21.199999999999996,21.249999999999996,20.579999999999995,20.779999999999998,1305100.0,603380,易德龙
2023-06-01,20.749999999999996,20.839999999999996,20.499999999999996,20.629999999999995,1130600.0,603380,易德龙
2023-06-02,20.719999999999995,21.099999999999998,20.569999999999997,20.979999999999997,1492300.0,603380,易德龙
2023-06-05,20.999999999999996,22.099999999999998,20.939999999999998,21.309999999999995,2568913.0,603380,易德龙
2023-06-06,21.349999999999998,21.489999999999995,20.419999999999998,20.559999999999995,1139600.0,603380,易德龙
2023-06-07,20.789999999999996,20.819999999999997,20.109999999999996,20.469999999999995,669500.0,603380,易德龙
2023-06-08,20.429999999999996,20.509999999999998,19.969999999999995,20.079999999999995,1201300.0,603380,易德龙
2023-06-09,20.079999999999995,20.199999999999996,19.689999999999998,20.039999999999996,864700.0,603380,易德龙
2023-06-12,20.039999999999996,20.419999999999998,19.959999999999997,20.299999999999997,907600.0,603380,易德龙
2023-06-13,20.139999999999997,20.449999999999996,19.999999999999996,20.379999999999995,940100.0,603380,易德龙
2023-06-14,20.379999999999995,20.449999999999996,19.899999999999995,20.289999999999996,912200.0,603380,易德龙
2023-06-15,20.329999999999995,20.369999999999997,19.999999999999996,20.139999999999997,559000.0,603380,易德龙
2023-06-16,20.189999999999998,20.259999999999998,19.949999999999996,20.179999999999996,639900.0,603380,易德龙
2023-06-19,20.439999999999998,21.359999999999996,20.109999999999996,21.199999999999996,3000700.0,603380,易德龙
2023-06-20,22.129999999999995,23.519999999999996,21.019999999999996,23.109999999999996,12796813.0,603380,易德龙
2023-06-21,22.099999999999998,22.499999999999996,21.479999999999997,21.549999999999997,8377400.0,603380,易德龙
2023-06-26,21.459999999999997,22.099999999999998,20.859999999999996,20.939999999999998,4424313.0,603380,易德龙
2023-06-27,20.979999999999997,21.229999999999997,19.499999999999996,19.729999999999997,4724713.0,603380,易德龙
2023-06-28,19.749999999999996,19.779999999999998,18.609999999999996,19.349999999999998,3404000.0,603380,易德龙
2023-06-29,19.179999999999996,20.159999999999997,19.119999999999997,19.929999999999996,2834600.0,603380,易德龙
2023-06-30,19.639999999999997,21.049999999999997,19.639999999999997,20.619999999999997,2473700.0,603380,易德龙
2023-07-03,20.729999999999997,21.839999999999996,20.729999999999997,20.869999999999997,3449700.0,603380,易德龙
2023-07-04,20.899999999999995,22.019999999999996,20.899999999999995,21.579999999999995,2546300.0,603380,易德龙
2023-07-05,21.579999999999995,23.389999999999997,21.329999999999995,22.199999999999996,5566400.0,603380,易德龙
2023-07-06,22.049999999999997,22.379999999999995,21.869999999999997,22.119999999999997,2421300.0,603380,易德龙
2023-07-07,22.149999999999995,22.489999999999995,21.909999999999997,21.949999999999996,1858600.0,603380,易德龙
2023-07-10,21.999999999999996,22.399999999999995,21.509999999999998,21.809999999999995,1735500.0,603380,易德龙
2023-07-11,22.259999999999998,23.099999999999998,21.509999999999998,22.669999999999998,2252513.0,603380,易德龙
2023-07-12,22.869999999999997,23.159999999999997,21.949999999999996,21.979999999999997,2154400.0,603380,易德龙
2023-07-13,22.269999999999996,22.749999999999996,21.999999999999996,22.429999999999996,1941800.0,603380,易德龙
2023-07-14,22.609999999999996,22.729999999999997,22.019999999999996,22.139999999999997,1406800.0,603380,易德龙
2023-07-17,22.199999999999996,24.549999999999997,21.619999999999997,24.549999999999997,7439100.0,603380,易德龙
2023-07-18,24.139999999999997,25.129999999999995,23.839999999999996,24.439999999999998,8011102.0,603380,易德龙
2023-07-19,24.169999999999998,24.529999999999998,23.959999999999997,24.349999999999998,2682200.0,603380,易德龙
2023-07-20,24.339999999999996,24.769999999999996,23.689999999999998,23.839999999999996,4014800.0,603380,易德龙
2023-07-21,23.619999999999997,24.119999999999997,22.999999999999996,23.08,3118000.0,603380,易德龙
2023-07-24,23.549999999999997,24.439999999999998,22.839999999999996,23.259999999999998,3005500.0,603380,易德龙
2023-07-25,23.639999999999997,23.909999999999997,22.949999999999996,23.469999999999995,2487600.0,603380,易德龙
2023-07-26,23.319999999999997,23.529999999999998,22.249999999999996,22.419999999999998,2482400.0,603380,易德龙
2023-07-27,22.4,22.969999999999995,21.99,22.139999999999997,1953800.0,603380,易德龙
2023-07-28,22.159999999999997,22.259999999999998,21.339999999999996,21.639999999999997,2146200.0,603380,易德龙
2023-07-31,21.74,21.929999999999996,21.369999999999997,21.699999999999996,1708300.0,603380,易德龙
2023-08-01,21.709999999999997,22.789999999999996,21.349999999999998,22.029999999999998,2054800.0,603380,易德龙
2023-08-02,22.139999999999997,22.139999999999997,21.389999999999997,21.56,1407900.0,603380,易德龙
2023-08-03,21.389999999999997,21.529999999999998,20.959999999999997,21.269999999999996,1494100.0,603380,易德龙
2023-08-04,21.269999999999996,21.709999999999997,21.039999999999996,21.659999999999997,1199300.0,603380,易德龙
2023-08-07,21.659999999999997,22.24,21.49,22.129999999999995,1784844.0,603380,易德龙
2023-08-08,22.289999999999996,22.289999999999996,21.65,21.759999999999998,797700.0,603380,易德龙
2023-08-09,21.759999999999998,21.759999999999998,21.169999999999998,21.229999999999997,941810.0,603380,易德龙
2023-08-10,21.429999999999996,21.449999999999996,21.08,21.179999999999996,635400.0,603380,易德龙
2023-08-11,21.139999999999997,21.249999999999996,20.56,20.569999999999997,1052098.0,603380,易德龙
2023-08-14,20.58,20.589999999999996,19.939999999999998,20.409999999999997,1157900.0,603380,易德龙
2023-08-15,20.469999999999995,20.609999999999996,20.089999999999996,20.169999999999998,944473.0,603380,易德龙
2023-08-16,20.139999999999997,20.569999999999997,20.099999999999998,20.15,906913.0,603380,易德龙
2023-08-17,20.33,20.689999999999998,19.639999999999997,20.4,735900.0,603380,易德龙
2023-08-18,20.159999999999997,20.74,20.159999999999997,20.339999999999996,817000.0,603380,易德龙
2023-08-21,20.24,20.389999999999997,19.839999999999996,19.839999999999996,791300.0,603380,易德龙
2023-08-22,20.009999999999998,20.199999999999996,19.58,20.109999999999996,935600.0,603380,易德龙
2023-08-23,20.179999999999996,20.219999999999995,19.659999999999997,19.709999999999997,504100.0,603380,易德龙
2023-08-24,19.839999999999996,19.909999999999997,19.15,19.439999999999998,861800.0,603380,易德龙
2023-08-25,19.719999999999995,19.719999999999995,18.799999999999997,18.939999999999998,987000.0,603380,易德龙
2023-08-28,20.019999999999996,20.06,18.859999999999996,18.859999999999996,1126526.0,603380,易德龙
2023-08-29,19.009999999999998,20.629999999999995,18.799999999999997,20.549999999999997,2142800.0,603380,易德龙
2023-08-30,20.74,21.269999999999996,20.639999999999997,21.119999999999997,1846462.0,603380,易德龙
2023-08-31,21.019999999999996,21.799999999999997,20.939999999999998,21.709999999999997,1817071.0,603380,易德龙
2023-09-01,21.729999999999997,21.929999999999996,21.389999999999997,21.789999999999996,1282500.0,603380,易德龙
2023-09-04,22.009999999999998,22.009999999999998,21.419999999999998,21.759999999999998,1287100.0,603380,易德龙
2023-09-05,21.759999999999998,22.189999999999998,21.509999999999998,21.81,811500.0,603380,易德龙
2023-09-06,21.959999999999997,22.119999999999997,21.589999999999996,22.069999999999997,727900.0,603380,易德龙
2023-09-07,22.109999999999996,22.109999999999996,21.549999999999997,21.609999999999996,920900.0,603380,易德龙
2023-09-08,21.669999999999998,22.139999999999997,21.49,21.889999999999997,961400.0,603380,易德龙
2023-09-11,21.979999999999997,22.139999999999997,21.74,22.089999999999996,1156800.0,603380,易德龙
2023-09-12,22.139999999999997,22.339999999999996,21.869999999999997,22.049999999999997,686900.0,603380,易德龙
2023-09-13,21.889999999999997,21.949999999999996,21.339999999999996,21.629999999999995,1076900.0,603380,易德龙
2023-09-14,21.74,21.74,21.289999999999996,21.529999999999998,800100.0,603380,易德龙
2023-09-15,21.669999999999998,22.069999999999997,21.33,21.519999999999996,719400.0,603380,易德龙
2023-09-18,21.769999999999996,21.909999999999997,21.339999999999996,21.679999999999996,1095700.0,603380,易德龙
2023-09-19,21.709999999999997,21.74,21.289999999999996,21.359999999999996,550323.0,603380,易德龙
2023-09-20,21.299999999999997,21.619999999999997,20.999999999999996,21.069999999999997,795900.0,603380,易德龙
2023-09-21,20.949999999999996,21.319999999999997,20.949999999999996,21.199999999999996,1053143.0,603380,易德龙
2023-09-22,21.119999999999997,21.859999999999996,20.939999999999998,21.849999999999998,875096.0,603380,易德龙
2023-09-25,21.849999999999998,21.909999999999997,21.299999999999997,21.479999999999997,949434.0,603380,易德龙
2023-09-26,21.469999999999995,21.629999999999995,21.139999999999997,21.31,747400.0,603380,易德龙
2023-09-27,21.369999999999997,21.58,21.099999999999998,21.139999999999997,742500.0,603380,易德龙
2023-09-28,20.99,22.039999999999996,20.939999999999998,21.959999999999997,1126800.0,603380,易德龙
2023-10-09,22.089999999999996,22.139999999999997,21.429999999999996,21.689999999999998,902500.0,603380,易德龙
2023-10-10,21.679999999999996,21.929999999999996,21.589999999999996,21.729999999999997,668077.0,603380,易德龙
2023-10-11,21.729999999999997,22.419999999999998,21.679999999999996,22.259999999999998,1942300.0,603380,易德龙
2023-10-12,22.289999999999996,22.509999999999998,21.869999999999997,22.449999999999996,1566000.0,603380,易德龙
2023-10-13,22.339999999999996,22.599999999999998,21.939999999999998,22.319999999999997,1349800.0,603380,易德龙
2023-10-16,22.319999999999997,22.49,21.749999999999996,21.889999999999997,1048300.0,603380,易德龙
2023-10-17,21.9,22.119999999999997,21.749999999999996,21.949999999999996,855700.0,603380,易德龙
2023-10-18,21.839999999999996,22.089999999999996,21.549999999999997,21.729999999999997,1038700.0,603380,易德龙
2023-10-19,21.569999999999997,21.99,21.33,21.339999999999996,729862.0,603380,易德龙
2023-10-20,21.539999999999996,21.539999999999996,19.889999999999997,20.08,2453700.0,603380,易德龙
2023-10-23,19.979999999999997,20.779999999999998,19.9,20.08,2625000.0,603380,易德龙
2023-10-24,19.99,20.279999999999998,19.49,20.229999999999997,2114203.0,603380,易德龙
2023-10-25,20.139999999999997,21.779999999999998,19.839999999999996,21.08,3289500.0,603380,易德龙
2023-10-26,20.969999999999995,20.969999999999995,20.009999999999998,20.439999999999998,3186203.0,603380,易德龙
2023-10-27,20.139999999999997,21.31,20.139999999999997,20.869999999999997,2862403.0,603380,易德龙
2023-10-30,20.819999999999997,22.31,20.509999999999998,21.9,3441500.0,603380,易德龙
2023-10-31,21.749999999999996,23.019999999999996,21.749999999999996,22.499999999999996,4228196.0,603380,易德龙
2023-11-01,22.169999999999998,23.15,22.15,22.459999999999997,3560400.0,603380,易德龙
2023-11-02,22.459999999999997,23.369999999999997,22.359999999999996,22.99,4422000.0,603380,易德龙
2023-11-03,23.83,24.229999999999997,22.459999999999997,23.029999999999998,8344361.0,603380,易德龙
2023-11-06,23.15,25.519999999999996,23.009999999999998,25.519999999999996,10226000.0,603380,易德龙
2023-11-07,28.259999999999998,28.259999999999998,28.259999999999998,28.259999999999998,5106893.0,603380,易德龙
2023-11-08,27.359999999999996,27.389999999999997,25.859999999999996,26.289999999999996,22666990.0,603380,易德龙
2023-11-09,24.959999999999997,24.99,23.479999999999997,23.479999999999997,15538452.0,603380,易德龙
2023-11-10,22.83,23.529999999999998,22.709999999999997,22.819999999999997,7913692.0,603380,易德龙
2023-11-13,22.929999999999996,23.219999999999995,22.519999999999996,23.179999999999996,5465421.0,603380,易德龙
2023-11-14,22.99,23.379999999999995,22.949999999999996,23.06,5105443.0,603380,易德龙
2023-11-15,23.089999999999996,23.259999999999998,22.789999999999996,22.99,4532670.0,603380,易德龙
2023-11-16,22.819999999999997,23.199999999999996,22.759999999999998,22.99,3525600.0,603380,易德龙
2023-11-17,22.869999999999997,22.949999999999996,22.289999999999996,22.669999999999998,5013600.0,603380,易德龙
2023-11-20,22.659999999999997,22.919999999999998,22.58,22.859999999999996,3537839.0,603380,易德龙
2023-11-21,22.799999999999997,23.539999999999996,22.769999999999996,23.099999999999998,7039999.0,603380,易德龙
2023-11-22,22.889999999999997,22.909999999999997,22.209999999999997,22.209999999999997,4132591.0,603380,易德龙
2023-11-23,22.229999999999997,23.15,22.169999999999998,23.089999999999996,4972803.0,603380,易德龙
2023-11-24,22.909999999999997,23.029999999999998,22.479999999999997,22.639999999999997,2518502.0,603380,易德龙
2023-11-27,22.539999999999996,22.729999999999997,22.139999999999997,22.469999999999995,2591714.0,603380,易德龙
2023-11-28,22.409999999999997,23.039999999999996,22.269999999999996,22.799999999999997,2394678.0,603380,易德龙
2023-11-29,22.839999999999996,23.019999999999996,22.639999999999997,22.849999999999998,1879578.0,603380,易德龙
2023-11-30,22.849999999999998,22.849999999999998,22.139999999999997,22.49,1661900.0,603380,易德龙
2023-12-01,22.509999999999998,22.679999999999996,22.279999999999998,22.619999999999997,1696092.0,603380,易德龙
2023-12-04,22.639999999999997,22.74,22.359999999999996,22.369999999999997,1349400.0,603380,易德龙
2023-12-05,22.24,22.379999999999995,21.65,21.689999999999998,2812342.0,603380,易德龙
2023-12-06,21.689999999999998,21.939999999999998,21.56,21.619999999999997,2024300.0,603380,易德龙
2023-12-07,21.589999999999996,21.839999999999996,21.549999999999997,21.709999999999997,1975625.0,603380,易德龙
2023-12-08,21.74,22.069999999999997,21.359999999999996,21.439999999999998,1963617.0,603380,易德龙
2023-12-11,21.229999999999997,21.749999999999996,21.109999999999996,21.689999999999998,1900800.0,603380,易德龙
2023-12-12,21.699999999999996,21.869999999999997,21.569999999999997,21.709999999999997,1140062.0,603380,易德龙
2023-12-13,21.639999999999997,21.799999999999997,21.369999999999997,21.469999999999995,1511385.0,603380,易德龙
2023-12-14,21.609999999999996,21.789999999999996,21.439999999999998,21.439999999999998,1218400.0,603380,易德龙
2023-12-15,21.429999999999996,21.639999999999997,21.339999999999996,21.359999999999996,870306.0,603380,易德龙
2023-12-18,21.369999999999997,21.58,21.179999999999996,21.279999999999998,1496833.0,603380,易德龙
2023-12-19,21.279999999999998,21.959999999999997,21.259999999999998,21.74,1938500.0,603380,易德龙
2023-12-20,21.74,21.969999999999995,21.359999999999996,21.499999999999996,1820720.0,603380,易德龙
2023-12-21,21.409999999999997,21.719999999999995,21.119999999999997,21.719999999999995,2070100.0,603380,易德龙
2023-12-22,21.539999999999996,24.08,21.509999999999998,23.129999999999995,13549295.0,603380,易德龙
2023-12-25,22.379999999999995,23.909999999999997,22.289999999999996,23.909999999999997,14091061.0,603380,易德龙
2023-12-26,23.24,23.539999999999996,22.869999999999997,23.339999999999996,9186112.0,603380,易德龙
2023-12-27,23.599999999999998,23.609999999999996,22.139999999999997,22.959999999999997,7432423.0,603380,易德龙
2023-12-28,23.519999999999996,23.519999999999996,22.4,23.019999999999996,6336083.0,603380,易德龙
2023-12-29,22.789999999999996,24.269999999999996,22.65,23.749999999999996,10084177.0,603380,易德龙
2024-01-02,23.539999999999996,23.639999999999997,23.109999999999996,23.249999999999996,5997311.0,603380,易德龙
2024-01-03,23.24,24.119999999999997,23.08,23.83,7883203.0,603380,易德龙
2024-01-04,23.639999999999997,23.769999999999996,22.849999999999998,23.109999999999996,5045311.0,603380,易德龙
2024-01-05,23.139999999999997,23.639999999999997,22.469999999999995,22.789999999999996,4406097.0,603380,易德龙
2024-01-08,22.539999999999996,22.719999999999995,20.33,20.33,5761638.0,603380,易德龙
2024-01-09,20.339999999999996,20.819999999999997,20.029999999999998,20.56,3545601.0,603380,易德龙
2024-01-10,20.539999999999996,21.139999999999997,20.139999999999997,20.909999999999997,3301409.0,603380,易德龙
2024-01-11,20.799999999999997,21.039999999999996,20.479999999999997,20.839999999999996,2437900.0,603380,易德龙
2024-01-12,20.769999999999996,20.889999999999997,20.379999999999995,20.419999999999998,1805600.0,603380,易德龙
2024-01-15,20.31,21.229999999999997,20.119999999999997,20.879999999999995,2616564.0,603380,易德龙
2024-01-16,20.939999999999998,20.939999999999998,20.099999999999998,20.519999999999996,2016889.0,603380,易德龙
2024-01-17,20.369999999999997,20.509999999999998,19.889999999999997,19.929999999999996,1578400.0,603380,易德龙
2024-01-18,19.65,19.909999999999997,18.999999999999996,19.759999999999998,2012600.0,603380,易德龙
2024-01-19,19.749999999999996,19.889999999999997,19.459999999999997,19.569999999999997,1079166.0,603380,易德龙
2024-01-22,19.569999999999997,19.569999999999997,17.719999999999995,17.949999999999996,2019052.0,603380,易德龙
2024-01-23,17.799999999999997,18.429999999999996,17.74,17.99,1579853.0,603380,易德龙
2024-01-24,18.019999999999996,18.319999999999997,17.119999999999997,18.009999999999998,2077800.0,603380,易德龙
2024-01-25,17.949999999999996,19.139999999999997,17.81,19.029999999999998,2173962.0,603380,易德龙
2024-01-26,18.81,18.819999999999997,17.9,17.999999999999996,2786114.0,603380,易德龙
2024-01-29,18.019999999999996,18.289999999999996,17.06,17.339999999999996,2411373.0,603380,易德龙
2024-01-30,17.33,17.359999999999996,16.439999999999998,16.439999999999998,1780991.0,603380,易德龙
2024-01-31,16.459999999999997,16.789999999999996,15.519999999999998,15.6,1917466.0,603380,易德龙
2024-02-01,15.629999999999997,15.879999999999997,15.049999999999999,15.409999999999998,2112623.0,603380,易德龙
2024-02-02,15.409999999999998,15.74,13.84,14.53,1933800.0,603380,易德龙
2024-02-05,14.14,14.51,12.89,12.950000000000001,3092661.0,603380,易德龙
2024-02-06,12.71,14.110000000000001,11.780000000000001,13.71,3402132.0,603380,易德龙
2024-02-07,13.790000000000001,13.92,12.74,13.290000000000001,3614496.0,603380,易德龙
2024-02-08,13.08,14.789999999999997,12.66,14.67,3748150.0,603380,易德龙
2024-02-19,15.039999999999997,15.769999999999998,15.039999999999997,15.639999999999999,3137602.0,603380,易德龙
2024-02-20,15.589999999999998,15.69,15.199999999999998,15.62,1325537.0,603380,易德龙
2024-02-21,15.429999999999998,16.539999999999996,15.359999999999998,15.889999999999999,1831765.0,603380,易德龙
2024-02-22,15.81,16.839999999999996,15.81,16.81,2386300.0,603380,易德龙
2024-02-23,16.959999999999997,17.269999999999996,16.529999999999998,17.109999999999996,1802523.0,603380,易德龙
2024-02-26,17.439999999999998,17.74,17.009999999999998,17.419999999999998,2276109.0,603380,易德龙
2024-02-27,17.24,17.979999999999997,17.139999999999997,17.979999999999997,1482100.0,603380,易德龙
2024-02-28,17.999999999999996,18.31,16.349999999999998,16.349999999999998,3072592.0,603380,易德龙
2024-02-29,15.9,17.019999999999996,15.859999999999998,16.959999999999997,2080900.0,603380,易德龙
2024-03-01,17.439999999999998,18.129999999999995,17.15,17.569999999999997,2876822.0,603380,易德龙
2024-03-04,19.139999999999997,19.509999999999998,18.24,19.509999999999998,10079816.0,603380,易德龙
2024-03-05,18.639999999999997,18.969999999999995,17.939999999999998,18.119999999999997,11545629.0,603380,易德龙
2024-03-06,17.819999999999997,18.15,17.439999999999998,17.83,5175821.0,603380,易德龙
2024-03-07,17.769999999999996,18.629999999999995,17.359999999999996,17.539999999999996,4325350.0,603380,易德龙
2024-03-08,17.439999999999998,17.99,17.219999999999995,17.799999999999997,3976900.0,603380,易德龙
2024-03-11,17.539999999999996,17.789999999999996,17.359999999999996,17.789999999999996,3373683.0,603380,易德龙
2024-03-12,17.789999999999996,18.229999999999997,17.769999999999996,18.069999999999997,3242943.0,603380,易德龙
2024-03-13,17.959999999999997,18.24,17.869999999999997,18.049999999999997,2358000.0,603380,易德龙
2024-03-14,17.83,18.219999999999995,17.449999999999996,17.659999999999997,2231200.0,603380,易德龙
2024-03-15,17.699999999999996,18.639999999999997,17.56,17.939999999999998,4164000.0,603380,易德龙
2024-03-18,18.119999999999997,18.549999999999997,17.949999999999996,18.509999999999998,4981607.0,603380,易德龙
2024-03-19,18.639999999999997,19.109999999999996,18.509999999999998,18.799999999999997,4534500.0,603380,易德龙
2024-03-20,18.709999999999997,18.919999999999998,18.619999999999997,18.83,2082059.0,603380,易德龙
2024-03-21,18.799999999999997,18.939999999999998,18.339999999999996,18.709999999999997,2313162.0,603380,易德龙
2024-03-22,18.709999999999997,18.83,18.179999999999996,18.33,1998300.0,603380,易德龙
2024-03-25,18.159999999999997,18.359999999999996,17.719999999999995,17.74,1746700.0,603380,易德龙
2024-03-26,17.599999999999998,17.939999999999998,17.139999999999997,17.529999999999998,1689600.0,603380,易德龙
2024-03-27,17.349999999999998,17.619999999999997,16.669999999999998,16.669999999999998,1532407.0,603380,易德龙
2024-03-28,16.869999999999997,18.519999999999996,16.65,17.789999999999996,4956900.0,603380,易德龙
2024-03-29,17.789999999999996,17.9,17.139999999999997,17.819999999999997,4016656.0,603380,易德龙
2024-04-01,17.689999999999998,18.459999999999997,17.549999999999997,18.369999999999997,2508487.0,603380,易德龙
2024-04-02,18.299999999999997,18.439999999999998,18.109999999999996,18.339999999999996,1644915.0,603380,易德龙
2024-04-03,18.33,18.339999999999996,17.9,18.209999999999997,1724700.0,603380,易德龙
2024-04-08,18.219999999999995,18.81,17.609999999999996,17.609999999999996,2571600.0,603380,易德龙
2024-04-09,17.539999999999996,18.319999999999997,17.319999999999997,17.9,1862100.0,603380,易德龙
2024-04-10,17.719999999999995,17.849999999999998,17.039999999999996,17.169999999999998,1525100.0,603380,易德龙
2024-04-11,16.949999999999996,17.31,16.859999999999996,16.979999999999997,1161800.0,603380,易德龙
2024-04-12,16.919999999999998,17.669999999999998,16.839999999999996,17.129999999999995,1544400.0,603380,易德龙
2024-04-15,17.049999999999997,17.479999999999997,15.99,16.189999999999998,2289100.0,603380,易德龙
2024-04-16,15.92,16.169999999999998,15.049999999999999,15.08,2976583.0,603380,易德龙
2024-04-17,15.56,16.299999999999997,15.319999999999999,16.159999999999997,2345269.0,603380,易德龙
2024-04-18,16.109999999999996,16.519999999999996,15.719999999999997,16.269999999999996,1308800.0,603380,易德龙
2024-04-19,16.289999999999996,16.449999999999996,16.029999999999998,16.089999999999996,1058900.0,603380,易德龙
2024-04-22,16.08,16.49,15.85,16.289999999999996,1242100.0,603380,易德龙
2024-04-23,16.069999999999997,16.799999999999997,16.069999999999997,16.669999999999998,1076200.0,603380,易德龙
2024-04-24,16.719999999999995,17.089999999999996,16.519999999999996,17.069999999999997,1239400.0,603380,易德龙
2024-04-25,17.189999999999998,17.429999999999996,16.919999999999998,17.169999999999998,1408000.0,603380,易德龙
2024-04-26,17.619999999999997,17.949999999999996,17.169999999999998,17.83,2050400.0,603380,易德龙
2024-04-29,17.969999999999995,18.599999999999998,17.879999999999995,18.469999999999995,2751769.0,603380,易德龙
2024-04-30,18.639999999999997,18.919999999999998,18.449999999999996,18.639999999999997,2381769.0,603380,易德龙
2024-05-06,18.74,19.039999999999996,18.519999999999996,18.909999999999997,2299300.0,603380,易德龙
2024-05-07,18.819999999999997,19.169999999999998,18.719999999999995,19.08,1952200.0,603380,易德龙
2024-05-08,18.849999999999998,19.139999999999997,18.74,18.789999999999996,1506100.0,603380,易德龙
2024-05-09,18.74,19.139999999999997,18.699999999999996,18.839999999999996,1241000.0,603380,易德龙
2024-05-10,18.979999999999997,19.08,18.459999999999997,18.599999999999998,1780200.0,603380,易德龙
2024-05-13,18.539999999999996,18.819999999999997,18.339999999999996,18.539999999999996,1467800.0,603380,易德龙
2024-05-14,18.539999999999996,18.889999999999997,18.539999999999996,18.679999999999996,893200.0,603380,易德龙
2024-05-15,18.799999999999997,18.839999999999996,18.56,18.65,809800.0,603380,易德龙
2024-05-16,18.65,18.869999999999997,18.65,18.719999999999995,841700.0,603380,易德龙
2024-05-17,18.9,19.099999999999998,18.669999999999998,19.099999999999998,791200.0,603380,易德龙
2024-05-20,19.139999999999997,19.139999999999997,18.789999999999996,19.019999999999996,1495500.0,603380,易德龙
2024-05-21,18.979999999999997,19.219999999999995,18.839999999999996,19.009999999999998,1401000.0,603380,易德龙
2024-05-22,19.139999999999997,19.139999999999997,18.909999999999997,19.009999999999998,1345407.0,603380,易德龙
2024-05-23,19.039999999999996,19.109999999999996,18.709999999999997,18.759999999999998,1586700.0,603380,易德龙
2024-05-24,19.009999999999998,19.009999999999998,18.279999999999998,18.33,1346200.0,603380,易德龙
2024-05-27,18.33,18.619999999999997,17.969999999999995,18.599999999999998,1401500.0,603380,易德龙
2024-05-28,18.539999999999996,18.699999999999996,18.299999999999997,18.389999999999997,1075000.0,603380,易德龙
2024-05-29,18.199999999999996,18.599999999999998,18.179999999999996,18.519999999999996,809300.0,603380,易德龙
2024-05-30,18.319999999999997,18.789999999999996,18.199999999999996,18.639999999999997,1090800.0,603380,易德龙
2024-05-31,18.549999999999997,18.979999999999997,18.549999999999997,18.839999999999996,996824.0,603380,易德龙
2024-06-03,19.139999999999997,19.169999999999998,18.429999999999996,18.599999999999998,1614784.0,603380,易德龙
2024-06-04,18.839999999999996,18.839999999999996,17.799999999999997,18.389999999999997,1925623.0,603380,易德龙
2024-06-05,18.389999999999997,18.439999999999998,17.979999999999997,18.069999999999997,908600.0,603380,易德龙
2024-06-06,18.019999999999996,18.289999999999996,17.139999999999997,17.409999999999997,1852189.0,603380,易德龙
2024-06-07,17.279999999999998,17.879999999999995,17.279999999999998,17.539999999999996,1127700.0,603380,易德龙
2024-06-11,17.56,18.24,17.229999999999997,18.24,1301400.0,603380,易德龙
2024-06-12,18.599999999999998,18.979999999999997,18.459999999999997,18.929999999999996,1869135.0,603380,易德龙
2024-06-13,18.929999999999996,19.289999999999996,18.589999999999996,18.999999999999996,2578412.0,603380,易德龙
2024-06-14,18.889999999999997,19.139999999999997,18.74,19.119999999999997,1387600.0,603380,易德龙
2024-06-17,19.339999999999996,19.56,19.039999999999996,19.4,2446900.0,603380,易德龙
2024-06-18,19.419999999999998,19.65,19.249999999999996,19.619999999999997,1885300.0,603380,易德龙
2024-06-19,19.879999999999995,20.609999999999996,19.159999999999997,19.58,3508100.0,603380,易德龙
2024-06-20,19.279999999999998,19.719999999999995,18.969999999999995,18.979999999999997,2643900.0,603380,易德龙
2024-06-21,18.979999999999997,19.24,18.599999999999998,18.919999999999998,1209700.0,603380,易德龙
2024-06-24,18.769999999999996,19.069999999999997,18.089999999999996,18.159999999999997,1486200.0,603380,易德龙
2024-06-25,18.099999999999998,18.189999999999998,17.129999999999995,17.339999999999996,1991100.0,603380,易德龙
2024-06-26,17.219999999999995,18.159999999999997,17.069999999999997,18.159999999999997,1712332.0,603380,易德龙
2024-06-27,18.019999999999996,18.419999999999998,17.759999999999998,17.83,1230600.0,603380,易德龙
2024-06-28,17.659999999999997,18.709999999999997,17.65,18.219999999999995,1380300.0,603380,易德龙
2024-07-01,18.219999999999995,18.409999999999997,17.439999999999998,17.939999999999998,1540700.0,603380,易德龙
2024-07-02,17.939999999999998,18.129999999999995,17.659999999999997,17.749999999999996,882777.0,603380,易德龙
2024-07-03,17.729999999999997,17.789999999999996,17.249999999999996,17.249999999999996,1091000.0,603380,易德龙
2024-07-04,17.169999999999998,17.569999999999997,16.65,16.729999999999997,1334657.0,603380,易德龙
2024-07-05,16.569999999999997,17.419999999999998,16.439999999999998,16.81,2022304.0,603380,易德龙
2024-07-08,16.539999999999996,17.219999999999995,16.169999999999998,16.369999999999997,2024400.0,603380,易德龙
2024-07-09,16.339999999999996,17.799999999999997,16.24,17.659999999999997,2935857.0,603380,易德龙
2024-07-10,17.33,17.629999999999995,17.119999999999997,17.299999999999997,1752200.0,603380,易德龙
2024-07-11,17.549999999999997,18.289999999999996,17.439999999999998,18.24,2097500.0,603380,易德龙
2024-07-12,18.069999999999997,18.24,17.749999999999996,17.979999999999997,1616700.0,603380,易德龙
2024-07-15,17.99,17.99,17.319999999999997,17.479999999999997,883557.0,603380,易德龙
2024-07-16,17.429999999999996,17.779999999999998,17.24,17.719999999999995,752600.0,603380,易德龙
2024-07-17,17.719999999999995,17.719999999999995,17.069999999999997,17.119999999999997,1325700.0,603380,易德龙
2024-07-18,16.929999999999996,17.009999999999998,16.209999999999997,16.74,1792900.0,603380,易德龙
2024-07-19,16.639999999999997,17.33,16.56,17.109999999999996,1179000.0,603380,易德龙
2024-07-22,17.109999999999996,17.909999999999997,16.879999999999995,17.209999999999997,1436765.0,603380,易德龙
2024-07-23,17.049999999999997,17.15,16.58,16.59,1403290.0,603380,易德龙
2024-07-24,16.65,16.77,16.169999999999998,16.25,1571600.0,603380,易德龙
2024-07-25,16.549999999999997,16.549999999999997,15.87,16.07,1035900.0,603380,易德龙
2024-07-26,15.94,16.45,15.94,16.4,742500.0,603380,易德龙
2024-07-29,16.4,16.52,16.2,16.34,530900.0,603380,易德龙
2024-07-30,16.4,16.5,16.0,16.369999999999997,715200.0,603380,易德龙
2024-07-31,16.119999999999997,17.259999999999998,16.119999999999997,17.169999999999998,1419100.0,603380,易德龙
2024-08-01,17.22,17.34,16.979999999999997,17.13,861300.0,603380,易德龙
2024-08-02,17.099999999999998,17.16,16.779999999999998,16.86,1147100.0,603380,易德龙
2024-08-05,16.66,16.889999999999997,16.049999999999997,16.07,1169500.0,603380,易德龙
2024-08-06,16.34,16.34,16.0,16.209999999999997,977100.0,603380,易德龙
2024-08-07,16.119999999999997,16.57,16.119999999999997,16.33,790524.0,603380,易德龙
2024-08-08,16.33,16.349999999999998,15.85,16.259999999999998,779900.0,603380,易德龙
2024-08-09,16.259999999999998,16.65,16.119999999999997,16.4,900700.0,603380,易德龙
2024-08-12,16.49,16.549999999999997,16.189999999999998,16.299999999999997,660700.0,603380,易德龙
2024-08-13,16.299999999999997,16.5,16.099999999999998,16.45,665000.0,603380,易德龙
2024-08-14,16.549999999999997,16.57,16.209999999999997,16.38,569000.0,603380,易德龙
2024-08-15,16.22,16.9,16.189999999999998,16.669999999999998,1163854.0,603380,易德龙
2024-08-16,16.68,17.36,16.66,17.2,1761300.0,603380,易德龙
2024-08-19,17.209999999999997,17.209999999999997,16.61,16.729999999999997,1077293.0,603380,易德龙
2024-08-20,16.72,16.759999999999998,16.27,16.389999999999997,1012100.0,603380,易德龙
2024-08-21,16.4,16.75,16.299999999999997,16.58,771800.0,603380,易德龙
2024-08-22,16.34,16.689999999999998,16.2,16.259999999999998,689800.0,603380,易德龙
2024-08-23,16.259999999999998,16.27,15.799999999999999,16.04,1252300.0,603380,易德龙
2024-08-26,17.15,17.799999999999997,17.15,17.43,6015700.0,603380,易德龙
2024-08-27,16.88,17.95,16.75,17.619999999999997,5252100.0,603380,易德龙
2024-08-28,17.2,18.11,17.2,17.4,3903503.0,603380,易德龙
2024-08-29,17.4,17.889999999999997,17.169999999999998,17.75,2136840.0,603380,易德龙
2024-08-30,17.88,18.58,17.77,18.47,3475050.0,603380,易德龙
2024-09-02,18.04,18.66,18.0,18.33,3262400.0,603380,易德龙
2024-09-03,18.229999999999997,18.97,18.13,18.959999999999997,2275400.0,603380,易德龙
2024-09-04,18.799999999999997,19.0,18.419999999999998,18.81,1569800.0,603380,易德龙
2024-09-05,18.729999999999997,19.08,18.729999999999997,18.869999999999997,1216900.0,603380,易德龙
2024-09-06,18.77,18.97,18.369999999999997,18.47,1373700.0,603380,易德龙
2024-09-09,18.22,18.59,18.22,18.459999999999997,1462390.0,603380,易德龙
2024-09-10,18.47,18.93,18.2,18.84,1165300.0,603380,易德龙
2024-09-11,18.61,19.04,18.61,18.849999999999998,1167200.0,603380,易德龙
2024-09-12,19.049999999999997,19.2,18.669999999999998,18.689999999999998,1071391.0,603380,易德龙
2024-09-13,18.82,18.83,18.49,18.54,849900.0,603380,易德龙
2024-09-18,18.459999999999997,18.61,18.049999999999997,18.45,919600.0,603380,易德龙
2024-09-19,18.43,18.82,18.299999999999997,18.72,1076900.0,603380,易德龙
2024-09-20,18.869999999999997,19.229999999999997,18.58,18.939999999999998,1370600.0,603380,易德龙
2024-09-23,18.869999999999997,19.189999999999998,18.75,18.979999999999997,1001700.0,603380,易德龙
2024-09-24,19.029999999999998,19.4,18.9,19.2,1463500.0,603380,易德龙
2024-09-25,19.22,19.59,19.11,19.209999999999997,2483453.0,603380,易德龙
2024-09-26,19.04,19.349999999999998,19.02,19.349999999999998,1531353.0,603380,易德龙
2024-09-27,19.5,19.97,19.419999999999998,19.9,1172365.0,603380,易德龙
2024-09-30,20.65,22.04,20.5,21.99,4256065.0,603380,易德龙
2024-10-08,24.31,24.349999999999998,22.299999999999997,23.75,5932977.0,603380,易德龙
2024-10-09,23.4,24.0,21.93,22.06,4504856.0,603380,易德龙
2024-10-10,22.32,22.599999999999998,21.61,21.939999999999998,2705100.0,603380,易德龙
2024-10-11,22.02,22.029999999999998,20.52,20.72,1940700.0,603380,易德龙
2024-10-14,20.74,21.169999999999998,20.32,21.13,2416100.0,603380,易德龙
2024-10-15,21.299999999999997,21.41,20.7,20.74,1585600.0,603380,易德龙
2024-10-16,20.63,20.7,20.11,20.299999999999997,1629600.0,603380,易德龙
2024-10-17,20.389999999999997,20.799999999999997,20.369999999999997,20.389999999999997,1645700.0,603380,易德龙
2024-10-18,20.09,21.139999999999997,20.09,20.9,2929048.0,603380,易德龙
2024-10-21,20.9,21.07,20.56,20.66,3179600.0,603380,易德龙
2024-10-22,20.619999999999997,20.919999999999998,20.479999999999997,20.75,2000673.0,603380,易德龙
2024-10-23,20.779999999999998,21.229999999999997,20.56,21.08,2731700.0,603380,易德龙
2024-10-24,20.99,21.27,20.689999999999998,21.27,1991400.0,603380,易德龙
2024-10-25,21.27,21.529999999999998,21.11,21.529999999999998,1931900.0,603380,易德龙
2024-10-28,21.49,21.889999999999997,21.25,21.88,2304900.0,603380,易德龙
2024-10-29,21.9,23.07,21.7,22.7,3552600.0,603380,易德龙
2024-10-30,23.0,23.0,21.349999999999998,21.779999999999998,4853700.0,603380,易德龙
2024-10-31,21.759999999999998,21.9,21.389999999999997,21.779999999999998,3323932.0,603380,易德龙
2024-11-01,21.66,21.66,20.439999999999998,20.529999999999998,3134100.0,603380,易德龙
2024-11-04,20.529999999999998,21.549999999999997,20.529999999999998,21.52,3168500.0,603380,易德龙
2024-11-05,21.45,21.86,21.209999999999997,21.84,2000600.0,603380,易德龙
2024-11-06,21.91,22.08,21.45,21.639999999999997,1596800.0,603380,易德龙
2024-11-07,21.619999999999997,21.779999999999998,21.45,21.729999999999997,2392700.0,603380,易德龙
2024-11-08,21.86,22.189999999999998,21.74,22.09,2820200.0,603380,易德龙
2024-11-11,22.0,23.459999999999997,21.91,23.16,3939749.0,603380,易德龙
2024-11-12,22.979999999999997,23.099999999999998,22.259999999999998,22.52,3318148.0,603380,易德龙
2024-11-13,22.54,22.58,21.99,22.54,1696898.0,603380,易德龙
2024-11-14,22.779999999999998,22.779999999999998,21.83,21.9,1598500.0,603380,易德龙
2024-11-15,21.889999999999997,22.2,21.509999999999998,21.549999999999997,1739642.0,603380,易德龙
2024-11-18,21.63,21.669999999999998,20.7,20.849999999999998,1577500.0,603380,易德龙
2024-11-19,20.9,21.779999999999998,20.9,21.779999999999998,1665587.0,603380,易德龙
2024-11-20,21.65,21.95,21.549999999999997,21.9,1310927.0,603380,易德龙
2024-11-21,21.869999999999997,22.02,21.56,21.91,1088727.0,603380,易德龙
2024-11-22,21.889999999999997,22.279999999999998,21.22,21.259999999999998,2075100.0,603380,易德龙
2024-11-25,21.22,21.389999999999997,20.619999999999997,21.15,1461429.0,603380,易德龙
2024-11-26,21.04,21.479999999999997,20.86,20.95,1042774.0,603380,易德龙
2024-11-27,21.099999999999998,21.34,20.209999999999997,21.33,1562250.0,603380,易德龙
2024-11-28,21.369999999999997,21.75,21.099999999999998,21.22,1247100.0,603380,易德龙
2024-11-29,21.099999999999998,21.83,20.799999999999997,21.61,1829600.0,603380,易德龙
2024-12-02,21.63,22.18,21.63,22.009999999999998,2068339.0,603380,易德龙
2024-12-03,21.9,22.09,21.599999999999998,21.849999999999998,1165507.0,603380,易德龙
2024-12-04,21.95,22.0,21.15,21.34,1384177.0,603380,易德龙
2024-12-05,21.4,21.72,21.119999999999997,21.72,1383200.0,603380,易德龙
2024-12-06,22.02,22.029999999999998,21.4,21.79,1483791.0,603380,易德龙
2024-12-09,21.75,22.119999999999997,21.7,21.959999999999997,1654291.0,603380,易德龙
2024-12-10,22.369999999999997,22.529999999999998,22.0,22.06,2218200.0,603380,易德龙
2024-12-11,21.849999999999998,22.36,21.849999999999998,22.279999999999998,1211900.0,603380,易德龙
2024-12-12,22.36,23.0,22.229999999999997,22.61,2606900.0,603380,易德龙
2024-12-13,22.61,22.709999999999997,22.009999999999998,22.049999999999997,1594500.0,603380,易德龙
2024-12-16,22.06,22.24,21.479999999999997,21.61,1787677.0,603380,易德龙
2024-12-17,21.61,21.84,20.979999999999997,21.02,1800900.0,603380,易德龙
2024-12-18,21.2,21.7,20.729999999999997,21.43,1638200.0,603380,易德龙
2024-12-19,21.16,22.279999999999998,21.15,22.18,2145000.0,603380,易德龙
2024-12-20,22.139999999999997,23.459999999999997,22.0,22.959999999999997,4726900.0,603380,易德龙
2024-12-23,22.95,23.2,22.4,22.97,3681350.0,603380,易德龙
2024-12-24,22.959999999999997,24.18,22.68,23.099999999999998,4311523.0,603380,易德龙
2024-12-25,23.13,25.549999999999997,23.13,24.33,8354350.0,603380,易德龙
2024-12-26,23.939999999999998,25.259999999999998,23.75,25.18,6863744.0,603380,易德龙
2024-12-27,25.4,25.58,24.5,24.919999999999998,7873673.0,603380,易德龙
2024-12-30,24.52,25.18,23.9,24.099999999999998,5048165.0,603380,易德龙
2024-12-31,24.049999999999997,24.22,23.31,23.389999999999997,3289435.0,603380,易德龙
2025-01-02,23.209999999999997,23.509999999999998,21.88,22.279999999999998,3769262.0,603380,易德龙
2025-01-03,22.479999999999997,22.479999999999997,21.32,21.4,2535500.0,603380,易德龙
2025-01-06,21.22,23.08,20.65,21.83,3236944.0,603380,易德龙
2025-01-07,21.919999999999998,22.599999999999998,21.83,22.38,3178800.0,603380,易德龙
2025-01-08,22.099999999999998,22.299999999999997,21.009999999999998,21.939999999999998,3171600.0,603380,易德龙
2025-01-09,21.689999999999998,22.5,21.689999999999998,21.959999999999997,2005400.0,603380,易德龙
2025-01-10,21.799999999999997,22.57,21.58,21.58,2529100.0,603380,易德龙
2025-01-13,21.25,21.479999999999997,20.84,21.229999999999997,1589600.0,603380,易德龙
2025-01-14,21.2,22.299999999999997,21.2,22.209999999999997,2011692.0,603380,易德龙
2025-01-15,22.209999999999997,22.38,21.599999999999998,21.599999999999998,1876400.0,603380,易德龙
2025-01-16,21.74,21.84,21.16,21.389999999999997,2153300.0,603380,易德龙
2025-01-17,21.299999999999997,22.5,21.209999999999997,22.349999999999998,3369200.0,603380,易德龙
2025-01-20,22.33,23.16,22.32,23.07,2705900.0,603380,易德龙
2025-01-21,23.09,23.24,22.72,23.229999999999997,2372200.0,603380,易德龙
2025-01-22,23.169999999999998,23.65,23.029999999999998,23.45,2393800.0,603380,易德龙
2025-01-23,23.59,23.9,22.95,22.959999999999997,2187110.0,603380,易德龙
2025-01-24,22.959999999999997,23.97,22.93,23.83,2671500.0,603380,易德龙
2025-01-27,23.84,24.049999999999997,23.229999999999997,23.229999999999997,1780400.0,603380,易德龙
2025-02-05,23.349999999999998,23.66,22.93,23.0,1890400.0,603380,易德龙
2025-02-06,23.25,23.63,22.919999999999998,23.63,2317800.0,603380,易德龙
2025-02-07,23.599999999999998,26.15,23.56,25.299999999999997,7798174.0,603380,易德龙
2025-02-10,25.029999999999998,25.24,24.32,24.49,8585539.0,603380,易德龙
2025-02-11,24.479999999999997,25.06,24.4,24.75,4882339.0,603380,易德龙
2025-02-12,24.61,24.9,24.5,24.799999999999997,3013900.0,603380,易德龙
2025-02-13,24.869999999999997,24.9,23.869999999999997,23.939999999999998,2881300.0,603380,易德龙
2025-02-14,23.779999999999998,24.279999999999998,23.75,24.049999999999997,1796000.0,603380,易德龙
2025-02-17,24.099999999999998,24.56,23.97,24.33,1831792.0,603380,易德龙
2025-02-18,24.33,25.31,23.889999999999997,24.7,4332900.0,603380,易德龙
2025-02-19,24.529999999999998,24.919999999999998,24.52,24.75,3344900.0,603380,易德龙
2025-02-20,24.77,25.2,24.759999999999998,25.18,3196454.0,603380,易德龙
2025-02-21,25.279999999999998,26.38,24.88,25.779999999999998,4885800.0,603380,易德龙
2025-02-24,25.79,26.22,25.47,26.11,3501000.0,603380,易德龙
2025-02-25,25.79,25.9,25.349999999999998,25.47,2531140.0,603380,易德龙
2025-02-26,25.549999999999997,25.799999999999997,25.29,25.59,1790700.0,603380,易德龙
2025-02-27,25.59,25.68,24.82,25.31,2362200.0,603380,易德龙
2025-02-28,25.02,25.18,23.529999999999998,23.7,2793600.0,603380,易德龙
2025-03-03,23.95,24.349999999999998,23.419999999999998,23.959999999999997,1818260.0,603380,易德龙
2025-03-04,23.799999999999997,24.4,23.709999999999997,24.36,1232200.0,603380,易德龙
2025-03-05,24.36,25.0,24.229999999999997,24.759999999999998,1376800.0,603380,易德龙
2025-03-06,24.84,25.369999999999997,24.759999999999998,25.11,2090300.0,603380,易德龙
2025-03-07,24.939999999999998,25.259999999999998,24.729999999999997,24.86,1259000.0,603380,易德龙
2025-03-10,25.2,25.2,24.13,24.41,2301653.0,603380,易德龙
2025-03-11,24.02,24.38,23.9,24.29,1926967.0,603380,易德龙
2025-03-12,24.29,24.65,24.13,24.369999999999997,1757500.0,603380,易德龙
2025-03-13,24.299999999999997,24.389999999999997,23.299999999999997,23.56,2062195.0,603380,易德龙
2025-03-14,23.509999999999998,24.369999999999997,23.31,24.33,1927800.0,603380,易德龙
2025-03-17,24.369999999999997,24.369999999999997,23.939999999999998,24.09,2182100.0,603380,易德龙
2025-03-18,24.349999999999998,24.59,24.08,24.57,1812800.0,603380,易德龙
2025-03-19,24.57,24.63,24.139999999999997,24.18,1187100.0,603380,易德龙
2025-03-20,24.279999999999998,24.45,23.979999999999997,24.099999999999998,1169300.0,603380,易德龙
2025-03-21,24.099999999999998,24.099999999999998,23.25,23.5,2135200.0,603380,易德龙
2025-03-24,23.43,24.75,23.279999999999998,23.7,3137100.0,603380,易德龙
2025-03-25,23.729999999999997,23.869999999999997,23.16,23.349999999999998,1405500.0,603380,易德龙
2025-03-26,23.369999999999997,23.68,23.24,23.33,1455400.0,603380,易德龙
2025-03-27,23.33,23.419999999999998,22.84,23.15,1362100.0,603380,易德龙
2025-03-28,23.04,23.32,22.91,22.91,815700.0,603380,易德龙
2025-03-31,22.799999999999997,22.869999999999997,22.25,22.599999999999998,1487803.0,603380,易德龙
2025-04-01,22.799999999999997,23.169999999999998,22.779999999999998,22.93,1092900.0,603380,易德龙
2025-04-02,22.93,23.479999999999997,22.919999999999998,23.22,1281500.0,603380,易德龙
2025-04-03,23.009999999999998,23.009999999999998,22.08,22.29,2387298.0,603380,易德龙
2025-04-07,19.9,20.02,19.9,19.9,800500.0,603380,易德龙
2025-04-08,19.779999999999998,19.779999999999998,17.75,17.759999999999998,3466353.0,603380,易德龙
2025-04-09,17.279999999999998,17.9,16.41,17.639999999999997,2526650.0,603380,易德龙
2025-04-10,18.58,19.479999999999997,18.58,18.75,3024000.0,603380,易德龙
2025-04-11,18.74,19.31,18.59,19.0,1882552.0,603380,易德龙
2025-04-14,19.88,20.099999999999998,19.31,19.43,1924969.0,603380,易德龙
2025-04-15,19.259999999999998,19.5,19.02,19.259999999999998,1117800.0,603380,易德龙
2025-04-16,19.259999999999998,19.29,18.299999999999997,18.59,1662400.0,603380,易德龙
2025-04-17,18.419999999999998,19.15,18.419999999999998,18.9,1386600.0,603380,易德龙
2025-04-18,19.0,19.049999999999997,18.57,18.88,1001800.0,603380,易德龙
2025-04-21,19.049999999999997,19.779999999999998,18.75,19.59,1705300.0,603380,易德龙
2025-04-22,19.5,19.729999999999997,19.38,19.599999999999998,1084600.0,603380,易德龙
2025-04-23,19.729999999999997,20.279999999999998,19.729999999999997,20.139999999999997,1383700.0,603380,易德龙
2025-04-24,19.97,20.439999999999998,19.77,20.0,1220600.0,603380,易德龙
2025-04-25,19.939999999999998,20.479999999999997,19.86,20.31,982400.0,603380,易德龙
2025-04-28,21.2,21.889999999999997,20.75,20.959999999999997,4512401.0,603380,易德龙
2025-04-29,20.86,21.639999999999997,20.66,21.369999999999997,2381200.0,603380,易德龙
2025-04-30,21.65,21.939999999999998,21.27,21.779999999999998,2179796.0,603380,易德龙
2025-05-06,21.779999999999998,22.15,21.7,22.139999999999997,2589396.0,603380,易德龙
2025-05-07,22.38,22.479999999999997,22.13,22.4,2033700.0,603380,易德龙
2025-05-08,22.479999999999997,22.99,22.36,22.88,2030300.0,603380,易德龙
2025-05-09,22.779999999999998,23.009999999999998,22.529999999999998,22.7,1418496.0,603380,易德龙
2025-05-12,22.95,23.15,22.77,22.979999999999997,1318500.0,603380,易德龙
2025-05-13,23.389999999999997,23.65,23.07,23.419999999999998,2118200.0,603380,易德龙
2025-05-14,23.13,23.2,22.34,22.4,2719500.0,603380,易德龙
2025-05-15,22.549999999999997,22.669999999999998,22.32,22.32,1729707.0,603380,易德龙
2025-05-16,22.369999999999997,23.16,22.33,22.84,2469900.0,603380,易德龙
2025-05-19,23.0,23.029999999999998,22.59,22.79,1243400.0,603380,易德龙
2025-05-20,22.7,23.04,22.549999999999997,22.919999999999998,986500.0,603380,易德龙
2025-05-21,22.86,23.02,22.5,22.65,1315700.0,603380,易德龙
2025-05-22,22.47,22.91,22.34,22.439999999999998,1171400.0,603380,易德龙
2025-05-23,22.4,22.689999999999998,22.22,22.31,944200.0,603380,易德龙
2025-05-26,22.2,22.439999999999998,22.099999999999998,22.32,989500.0,603380,易德龙
2025-05-27,22.209999999999997,22.43,22.139999999999997,22.32,1201400.0,603380,易德龙
2025-05-28,22.299999999999997,22.4,22.15,22.24,848800.0,603380,易德龙
2025-05-29,22.15,22.68,22.15,22.59,1254900.0,603380,易德龙
2025-05-30,22.5,22.729999999999997,22.07,22.2,1448000.0,603380,易德龙
2025-06-03,22.209999999999997,22.5,22.049999999999997,22.38,960000.0,603380,易德龙
2025-06-04,22.38,22.88,22.38,22.7,1143900.0,603380,易德龙
2025-06-05,22.619999999999997,23.0,22.599999999999998,22.869999999999997,1839606.0,603380,易德龙
2025-06-06,22.979999999999997,23.16,22.79,22.919999999999998,1584200.0,603380,易德龙
2025-06-09,22.979999999999997,23.49,22.97,23.33,1468716.0,603380,易德龙
2025-06-10,23.439999999999998,23.439999999999998,22.799999999999997,22.979999999999997,1114500.0,603380,易德龙
2025-06-11,22.979999999999997,23.34,22.81,22.869999999999997,1153115.0,603380,易德龙
2025-06-12,22.869999999999997,23.07,22.79,22.95,848300.0,603380,易德龙
2025-06-13,23.06,23.27,22.7,22.81,1351581.0,603380,易德龙
2025-06-16,22.63,23.08,22.599999999999998,22.779999999999998,1138400.0,603380,易德龙
2025-06-17,22.84,23.049999999999997,22.619999999999997,22.689999999999998,777600.0,603380,易德龙
2025-06-18,22.68,22.91,22.459999999999997,22.91,1001600.0,603380,易德龙
2025-06-19,22.75,23.099999999999998,22.52,22.75,1198953.0,603380,易德龙
2025-06-20,22.549999999999997,23.009999999999998,22.459999999999997,22.57,1073472.0,603380,易德龙
2025-06-23,22.549999999999997,24.169999999999998,22.279999999999998,23.57,4004674.0,603380,易德龙
2025-06-24,23.419999999999998,24.68,23.419999999999998,24.43,6747721.0,603380,易德龙
2025-06-25,24.52,24.77,23.93,24.63,4244051.0,603380,易德龙
2025-06-26,24.7,24.9,24.369999999999997,24.4,2205210.0,603380,易德龙
2025-06-27,24.419999999999998,25.52,24.229999999999997,25.31,3466550.0,603380,易德龙
2025-06-30,25.5,26.41,25.4,26.0,4920329.0,603380,易德龙
2025-07-01,26.11,26.65,25.49,26.2,4523354.0,603380,易德龙
2025-07-02,25.9,26.18,25.54,25.81,1920882.0,603380,易德龙
2025-07-03,25.65,26.45,25.65,26.22,1880800.0,603380,易德龙
2025-07-04,26.369999999999997,26.59,26.049999999999997,26.11,2138600.0,603380,易德龙
2025-07-07,25.93,26.0,25.259999999999998,25.74,2651300.0,603380,易德龙
2025-07-08,25.74,27.169999999999998,25.56,26.74,3510511.0,603380,易德龙
2025-07-09,26.849999999999998,26.9,26.29,26.31,1554486.0,603380,易德龙
2025-07-10,26.4,26.77,25.75,26.049999999999997,1572700.0,603380,易德龙
2025-07-11,26.07,26.189999999999998,25.599999999999998,25.75,1463400.0,603380,易德龙
2025-07-14,25.799999999999997,28.389999999999997,25.75,28.389999999999997,3947700.0,603380,易德龙
2025-07-15,29.099999999999998,30.369999999999997,26.93,29.9,15024829.0,603380,易德龙
2025-07-16,29.4,29.509999999999998,28.11,28.13,7876300.0,603380,易德龙
2025-07-17,28.099999999999998,28.58,27.759999999999998,28.13,4472100.0,603380,易德龙
2025-07-18,27.95,28.38,27.529999999999998,28.24,4038594.0,603380,易德龙
2025-07-21,28.29,28.779999999999998,27.7,27.799999999999997,4548000.0,603380,易德龙
2025-07-22,27.63,28.08,27.099999999999998,27.32,3580637.0,603380,易德龙
2025-07-23,27.299999999999997,28.779999999999998,26.979999999999997,28.049999999999997,5822705.0,603380,易德龙
2025-07-24,27.479999999999997,27.97,27.299999999999997,27.619999999999997,2931200.0,603380,易德龙
2025-07-25,27.689999999999998,27.83,27.389999999999997,27.619999999999997,1975600.0,603380,易德龙
2025-07-28,27.82,28.029999999999998,27.529999999999998,27.959999999999997,2383100.0,603380,易德龙
2025-07-29,27.93,29.18,27.81,28.86,4051200.0,603380,易德龙
2025-07-30,28.7,31.809999999999995,28.7,29.58,9213521.0,603380,易德龙
2025-07-31,29.279999999999998,29.86,28.7,28.77,5429600.0,603380,易德龙
2025-08-01,28.849999999999998,29.4,28.4,28.7,3362900.0,603380,易德龙
2025-08-04,28.549999999999997,29.529999999999998,28.2,29.5,3530200.0,603380,易德龙
2025-08-05,30.099999999999998,32.51,30.06,32.51,9241100.0,603380,易德龙
2025-08-06,33.23,33.879999999999995,31.9,32.78,14479018.0,603380,易德龙
2025-08-07,32.15,35.26,32.15,33.5,12214411.0,603380,易德龙
2025-08-08,33.699999999999996,34.879999999999995,32.17,34.4,9175300.0,603380,易德龙
2025-08-11,33.97,37.28,33.97,36.4,9554533.0,603380,易德龙
2025-08-12,35.949999999999996,37.78,35.449999999999996,36.04,6893500.0,603380,易德龙
2025-08-13,36.05,38.65,35.07,38.14,7079200.0,603380,易德龙
2025-08-14,38.339999999999996,38.339999999999996,35.75,35.85,7534281.0,603380,易德龙
2025-08-15,36.4,39.5,36.019999999999996,39.5,7760476.0,603380,易德龙
2025-08-18,40.86,41.67,38.6,39.87,9876976.0,603380,易德龙
2025-08-19,40.0,42.059999999999995,37.68,40.199999999999996,8571496.0,603380,易德龙
2025-08-20,39.57,39.699999999999996,38.6,39.36,3333000.0,603380,易德龙
2025-08-21,39.36,40.73,37.699999999999996,38.4,4837100.0,603380,易德龙
2025-08-22,38.29,39.66,37.9,39.33,3947311.0,603380,易德龙
2025-08-25,39.48,40.17,38.68,40.0,4308306.0,603380,易德龙
2025-08-26,40.32,40.42,39.1,39.879999999999995,2462800.0,603380,易德龙
2025-08-27,39.99,40.51,38.0,38.11,4585176.0,603380,易德龙
2025-08-28,38.55,41.4,38.55,40.83,7299129.0,603380,易德龙
2025-08-29,40.949999999999996,43.72,40.12,42.839999999999996,6383600.0,603380,易德龙
2025-09-01,42.9,44.4,42.17,43.18,4640500.0,603380,易德龙
2025-09-02,43.67,45.22,42.41,45.0,7614000.0,603380,易德龙
2025-09-03,44.4,46.66,43.559999999999995,44.0,5141429.0,603380,易德龙
2025-09-04,43.879999999999995,44.41,40.5,41.46,5748701.0,603380,易德龙
2025-09-05,41.4,43.91,40.85,43.9,4042400.0,603380,易德龙
2025-09-08,43.699999999999996,43.699999999999996,41.3,41.73,4541918.0,603380,易德龙
2025-09-09,41.4,41.78,39.91,40.3,4529000.0,603380,易德龙
2025-09-10,40.42,41.1,39.83,40.3,1943100.0,603380,易德龙
2025-09-11,40.29,44.39,40.01,44.39,5888943.0,603380,易德龙
2025-09-12,43.8,48.699999999999996,43.39,47.66,8049500.0,603380,易德龙
2025-09-15,47.66,50.15,45.9,49.1,6496229.0,603380,易德龙
2025-09-16,49.379999999999995,50.89,48.339999999999996,50.32,5203200.0,603380,易德龙
2025-09-17,50.3,50.9,48.89,49.5,5562000.0,603380,易德龙
2025-09-18,49.51,53.9,49.51,51.32,6588200.0,603380,易德龙
2025-09-19,50.6,51.199999999999996,48.1,48.879999999999995,4617400.0,603380,易德龙
2025-09-22,49.0,50.269999999999996,47.68,49.41,3840700.0,603380,易德龙
2025-09-23,49.68,50.379999999999995,47.92,49.15,3032200.0,603380,易德龙
2025-09-24,49.03,49.55,47.55,49.4,2166300.0,603380,易德龙
2025-09-25,49.4,51.26,49.1,50.65,4028601.0,603380,易德龙
2025-09-26,50.5,55.699999999999996,49.199999999999996,50.059999999999995,6664511.0,603380,易德龙
2025-09-29,49.699999999999996,51.699999999999996,48.69,50.019999999999996,4467100.0,603380,易德龙
2025-09-30,49.8,50.67,46.87,47.25,7095000.0,603380,易德龙
2025-10-09,47.29,47.87,45.379999999999995,46.04,4796981.0,603380,易德龙
2025-10-10,45.87,46.379999999999995,44.339999999999996,44.92,3338000.0,603380,易德龙
2025-10-13,41.98,44.57,40.97,43.65,3827400.0,603380,易德龙
2025-10-14,43.97,44.379999999999995,40.699999999999996,41.19,3996781.0,603380,易德龙
2025-10-15,41.12,43.25,40.339999999999996,42.949999999999996,4418400.0,603380,易德龙
2025-10-16,42.94,43.059999999999995,40.97,41.48,2744800.0,603380,易德龙
2025-10-17,41.24,41.76,40.059999999999995,40.18,2396200.0,603380,易德龙
2025-10-20,40.57,41.55,40.08,40.61,2655000.0,603380,易德龙
2025-10-21,40.809999999999995,42.059999999999995,40.46,41.53,2417700.0,603380,易德龙
2025-10-22,41.199999999999996,41.949999999999996,40.809999999999995,41.28,1536900.0,603380,易德龙
2025-10-23,40.86,41.269999999999996,39.949999999999996,40.629999999999995,1798600.0,603380,易德龙
2025-10-24,40.66,42.0,40.41,41.9,2553000.0,603380,易德龙
2025-10-27,42.49,43.18,41.559999999999995,41.94,2848300.0,603380,易德龙
2025-10-28,42.199999999999996,42.76,41.58,42.059999999999995,2540900.0,603380,易德龙
2025-10-29,42.05,42.199999999999996,40.65,41.05,3480300.0,603380,易德龙
2025-10-30,40.8,40.97,39.699999999999996,39.86,2998820.0,603380,易德龙
2025-10-31,39.809999999999995,40.87,39.62,40.16,1942100.0,603380,易德龙
2025-11-03,40.22,40.9,39.22,40.21,2749100.0,603380,易德龙
2025-11-04,40.089999999999996,40.21,38.629999999999995,38.699999999999996,2791400.0,603380,易德龙
2025-11-05,38.21,39.25,37.92,39.1,2003700.0,603380,易德龙
2025-11-06,39.16,40.16,38.83,39.68,3023900.0,603380,易德龙
2025-11-07,39.21,39.62,38.68,38.89,1423500.0,603380,易德龙
2025-11-10,38.89,39.35,37.339999999999996,37.699999999999996,2218400.0,603380,易德龙
2025-11-11,37.769999999999996,38.03,36.769999999999996,37.21,2100255.0,603380,易德龙
2025-11-12,37.21,37.21,36.4,36.91,1936700.0,603380,易德龙
2025-11-13,36.91,37.059999999999995,36.3,36.75,2147200.0,603380,易德龙
2025-11-14,36.75,36.9,36.3,36.5,1651100.0,603380,易德龙
2025-11-17,36.4,36.68,35.879999999999995,36.059999999999995,1554400.0,603380,易德龙
2025-11-18,36.19,36.47,35.75,35.99,1523300.0,603380,易德龙
2025-11-19,35.949999999999996,36.059999999999995,35.1,35.41,1304595.0,603380,易德龙
2025-11-20,35.4,35.879999999999995,35.04,35.199999999999996,1123700.0,603380,易德龙
2025-11-21,34.94,35.269999999999996,34.059999999999995,34.44,1938800.0,603380,易德龙
2025-11-24,34.4,34.66,34.0,34.46,1567400.0,603380,易德龙
2025-11-25,35.129999999999995,35.85,35.019999999999996,35.29,2278853.0,603380,易德龙
2025-11-26,35.019999999999996,35.519999999999996,34.65,34.809999999999995,1629420.0,603380,易德龙
2025-11-27,34.66,35.73,34.66,35.42,2184681.0,603380,易德龙
2025-11-28,34.4,35.3,33.99,35.3,1961100.0,603380,易德龙
2025-12-01,35.25,36.16,34.86,36.08,3202401.0,603380,易德龙
2025-12-02,36.129999999999995,36.129999999999995,35.17,35.54,2112120.0,603380,易德龙
2025-12-03,35.53,35.62,34.4,34.559999999999995,2010800.0,603380,易德龙
2025-12-04,34.67,35.059999999999995,34.1,34.809999999999995,1559800.0,603380,易德龙
2025-12-05,34.809999999999995,35.589999999999996,34.36,35.35,1673840.0,603380,易德龙
2025-12-08,35.5,36.15,35.36,35.82,2120500.0,603380,易德龙
2025-12-09,35.82,36.699999999999996,35.6,35.87,2401080.0,603380,易德龙
2025-12-10,35.559999999999995,36.04,35.14,35.92,1379920.0,603380,易德龙
2025-12-11,36.07,36.07,35.21,35.29,1529500.0,603380,易德龙
2025-12-12,35.199999999999996,35.4,34.519999999999996,35.32,2011900.0,603380,易德龙
2025-12-15,35.07,35.28,34.629999999999995,34.75,1221000.0,603380,易德龙
2025-12-16,35.019999999999996,35.059999999999995,34.1,34.39,1330500.0,603380,易德龙
2025-12-17,34.199999999999996,34.79,33.879999999999995,34.699999999999996,1620956.0,603380,易德龙
2025-12-18,34.69,35.12,34.41,34.44,1177100.0,603380,易德龙
2025-12-19,34.69,35.379999999999995,34.58,34.97,1655100.0,603380,易德龙
2025-12-22,35.14,38.53,35.07,38.53,2830800.0,603380,易德龙
2025-12-23,39.11,39.3,37.559999999999995,37.78,9533880.0,603380,易德龙
2025-12-24,37.769999999999996,38.8,37.769999999999996,38.059999999999995,4977786.0,603380,易德龙
2025-12-25,38.519999999999996,40.28,38.16,39.769999999999996,9123759.0,603380,易德龙
2025-12-26,39.35,39.39,38.449999999999996,38.809999999999995,5732185.0,603380,易德龙
2025-12-29,38.629999999999995,38.699999999999996,37.9,38.41,3705600.0,603380,易德龙
2025-12-30,37.96,39.0,37.96,38.8,3585800.0,603380,易德龙
2025-12-31,38.85,39.199999999999996,37.32,37.4,3533188.0,603380,易德龙
2026-01-05,37.4,38.269999999999996,37.05,37.87,3729242.0,603380,易德龙
2026-01-06,37.74,38.08,37.61,37.87,3052340.0,603380,易德龙
2026-01-07,37.949999999999996,38.589999999999996,37.68,38.25,3181300.0,603380,易德龙
2026-01-08,37.949999999999996,38.29,37.6,38.05,2951000.0,603380,易德龙
2026-01-09,38.089999999999996,38.9,37.8,38.9,4279900.0,603380,易德龙
2026-01-12,38.99,39.559999999999995,38.42,39.559999999999995,4990500.0,603380,易德龙
2026-01-13,39.559999999999995,39.58,38.12,38.35,4114800.0,603380,易德龙
2026-01-14,38.37,39.17,37.65,38.33,4337800.0,603380,易德龙
2026-01-15,38.129999999999995,38.25,36.699999999999996,37.6,4984001.0,603380,易德龙
2026-01-16,37.6,39.05,37.43,39.03,4796100.0,603380,易德龙
2026-01-19,39.22,40.25,38.46,39.51,5915400.0,603380,易德龙
2026-01-20,39.699999999999996,39.699999999999996,38.28,38.699999999999996,3506400.0,603380,易德龙
2026-01-21,38.41,39.99,38.29,39.839999999999996,5275800.0,603380,易德龙
2026-01-22,39.89,42.97,39.4,42.17,8598834.0,603380,易德龙
2026-01-23,42.17,42.37,41.32,41.64,4175100.0,603380,易德龙
2026-01-26,41.86,42.07,40.08,42.07,4191134.0,603380,易德龙
2026-01-27,41.14,41.699999999999996,40.05,41.48,2908620.0,603380,易德龙
2026-01-28,41.03,41.3,40.449999999999996,40.75,2168350.0,603380,易德龙
2026-01-29,40.58,41.12,38.68,38.85,3112134.0,603380,易德龙
2026-01-30,38.5,38.68,37.0,38.66,3122000.0,603380,易德龙
2026-02-02,38.65,38.75,37.07,37.07,2645800.0,603380,易德龙
2026-02-03,37.37,38.04,36.9,37.92,2074200.0,603380,易德龙
2026-02-04,37.65,37.92,36.47,36.85,2061200.0,603380,易德龙
2026-02-05,36.809999999999995,37.1,36.35,36.41,1202600.0,603380,易德龙
2026-02-06,36.3,36.99,35.96,36.49,1082400.0,603380,易德龙
2026-02-09,36.98,37.37,36.65,37.309999999999995,1312800.0,603380,易德龙
2026-02-10,37.43,38.14,37.07,37.8,1651800.0,603380,易德龙
2026-02-11,37.87,38.699999999999996,37.75,37.83,1354000.0,603380,易德龙
2026-02-12,37.699999999999996,38.48,37.62,38.32,1227200.0,603380,易德龙
2026-02-13,38.129999999999995,38.6,37.949999999999996,38.03,1036300.0,603380,易德龙
2026-02-24,38.19,38.51,37.519999999999996,38.4,1214800.0,603380,易德龙
2026-02-25,38.199999999999996,38.71,38.129999999999995,38.449999999999996,1268320.0,603380,易德龙
2026-02-26,38.53,39.64,38.199999999999996,39.42,2379620.0,603380,易德龙
2026-02-27,39.25,39.25,38.199999999999996,38.57,1938700.0,603380,易德龙
2026-03-02,37.949999999999996,38.25,37.14,37.35,2157100.0,603380,易德龙
2026-03-03,37.48,37.91,36.01,36.07,1877067.0,603380,易德龙
2026-03-04,35.769999999999996,36.15,35.33,35.41,1322058.0,603380,易德龙
2026-03-05,36.089999999999996,37.17,36.089999999999996,36.379999999999995,1548584.0,603380,易德龙
2026-03-06,36.4,36.839999999999996,36.22,36.44,930500.0,603380,易德龙
2026-03-09,36.199999999999996,36.22,34.8,35.72,1873400.0,603380,易德龙
2026-03-10,36.22,37.21,36.22,37.11,1520000.0,603380,易德龙
2026-03-11,37.32,37.55,36.86,36.94,1024900.0,603380,易德龙
2026-03-12,36.9,37.03,35.99,36.059999999999995,1053400.0,603380,易德龙
2026-03-13,35.769999999999996,36.3,35.65,35.699999999999996,837000.0,603380,易德龙
2026-03-16,35.73,35.86,35.11,35.86,1060100.0,603380,易德龙
2026-03-17,35.9,35.9,34.8,34.879999999999995,1264200.0,603380,易德龙
2026-03-18,34.89,35.87,34.809999999999995,35.72,1026700.0,603380,易德龙
2026-03-19,35.32,35.58,34.37,34.589999999999996,1704300.0,603380,易德龙
2026-03-20,34.47,35.03,34.1,34.16,1342200.0,603380,易德龙
2026-03-23,33.15,33.39,31.369999999999997,31.54,1949333.0,603380,易德龙
2026-03-24,32.17,32.699999999999996,31.64,32.67,1322400.0,603380,易德龙
2026-03-25,32.6,33.5,32.6,33.32,939000.0,603380,易德龙
2026-03-26,33.32,33.89,32.93,33.15,1065900.0,603380,易德龙
2026-03-27,32.62,33.269999999999996,32.62,32.94,1212833.0,603380,易德龙
2026-03-30,32.62,33.14,32.41,32.92,1042800.0,603380,易德龙
2026-03-31,32.879999999999995,33.4,32.62,32.68,854700.0,603380,易德龙
2026-04-01,33.089999999999996,33.449999999999996,32.97,33.21,981400.0,603380,易德龙
2026-04-02,33.19,33.28,32.36,32.559999999999995,747600.0,603380,易德龙
2026-04-03,32.629999999999995,32.9,32.269999999999996,32.36,607516.0,603380,易德龙
2026-04-07,32.68,32.75,32.129999999999995,32.5,712400.0,603380,易德龙
2026-04-08,33.16,34.36,33.05,34.36,1518000.0,603380,易德龙
2026-04-09,34.29,34.6,33.87,34.33,1069500.0,603380,易德龙
2026-04-10,35.16,35.91,34.82,35.05,2615200.0,603380,易德龙
2026-04-13,35.05,35.699999999999996,34.5,34.93,2825800.0,603380,易德龙
2026-04-14,35.35,35.66,34.75,35.22,1974374.0,603380,易德龙
2026-04-15,35.28,36.809999999999995,35.23,36.08,3586874.0,603380,易德龙
2026-04-16,35.809999999999995,36.03,35.32,35.629999999999995,2531400.0,603380,易德龙
2026-04-17,35.73,36.29,35.62,36.18,1698600.0,603380,易德龙
2026-04-20,36.9,36.9,36.059999999999995,36.5,1942200.0,603380,易德龙
2026-04-21,36.309999999999995,36.5,35.91,36.3,1718400.0,603380,易德龙
2026-04-22,34.73,35.17,33.3,34.64,5815334.0,603380,易德龙
2026-04-23,34.809999999999995,35.58,34.39,34.519999999999996,2729276.0,603380,易德龙
2026-04-24,34.339999999999996,34.78,34.01,34.58,1588600.0,603380,易德龙
2026-04-27,34.58,36.61,34.3,36.3,2879700.0,603380,易德龙
2026-04-28,36.199999999999996,36.3,35.199999999999996,35.5,1719500.0,603380,易德龙
2026-04-29,35.269999999999996,35.71,34.99,35.48,1272900.0,603380,易德龙
2026-04-30,35.3,36.61,35.17,36.28,2154350.0,603380,易德龙
2026-05-06,36.4,37.199999999999996,36.12,36.21,2174200.0,603380,易德龙
2026-05-07,36.25,36.76,36.16,36.54,1900500.0,603380,易德龙
2026-05-08,36.4,39.25,35.9,38.62,5632720.0,603380,易德龙
2026-05-11,38.65,38.78,37.35,37.76,4081300.0,603380,易德龙
2026-05-12,37.769999999999996,37.839999999999996,36.22,36.4,3872100.0,603380,易德龙
2026-05-13,36.37,37.22,36.1,36.86,3505250.0,603380,易德龙
2026-05-14,37.199999999999996,37.339999999999996,36.25,36.36,2702300.0,603380,易德龙
2026-05-15,36.23,37.55,36.22,36.5,2839400.0,603380,易德龙
2026-05-18,36.699999999999996,39.269999999999996,36.49,38.58,6419138.0,603380,易德龙
2026-05-19,38.699999999999996,42.5,38.699999999999996,42.5,8422469.0,603380,易德龙
2026-05-20,42.93,43.9,41.9,42.48,10703649.0,603380,易德龙
2026-05-21,42.9,44.379999999999995,41.879999999999995,42.1,8229033.0,603380,易德龙
2026-05-22,42.46,44.01,42.199999999999996,42.519999999999996,5588300.0,603380,易德龙
2026-05-25,42.4,42.9,39.74,40.28,7303806.0,603380,易德龙
2026-05-26,40.199999999999996,41.89,39.07,39.6,4923580.0,603380,易德龙
2026-05-27,39.23,40.269999999999996,37.589999999999996,37.949999999999996,3940144.0,603380,易德龙
2026-05-28,37.57,39.68,36.55,39.19,5280600.0,603380,易德龙
2026-05-29,40.23,40.23,35.66,35.91,4807000.0,603380,易德龙
2026-06-01,35.55,37.129999999999995,35.32,36.19,3627800.0,603380,易德龙
2026-06-02,35.9,37.07,35.699999999999996,36.89,3364900.0,603380,易德龙
2026-06-03,36.85,37.07,34.78,35.11,4779126.0,603380,易德龙
2026-06-04,34.78,35.83,34.28,34.55,3607000.0,603380,易德龙
2026-06-05,34.55,35.66,33.05,34.94,3603900.0,603380,易德龙
2026-06-08,32.4,35.9,32.4,34.58,3891500.0,603380,易德龙
2026-06-09,34.88,37.51,34.1,36.2,5576355.0,603380,易德龙
2026-06-10,36.13,36.98,34.6,35.06,2619484.0,603380,易德龙
2026-06-11,34.71,35.75,33.61,35.07,2759900.0,603380,易德龙
2026-06-12,35.9,36.88,34.86,35.22,2944100.0,603380,易德龙
2026-06-15,35.31,36.84,35.0,36.39,3171797.0,603380,易德龙
2026-06-16,36.1,37.98,35.8,37.81,3672397.0,603380,易德龙
2026-06-17,37.85,37.95,36.81,37.3,3241100.0,603380,易德龙
2026-06-18,36.86,41.03,36.81,41.03,4107700.0,603380,易德龙
2026-06-22,43.14,45.13,42.46,45.13,15440582.0,603380,易德龙
2026-06-23,43.57,45.18,42.8,42.88,8574448.0,603380,易德龙
2026-06-24,42.69,43.94,40.8,43.49,7907134.0,603380,易德龙
2026-06-25,44.38,47.34,43.54,45.4,9149100.0,603380,易德龙
2026-06-26,44.56,47.8,44.04,45.94,7944700.0,603380,易德龙
2026-06-29,45.96,46.38,41.68,42.71,7157300.0,603380,易德龙
2026-06-30,42.55,45.7,42.4,45.09,5991528.0,603380,易德龙
2026-07-01,45.23,48.18,45.23,46.0,6274350.0,603380,易德龙
2026-07-02,44.5,45.0,42.02,42.03,5122400.0,603380,易德龙
2026-07-03,42.65,44.85,42.19,43.13,5355550.0,603380,易德龙
2026-07-06,44.2,47.28,43.26,45.92,7969800.0,603380,易德龙
2026-07-07,45.13,46.3,42.7,42.99,4937600.0,603380,易德龙
2026-07-08,45.44,47.29,45.0,47.29,4973500.0,603380,易德龙
2026-07-09,47.24,47.26,42.56,42.56,14343400.0,603380,易德龙
2026-07-10,41.0,43.75,40.47,41.31,9279750.0,603380,易德龙
2026-07-13,40.11,44.83,40.08,41.67,9165500.0,603380,易德龙
2026-07-14,42.1,42.9,40.41,42.2,6014300.0,603380,易德龙
2026-07-15,43.47,43.54,40.4,41.03,4976100.0,603380,易德龙
2026-07-16,40.09,41.5,38.28,38.72,5459550.0,603380,易德龙
2026-07-17,38.0,38.98,34.85,34.85,5503800.0,603380,易德龙
2026-07-20,35.65,36.45,32.77,33.6,6402400.0,603380,易德龙
2026-07-21,33.44,35.11,30.46,35.02,5661523.0,603380,易德龙
2026-07-22,35.0,36.0,33.88,34.38,4176600.0,603380,易德龙
2026-07-23,34.75,35.68,33.66,34.05,2743400.0,603380,易德龙
2026-07-24,33.4,34.18,32.73,32.75,2205000.0,603380,易德龙
2026-07-27,32.45,35.05,31.5,34.29,3316600.0,603380,易德龙
2026-07-28,33.65,34.34,32.33,32.55,2445300.0,603380,易德龙
2026-07-29,32.38,32.8,30.59,31.5,3862500.0,603380,易德龙
2026-07-30,31.23,31.72,29.02,29.31,3949600.0,603380,易德龙
2026-07-31,30.05,31.1,29.51,29.58,3093500.0,603380,易德龙
2026-08-03,29.49,30.15,29.07,29.68,2638700.0,603380,易德龙
2026-08-04,30.25,31.46,29.67,31.37,3027100.0,603380,易德龙
2026-08-05,31.56,32.97,31.31,32.61,2942411.0,603380,易德龙
2026-08-06,32.6,33.26,31.92,32.91,2596711.0,603380,易德龙
2026-08-07,32.78,33.62,32.46,33.29,3358700.0,603380,易德龙
2026-08-10,33.5,33.68,32.36,33.06,2365200.0,603380,易德龙
2026-08-11,32.7,33.64,32.5,33.08,1934900.0,603380,易德龙
2026-08-12,33.05,33.71,32.92,33.41,1673142.0,603380,易德龙
2026-08-13,33.65,34.22,33.37,33.4,2262800.0,603380,易德龙
2026-08-14,33.54,33.85,33.15,33.64,1902700.0,603380,易德龙
2026-08-17,33.65,35.78,33.37,35.71,4513313.0,603380,易德龙
2026-08-18,35.64,35.85,34.66,35.49,3075000.0,603380,易德龙
2026-08-19,34.84,34.84,32.21,32.5,3137100.0,603380,易德龙
2026-08-20,33.0,34.38,32.84,33.72,2484556.0,603380,易德龙
2026-08-21,33.25,36.0,33.01,35.47,3920402.0,603380,易德龙
2026-08-24,35.0,35.78,33.41,33.99,3779918.0,603380,易德龙
2026-08-25,33.99,34.32,33.0,33.93,3477245.0,603380,易德龙
2026-08-26,34.39,34.59,33.3,33.98,2858244.0,603380,易德龙
2026-08-27,33.88,34.6,33.56,34.29,3820916.0,603380,易德龙
2026-08-28,34.25,35.63,34.01,34.4,3522860.0,603380,易德龙
2026-08-31,34.0,35.99,33.65,35.69,3777100.0,603380,易德龙
2026-09-01,35.8,35.8,34.0,34.2,3676400.0,603380,易德龙
2026-09-02,34.05,34.17,33.48,33.7,2351800.0,603380,易德龙
2026-09-03,34.0,35.6,34.0,35.19,7291300.0,603380,易德龙
2026-09-04,35.45,35.49,33.01,33.22,5174800.0,603380,易德龙
2026-09-07,33.57,35.45,33.5,34.87,6137700.0,603380,易德龙
2026-09-08,34.85,35.18,34.04,34.72,3140200.0,603380,易德龙
2026-09-09,34.81,35.89,33.36,33.72,4359600.0,603380,易德龙
2026-09-10,33.48,33.51,32.45,32.72,2943500.0,603380,易德龙
2026-09-11,32.49,32.65,31.52,32.26,2560800.0,603380,易德龙
2026-09-14,32.05,34.33,31.65,33.92,4678400.0,603380,易德龙
